danceability,energy,key,loudness,mode,speechiness,acousticness,instrumentalness,liveness,valence,tempo,duration_ms,time_signature,Label
0.51,0.8,1,-4.08,1,0.06,0,0,0.09,0.35,171.02,201573,4,1
0.71,0.63,0,-7.43,1,0.03,0.04,0,0.13,0.23,142.95,242181,4,1
0.78,0.36,0,-6.94,1,0.05,0.76,0,0.11,0.17,139.88,210252,4,1
0.7,0.65,6,-6.31,1,0.1,0.29,0,0.11,0.65,90,160212,4,1
0.68,0.73,5,-5.08,1,0.05,0.61,0,0.22,0.45,123.97,179867,4,1
0.82,0.74,10,-4.77,0,0.28,0.02,0,0.13,0.64,84.46,242001,4,1
0.84,0.7,8,-5.41,0,0.28,0.01,0,0.2,0.55,154.98,202795,4,1
0.81,0.61,3,-8.87,0,0.09,0.09,0,0.12,0.3,92.99,227520,4,1
0.63,0.78,0,-5.2,1,0.02,0.43,0,0.12,0.59,101.96,210123,4,1
0.58,0.59,1,-6.88,1,0.04,0.34,0,0.08,0.51,147.99,199549,4,1
0.61,0.69,1,-5.69,1,0.34,0.03,0,0.25,0.39,178.46,132303,4,1
0.72,0.54,0,-7.65,0,0.05,0.23,0,0.16,0.28,129.98,165978,4,1
0.3,0.38,6,-8.43,1,0.03,0.78,0,0.11,0.15,75.6,285634,4,1
0.63,0.63,4,-7.09,1,0.05,0.01,0,0.05,0.45,94,172762,4,1
0.69,0.77,8,-4.73,1,0.11,0.46,0,0.2,0.86,174.02,246000,4,1
0.79,0.71,2,-4.25,1,0.04,0.03,0,0.09,0.75,112.99,190306,4,1
0.8,0.56,5,-4.82,0,0.26,0.06,0,0.13,0.45,163.07,200221,4,1
0.78,0.51,0,-6.27,0,0.47,0.19,0,0.12,0.49,94.63,129371,4,1
0.61,0.58,0,-8.59,0,0.04,0.54,0,0.25,0.55,130.03,239560,4,1
0.64,0.37,4,-9.39,1,0.05,0.79,0,0.09,0.08,124.1,169266,4,1
0.44,0.31,8,-10.96,1,0.06,0.8,0.13,0.35,0.09,104.75,208155,4,1
0.83,0.78,11,-4.01,1,0.09,0.07,0,0.05,0.35,130.01,181264,4,1
0.6,0.45,8,-6.66,1,0.04,0.22,0,0.38,0.54,178.77,228482,3,1
0.74,0.45,10,-7.51,1,0.35,0.63,0,0.11,0.04,122.95,220488,4,1
0.63,0.45,1,-8.9,1,0.04,0.34,0,0.17,0.18,143.08,202193,4,1
0.55,0.61,0,-7.48,1,0.14,0.16,0,0.12,0.24,148.06,247187,4,1
0.73,0.79,4,-2.49,1,0.07,0.01,0,0.06,0.89,124.99,199987,4,1
0.49,0.65,0,-5.2,1,0.03,0.19,0,0.09,0.46,151.96,232533,4,1
0.64,0.86,4,-5.22,0,0.13,0.05,0,0.69,0.23,120.08,239973,4,1
0.22,0.65,4,-7.95,0,0.06,0.03,0.11,0.17,0.06,65.38,250053,4,1
0.78,0.51,4,-5.72,0,0.04,0.14,0,0.12,0.12,99.99,143375,4,1
0.5,0.5,0,-8.24,1,0.05,0.13,0,0.09,0.2,87.22,191307,4,1
0.47,0.61,10,-7.85,1,0.07,0.09,0,0.13,0.11,80.96,211400,4,1
0.86,0.55,1,-5.82,1,0.29,0.21,0,0.1,0.3,128.02,211883,4,1
0.93,0.56,9,-7.43,1,0.49,0,0,0.24,0.35,129.96,213885,4,1
0.53,0.62,5,-9.21,1,0.03,0.54,0,0.09,0.4,89.94,261923,4,1
0.59,0.7,3,-9,1,0.05,0.66,0,0.11,0.51,141.92,237258,4,1
0.35,0.27,1,-13.69,1,0.03,0.73,0,0.09,0.11,94.22,289749,4,1
0.65,0.27,5,-12.91,1,0.09,0.92,0,0.09,0.34,150.04,234000,4,1
0.66,0.18,8,-15.07,1,0.04,0.97,0,0.13,0.43,118.82,220043,4,1
0.73,0.66,6,-7.62,0,0.19,0.08,0,0.12,0.23,139.96,210587,4,1
0.61,0.57,10,-9.45,0,0.35,0.04,0,0.34,0.29,81.41,304640,4,1
0.86,0.64,11,-4.64,0,0.2,0.12,0,0.43,0.75,111,206221,4,1
0.77,0.83,7,-5.02,1,0.06,0.02,0,0.08,0.7,94.01,194200,4,1
0.72,0.63,1,-5.4,1,0.05,0.09,0,0.08,0.55,129.02,243733,4,1
0.74,0.42,1,-8.95,1,0.29,0.03,0,0.11,0.49,180.01,202667,4,1
0.75,0.87,9,-3.81,0,0.06,0.06,0,0.49,0.78,120.01,157707,4,1
0.6,0.55,0,-10.28,0,0.1,0.08,0.33,0.1,0.11,97.95,229320,4,1
0.73,0.44,6,-9.86,0,0.06,0.75,0,0.1,0.62,130.09,147800,4,1
0.49,0.62,1,-5.66,1,0.1,0.02,0,0.26,0.29,99.7,201600,4,1
0.7,0.34,5,-10.8,1,0.04,0.07,0,0.11,0.23,85.84,218902,4,1
0.67,0.86,9,-3.76,1,0.04,0.02,0,0.32,0.65,123.06,182200,4,1
0.79,0.32,1,-12.92,0,0.17,0.85,0.13,0.11,0.24,174.09,342040,4,1
0.92,0.61,1,-4.54,1,0.41,0.09,0,0.12,0.76,129.93,118547,4,1
0.68,0.83,0,-5.49,1,0.03,0.02,0,0.54,0.64,118.05,215627,4,1
0.89,0.64,2,-6.93,1,0.05,0.19,0,0.08,0.43,105.01,249143,4,1
0.89,0.62,7,-4.43,0,0.11,0.08,0,0.54,0.39,119.1,161377,4,1
0.84,0.62,4,-6.75,0,0.18,0.19,0,0.14,0.7,103,139890,4,1
0.43,0.7,6,-5.35,1,0.26,0.09,0,0.22,0.73,158.37,183219,4,1
0.75,0.58,4,-7.34,0,0.04,0.32,0,0.14,0.77,122.01,220051,4,1
0.88,0.49,11,-8.11,0,0.15,0.01,0,0.07,0.4,151.04,166799,4,1
0.79,0.72,8,-5.65,0,0.22,0.22,0,0.13,0.66,122.03,166794,4,1
0.64,0.86,1,-5.73,0,0.3,0.01,0.01,0.07,0.96,122.73,157733,5,1
0.67,0.77,11,-7.57,0,0.09,0.07,0,0.39,0.33,112.05,176547,4,1
0.5,0.67,5,-6.36,1,0.04,0,0,0.28,0.15,155.05,200838,4,1
0.61,0.85,9,-2.98,1,0.05,0.24,0,0.25,0.82,178.04,209766,4,1
0.67,0.72,7,-5.37,0,0.03,0,0,0.07,0.72,100.02,237520,4,1
0.84,0.74,11,-5.61,1,0.33,0.03,0,0.1,0.68,168.98,155497,4,1
0.75,0.69,11,-7.96,1,0.16,0.25,0,0.1,0.5,89.98,181733,4,1
0.73,0.73,4,-3.43,0,0.09,0.17,0,0.35,0.47,113.01,221820,4,1
0.83,0.45,1,-9.75,0,0.2,0.32,0,0.11,0.84,81.62,247059,4,1
0.88,0.46,7,-8.19,0,0.16,0.03,0,0.23,0.3,136.97,198913,4,1
0.84,0.55,5,-6.71,1,0.07,0.21,0,0.1,0.63,115,220590,4,1
0.75,0.56,10,-7.91,0,0.25,0.11,0.03,0.36,0.55,77.34,162596,5,1
0.94,0.45,1,-7.51,1,0.38,0.02,0,0.08,0.36,133.07,187541,4,1
0.75,0.77,6,-4.41,0,0.1,0.01,0,0.09,0.74,114.04,199054,4,1
0.82,0.59,6,-6.61,0,0.2,0.11,0,0.19,0.35,125.97,190476,4,1
0.9,0.72,11,-5.22,0,0.26,0.06,0,0.19,0.84,145.01,227478,4,1
0.81,0.56,7,-3.12,0,0.11,0.13,0,0.15,0.77,172.09,184255,4,1
0.71,0.81,4,-5.47,0,0.03,0,0,0.2,0.26,110,223279,4,1
0.36,0.43,5,-7.3,1,0.03,0.58,0,0.32,0.27,102.08,198040,3,1
0.65,0.61,9,-6.13,0,0.13,0,0,0.27,0.08,149.97,194621,4,1
0.85,0.64,9,-5.13,1,0.16,0.04,0,0.05,0.7,96.99,222680,4,1
0.76,0.66,7,-5.28,1,0.28,0.16,0,0.2,0.57,100.2,157944,4,1
0.85,0.68,11,-4.8,0,0.14,0.27,0,0.11,0.68,90.01,219048,4,1
0.69,0.69,6,-6.54,0,0.13,0.22,0,0.12,0.31,158.83,196180,4,1
0.72,0.71,11,-4.37,1,0.17,0.51,0,0.1,0.53,180.03,189653,4,1
0.77,0.48,0,-8.52,0,0.08,0.23,0,0.27,0.76,150.08,171375,4,1
0.63,0.81,0,-5.18,1,0.07,0.02,0,0.16,0.54,144.99,205485,4,1
0.73,0.81,6,-3.77,1,0.06,0.05,0,0.15,0.7,168.08,217547,4,1
0.81,0.71,4,-4.65,0,0.21,0.3,0,0.09,0.79,176.01,345241,4,1
0.73,0.87,8,-3.16,1,0.07,0.17,0,0.05,0.91,122.95,166028,4,1
0.57,0.69,6,-8.23,0,0.05,0.01,0,0.17,0.39,168.17,232253,4,1
0.48,0.6,10,-6.34,0,0.37,0.49,0,0.08,0.27,179.8,213333,4,1
0.7,0.72,7,-3.56,0,0.04,0.22,0,0.27,0.76,90.99,140526,4,1
0.78,0.73,6,-3.45,0,0.39,0.19,0,0.06,0.56,180.07,199112,4,1
0.76,0.52,0,-8.87,1,0.13,0.24,0,0.11,0.52,133.98,261493,4,1
0.38,0.61,0,-7.27,0,0.07,0.61,0.04,0.15,0.13,175.95,283227,4,1
0.4,0.52,5,-9,0,0.06,0.05,0,0.2,0.17,145.74,355960,4,1
0.72,0.61,7,-5.01,0,0.04,0.06,0,0.16,0.49,129.96,212354,4,1
0.57,0.55,1,-6.67,0,0.04,0.17,0,0.11,0.23,174.14,176650,4,1
0.66,0.73,6,-4.76,1,0.06,0.01,0,0.12,0.46,127.98,192760,4,1
0.33,0.64,1,-4.9,0,0.06,0.13,0,0.15,0.13,139.9,172693,4,1
0.67,0.67,7,-5.19,1,0.16,0,0,0.07,0.7,111.52,159173,4,1
0.65,0.67,5,-5.56,1,0.3,0.23,0,0.13,0.7,172.08,193839,4,1
0.82,0.63,10,-4.57,0,0.2,0.01,0.1,0.17,0.42,143.01,195906,4,1
0.7,0.58,9,-6.58,0,0.04,0.01,0,0.1,0.38,152,199120,4,1
0.68,0.66,8,-4.54,1,0.14,0.04,0,0.1,0.58,162.18,169800,4,1
0.81,0.66,4,-5.39,1,0.08,0.04,0,0.19,0.55,114.95,161947,4,1
0.39,0.48,5,-5.49,1,0.1,0.25,0,0.16,0.28,72.09,229213,4,1
0.85,0.73,10,-6.44,0,0.16,0.01,0,0.15,0.2,130.03,193591,4,1
0.83,0.73,1,-5.63,0,0.1,0.35,0,0.11,0.62,97.97,190331,4,1
0.63,0.24,11,-7.07,0,0.04,0.86,0,0.12,0.09,79.86,149297,4,1
0.72,0.77,10,-5.84,0,0.21,0.04,0,0.2,0.6,88.97,194707,4,1
0.85,0.64,1,-5.19,1,0.37,0.03,0,0.38,0.51,165.98,173893,4,1
0.87,0.5,5,-10.81,1,0.09,0.01,0,0.1,0.32,92.98,183520,4,1
0.75,0.74,9,-4.43,1,0.4,0.45,0,0.12,0.5,79.97,209180,4,1
0.81,0.65,1,-8.01,0,0.1,0.18,0,0.1,0.47,129.97,173761,4,1
0.83,0.37,5,-5.53,0,0.11,0.16,0,0.37,0.12,77.27,149078,4,1
0.9,0.59,10,-6.69,0,0.06,0.1,0,0.79,0.64,116.97,196653,4,1
0.83,0.58,11,-9.91,1,0.07,0.04,0,0.1,0.84,144,155060,4,1
0.68,0.87,1,-1.57,1,0.04,0.12,0,0.13,0.59,120.03,167573,4,1
0.45,0.72,7,-3.95,1,0.03,0.04,0,0.61,0.36,157.92,195000,3,1
0.65,0.45,7,-6.36,1,0.04,0.17,0,0.11,0.53,138.03,186749,4,1
0.74,0.8,0,-4.76,1,0.09,0.47,0,0.09,0.68,144.01,172325,4,1
0.87,0.55,6,-6.42,1,0.23,0.18,0,0.11,0.46,117.94,154767,4,1
0.67,0.7,6,-8.06,1,0.36,0.2,0,0.09,0.37,86.92,212093,4,1
0.4,0.49,6,-10.78,0,0.05,0.06,0,0.11,0.15,91.07,210463,4,1
0.66,0.7,9,-4.11,1,0.16,0.09,0,0.09,0.62,91.97,180520,4,1
0.82,0.46,6,-5.43,1,0.05,0.17,0,0.04,0.95,87.98,187427,4,1
0.91,0.69,0,-3.15,1,0.07,0.09,0,0.27,0.96,103.01,155825,4,1
0.65,0.64,10,-6.87,0,0.18,0.4,0,0.29,0.67,140.25,48000,4,1
0.91,0.6,6,-4.39,0,0.08,0.45,0,0.09,0.81,110.08,180788,4,1
0.71,0.55,10,-8.49,1,0.35,0.65,0,0.13,0.54,84,160000,4,1
0.83,0.49,0,-9.74,1,0.03,0.06,0,0.13,0.79,120.15,257800,4,1
0.8,0.56,8,-5.82,1,0.4,0.03,0,0.11,0.32,139.99,150857,4,1
0.71,0.61,11,-7.49,1,0.11,0.5,0,0.12,0.43,142.03,175756,4,1
0.75,0.38,6,-10.16,0,0.2,0.53,0,0.18,0.59,130,147673,4,1
0.55,0.51,4,-7.43,0,0.1,0.2,0,0.08,0.56,119.99,160000,5,1
0.65,0.67,2,-5.89,1,0.08,0.02,0,0.11,0.27,84.01,182922,4,1
0.88,0.79,8,-5.19,1,0.12,0.23,0,0.12,0.59,113.02,264834,4,1
0.66,0.67,4,-6.36,0,0.05,0.54,0,0.1,0.49,75.06,147548,4,1
0.75,0.5,8,-6.18,1,0.14,0.44,0,0.09,0.43,76.97,168685,4,1
0.6,0.53,5,-7.37,0,0.09,0.08,0,0.14,0.52,150.07,179464,4,1
0.29,0.64,4,-6.94,0,0.08,0.13,0,0.14,0.15,66.42,173114,3,1
0.71,0.67,7,-6.33,0,0.26,0.08,0,0.1,0.24,163.1,200629,4,1
0.31,0.53,11,-11.34,0,0.11,0.97,0,0.22,0.58,174.8,70395,4,1
0.87,0.73,7,-7.4,1,0.12,0.06,0.01,0.11,0.92,147.97,143240,4,1
0.81,0.55,9,-6.64,1,0.06,0.32,0,0.11,0.86,148.01,212869,4,1
0.85,0.46,5,-6.16,1,0.14,0.12,0,0.35,0.55,120.02,225773,4,1
0.72,0.71,1,-5.71,1,0.06,0.01,0,0.35,0.82,170,189176,4,1
0.67,0.8,0,-4.04,1,0.04,0.03,0,0.69,0.18,116,179760,4,1
0.74,0.85,0,-4.84,1,0.04,0,0,0.09,0.42,121.03,221667,4,1
0.64,0.79,0,-5.75,0,0.05,0.16,0,0.68,0.09,122.97,244880,4,1
0.18,0.3,2,-14.53,1,0.04,0.47,0.89,0.53,0.11,75.82,41867,5,1
0.84,0.56,8,-6.79,1,0.44,0.16,0,0.2,0.31,118.84,196639,4,1
0.74,0.6,1,-6.67,0,0.42,0.01,0,0.79,0.28,139.89,227474,4,1
0.9,0.63,1,-5.61,1,0.22,0.03,0,0.09,0.24,145.98,224243,4,1
0.76,0.44,4,-6.63,1,0.04,0.52,0,0.07,0.63,139,168200,4,1
0.57,0.44,0,-7.56,0,0.04,0.81,0,0.21,0.69,117.13,136907,4,1
0.56,0.31,10,-10.45,1,0.03,0.88,0,0.11,0.46,119.85,190898,4,1
0.52,0.48,9,-9.84,1,0.03,0.31,0,0.17,0.41,135.89,195097,4,1
0.59,0.38,0,-8.76,1,0.03,0.6,0,0.1,0.5,95.94,294521,4,1
0.6,0.49,4,-10.77,1,0.03,0.9,0,0.09,0.42,94.93,208907,4,1
0.55,0.41,2,-10.04,1,0.03,0.69,0,0.06,0.38,110.11,208978,4,1
0.65,0.45,4,-11.14,0,0.06,0.84,0,0.11,0.45,83.43,252881,4,1
0.46,0.26,0,-10.63,1,0.03,0.81,0,0.07,0.11,129.86,255894,4,1
0.67,0.85,10,-4.85,1,0.41,0.18,0,0.3,0.38,137.22,189827,4,1
0.71,0.6,5,-6.34,0,0.11,0.41,0,0.1,0.59,179.79,178000,4,1
0.61,0.76,2,-5.61,1,0.12,0.3,0,0.63,0.38,128.02,180129,4,1
0.59,0.51,8,-8.82,0,0.07,0.72,0,0.12,0.24,75.86,235480,4,1
0.69,0.66,7,-8.51,1,0.04,0.47,0,0.11,0.71,147.92,230999,4,1
0.82,0.5,6,-6.94,0,0.16,0.05,0,0.11,0.78,109.4,185419,5,1
0.79,0.64,4,-6.29,0,0.34,0.03,0,0.09,0.39,103.87,177693,4,1
0.67,0.62,2,-7.16,1,0.31,0.01,0,0.64,0.2,75.06,337147,4,1
0.86,0.48,10,-5.79,1,0.22,0.2,0,0.18,0.5,86.46,192932,4,1
0.8,0.66,1,-6.14,0,0.08,0.25,0,0.11,0.46,140.04,195429,4,1
0.61,0.88,4,-4.11,0,0.05,0.08,0,0.25,0.68,178.04,210795,4,1
0.79,0.73,9,-3.84,1,0.33,0.03,0,0.04,0.9,159.99,175813,4,1
0.47,0.82,7,-3.68,0,0.16,0.48,0,0.61,0.37,77.89,222929,4,1
0.46,0.45,9,-9.3,0,0.05,0.34,0,0.07,0.32,86.32,269680,4,1
0.81,0.51,5,-7.71,0,0.12,0.28,0,0.33,0.55,145.07,237946,4,1
0.59,0.73,7,-4.95,0,0.09,0.32,0,0.66,0.71,93.09,202240,4,1
0.69,0.63,1,-7.6,1,0.05,0.12,0,0.06,0.49,169.98,205666,4,1
0.41,0.82,1,-6.81,1,0.53,0.25,0,0.54,0.53,170.72,223124,4,1
0.54,0.77,0,-3.39,0,0.34,0.42,0,0.16,0.73,106.87,204805,3,1
0.23,0.46,6,-10.77,0,0.03,0.01,0.88,0.33,0.06,65.83,60400,3,1
0.88,0.64,7,-4.63,1,0.29,0.01,0,0.11,0.72,163.95,152195,4,1
0.66,0.75,2,-4.81,0,0.21,0.18,0,0.25,0.51,171.98,265947,3,1
0.72,0.88,11,-4.29,0,0.04,0,0.02,0.06,0.32,123.04,177600,4,1
0.85,0.75,1,-5.79,1,0.06,0.02,0,0.39,0.39,89.95,216600,4,1
0.79,0.81,5,-4.56,1,0.04,0.03,0,0.52,0.42,116.01,172133,4,1
0.73,0.93,0,-3.63,1,0.08,0.02,0,0.19,0.48,119.01,191467,4,1
0.65,0.92,11,-4.26,1,0.07,0.36,0,0.14,0.32,117.95,173427,4,1
0.68,0.82,4,-4.2,0,0.15,0.06,0,0.6,0.24,140.03,234653,4,1
0.74,0.55,8,-8.98,1,0.42,0.39,0,0.07,0.51,84.93,209440,4,1
0.59,0.85,9,-4.4,0,0.08,0.14,0,0.37,0.39,105.92,246816,4,1
0.75,0.62,11,-5.83,1,0.08,0.18,0,0.15,0.57,159.93,181661,4,1
0.79,0.77,5,-3.42,1,0.1,0.03,0,0.28,0.84,171.94,247308,4,1
0.86,0.76,11,-5.16,1,0.07,0.02,0,0.34,0.45,97.01,172127,4,1
0.51,0.57,6,-7.23,0,0.2,0.35,0,0.34,0.22,83.9,239836,4,1
0.48,0.36,0,-7.89,1,0.07,0.83,0,0.1,0.31,171.65,193795,4,1
0.65,0.67,0,-5.98,0,0.31,0.47,0,0.08,0.34,181.86,249520,4,1
0.6,0.53,10,-8.66,0,0.04,0.13,0,0.14,0.53,123.94,168387,4,1
0.8,0.68,6,-5.04,1,0.04,0.09,0,0.09,0.84,101.96,219947,4,1
0.78,0.56,6,-7.11,0,0.08,0.13,0,0.4,0.68,129.99,185093,1,1
0.88,0.75,7,-4.26,0,0.09,0.18,0,0.11,0.88,117.95,157606,4,1
0.76,0.52,2,-4.37,1,0.06,0.53,0,0.07,0.93,89.96,157560,4,1
0.88,0.7,11,-3.84,0,0.08,0.14,0,0.09,0.78,97,200667,4,1
0.83,0.5,11,-8.44,0,0.11,0.27,0,0.3,0.51,97.96,220487,4,1
0.77,0.65,8,-6.98,0,0.3,0.06,0,0.21,0.57,155.05,224955,4,1
0.72,0.72,10,-7.04,0,0.07,0.03,0,0.24,0.67,104.99,221714,4,1
0.66,0.57,5,-5.94,0,0.03,0.09,0.01,0.12,0.14,108.96,361947,4,1
0.65,0.6,11,-4.04,1,0.11,0.15,0,0.08,0.44,172.27,150853,4,1
0.59,0.59,2,-6.35,1,0.03,0.14,0,0.11,0.32,110.94,205473,4,1
0.72,0.49,8,-6.02,1,0.03,0.02,0,0.09,0.38,105.05,170746,4,1
0.92,0.6,11,-6.67,0,0.25,0.02,0,0.27,0.83,145.06,139741,4,1
0.88,0.67,9,-2.96,1,0.11,0.11,0,0.07,0.68,87.97,226533,4,1
0.71,0.6,7,-5.37,0,0.04,0.05,0,0.15,0.5,130.01,212354,4,1
0.68,0.82,8,-4.29,1,0.06,0,0,0.28,0.8,117.97,193531,4,1
0.38,0.22,4,-13.27,0,0.04,0.92,0.01,0.08,0.05,73.54,242265,4,1
0.78,0.72,11,-5.35,0,0.19,0.02,0,0.11,0.49,155.09,234627,4,1
0.89,0.67,1,-4.39,1,0.19,0.04,0,0.1,0.53,91.98,192024,4,1
0.74,0.87,1,-4.52,1,0.05,0.03,0,0.08,0.59,93.04,206420,4,1
0.76,0.55,9,-6.05,0,0.03,0.04,0,0.08,0.75,116.97,190800,4,1
0.46,0.58,3,-4.86,1,0.06,0.6,0,0.09,0.18,111.88,215107,4,1
0.88,0.61,4,-6.1,1,0.12,0.05,0,0.18,0.74,147.98,160638,4,1
0.71,0.96,10,-4.59,0,0.22,0.13,0,0.2,0.58,125.99,134240,4,1
0.77,0.63,10,-6.1,0,0.21,0.14,0,0.43,0.67,160.05,210261,4,1
0.76,0.8,1,-3.66,0,0.04,0.2,0,0.25,0.81,93.99,136893,4,1
0.88,0.7,1,-4.22,1,0.07,0.14,0,0.06,0.79,94,199711,4,1
0.66,0.87,0,-3.33,1,0.05,0.03,0,0.14,0.69,146.94,193697,4,1
0.71,0.81,2,-5.51,1,0.09,0.12,0,0.15,0.18,92.04,159282,4,1
0.73,0.57,0,-6.72,1,0.32,0.01,0,0.38,0.32,75.49,238816,4,1
0.47,0.63,5,-5.88,0,0.34,0.07,0,0.13,0.43,180.05,189323,4,1
0.86,0.68,1,-5.74,1,0.33,0.09,0,0.14,0.51,133.08,195299,4,1
0.79,0.81,7,-3.7,1,0.09,0.08,0,0.08,0.61,105.03,301714,4,1
0.74,0.77,10,-4.24,0,0.05,0.31,0,0.11,0.66,93.96,196500,4,1
0.83,0.73,8,-3.71,1,0.22,0.01,0,0.12,0.45,155.01,312820,4,1
0.58,0.82,9,-5.15,0,0.1,0.12,0,0.34,0.44,105.94,246381,4,1
0.77,0.79,11,-3.91,1,0.37,0.19,0,0.13,0.84,126.77,159715,4,1
0.55,0.82,0,-4.21,1,0.05,0.12,0,0.34,0.56,95.39,174000,4,1
0.49,0.34,4,-8.99,1,0.04,0.56,0,0.21,0.1,102.82,206459,4,1
0.9,0.54,8,-6.24,1,0.29,0.03,0,0.09,0.16,130.12,195692,4,1
0.78,0.76,7,-5.53,1,0.2,0.09,0,0.64,0.67,110.03,194490,4,1
0.74,0.37,9,-9.68,0,0.07,0.33,0,0.13,0.24,140,222997,4,1
0.65,0.63,6,-5.72,0,0.09,0.52,0,0.17,0.35,128,154424,4,1
0.6,0.43,7,-8.76,0,0.03,0.05,0,0.21,0.06,76.47,175721,4,1
0.79,0.69,9,-7.73,0,0.07,0.15,0,0.28,0.51,103.01,181436,4,1
0.37,0.11,4,-14.08,1,0.1,0.98,0,0.09,0.2,82.64,196077,4,1
0.84,0.73,7,-3.37,1,0.05,0.08,0,0.15,0.43,130.05,243837,4,1
0.8,0.79,7,-6.18,0,0.06,0.08,0,0.15,0.45,94.03,167975,4,1
0.64,0.65,5,-8.11,0,0.19,0.12,0,0.08,0.55,92.98,197867,4,1
0.83,0.48,8,-5.75,0,0.08,0.54,0,0.2,0.89,139.98,219933,4,1
0.53,0.75,10,-5.83,0,0.11,0.01,0,0.12,0.2,169.95,200080,4,1
0.65,0.84,0,-3.76,1,0.05,0.01,0,0.1,0.75,146.96,193829,4,1
0.85,0.7,9,-7.21,1,0.06,0.01,0,0.08,0.32,113.04,180645,4,1
0.7,0.23,6,-14.45,0,0.1,0.9,0.66,0.11,0.24,120.01,245426,4,1
0.79,0.67,11,-4.58,0,0.16,0.26,0,0.09,0.79,110.96,237893,4,1
0.68,0.61,2,-5.83,0,0.48,0.07,0,0.15,0.51,142.04,237735,4,1
0.72,0.76,2,-5.17,0,0.09,0.14,0,0.13,0.49,147.02,198261,4,1
0.85,0.54,1,-5.16,1,0.06,0.27,0,0.1,0.51,96.03,210607,4,1
0.81,0.75,10,-5.26,0,0.34,0.15,0,0.29,0.83,166,210800,4,1
0.73,0.43,8,-8.77,0,0.14,0.73,0,0.7,0.35,144.03,173333,4,1
0.79,0.43,10,-8.76,0,0.04,0.12,0,0.09,0.24,127.09,159382,4,1
0.86,0.63,7,-4.69,1,0.05,0.31,0,0.12,0.82,128.98,223480,4,1
0.8,0.72,2,-3.28,1,0.3,0.3,0,0.06,0.57,101.09,200960,4,1
0.62,0.6,6,-5.62,0,0.15,0.05,0,0.46,0.46,116.74,163636,5,1
0.69,0.85,8,-4.56,0,0.09,0.09,0,0.08,0.76,179.87,163084,4,1
0.68,0.51,9,-6.65,0,0.1,0.35,0,0.12,0.5,145.84,208520,4,1
0.81,0.55,9,-6.64,1,0.06,0.3,0,0.1,0.87,147.99,212867,4,1
0.56,0.62,0,-7.92,1,0.03,0.03,0,0.09,0.14,95.03,195813,4,1
0.68,0.77,8,-3.68,1,0.05,0.02,0,0.1,0.57,99.05,207133,4,1
0.77,0.72,8,-5.48,1,0.05,0.02,0.01,0.35,0.9,121.98,176840,4,1
0.79,0.79,11,-4.52,0,0.08,0.01,0,0.1,0.68,123.94,183290,4,1
0.7,0.43,7,-10.97,1,0.38,0.33,0.13,0.1,0.56,135.13,194088,4,1
0.5,0.41,1,-5.68,1,0.03,0.75,0,0.11,0.45,109.89,182161,4,1
0.9,0.6,2,-5.31,1,0.06,0.4,0,0.13,0.82,129.93,170972,4,1
0.61,0.83,2,-4.07,1,0.38,0.01,0,0.11,0.69,96.17,295177,4,1
0.88,0.53,5,-6.83,1,0.06,0.18,0,0.07,0.69,112.02,158571,4,1
0.83,0.59,6,-6.4,0,0.1,0.69,0,0.17,0.54,98.08,209755,4,1
0.77,0.55,0,-7.91,1,0.04,0.21,0,0.13,0.35,99.03,162547,4,1
0.7,0.76,0,-3.5,1,0.04,0.19,0,0.09,0.55,120.04,215280,4,1
0.76,0.32,11,-7.21,1,0.05,0.84,0,0.08,0.58,91.02,189486,4,1
0.47,1,1,-0.58,1,0.16,0.01,0,0.39,0.11,117,260017,4,0
0.47,0.87,9,-4.48,0,0.34,0.03,0,0.31,0.65,86.62,171023,4,0
0.84,0.69,8,-5.4,1,0.04,0,0,0.34,0.15,100.05,155913,4,0
0.55,0.65,4,-4.8,0,0.29,0.08,0,0.13,0.22,141.85,204319,4,0
0.81,0.9,0,-3.11,1,0.1,0.01,0,0.1,0.47,116.99,196199,4,0
0.82,0.47,1,-10.95,1,0.29,0.23,0.09,0.09,0.24,104.88,182931,4,0
0.78,0.67,1,-6.22,0,0.17,0.18,0,0.15,0.54,145.98,243287,4,0
0.49,0.81,9,-3.91,1,0.14,0.22,0,0.11,0.33,159.89,156077,4,0
0.77,0.8,5,-3.48,0,0.29,0.1,0,0.11,0.45,97.03,152299,4,0
0.58,0.46,5,-4.17,1,0.25,0.48,0,0.11,0.63,176.19,158099,4,0
0.89,0.89,4,-4.6,0,0.15,0.05,0,0.16,0.67,130.05,154154,4,0
0.64,0.7,7,-7.87,1,0.44,0.01,0,0.13,0.26,105.77,226321,4,0
0.42,0.63,6,-6.06,1,0.04,0.22,0,0.08,0.14,143.36,216140,4,0
0.73,0.78,8,-3.86,1,0.06,0.19,0,0.12,0.72,166.04,224187,4,0
0.6,0.53,2,-6.59,0,0.42,0.39,0,0.11,0.44,96.99,162702,4,0
0.75,0.93,4,-2.91,0,0.05,0.3,0,0.31,0.86,114.08,183333,4,0
0.78,0.76,0,-8.22,1,0.09,0.22,0,0.09,0.68,158.09,176440,4,0
0.58,0.94,10,-2.12,1,0.09,0.45,0,0.68,0.94,168.1,166838,4,0
0.39,0.8,9,-6.44,0,0.48,0.12,0,0.18,0.14,149.76,259821,4,0
0.59,0.7,11,-7.98,1,0.07,0.02,0,0.08,0.33,134.95,233266,4,0
0.66,0.84,0,-4.81,1,0.12,0,0,0.29,0.52,91.46,237540,4,0
0.44,0.52,1,-9.34,0,0.25,0.1,0,0.09,0.24,71.68,208763,1,0
0.73,0.68,2,-4.75,1,0.18,0.14,0,0.18,0.44,142.04,165640,4,0
0.65,0.68,2,-8.39,0,0.04,0.26,0.01,0.1,0.77,157.94,200773,4,0
0.83,0.51,6,-6.91,0,0.15,0.05,0,0.11,0.75,109.35,185427,5,0
0.65,0.67,10,-6.76,0,0.04,0.15,0,0.11,0.56,104.18,213869,4,0
0.65,0.88,1,-4.85,1,0.07,0,0.01,0.19,0.52,99.98,171621,4,0
0.8,0.78,11,-6.11,0,0.06,0.03,0,0.1,0.96,141.97,202720,4,0
0.66,0.85,11,-4.51,0,0.03,0.02,0,0.17,0.5,105,372867,4,0
0.7,0.61,3,-6.84,1,0.04,0.07,0,0.13,0.6,75.01,195333,4,0
0.68,0.63,9,-7.35,0,0.05,0.11,0.18,0.22,0.4,145.01,232147,4,0
0.64,0.72,2,-5.55,1,0.09,0.01,0,0.2,0.23,143.01,214960,4,0
0.46,0.59,1,-4.95,1,0.04,0.17,0,0.31,0.18,134.17,228373,3,0
0.68,0.37,5,-8.24,1,0.04,0.64,0,0.17,0.48,91.87,201000,4,0
0.77,0.6,11,-7.32,1,0.06,0.44,0,0.09,0.98,149.98,179627,4,0
0.68,0.73,7,-5.52,0,0.03,0.01,0,0.06,0.73,99.98,237912,4,0
0.89,0.46,0,-9,1,0.26,0.02,0.01,0.11,0.31,148.01,158240,4,0
0.82,0.69,2,-6.81,1,0.1,0.07,0.04,0.09,0.58,92.46,191103,4,0
0.74,0.47,7,-8.27,0,0.04,0.3,0,0.1,0.28,116.74,267384,4,0
0.55,0.75,1,-5.21,1,0.04,0.07,0,0.05,0.65,79.98,199339,4,0
0.38,0.27,1,-13.11,0,0.17,0.85,0,0.11,0.27,178.03,186340,4,0
0.77,0.66,9,-7.44,0,0.15,0.06,0.11,0.12,0.37,142.95,201395,4,0
0.5,0.83,9,-4.47,1,0.12,0.02,0,0.06,0.45,133.93,229557,4,0
0.74,0.66,1,-7.86,1,0.05,0.01,0,0.15,0.12,88,101353,4,0
0.74,0.62,0,-7.31,1,0.05,0.42,0,0.69,0.72,113.97,136839,4,0
0.53,0.58,9,-5.22,0,0.03,0.23,0,0.11,0.19,84.05,261543,4,0
0.7,0.65,6,-6.66,1,0.06,0.01,0,0.19,0.64,141.87,208590,4,0
0.6,0.79,2,-4.71,1,0.03,0,0,0.06,0.82,114.07,185133,4,0
0.58,0.2,10,-10.05,1,0.03,0.95,0.01,0.14,0.08,66.45,240294,4,0
0.89,0.49,5,-6.56,0,0.06,0.2,0,0.1,0.52,108.03,181074,4,0
0.55,0.23,0,-11.5,1,0.05,0.83,0,0.11,0.67,138,219573,4,0
0.87,0.79,4,-4.21,1,0.07,0.17,0,0.11,0.56,101.99,189496,4,0
0.86,0.56,8,-5.7,1,0.34,0.6,0,0.11,0.54,99.86,188388,3,0
0.52,0.58,2,-4.5,1,0.18,0.19,0,0.1,0.19,175.4,201361,4,0
0.61,0.94,1,-7.44,1,0.12,0,0,0.1,0.39,84.98,105176,4,0
0.46,0.99,1,-3.18,0,0.21,0,0,0.37,0.2,137.06,220539,4,0
0.95,0.63,1,-7.01,1,0.22,0.01,0,0.07,0.43,100.03,253569,4,0
0.72,0.66,0,-4.94,1,0.12,0.21,0,0.26,0.6,86.99,198966,4,0
0.68,0.82,7,-5.22,1,0.06,0.05,0,0.62,0.62,152.03,199250,4,0
0.45,0.49,9,-6.43,0,0.03,0.28,0,0.07,0.26,139.92,245147,4,0
0.76,0.39,8,-8.56,1,0.15,0.22,0,0.12,0.47,92.01,158421,4,0
0.56,0.33,9,-8.25,1,0.03,0.89,0,0.1,0.29,135.11,285040,4,0
0.96,0.45,1,-8.7,0,0.32,0.19,0.01,0.18,0.34,108.04,207827,4,0
0.93,0.39,1,-9.13,1,0.41,0.09,0,0.14,0.38,125.98,179405,4,0
0.54,0.68,4,-4.3,1,0.03,0.19,0,0.09,0.09,121.99,222093,4,0
0.87,0.54,10,-7.06,0,0.34,0.06,0.12,0.18,0.48,142.02,196933,4,0
0.69,0.26,1,-7.92,1,0.04,0.45,0,0.1,0.36,88.97,175432,4,0
0.66,0.66,5,-4.65,1,0.02,0.51,0,0.26,0.36,99.95,221466,4,0
0.64,0.57,0,-7.24,0,0.05,0.06,0,0.11,0.62,142.97,226781,4,0
0.52,0.81,1,-4.9,0,0.09,0.15,0,0.07,0.75,140.13,209240,4,0
0.6,0.73,10,-3.98,1,0.12,0.21,0,0.27,0.62,179.89,180867,4,0
0.55,0.6,1,-10.12,1,0.5,0.44,0,0.11,0.45,125.7,235888,5,0
0.78,0.4,7,-10.56,0,0.34,0.07,0,0.1,0.23,140.89,245107,4,0
0.67,0.75,9,-2.96,0,0.06,0.24,0,0.26,0.48,128.97,199027,4,0
0.76,0.56,9,-6.3,1,0.08,0.1,0,0.1,0.58,142.04,217493,4,0
0.58,0.69,0,-5.76,1,0.15,0.13,0,0.24,0.16,94.64,156327,4,0
0.79,0.86,8,-5.31,0,0.12,0.21,0,0.08,0.96,95.22,155433,3,0
0.9,0.67,1,-6.54,1,0.2,0,0,0.14,0.4,139.98,180935,4,0
0.77,0.66,1,-7.43,1,0.04,0.33,0,0.13,0.44,124.95,163208,4,0
0.68,0.81,0,-2.74,1,0.06,0.05,0,0.09,0.71,173.91,174027,4,0
0.62,0.65,0,-4.72,1,0.04,0.28,0,0.08,0.36,139.12,179413,4,0
0.75,0.61,0,-7.03,0,0.1,0.45,0,0.13,0.41,149.97,172245,4,0
0.55,0.67,9,-8.81,1,0.05,0.01,0,0.05,0.48,151.55,270213,4,0
0.77,0.81,10,-6.15,0,0.06,0.2,0.46,0.12,0.25,109.02,185330,4,0
0.54,0.8,10,-4.53,0,0.33,0.05,0,0.14,0.32,179.92,164000,4,0
0.66,0.78,6,-6.18,1,0.07,0.16,0.38,0.37,0.64,156.05,156759,4,0
0.67,0.55,1,-8.02,1,0.04,0.4,0.08,0.09,0.19,83.5,194871,4,0
0.84,0.73,7,-4.81,0,0.15,0.58,0,0.18,0.63,140.07,188780,4,0
0.86,0.58,8,-7.07,0,0.34,0.02,0,0.08,0.81,157.88,153478,4,0
0.77,0.63,10,-7.19,0,0.16,0.4,0,0.09,0.68,141.82,190267,4,0
0.66,0.77,11,-7,0,0.05,0.05,0,0.09,0.22,119.97,199895,4,0
0.61,0.3,5,-9.77,0,0.03,0.75,0.01,0.11,0.31,119.88,208789,4,0
0.62,0.78,7,-4.47,0,0.04,0.01,0.01,0.08,0.33,93.95,375320,4,0
0.67,0.63,8,-6.68,1,0.29,0.03,0,0.07,0.38,204.11,144098,4,0
0.71,0.56,11,-10.33,1,0.12,0.05,0,0.21,0.27,88.03,169763,4,0
0.38,0.92,0,-3.4,1,0.06,0.01,0.2,0.28,0.39,153.4,293360,4,0
0.51,0.67,5,-7.11,1,0.23,0.07,0,0.15,0.14,149.87,151628,4,0
0.71,0.76,5,-4.6,0,0.04,0.14,0,0.24,0.91,168.02,230693,4,0
0.79,0.76,5,-7.16,0,0.14,0.11,0,0.25,0.78,123.07,156498,4,0
0.66,0.62,1,-9.15,0,0.09,0.17,0.01,0.11,0.31,182.01,168991,4,0
0.59,0.65,11,-6.93,0,0.04,0.06,0,0.12,0.28,144.03,220141,4,0
0.72,0.6,9,-6.25,1,0.08,0.23,0,0.12,0.3,142.59,126521,4,0
0.71,0.89,6,-2.76,0,0.04,0,0,0.26,0.74,126.01,165704,4,0
0.45,0.82,5,-4.25,0,0.06,0.07,0,0.11,0.42,119.97,213693,4,0
0.5,0.92,7,-3.32,1,0.11,0,0,0.36,0.4,96.05,215004,4,0
0.47,0.77,5,-5.93,0,0.26,0.37,0,0.18,0.43,169.89,145412,4,0
0.52,0.66,6,-6.02,1,0.03,0.31,0,0.1,0.36,142,224987,4,0
0.86,0.67,1,-4.16,0,0.15,0.21,0,0.1,0.84,163.91,178947,4,0
0.57,0.89,0,-3.67,0,0.16,0.08,0,0.16,0.71,100.98,183240,4,0
0.73,0.63,1,-5.59,1,0.36,0.17,0,0.2,0.53,173.89,414820,4,0
0.62,0.89,2,-2.13,1,0.1,0.24,0,0.32,0.82,180.09,226160,4,0
0.65,0.83,8,-4.01,1,0.06,0.02,0,0.12,0.22,145,225668,4,0
0.95,0.5,1,-8.18,1,0.4,0.1,0,0.1,0.6,114.01,142979,4,0
0.77,0.53,0,-7.18,1,0.21,0.24,0,0.14,0.47,140,167552,4,0
0.7,0.55,6,-5.92,0,0.13,0.44,0,0.19,0.12,151.9,201980,4,0
0.44,0.8,2,-6.41,1,0.31,0.04,0,0.68,0.41,84.38,289760,4,0
0.72,0.83,4,-5.09,0,0.06,0.05,0,0.32,0.75,117.98,185277,4,0
0.6,0.53,1,-8.75,1,0.32,0.01,0,0.11,0.13,162.07,225348,4,0
0.87,0.59,2,-7.33,1,0.29,0,0,0.13,0.19,150.06,182400,4,0
0.9,0.58,2,-7.79,1,0.24,0.04,0,0.18,0.27,83.02,144361,4,0
0.81,0.58,1,-5.43,1,0.08,0.01,0,0.06,0.41,141.02,178025,4,0
0.47,0.68,4,-3.47,0,0.04,0.03,0,0.1,0.04,121.96,283270,4,0
0.86,0.69,10,-7.27,0,0.22,0,0,0.11,0.41,152.95,148246,4,0
0.92,0.83,1,-3.18,1,0.25,0.03,0,0.06,0.65,141.03,165726,4,0
0.44,0.62,1,-5.28,1,0.03,0.08,0,0.09,0.38,128.32,206279,4,0
0.73,0.59,1,-9.04,1,0.35,0.08,0,0.13,0.43,139.86,180160,4,0
0.81,0.97,10,-6.1,0,0.05,0.06,0,0.15,0.87,114.33,242293,4,0
0.88,0.44,10,-9.92,1,0.26,0.01,0,0.1,0.25,119.01,193657,4,0
0.93,0.57,4,-5.7,0,0.38,0.28,0,0.27,0.45,129.97,189342,4,0
0.83,0.52,8,-10.34,1,0.29,0.02,0,0.13,0.25,136.1,194118,4,0
0.6,0.48,1,-9.64,0,0.64,0.14,0,0.11,0.51,80.38,171442,4,0
0.93,0.45,1,-8.51,1,0.3,0.01,0,0.07,0.62,142.98,193880,4,0
0.79,0.57,5,-7.59,0,0.24,0.22,0,0.16,0.21,86.01,189501,4,0
0.94,0.47,3,-9.3,0,0.06,0.05,0,0.19,0.66,130.04,236819,4,0
0.7,0.69,5,-6.11,0,0.03,0.26,0,0.17,0.7,115.98,160289,4,0
0.92,0.77,10,-4.09,0,0.26,0.05,0,0.1,0.46,132.06,191713,4,0
0.57,0.52,9,-5.45,1,0.05,0.01,0,0.08,0.07,131.85,136333,5,0
0.86,0.66,5,-6.48,0,0.13,0.17,0,0.1,0.59,90.04,150060,4,0
0.6,0.73,4,-7.01,1,0.43,0.14,0,0.51,0.6,172.33,262507,4,0
0.93,0.67,6,-7.04,0,0.32,0.01,0,0.15,0.67,142.04,207739,4,0
0.56,0.86,3,-5.87,0,0.06,0.01,0,0.21,0.4,105.14,216880,4,0
0.84,0.6,5,-6.64,0,0.3,0.14,0,0.16,0.9,100.71,174893,4,0
0.78,0.61,4,-5.58,0,0.05,0.04,0.01,0.1,0.61,80.53,132215,4,0
0.68,0.52,0,-6.37,0,0.05,0.2,0,0.1,0.72,120.07,202008,4,0
0.82,0.84,7,-3.85,1,0.27,0.16,0,0.11,0.65,107.95,189287,4,0
0.76,0.64,6,-5.59,1,0.04,0.02,0,0.17,0.54,109.98,214507,4,0
0.76,0.6,0,-5.7,0,0.09,0.16,0,0.3,0.66,149.84,184905,4,0
0.78,0.45,2,-6.06,1,0.03,0.47,0,0.18,0.59,79,281560,4,0
0.59,0.52,10,-9.46,1,0.03,0.07,0.15,0.12,0.34,85.01,260173,4,0
0.8,0.83,2,-5.36,1,0.19,0.02,0,0.12,0.6,124.96,156960,4,0
0.74,0.62,0,-9.81,1,0.04,0.6,0,0.23,0.64,113,188387,4,0
0.57,0.66,4,-5.3,0,0.05,0.63,0,0.12,0.44,128.95,241688,4,0
0.83,0.55,1,-8.26,0,0.06,0.17,0,0.11,0.38,140.05,181496,4,0
0.7,0.83,6,-3.79,0,0.06,0.01,0,0.07,0.92,102.98,203064,4,0
0.82,0.82,8,-3.4,0,0.17,0.31,0,0.14,0.79,100,213314,4,0
0.57,0.84,0,-6.22,1,0.03,0.17,0,0.07,0.8,129.99,241600,4,0
0.57,0.87,4,-3.84,0,0.27,0.07,0,0.31,0.36,82.01,214363,4,0
0.71,0.58,5,-7.27,0,0.08,0.01,0,0.08,0.34,92.82,198822,4,0
0.64,0.79,10,-4.33,0,0.03,0,0.75,0.11,0.28,77.59,201856,4,0
0.58,0.91,4,-5.3,1,0.03,0,0,0.09,0.43,115.02,213672,4,0
0.77,0.71,2,-6.49,1,0.36,0,0,0.1,0.38,152.89,185037,4,0
0.31,0.7,9,-5.68,1,0.05,0.01,0.01,0.08,0.76,188.39,255493,4,0
0.64,0.84,5,-5.41,1,0.04,0.02,0,0.09,0.43,109.01,220733,4,0
0.74,0.63,11,-4.94,0,0.06,0.18,0,0.35,0.5,92.03,216107,4,0
0.71,0.59,4,-7.14,0,0.23,0.76,0,0.16,0.54,124.75,141224,4,0
0.31,0.49,6,-5.73,0,0.04,0.7,0,0.07,0.23,77.36,208827,4,0
0.7,0.66,4,-5.36,1,0.08,0.14,0,0.09,0.46,82.96,146375,4,0
0.76,0.67,7,-3.32,1,0.19,0.15,0,0.3,0.59,90.09,185719,4,0
0.74,0.87,11,-2.26,0,0.05,0.04,0,0.32,0.51,98.05,175873,4,0
0.58,0.82,7,-3.13,1,0.04,0.02,0,0.16,0.45,90.97,190894,4,0
0.56,0.78,5,-4.9,0,0.05,0,0,0.07,0.6,93.52,157507,4,0
0.77,0.92,1,-4.23,0,0.11,0.17,0,0.12,0.56,128.02,148125,4,0
0.53,0.63,7,-7,1,0.13,0.37,0,0.13,0.27,171.04,203947,3,0
0.76,0.85,9,-4.29,0,0.05,0.02,0,0.39,0.59,105.04,235603,4,0
0.58,0.82,7,-5.36,1,0.3,0.07,0,0.26,0.48,165.85,151084,4,0
0.78,0.6,7,-7.42,1,0.04,0.21,0,0.12,0.36,109.97,266116,4,0
0.85,0.66,3,-6.32,1,0.19,0.39,0,0.04,0.93,115.08,167187,4,0
0.88,0.48,1,-7.01,1,0.05,0.02,0,0.06,0.83,124.01,342613,4,0
0.79,0.82,7,-8.71,1,0.1,0.62,0.15,0.15,0.05,117.98,163759,4,0
0.69,0.5,1,-9.81,1,0.24,0.08,0,0.61,0.24,81.17,367151,4,0
0.77,0.38,5,-9.37,1,0.21,0.3,0,0.17,0.39,122.09,201587,4,0
0.87,0.44,10,-8.69,0,0.4,0.03,0,0.14,0.61,122.06,199645,4,0
0.66,0.88,1,-3.88,1,0.12,0.01,0,0.94,0.68,122.02,186653,4,0
0.7,0.8,2,-4.37,1,0.03,0.01,0,0.22,0.35,115.96,161733,4,0
0.67,0.83,9,-4.47,1,0.04,0.02,0,0.47,0.39,122.97,215480,4,0
0.73,0.81,10,-3.42,0,0.12,0.45,0,0.1,0.72,176.03,226379,4,0
0.91,0.64,8,-8.38,1,0.45,0.04,0,0.24,0.66,150,156882,4,0
0.78,0.63,10,-6.08,0,0.35,0.16,0,0.61,0.75,124.6,232839,4,0
0.74,0.61,11,-5.37,0,0.05,0.62,0,0.08,0.57,142.01,236650,4,0
0.79,0.67,6,-5.27,1,0.54,0.17,0,0.24,0.74,154.86,164203,4,0
0.8,0.65,10,-6.6,0,0.13,0.16,0,0.15,0.58,125.04,119040,4,0
0.63,0.73,4,-4.39,0,0.05,0.06,0,0.14,0.13,149.98,230400,4,0
0.63,0.54,7,-7.01,0,0.06,0.17,0,0.19,0.32,109.89,193747,4,0
0.73,0.78,1,-6.38,0,0.29,0.05,0,0.08,0.58,177.87,130307,4,0
0.8,0.61,7,-9.04,1,0.23,0.13,0.19,0.11,0.25,99.01,149028,4,0
0.69,0.56,9,-5.66,1,0.04,0.17,0,0.09,0.3,77.97,213949,4,0
0.83,0.63,5,-3.68,1,0.06,0.23,0,0.3,0.88,138.05,205636,4,0
0.67,0.49,9,-8.77,0,0.42,0.2,0,0.16,0.39,145.05,239314,4,0
0.86,0.68,8,-5.53,0,0.31,0.23,0,0.06,0.72,94.03,164036,4,0
0.72,0.68,2,-5.27,1,0.09,0.1,0,0.35,0.33,160.05,199758,4,0
0.83,0.66,8,-6.14,1,0.13,0.24,0,0.37,0.77,121.88,146523,4,0
0.84,0.82,5,-4.68,0,0.21,0.29,0,0.22,0.66,105.03,275893,4,0
0.78,0.59,10,-5.15,1,0.06,0.16,0,0.18,0.82,113.97,143153,4,0
0.61,0.79,11,-3.32,1,0.09,0.05,0,0.17,0.76,152,181467,4,0
0.8,0.53,1,-3.23,1,0.38,0.13,0,0.41,0.32,138.01,184440,4,0
0.84,0.58,6,-6.05,0,0.14,0,0,0.23,0.19,74.5,236779,4,0
0.78,0.82,10,-5.89,0,0.07,0.28,0,0.41,0.76,100.02,218093,4,0
0.35,0.81,0,-7.78,1,0.17,0.02,0,0.1,0.04,90.77,248133,4,0
0.85,0.53,3,-9.69,1,0.22,0.29,0.01,0.05,0.93,115.13,166533,4,0
0.87,0.64,2,-7.75,1,0.07,0.15,0.06,0.09,0.46,126.03,182857,4,0
0.59,0.47,4,-9.93,0,0.06,0.1,0.02,0.12,0.32,93.1,142000,4,0
0.88,0.56,8,-6.62,1,0.26,0.03,0,0.67,0.42,117.94,146441,4,0
0.55,0.64,1,-7.47,1,0.11,0.39,0,0.37,0.33,167.83,180019,4,0
0.74,0.53,7,-7.62,1,0.05,0.18,0,0.12,0.26,132.01,207265,4,0
0.79,0.72,11,-6.98,0,0.28,0.27,0,0.12,0.19,105.02,174083,4,0
0.62,0.62,1,-8.43,1,0.52,0.13,0,0.18,0.48,175.93,177273,4,0
0.53,0.86,2,-4.21,1,0.08,0,0,0.15,0.51,160.06,205159,4,0
0.55,0.57,1,-7.39,0,0.35,0.28,0,0.42,0.51,85.69,271184,4,0
0.75,0.79,10,-4.15,0,0.08,0.29,0,0.11,0.24,144.06,180000,4,0
0.79,0.48,6,-7.84,0,0.2,0.77,0,0.1,0.48,80.51,234783,4,0
0.74,0.84,1,-5.03,0,0.06,0.02,0,0.07,0.26,103.07,159863,4,0
0.76,0.53,9,-8.05,0,0.2,0.21,0,0.13,0.68,177.95,203360,4,0
0.68,0.41,4,-9.75,0,0.09,0.13,0,0.23,0.15,129.08,206080,4,0
0.57,0.6,6,-5.89,1,0.03,0.34,0,0.12,0.45,155.81,199068,4,0
0.48,0.37,10,-9.3,1,0.03,0.8,0.07,0.12,0.04,114.08,207710,4,0
0.78,0.66,8,-6.08,0,0.31,0.19,0,0.12,0.57,149.94,192000,4,0
0.85,0.58,9,-5.95,0,0.08,0.11,0,0.1,0.84,149.94,200584,4,0
0.91,0.65,10,-5.07,0,0.11,0.02,0,0.28,0.37,130.97,190534,4,0
0.65,0.72,7,-7.58,1,0.11,0.24,0,0.07,0.53,130.76,112346,3,0
0.63,0.64,1,-6.46,1,0.21,0.16,0,0.22,0.38,134.07,165293,4,0
0.6,0.26,11,-10.5,1,0.04,0.84,0,0.33,0.32,100.96,185689,3,0
0.89,0.51,2,-8.74,1,0.16,0.06,0,0.12,0.22,111.99,154667,4,0
0.68,0.65,9,-7.11,0,0.05,0.09,0,0.12,0.35,119.93,133673,4,0
0.76,0.68,1,-6.44,1,0.04,0.06,0,0.12,0.37,120.01,197001,4,0
0.85,0.75,11,-3.67,0,0.17,0.03,0,0.08,0.9,148.01,195681,4,0
0.66,0.78,6,-7.09,0,0.05,0.01,0,0.27,0.34,114.04,192107,4,0
0.52,0.88,7,-5.44,1,0.07,0.01,0.08,0.09,0.2,180.01,205208,4,0
0.63,0.66,7,-8.12,1,0.2,0,0,0.16,0.21,90.01,196529,4,0
0.74,0.73,1,-5.74,1,0.08,0.15,0,0.08,0.14,118.99,182172,4,0
0.49,0.79,11,-3.84,1,0.43,0.25,0,0.15,0.37,87.63,160667,4,0
0.82,0.5,8,-8.65,0,0.16,0.21,0,0.42,0.48,112.99,169907,4,0
0.84,0.59,11,-8.52,0,0.08,0.28,0,0.13,0.62,117.07,197000,4,0
0.65,0.81,9,-5.09,1,0.14,0.04,0,0.09,0.39,170.02,165176,4,0
0.7,0.71,5,-4.09,1,0.15,0.37,0,0.1,0.48,171.84,182627,4,0
0.76,0.62,7,-6.83,0,0.26,0.27,0,0.16,0.57,90,196719,4,0
0.4,0.25,0,-11.86,1,0.06,0.97,0,0.12,0.15,128.33,200661,4,0
0.64,0.44,8,-8.43,1,0.06,0.04,0,0.07,0.56,141.41,190144,4,0
0.72,0.76,0,-3.59,0,0.08,0.17,0,0.07,0.76,167.99,202308,4,0
0.8,0.73,1,-9.46,1,0.08,0.09,0,0.07,0.36,139.97,149133,4,0
0.47,0.43,6,-8.69,0,0.1,0.82,0,0.18,0.24,148.53,179188,4,0
0.61,0.83,0,-4.11,1,0.06,0.03,0,0.12,0.73,182.16,193000,4,0
0.44,0.15,8,-12.87,0,0.05,0.95,0,0.1,0.23,115.95,231040,1,0
0.88,0.63,11,-8.93,1,0.27,0.03,0.01,0.11,0.38,150.02,179373,4,0
0.35,0.12,3,-11.1,0,0.04,0.98,0,0.1,0.12,69,202200,4,0
0.87,0.58,1,-9.15,1,0.27,0.35,0,0.11,0.96,117.09,149133,4,0
0.79,0.54,5,-7.62,0,0.1,0.07,0,0.17,0.38,78.01,165680,4,0
0.87,0.57,11,-7.63,0,0.1,0.08,0,0.1,0.39,111.99,152680,4,0
0.94,0.55,2,-7.04,1,0.14,0,0,0.1,0.58,111.97,128640,4,0
0.76,0.65,10,-7.62,0,0.11,0.21,0,0.15,0.79,135.13,191048,4,0
0.31,0.42,5,-10.43,1,0.03,0.08,0,0.18,0.21,129.93,140199,4,0
0.56,0.74,0,-6.34,1,0.06,0.02,0,0.06,0.27,148.03,292079,4,0
0.48,0.57,1,-8.89,1,0.06,0,0.01,0.16,0.19,71.98,219809,4,0
0.5,0.44,7,-7.23,1,0.05,0.12,0,0.21,0.28,172.11,247265,4,0
0.36,0.54,7,-7.58,1,0.09,0.49,0,0.12,0.45,68.53,221307,4,0
0.67,0.74,1,-6.06,1,0.05,0.13,0,0.14,0.26,104.95,169714,4,0
0.77,0.87,11,-6.38,0,0.14,0.01,0,0.08,0.74,126.99,202627,4,0
0.36,0.36,10,-12.19,0,0.1,0.84,0,0.35,0.14,74.53,178088,1,0
0.63,0.79,5,-6.85,0,0.18,0.15,0,0.87,0.76,109.09,193702,4,0
0.6,0.47,0,-10.99,1,0.26,0.2,0,0.11,0.52,120.08,230600,4,0
0.55,0.86,4,-4.11,0,0.24,0.13,0,0.39,0.56,86.64,232921,4,0
0.81,0.71,11,-4.66,1,0.33,0.71,0,0.56,0.72,92.27,294749,4,0
0.71,0.68,5,-5.97,1,0.18,0.08,0,0.07,0.65,106.16,213597,4,0
0.75,0.78,10,-2.75,0,0.13,0.37,0,0.15,0.95,75,269232,4,0
0.75,0.92,0,-3.92,1,0.26,0.17,0,0.37,0.75,89.88,303931,4,0
0.44,0.97,1,-3.07,0,0.3,0.01,0,0.76,0.5,179.83,230435,4,0
0.56,0.6,9,-7.5,0,0.2,0.33,0,0.42,0.56,83.36,176540,4,0
0.48,0.42,4,-11.45,0,0.12,0.46,0,0.12,0.51,79.59,125093,4,0
0.36,0.61,5,-9.19,0,0.08,0.07,0,0.11,0.29,99.73,249370,4,0
0.76,0.67,7,-7.02,1,0.12,0.05,0,0.24,0.45,101.99,173870,4,0
0.86,0.6,1,-7.41,0,0.36,0.02,0,0.17,0.85,157.03,203528,4,0
0.69,0.65,9,-8.27,1,0.03,0.29,0,0.11,0.71,97.92,254560,4,0
0.65,0.59,1,-5.86,1,0.05,0.01,0,0.14,0.18,176.03,133468,4,0
0.62,0.22,0,-13.84,1,0.07,0.78,0,0.12,0.42,75.16,258835,4,0
0.54,0.29,2,-15.9,1,0.03,0.88,0.01,0.34,0.58,78.95,264007,4,0
0.77,0.64,10,-4.93,1,0.15,0.03,0,0.31,0.64,160.99,215053,4,0
0.73,0.7,0,-5.67,0,0.04,0.11,0,0.07,0.6,138.11,192120,4,0
0.74,0.59,1,-7.48,0,0.42,0.03,0,0.1,0.49,75.4,181773,4,0
0.5,0.71,9,-8.09,0,0.39,0.32,0,0.41,0.57,156.52,171173,4,0
0.82,0.67,9,-5.89,1,0.18,0.01,0,0.1,0.49,145.95,187773,4,0
0.93,0.76,2,-3.21,1,0.12,0,0,0.14,0.54,137.99,187941,4,0
0.51,0.9,3,-4.49,0,0.48,0.08,0,0.08,0.53,142.83,146987,4,0
0.76,0.61,9,-4.85,0,0.37,0.25,0,0.11,0.49,145.76,214732,5,0
0.74,0.64,0,-6.45,0,0.41,0.23,0,0.14,0.89,179.1,174093,4,0
0.47,0.79,1,-4.98,0,0.66,0.19,0,0.26,0.34,73.57,160909,3,0
0.61,0.49,10,-7.23,0,0.17,0.17,0,0.19,0.33,147.34,170053,4,0
0.37,0.58,1,-7.09,1,0.3,0.03,0,0.56,0.07,184.2,179976,4,0
0.78,0.57,11,-6.66,1,0.28,0.04,0,0.13,0.48,160.35,231831,4,0
0.63,0.4,5,-9.87,0,0.18,0.11,0.17,0.23,0.07,183.02,214192,3,0
0.82,0.7,8,-2.69,1,0.3,0.02,0,0.29,0.26,178.04,194214,4,0
0.85,0.64,7,-4.07,1,0.25,0,0,0.06,0.8,89.48,140833,4,0
0.61,0.37,1,-14.26,0,0.89,0.74,0,0.4,0.95,102.48,57074,3,0
0.7,0.71,11,-6.64,0,0.3,0.04,0,0.09,0.44,155.02,202420,4,0
0.43,0.47,1,-11.1,1,0.15,0.31,0.37,0.53,0.65,80.97,70044,3,0
0.83,0.53,0,-5.32,0,0.3,0.07,0,0.46,0.36,140.11,181716,4,0
0.72,0.62,6,-5.4,0,0.07,0.24,0,0.13,0.78,90.98,157081,4,0
0.75,0.62,7,-6.79,0,0.3,0.06,0,0.16,0.33,135.18,119844,4,0
0.72,0.36,5,-9.65,0,0.09,0.11,0,0.11,0.45,151.97,144540,4,0
0.57,0.85,1,-5.13,1,0.06,0,0,0.34,0.77,162.06,138097,4,0
0.71,0.62,9,-6.91,1,0.07,0.03,0,0.09,0.34,77.47,129142,4,0
0.31,0.61,11,-5.57,0,0.03,0.09,0,0.36,0.11,78.83,292656,4,0
0.41,0.95,1,-5.91,0,0.12,0,0,0.74,0.84,171.13,159608,4,0
0.8,0.87,10,-5.77,0,0.1,0.1,0,0.12,0.59,124.98,179502,4,0
0.63,0.75,10,-5.22,0,0.14,0.14,0,0.09,0.37,87.01,211303,4,0
0.55,0.95,2,-4.67,1,0.15,0,0,0.06,0.47,127.66,282747,4,0
0.23,0.69,8,-9.12,1,0.06,0.47,0.81,0.34,0.5,93.8,102080,4,0
0.52,0.94,8,-5.96,0,0.04,0.02,0,0.29,0.71,139.14,227800,4,0
0.47,0.9,8,-6.41,0,0.06,0.15,0,0.34,0.42,95.83,214960,4,0
0.53,0.98,8,-5.44,1,0.11,0,0,0.07,0.46,141.17,210227,4,0
0.77,0.69,8,-5.07,1,0.07,0.02,0,0.11,0.79,121.9,175327,4,0
0.5,0.72,0,-4.45,1,0.03,0.06,0,0.27,0.23,151.81,229107,4,0
0.5,0.58,8,-4.53,1,0.02,0.37,0,0.08,0.6,84.97,244507,4,0
0.68,0.73,11,-7.26,0,0.1,0.08,0.17,0.11,0.62,127.94,138813,4,0
0.74,0.71,4,-4.84,0,0.3,0.26,0,0.16,0.54,80.09,171147,4,0
0.27,0.83,7,-5.17,1,0.1,0,0,0.16,0.35,199.89,165967,4,0
0.88,0.49,2,-8.76,1,0.13,0.02,0.61,0.11,0.29,148.02,183267,4,0
0.56,0.72,3,-7.13,0,0.11,0.18,0.01,0.2,0.45,139.99,316440,4,0
0.86,0.76,9,-2.34,0,0.04,0.29,0,0.07,0.76,139.99,230027,4,0
0.85,0.62,2,-7.62,1,0.21,0.2,0,0.23,0.28,122,160667,4,0
0.78,0.89,6,-6.68,0,0.05,0.59,0,0.1,0.94,172.01,203076,4,0
0.64,0.67,6,-5.77,0,0.05,0.32,0,0.12,0.23,156.08,175067,4,0
0.71,0.86,5,-4.61,0,0.04,0.05,0,0.09,0.81,95.05,206200,4,0
0.79,0.49,8,-9.08,0,0.11,0.32,0.04,0.1,0.4,98.97,206720,4,0
0.89,0.79,2,-4.7,1,0.11,0.02,0,0.04,0.58,105.02,250373,4,0
0.74,0.77,0,-6.38,1,0.03,0.09,0,0.51,0.61,127.96,289133,4,0
0.68,0.77,5,-5.75,1,0.15,0.02,0,0.11,0.43,119.96,199008,4,0
0.56,0.81,8,-4.75,0,0.05,0,0,0.16,0.51,87.5,172235,4,0
0.5,0.76,2,-8.1,1,0.04,0.01,0.01,0.16,0.06,115.98,267117,4,0
0.85,0.45,7,-12.24,0,0.54,0.29,0.02,0.11,0.36,160.07,182533,4,0
0.82,0.7,10,-8.26,0,0.09,0.18,0.16,0.14,0.15,100.51,154694,4,0
0.46,0.73,6,-6.62,0,0.07,0.02,0,0.11,0.46,165.95,190143,3,0
0.57,0.6,1,-9.93,0,0.09,0.27,0,0.14,0.18,179.64,181772,4,0
0.72,0.44,6,-8.05,1,0.04,0.69,0,0.08,0.25,115.01,202072,4,0
0.7,0.54,4,-6.5,1,0.07,0.25,0,0.57,0.59,82.96,203893,4,0
0.81,0.55,1,-8.71,1,0.25,0.04,0.01,0.11,0.42,145.05,191427,4,0
0.72,0.58,8,-4.64,1,0.08,0.08,0,0.12,0.49,183.93,151594,4,0
0.68,0.58,6,-7.76,0,0.03,0.22,0,0.12,0.22,124.04,248360,4,0
0.54,0.77,10,-5.95,0,0.03,0,0,0.11,0.55,77.22,228133,4,0
0.66,0.7,11,-4.42,1,0.05,0.04,0,0.06,0.8,86.7,187427,4,0
0.52,0.74,11,-7.19,1,0.07,0.56,0,0.95,0.78,138.1,177068,4,0
0.68,0.69,10,-9.44,1,0.05,0.38,0.74,0.1,0.64,173.1,166883,4,0
0.72,0.37,1,-9.12,0,0.19,0.47,0.06,0.1,0.36,150.08,182400,4,0
0.83,0.74,8,-4.3,0,0.05,0.04,0.47,0.09,0.82,95,142547,4,0
0.7,0.6,4,-4.57,1,0.05,0.5,0,0.25,0.35,127.71,215979,4,0
0.83,0.55,0,-8.19,0,0.03,0.56,0.69,0.12,0.38,127.99,131719,4,0
0.68,0.42,0,-11.39,0,0.1,0.9,0.03,0.14,0.59,159.87,89917,4,0
0.69,0.77,7,-4.58,0,0.04,0.03,0,0.5,0.34,90.02,143901,4,0
0.47,0.51,0,-6.24,1,0.04,0.2,0,0.09,0.34,146.14,229692,3,0
0.73,0.79,4,-5.26,0,0.07,0.09,0,0.32,0.39,92.97,186693,4,0
0.57,0.67,1,-4.51,1,0.06,0.04,0,0.36,0.15,117.58,137544,5,0
0.67,0.5,4,-13.12,1,0.06,0.34,0,0.19,0.86,87.04,214880,4,0
0.89,0.56,10,-9.29,0,0.23,0,0,0.31,0.33,120.03,129320,4,0
0.71,0.22,7,-11.72,1,0.03,0.79,0,0.21,0.56,110.1,219640,4,0
0.51,0.75,0,-6.03,1,0.05,0.14,0,0.09,0.34,147.89,201693,4,0
0.56,0.58,4,-9.32,0,0.2,0.02,0,0.37,0.31,129.99,202360,4,0
0.63,0.93,4,-2.56,1,0.06,0.02,0,0.32,0.91,89.99,182960,4,0
0.77,0.51,1,-6.23,0,0.16,0.23,0,0.15,0.57,134.94,164321,4,0
0.25,0.39,0,-9.89,0,0.04,0.42,0,0.09,0.15,115.23,190173,3,0
0.56,0.92,1,-3.15,0,0.08,0.03,0,0.03,0.85,142.98,199720,4,0
0.8,0.91,0,-2.23,1,0.09,0.02,0.21,0.13,0.8,164.08,182093,4,0
0.17,0.05,3,-18.46,1,0.05,0.67,0.2,0.42,0.03,116.71,179387,4,0
0.43,0.87,6,-2.01,0,0.09,0.01,0,0.23,0.57,156.13,176320,4,0
0.72,0.65,2,-11.29,1,0.11,0.04,0.02,0.08,0.48,100.08,212107,4,0
0.62,0.54,10,-9.31,1,0.04,0.01,0.02,0.58,0.31,85.98,367293,4,0
0.64,0.68,6,-5.36,1,0.03,0.04,0,0.17,0.68,118.06,177973,4,0
0.69,0.52,5,-9.72,1,0.16,0.2,0,0.49,0.41,164.05,392187,4,0
0.71,0.72,2,-3.81,1,0.03,0,0,0.08,0.66,127,197600,4,0
0.67,0.52,8,-7.75,1,0.04,0.86,0,0.12,0.37,120,226600,4,0
0.57,0.33,1,-6.83,1,0.03,0.22,0,0.1,0.36,130.99,237933,4,0
0.65,0.88,1,-2.99,1,0.05,0.02,0,0.08,0.49,118.49,200107,4,0
0.66,0.84,2,-2.06,1,0.05,0.06,0,0.1,0.94,126.02,200187,4,0
0.78,0.83,1,-3.63,1,0.28,0.04,0,0.08,0.96,153.6,88667,4,0
0.53,0.84,1,-4.85,1,0.46,0.43,0,0.13,0.5,87.42,251893,4,0
0.73,0.5,5,-10.39,0,0.18,0.09,0,0.1,0.5,130.06,210462,4,0
0.81,0.68,6,-3.58,0,0.27,0.28,0,0.24,0.86,85.01,274060,4,0
0.65,0.64,7,-5.52,1,0.04,0.01,0,0.11,0.51,184.02,180348,4,0
0.72,0.28,1,-7.13,1,0.04,0.63,0,0.11,0.31,131.94,171827,4,0
0.81,0.55,1,-6.85,1,0.05,0.08,0,0.1,0.27,109.99,173227,4,0
0.61,0.55,7,-8.23,1,0.17,0.03,0,0.2,0.16,160,240297,4,0
0.88,0.53,10,-8.54,0,0.23,0.11,0.48,0.08,0.17,109.09,180950,4,0
0.81,0.68,4,-4.88,1,0.22,0.05,0,0.11,0.07,143.99,146009,4,0
0.82,0.51,1,-7.34,0,0.09,0.48,0.01,0.11,0.63,130.01,152013,4,0
0.67,0.79,2,-4.6,1,0.23,0.16,0,0.85,0.91,95.8,154956,4,0
0.84,0.62,1,-4.88,1,0.08,0.04,0,0.14,0.73,108.98,152436,4,0
0.88,0.52,7,-5.98,0,0.05,0.15,0,0.13,0.81,129.96,120000,4,0
0.79,0.87,7,-4.94,1,0.04,0.04,0,0.23,0.63,122.01,172942,4,0
0.65,0.55,11,-10.68,0,0.05,0.38,0,0.11,0.04,137.09,268947,4,0
0.82,0.87,7,-3.86,0,0.22,0.15,0,0.09,0.83,94.01,180000,4,0
0.66,0.87,5,-4.03,1,0.03,0.01,0,0.58,0.35,93,200645,4,0
0.83,0.52,0,-4.43,1,0.05,0.02,0,0.66,0.89,129.96,187141,4,0
0.62,0.79,9,-5.22,0,0.17,0.14,0,0.46,0.68,164.06,265191,4,0
0.71,0.64,5,-5.34,0,0.43,0.34,0,0.14,0.96,139.95,225440,4,0
0.71,0.63,9,-5.1,1,0.03,0.29,0,0.81,0.4,93.05,170877,4,0
0.79,0.85,1,-6.12,1,0.39,0.37,0,0.12,0.83,93.94,174901,4,0
0.65,0.45,7,-5.4,0,0.04,0.31,0,0.11,0.04,111.74,168183,4,0
0.97,0.6,4,-6.31,0,0.12,0.09,0,0.11,0.9,126.99,188118,4,0
0.78,0.76,2,-6.61,1,0.21,0.24,0,0.3,0.52,147.97,200773,4,0
0.57,0.79,1,-3.75,1,0.11,0.42,0,0.1,0.61,119.54,167810,4,0
0.55,0.8,8,-3.94,1,0.04,0.12,0,0.63,0.46,115.06,160120,4,0
0.7,0.71,10,-5.91,1,0.52,0.29,0,0.09,0.6,86.91,173353,4,0
0.75,0.66,11,-6.83,0,0.2,0.06,0,0.11,0.41,138,201333,4,0
0.52,0.39,8,-9.73,0,0.13,0.58,0,0.11,0.16,104.11,315640,4,0
0.66,0.59,7,-7.81,0,0.24,0.21,0,0.22,0.59,88.5,179813,5,0
0.39,0.77,1,-4.77,1,0.26,0.04,0,0.12,0.33,90.15,183567,4,0
0.46,0.91,6,-4.75,0,0.33,0.13,0,0.48,0.62,87.41,333778,4,0
0.6,0.66,3,-5.8,1,0.05,0.23,0,0.12,0.29,121.07,245493,4,0
0.87,0.72,3,-7.83,0,0.15,0.2,0,0.14,0.38,150.96,102960,4,0
0.88,0.52,4,-8.92,1,0.31,0.01,0,0.15,0.79,115.08,168107,4,0
0.83,0.53,9,-9.22,1,0.18,0.14,0,0.1,0.32,157,183839,4,0
0.8,0.62,8,-7.08,0,0.23,0.41,0.02,0.11,0.24,120.03,164000,4,0
0.47,0.49,4,-7.6,0,0.07,0.49,0,0.13,0.46,127.3,176733,4,0
0.82,0.61,1,-7.6,1,0.07,0.11,0,0.11,0.35,139.96,177990,4,0
0.61,0.88,1,-3.75,1,0.14,0.26,0,0.2,0.91,176.03,211467,4,0
0.54,0.77,4,-6.25,1,0.03,0.06,0,0.17,0.38,129.97,215747,4,0
0.78,0.73,1,-6.12,0,0.08,0.02,0,0.1,0.22,119.97,152263,4,0
0.67,0.78,7,-6.5,1,0.05,0.01,0,0.53,0.62,95.01,214307,4,0
0.71,0.85,10,-3.3,0,0.22,0.22,0,0.42,0.72,172.09,445747,4,0
0.63,0.85,9,-4.84,0,0.31,0.14,0,0.38,0.27,91.88,231352,4,0
0.46,0.78,7,-4.84,1,0.03,0.2,0,0.05,0.67,184.09,219520,4,0
0.83,0.66,5,-7.46,1,0.13,0.08,0,0.35,0.14,89.99,179067,4,0
0.47,0.66,6,-6.28,1,0.02,0.05,0,0.07,0.29,75,224973,4,0
0.65,0.78,7,-4.72,1,0.12,0.03,0,0.3,0.5,89.98,203333,4,0
0.62,0.74,2,-3.94,1,0.03,0.15,0,0.08,0.3,118.99,236253,4,0
0.6,0.72,6,-4.93,0,0.16,0.11,0,0.17,0.46,149.88,195268,4,0
0.69,0.76,5,-5.23,0,0.11,0.57,0,0.11,0.56,84.03,189686,4,0
0.72,0.6,7,-8.58,0,0.05,0.64,0.01,0.12,0.78,139.95,208040,4,0
0.59,0.75,5,-5.67,1,0.05,0.01,0.11,0.31,0.65,164.96,309053,4,0
0.52,0.58,1,-9.31,1,0.04,0,0.04,0.23,0.04,131.91,222307,4,0
0.74,0.74,1,-6.2,1,0.11,0.09,0,0.21,0.4,107.03,131274,4,0
0.83,0.78,4,-5.46,0,0.06,0.06,0,0.12,0.55,120.01,164000,4,0
0.62,0.87,5,-3.07,0,0.04,0.04,0,0.08,0.87,97.96,237800,4,0
0.72,0.54,1,-7.58,1,0.05,0.05,0,0.14,0.37,74.98,136462,4,0
0.84,0.48,8,-8.61,0,0.37,0.27,0,0.1,0.44,143.01,169532,4,0
0.57,0.57,6,-6.08,0,0.38,0.04,0,0.11,0.3,92.47,214825,5,0
0.8,0.6,1,-4.72,1,0.05,0,0,0.16,0.13,120.03,280666,4,0
0.67,0.65,1,-6.95,0,0.1,0.06,0,0.11,0.55,134.62,164000,4,0
0.44,0.32,8,-8.19,1,0.04,0.61,0,0.15,0.45,190.06,170587,3,0
0.69,0.53,11,-5.51,1,0.03,0.44,0,0.1,0.16,106.96,205687,4,0
0.71,0.61,3,-7.68,0,0.17,0.19,0,0.13,0.78,140.21,123480,4,0
0.59,0.56,0,-7.06,0,0.05,0.07,0,0.14,0.14,113,242253,4,0
0.87,0.56,11,-6.96,0,0.11,0.19,0,0.09,0.31,127.95,161668,4,0
0.83,0.92,4,-2.3,1,0.04,0.12,0,0.23,0.97,121.98,208383,4,0
0.61,0.82,4,-2.78,1,0.03,0.01,0,0.11,0.79,94.98,214933,4,0
0.5,0.62,7,-4.81,1,0.03,0.47,0,0.07,0.76,160,210440,4,0
0.68,0.8,2,-5.88,1,0.06,0.39,0,0.38,0.62,80.95,221853,4,0
0.83,0.73,1,-5.32,1,0.09,0.09,0,0.26,0.68,95,163228,4,0
0.79,0.77,8,-7.61,1,0.03,0.03,0,0.07,0.89,120,206120,4,0
0.95,0.72,6,-4.47,1,0.3,0.04,0,0.1,0.69,134.03,174367,4,0
0.64,0.81,9,-6.73,1,0.24,0.09,0,0.64,0.71,158.07,221386,4,0
0.86,0.65,8,-6.3,1,0.33,0,0,0.12,0.45,88.02,128072,4,0
0.58,0.49,2,-8.21,1,0.46,0,0,0.09,0.31,80.32,182000,4,0
0.78,0.67,0,-8.38,1,0.1,0.12,0,0.11,0.42,96.99,163335,4,0
0.66,0.73,6,-5.85,1,0.05,0.06,0.73,0.13,0.86,98,305847,4,0
0.82,0.78,1,-4.53,0,0.05,0.22,0,0.23,0.79,114.03,160825,4,0
0.87,0.53,9,-6.86,1,0.07,0.04,0,0.09,0.27,99.07,135740,4,0
0.57,0.74,9,-5.46,1,0.06,0.21,0,0.18,0.36,120.08,174062,4,0
0.5,0.6,10,-6.24,1,0.1,0.21,0,0.09,0.56,117.97,230489,4,0
0.68,0.41,1,-6.94,0,0.22,0.18,0,0.18,0.07,148.03,155832,4,0
0.7,0.57,5,-7.24,0,0.06,0.65,0,0.12,0.6,156.11,187728,4,0
0.42,0.42,0,-6.44,1,0.04,0.59,0,0.11,0.18,84.09,172724,4,0
0.69,0.54,4,-9.26,1,0.04,0.72,0,0.11,0.79,130.02,222717,4,0
0.8,0.51,1,-7.59,0,0.05,0.22,0,0.36,0.24,114.01,193684,4,0
0.64,0.59,7,-6.74,0,0.35,0.47,0,0.08,0.68,173.97,161765,4,0
0.77,0.81,11,-5.9,0,0.3,0.05,0,0.15,0.26,92.74,136974,4,0
0.73,0.66,0,-5.47,1,0.03,0,0.35,0.13,0.66,118.02,239267,4,0
0.39,0.65,2,-5.58,1,0.04,0.12,0,0.08,0.11,163.86,301787,4,0
0.4,0.46,7,-6.36,0,0.09,0.81,0,0.11,0.38,82.53,235785,4,0
0.65,0.5,11,-6.77,0,0.11,0.85,0,0.33,0.63,81.85,170075,4,0
0.85,0.88,1,-4.95,1,0.18,0.08,0,0.14,0.92,139.98,199105,4,0
0.77,0.73,3,-5.39,0,0.05,0.24,0,0.22,0.84,76.98,177040,4,0
0.73,0.65,7,-6.14,0,0.05,0.1,0,0.22,0.37,138.05,153597,4,0
0.77,0.74,5,-5.45,0,0.16,0,0,0.56,0.35,148.95,186843,4,0
0.71,0.75,8,-5.21,0,0.28,0.31,0,0.18,0.49,80.03,197861,4,0
0.7,0.7,6,-6.12,0,0.06,0.05,0,0.41,0.73,139.93,180000,4,0
0.57,0.54,1,-6.14,1,0.08,0.55,0,0.07,0.66,173.7,209833,4,0
0.74,0.73,11,-4.36,0,0.31,0.09,0,0.13,0.55,174.02,183143,4,0
0.61,0.52,8,-8.26,1,0.04,0.68,0,0.08,0.73,203.79,250053,4,0
0.9,0.85,0,-4.88,1,0.22,0.03,0,0.2,0.85,129.97,188607,4,0
0.81,0.81,1,-7.18,1,0.16,0.14,0,0.07,0.69,95.04,189545,4,0
0.78,0.82,5,-4.94,0,0.06,0.09,0,0.31,0.65,120.06,174848,4,0
0.9,0.85,7,-6.39,1,0.36,0.04,0,0.08,0.56,120.13,162791,5,0
0.62,0.67,4,-2.12,0,0.27,0.08,0,0.12,0.15,76.51,201616,4,0
0.82,0.51,10,-6.26,0,0.39,0.38,0,0.11,0.18,123.03,203438,4,0
0.84,0.59,0,-9.09,1,0.14,0.25,0.03,0.17,0.58,76.01,179844,4,0
0.63,0.71,4,-4.86,0,0.16,0.28,0,0.16,0.45,86.63,167827,4,0
0.54,0.64,5,-4.71,0,0.29,0.43,0,0.17,0.33,178.13,181744,4,0
0.62,0.8,0,-5.57,1,0.04,0.01,0.1,0.55,0.63,99,326840,4,0
0.66,0.58,9,-5.71,0,0.05,0.31,0,0.11,0.55,145.87,209213,4,0
0.37,0.61,7,-5.65,1,0.03,0.05,0,0.28,0.1,153.98,366067,4,0
0.75,0.56,1,-6.28,1,0.33,0.01,0.03,0.13,0.54,192.04,197004,4,0
0.74,0.79,1,-10.04,1,0.27,0.07,0,0.12,0.36,92.01,206013,4,0
0.95,0.65,1,-7.07,1,0.15,0,0,0.14,0.8,129.01,96563,4,0
0.75,0.86,0,-6.89,1,0.07,0.03,0.01,0.18,0.63,124.97,176266,4,0
0.43,0.41,10,-4.75,1,0.04,0.12,0,0.16,0.05,132.2,185884,4,0
0.43,0.7,2,-3.68,1,0.23,0.52,0,0.13,0.44,45.78,165009,3,0
0.68,0.48,3,-9.05,1,0.06,0.21,0,0.28,0.49,80.01,184557,4,0
0.84,0.61,8,-5.16,0,0.05,0.23,0,0.1,0.6,127.96,143825,4,0
0.85,0.75,9,-3.74,1,0.28,0.25,0,0.17,0.7,150.01,161325,4,0
0.72,0.6,10,-4.47,1,0.08,0.38,0,0.14,0.44,77.05,134853,4,0
0.77,0.7,10,-5.18,0,0.07,0.1,0,0.15,0.92,160.06,155721,4,0
0.68,0.5,8,-5.93,1,0.04,0.21,0,0.09,0.38,113.99,235532,4,0
0.67,0.75,5,-6.53,0,0.08,0.04,0,0.08,0.7,146.89,191129,4,0
0.87,0.66,7,-6.48,0,0.09,0.59,0,0.25,0.56,134.02,179372,4,0
0.84,0.53,7,-7.48,1,0.05,0.32,0,0.28,0.29,97.97,170536,4,0
0.77,0.51,8,-7.16,0,0.08,0.43,0,0.1,0.51,142.05,122813,4,0
0.48,0.68,4,-6.78,0,0.26,0.45,0,0.15,0.29,81.19,148676,5,0
0.65,0.64,9,-6.2,1,0.04,0.08,0,0.51,0.58,140.12,145222,4,0
0.6,0.88,1,-5.41,1,0.04,0.06,0.46,0.28,0.49,114.01,324013,4,0
0.68,0.5,6,-7.31,0,0.49,0.02,0,0.16,0.39,132.42,205160,4,0
0.87,0.66,7,-9.24,1,0.27,0.03,0,0.13,0.39,110.02,227240,4,0
0.82,0.75,8,-3.91,1,0.39,0.01,0,0.13,0.6,159.07,175128,4,0
0.38,0.83,10,-4.56,1,0.06,0.02,0,0.4,0.51,165.94,194707,4,0
0.38,0.3,9,-9.9,1,0.03,0.68,0,0.2,0.3,83.83,149653,3,0
0.64,0.44,9,-6.96,1,0.04,0.69,0,0.12,0.75,147.58,165120,4,0
0.48,0.48,5,-8.99,0,0.28,0.12,0,0.1,0.14,181.95,252992,3,0
0.8,0.73,8,-3.72,1,0.38,0.19,0,0.11,0.54,105.67,138409,4,0
0.63,0.8,6,-4.18,1,0.04,0.22,0,0.25,0.49,123.15,220293,4,0
0.69,0.59,2,-6.38,1,0.22,0.2,0,0.28,0.25,178.83,225266,4,0
0.77,0.62,7,-4.67,1,0.1,0,0,0.1,0.28,129.97,178013,4,0
0.77,0.64,5,-5.23,1,0.1,0.22,0,0.08,0.54,169.99,192452,4,0
0.58,0.62,0,-4.28,1,0.26,0.47,0,0.18,0.32,136.97,194640,4,0
0.47,0.61,1,-4.8,0,0.45,0.07,0,0.41,0.41,79.48,177867,4,0
0.63,0.57,0,-3.9,1,0.06,0.01,0,0.08,0.47,119.89,235947,4,0
0.75,0.66,7,-3.06,1,0.04,0.17,0,0.11,0.44,107.01,184732,4,0
0.58,0.51,2,-9.48,1,0.03,0.01,0,0.06,0.61,147.13,391376,4,0
0.7,0.59,5,-6.15,0,0.08,0.34,0,0.12,0.48,153.85,114893,4,0
0.79,0.94,8,-2.44,0,0.03,0.37,0,0.96,0.83,134.01,237517,4,0
0.71,0.76,1,-4.19,0,0.29,0.27,0,0.37,0.72,174.01,218587,4,0
0.74,0.86,8,-2.65,0,0.06,0.11,0,0.06,0.66,93.99,193227,4,0
0.69,0.76,11,-2.99,1,0.22,0.28,0,0.1,0.37,192.09,185195,4,0
0.88,0.69,6,-4.03,1,0.12,0.39,0,0.05,0.75,97.96,161627,4,0
0.7,0.62,8,-8.08,0,0.05,0.09,0,0.11,0.62,150.03,194900,4,0
0.67,0.71,1,-7.54,1,0.05,0,0,0.1,0.67,93.99,157220,4,0
0.82,0.58,5,-5.95,1,0.09,0.11,0,0.11,0.62,100.09,223000,4,0
0.88,0.66,2,-6.48,0,0.43,0.06,0,0.13,0.84,75.45,163320,4,0
0.74,0.5,11,-6.68,0,0.05,0.02,0,0.32,0.65,98.02,207039,4,0
0.7,0.45,1,-6.76,0,0.15,0.12,0,0.16,0.14,92.93,260640,4,0
0.72,0.42,7,-8.41,0,0.05,0.76,0,0.1,0.33,90,186459,4,0
0.93,0.55,0,-7.79,0,0.33,0.04,0,0.09,0.7,95,176640,4,0
0.32,0.41,10,-8.53,0,0.04,0.85,0,0.14,0.27,145.1,194848,5,0
0.87,0.51,3,-5.35,0,0.07,0.57,0,0.07,0.87,110.95,148776,4,0
0.85,0.63,7,-8.21,0,0.22,0.19,0,0.08,0.55,111.98,279907,4,0
0.73,0.79,0,-2.33,1,0.2,0.07,0,0.06,0.76,175.99,287773,4,0
0.66,0.5,9,-5.5,1,0.34,0.13,0,0.13,0.4,175.9,161748,4,0
0.68,0.87,6,-1.94,1,0.06,0.18,0,0.22,0.92,174,143448,4,0
0.78,0.71,10,-4.84,1,0.28,0.22,0,0.09,0.68,95.69,175733,4,0
0.83,0.57,2,-9.26,1,0.04,0.25,0,0.22,0.48,121.06,189145,4,0
0.83,0.77,11,-4.22,0,0.05,0.32,0,0.14,0.76,126.9,238200,4,0
0.78,0.52,4,-8.98,0,0.21,0.02,0,0.16,0.21,97.99,200187,4,0
0.74,0.71,3,-3.92,0,0.09,0.05,0,0.08,0.83,170,258600,4,0
0.75,0.65,10,-6.45,0,0.08,0.48,0,0.13,0.73,139.95,123560,4,0
0.84,0.36,8,-11.71,1,0.28,0.15,0,0.27,0.46,123.98,213594,4,0
0.74,0.83,11,-4.71,1,0.04,0.01,0,0.09,0.52,124.05,208474,4,0
0.73,0.54,0,-5.2,1,0.05,0.26,0,0.14,0.64,90.02,227234,3,0
0.8,0.5,0,-5.88,1,0.07,0.11,0,0.06,0.87,94.01,183000,4,0
0.59,0.8,4,-5.24,1,0.08,0.12,0,0.14,0.38,142.05,191840,4,0
0.9,0.4,0,-8.58,1,0.13,0.05,0,0.06,0.35,135.98,197573,4,0
0.59,0.84,4,-4.35,0,0.03,0.01,0,0.4,0.39,109.03,158805,4,0
0.38,0.43,0,-6.59,0,0.03,0.09,0,0.09,0.13,77.6,177323,3,0
0.8,0.89,8,-4.13,1,0.07,0.04,0.01,0.29,0.46,126.04,169998,4,0
0.78,0.76,1,-3.29,1,0.23,0.46,0,0.14,0.58,91.95,201040,4,0
0.73,0.64,0,-4.12,1,0.13,0.09,0,0.14,0.55,174.1,204907,4,0
0.72,0.62,4,-3.05,0,0.11,0.11,0,0.12,0.41,158.09,173325,4,0
0.74,0.75,0,-4.9,1,0.05,0.18,0,0.11,0.9,94.95,217253,4,0
0.72,0.64,7,-6.59,1,0.08,0.13,0,0.09,0.39,112.89,198635,4,0
0.93,0.7,0,-5.6,0,0.09,0.14,0,0.35,0.8,120.01,132024,4,0
0.49,0.79,8,-3.69,1,0.04,0.01,0,0.19,0.06,150.01,270715,4,0
0.75,0.69,1,-2.97,0,0.3,0.1,0,0.09,0.74,175.99,189567,4,0
0.64,0.69,1,-4.06,0,0.04,0.01,0,0.13,0.43,129.86,162399,4,0
0.6,0.38,11,-6.21,1,0.04,0.73,0,0.08,0.52,73.88,194853,4,0
0.72,0.61,1,-3.54,1,0.12,0.14,0,0.08,0.81,165.88,182709,4,0
0.65,0.95,5,-2.63,1,0.1,0.01,0.92,0.44,0.33,126.09,198095,4,0
0.88,0.81,1,-3.16,0,0.18,0.03,0,0.21,0.81,119.01,232065,4,0
0.76,0.63,11,-5.85,1,0.05,0.05,0,0.11,0.2,140.96,190557,4,0
0.63,0.69,5,-8.05,1,0.04,0.01,0.33,0.6,0.45,162.95,167916,4,0
0.82,0.63,0,-2.79,1,0.08,0.24,0,0.05,0.68,171.97,197721,4,0
0.48,0.63,5,-6.92,1,0.1,0.7,0.02,0.21,0.07,126.58,214558,3,0
0.38,0.46,9,-6.2,1,0.03,0.63,0,0.39,0.23,75.36,223270,4,0
0.81,0.51,2,-6.38,1,0.17,0.22,0.03,0.08,0.35,92.05,161188,4,0
0.84,0.84,11,-2.47,0,0.07,0.08,0,0.05,0.65,94.02,205933,4,0
0.73,0.84,9,-2.44,1,0.05,0.3,0,0.06,0.93,146,179339,4,0
0.79,0.55,0,-6.57,1,0.04,0.28,0,0.12,0.14,128.05,150043,4,0
0.87,0.44,7,-8.94,1,0.07,0.18,0,0.07,0.7,129.04,223258,4,0
0.66,0.67,8,-2.2,1,0.04,0.19,0,0.09,0.41,139.99,210560,4,0
0.7,0.57,10,-8.88,1,0.17,0.13,0,0.16,0.38,100.03,192172,4,0
0.78,0.55,1,-7.26,0,0.09,0.04,0,0.19,0.47,111.98,170498,4,0
0.67,0.89,5,-3,0,0.06,0.3,0,0.74,0.48,95.93,159011,4,0
0.67,0.68,1,-5.94,1,0.05,0.63,0,0.92,0.7,108.14,187986,4,0
0.75,0.45,7,-8.54,1,0.09,0.04,0,0.17,0.34,96,232853,4,0
0.7,0.4,4,-10.18,0,0.12,0.11,0.02,0.22,0.12,129,206361,4,0
0.52,0.48,3,-7.46,1,0.03,0.54,0.01,0.19,0.28,88.96,209274,4,0
0.56,0.49,2,-6.41,0,0.03,0.06,0,0.1,0.11,153.13,244874,4,0
0.75,0.52,8,-5.6,1,0.03,0.41,0,0.11,0.66,95.01,244960,4,0
0.75,0.45,7,-9.21,1,0.11,0.03,0,0.55,0.36,77.17,198973,4,0
0.62,0.64,11,-6.77,0,0.03,0.05,0,0.16,0.45,103.02,247160,4,0
0.74,0.79,7,-4.38,0,0.16,0.67,0,0.07,0.46,169,203093,4,0
0.61,0.65,1,-6.97,1,0.06,0.15,0,0.11,0.36,122.98,215361,4,0
0.73,0.44,8,-8.92,0,0.37,0.28,0.14,0.18,0.57,185.04,168840,4,0
0.58,0.78,10,-6.99,0,0.19,0.11,0,0.11,0.31,190.05,263306,4,0
0.5,0.8,1,-2.67,0,0.05,0.09,0,0.15,0.27,139.92,229573,4,0
0.82,0.85,8,-5.31,1,0.18,0.02,0,0.12,0.9,95.11,210329,4,0
0.69,0.47,10,-8.74,0,0.06,0.57,0,0.1,0.38,143.78,179917,4,0
0.69,0.8,6,-4.16,1,0.06,0.48,0,0.11,0.52,93.06,212312,4,0
0.89,0.86,11,-3.01,1,0.08,0.29,0,0.08,0.78,112.95,201000,4,0
0.72,0.53,7,-7.36,1,0.12,0.07,0,0.22,0.34,71.99,386907,4,0
0.78,0.48,7,-10.65,1,0.54,0.15,0,0.1,0.53,176.03,163798,4,0
0.49,0.74,6,-4.97,1,0.09,0.16,0,0.61,0.52,73.78,181688,4,0
0.68,0.68,8,-6.44,0,0.03,0.16,0,0.27,0.64,120.02,178000,4,0
0.56,0.39,9,-4.96,1,0.06,0.82,0,0.13,0.71,163.92,193700,4,0
0.93,0.54,1,-5.06,1,0.29,0.14,0,0.09,0.56,135.14,181929,4,0
0.83,0.46,0,-7.47,1,0.06,0.11,0,0.1,0.16,145.12,197760,4,0
0.68,0.53,9,-5.88,1,0.03,0.62,0,0.36,0.42,112.01,210000,4,0
0.48,0.49,0,-6.59,0,0.3,0.6,0,0.32,0.66,144.51,188213,4,0
0.75,0.72,10,-5.2,0,0.03,0.25,0,0.24,0.55,117.01,206760,4,0
0.75,0.66,8,-5.91,0,0.15,0.28,0,0.06,0.62,105.02,208156,4,0
0.74,0.64,8,-5.56,0,0.06,0.23,0,0.2,0.58,96.85,151360,4,0
0.5,0.75,4,-9.07,1,0.04,0.13,0,0.45,0.51,118.85,250987,4,0
0.67,0.63,8,-5.61,1,0.06,0.14,0,0.19,0.77,82.99,186468,4,0
0.56,0.87,5,-5.28,1,0.17,0.05,0,0.78,0.61,156.3,209413,4,0
0.81,0.64,2,-5.91,1,0.27,0.27,0,0.13,0.49,92.99,147076,4,0
0.68,0.77,6,-6.9,1,0.06,0.02,0,0.13,0.2,123.06,190488,4,0
0.9,0.53,9,-5.44,1,0.18,0,0.01,0.11,0.46,100.04,111852,4,0
0.83,0.53,1,-7.81,0,0.25,0.35,0,0.17,0.12,93.92,132833,4,0
0.48,0.73,1,-6.69,1,0.04,0.43,0,0.15,0.51,101.65,204280,4,0
0.35,0.91,1,-5.23,1,0.07,0,0,0.1,0.24,148.03,222973,4,0
0.7,0.72,1,-6.57,1,0.15,0.01,0,0.12,0.75,126.74,155053,5,0
0.67,0.37,9,-18.06,1,0.03,0.26,0,0.05,0.73,92.72,295893,4,0
0.85,0.78,0,-4.64,0,0.16,0.41,0,0.08,0.89,84.04,217143,4,0
0.76,0.58,8,-6.2,1,0.14,0.05,0,0.15,0.61,175.94,212011,4,0
0.63,0.95,9,-1.28,1,0.03,0.32,0,0.13,0.8,160.06,186533,4,0
0.87,0.44,5,-9.63,0,0.24,0.15,0,0.12,0.3,118,235988,4,0
0.88,0.61,6,-7.07,1,0.08,0.2,0.05,0.15,0.82,126.04,233905,4,0
0.81,0.62,5,-7.91,0,0.08,0.22,0,0.11,0.48,99,170200,4,0
0.94,0.71,11,-5.09,0,0.16,0.08,0,0.17,0.64,100.01,168507,4,0
0.77,0.57,4,-6.81,0,0.22,0.01,0,0.11,0.52,77.05,196363,4,0
0.58,0.8,3,-6.66,1,0.16,0.04,0,0.11,0.66,124,175016,4,0
0.67,0.53,0,-7.23,1,0.31,0.08,0,0.09,0.2,161.99,165820,4,0
0.8,0.58,11,-4.78,0,0.08,0.33,0,0.17,0.23,99.99,212406,4,0
0.7,0.68,4,-5.89,0,0.07,0.58,0,0.13,0.35,91.99,219202,4,0
0.43,0.44,1,-10.57,0,0.04,0.09,0,0.12,0.04,79.9,185851,3,0
0.8,0.66,1,-6.15,0,0.08,0.26,0,0.11,0.47,140.04,195429,4,0
0.76,0.58,0,-8.93,0,0.15,0.32,0,0.25,0.58,94.15,176960,4,0
0.79,0.68,5,-7.33,1,0.16,0.18,0,0.09,0.67,98.03,166851,4,0
0.91,0.53,1,-6.11,1,0.13,0.06,0,0.1,0.51,136,113000,4,0
0.79,0.75,1,-3.84,1,0.09,0.19,0,0.27,0.49,94.01,199301,4,0
0.69,0.7,6,-9.48,0,0.24,0.31,0,0.12,0.37,94.98,151579,4,0
0.67,0.88,9,-2.85,1,0.15,0.3,0,0.08,0.23,98.99,178480,4,0
0.83,0.73,1,-3.03,1,0.08,0.38,0,0.02,0.61,150.13,157600,4,0
0.67,0.58,11,-5.13,0,0.07,0.23,0,0.18,0.19,92.04,181806,4,0
0.84,0.8,8,-4.17,0,0.23,0.16,0,0.06,0.62,95.88,212500,4,0
0.61,0.82,0,-4.83,1,0.04,0.01,0.13,0.15,0.29,168,187147,4,0
0.89,0.48,4,-8.05,0,0.33,0.08,0,0.14,0.41,130.03,158692,4,0
0.76,0.67,1,-8.51,1,0.14,0.1,0,0.34,0.57,92.96,185806,3,0
0.61,0.8,6,-7.63,0,0.05,0.01,0,0.26,0.52,120.04,218107,4,0
0.85,0.77,6,-5.39,0,0.04,0.04,0,0.2,0.78,118.96,176767,4,0
0.89,0.69,11,-6.43,0,0.06,0.33,0,0.15,0.94,99.95,144000,4,0
0.69,0.65,2,-7.26,1,0.19,0.01,0,0.1,0.2,88.83,164580,4,0
0.9,0.94,6,-2.76,1,0.27,0.12,0,0.06,0.81,142.95,356347,4,0
0.69,0.74,5,-3.09,0,0.23,0.42,0,0.11,0.88,83.9,248345,4,0
0.75,0.8,3,-3.74,0,0.14,0.06,0,0.2,0.62,168.05,233160,4,0
0.73,0.69,5,-5.1,0,0.04,0,0,0.15,0.33,124.93,138970,4,0
0.49,0.57,1,-6.46,1,0.04,0.31,0,0.09,0.15,93.68,211254,4,0
0.85,0.53,1,-4.43,1,0.21,0.82,0,0.15,0.63,97.05,197587,4,0
0.73,0.63,7,-8.42,1,0.07,0.05,0,0.13,0.32,86.97,191406,4,0
0.79,0.74,6,-4.73,0,0.08,0.08,0,0.07,0.7,167.97,333800,4,0
0.86,0.67,6,-5.95,0,0.28,0.11,0,0.06,0.95,164.06,260545,4,0
0.8,0.57,6,-3.09,1,0.25,0.39,0,0.09,0.96,129.63,153078,4,0
0.32,0.63,5,-5.96,1,0.12,0.47,0.26,0.21,0.31,89.64,153294,1,0
0.68,0.7,6,-5.59,1,0.04,0.41,0,0.17,0.64,120.03,186878,4,0
0.78,0.91,2,-3.08,0,0.13,0.16,0,0.27,0.56,101.03,177728,4,0
0.95,0.7,10,-7.12,0,0.2,0.01,0,0.08,0.43,100.04,139413,4,0
0.69,0.84,6,-3.24,1,0.06,0.13,0,0.07,0.74,128.06,180283,4,0
0.79,0.73,1,-6.76,1,0.11,0.12,0,0.23,0.36,105.02,183067,4,0
0.84,0.55,6,-8.02,0,0.16,0.09,0,0.16,0.54,83.98,233000,4,0
0.61,0.62,2,-4.77,1,0.31,0.6,0,0.24,0.24,176.17,250534,4,0
0.69,0.69,2,-5.12,1,0.05,0.33,0,0.15,0.58,159.97,240051,5,0
0.81,0.85,10,-4,0,0.25,0.07,0,0.12,0.88,154.08,227939,4,0
0.87,0.39,0,-9.14,0,0.24,0.47,0,0.3,0.44,134.02,119133,4,0
0.84,0.73,1,-5.07,0,0.06,0.04,0,0.11,0.95,137.96,181027,4,0
0.75,0.49,6,-7.05,1,0.07,0.3,0,0.09,0.53,136.04,201661,4,0
0.8,0.59,8,-4.9,1,0.23,0.01,0,0.2,0.31,139.86,157712,4,0
0.83,0.54,11,-7.36,0,0.21,0.14,0,0.1,0.39,99.96,149547,4,0
0.74,0.61,8,-4.88,1,0.15,0.26,0,0.12,0.47,75.02,166606,4,0
0.89,0.6,0,-7.29,1,0.21,0.19,0,0.11,0.38,98.02,305333,4,0
0.74,0.31,4,-7.83,1,0.07,0.95,0,0.19,0.36,111.2,220492,4,0
0.71,0.81,2,-6.7,0,0.04,0.44,0,0.07,0.39,99.99,226003,4,0
0.5,0.24,1,-16.54,0,0.19,0.72,0,0.14,0.09,118.92,179080,4,0
0.91,0.33,1,-9.83,1,0.08,0.33,0.02,0.11,0.28,100,106031,4,0
0.88,0.5,4,-6.03,0,0.18,0.24,0,0.1,0.41,106.04,163173,4,0
0.88,0.6,11,-5.55,1,0.25,0.02,0,0.18,0.41,142.98,183011,4,0
0.81,0.79,10,-3.83,0,0.07,0.15,0,0.09,0.58,91.97,309120,4,0
0.36,0.56,10,-7.4,1,0.06,0.7,0,0.09,0.49,85.04,211467,4,0
0.48,0.68,1,-4.93,0,0.09,0.15,0,0.08,0.35,110.57,202205,5,0
0.48,0.37,4,-7.73,0,0.04,0.82,0.06,0.08,0.16,144.83,200560,4,0
0.61,0.8,9,-4.45,1,0.03,0.01,0,0.15,0.64,103.01,232907,4,0
0.58,0.62,10,-8.17,0,0.03,0.04,0,0.14,0.27,101.99,172213,4,0
0.87,0.71,9,-5.4,0,0.13,0.03,0.01,0.09,0.59,100.01,145800,4,0
0.92,0.54,9,-5.72,0,0.08,0.56,0,0.1,0.71,128.01,135090,4,0
0.64,0.74,4,-4.08,1,0.03,0.01,0.01,0.17,0.79,116.88,216320,4,0
0.65,0.55,0,-3.14,1,0.03,0.35,0,0.32,0.74,141.82,159133,4,0
0.82,0.58,8,-4.14,1,0.34,0.08,0,0.09,0.54,160,136366,4,0
0.71,0.19,9,-8.95,0,0.04,0.87,0,0.08,0.32,72.54,156107,4,0
0.67,0.67,3,-4.31,0,0.04,0.54,0,0.13,0.61,88.03,179053,4,0
0.83,0.65,1,-3.18,0,0.08,0.58,0,0.09,0.93,95.98,233713,4,0
0.75,0.5,4,-6.54,0,0.04,0.25,0,0.14,0.07,142.05,158709,4,0
0.82,0.72,1,-4.45,1,0.07,0.21,0,0.28,0.78,94,267242,4,0
0.41,0.4,0,-9.93,0,0.05,0.27,0,0.3,0.22,71.11,354320,4,0
0.68,0.68,1,-4.5,1,0.05,0.09,0,0.1,0.51,156.02,240253,4,0
0.72,0.73,1,-3.84,0,0.05,0.06,0,0.06,0.96,100.05,176283,4,0
0.76,0.73,4,-5.47,0,0.05,0.09,0,0.07,0.54,151.98,243276,4,0
0.52,0.13,4,-18.72,1,0.04,0.89,0.03,0.09,0.12,109.99,187932,4,0
0.9,0.74,8,-6.63,1,0.28,0.02,0,0.1,0.76,140.01,219340,4,0
0.57,0.39,7,-6.36,1,0.03,0.37,0,0.23,0.32,95.8,215733,4,0
0.49,0.46,9,-5.65,1,0.04,0.44,0,0.23,0.32,87.01,200756,4,0
0.71,0.8,0,-3.1,0,0.04,0.4,0,0.1,0.51,88.02,210000,4,0
0.81,0.55,7,-6.68,1,0.07,0.39,0,0.15,0.24,97.01,180435,4,0
0.66,0.56,6,-7.03,1,0.05,0,0,0.08,0.71,150.09,203672,4,0
0.84,0.62,0,-4.36,1,0.05,0.17,0,0.32,0.87,138.07,206702,4,0
0.66,0.44,9,-5.25,0,0.06,0.47,0,0.1,0.27,139.96,225857,4,0
0.61,0.37,7,-11.14,1,0.11,0.63,0,0.06,0.22,84.63,193668,4,0
0.46,0.47,1,-10.09,1,0.13,0.87,0,0.11,0.6,75.8,208687,4,0
0.65,0.63,10,-4.64,1,0.03,0.15,0,0.11,0.43,89.99,167693,4,0
0.69,0.54,0,-4.99,0,0.05,0.04,0,0.07,0.72,120.08,112493,4,0
0.35,0.3,4,-10.11,0,0.03,0.93,0,0.1,0.12,115.28,200186,4,0
0.76,0.62,9,-5.14,1,0.18,0.02,0,0.06,0.75,193.9,202887,4,0
0.8,0.75,6,-3.73,0,0.06,0.4,0.01,0.15,0.25,104.97,214013,4,0
0.57,0.41,10,-8.62,1,0.04,0.59,0,0.1,0.27,119.81,201084,4,0
0.78,0.7,1,-5.18,0,0.07,0.06,0,0.16,0.78,92.01,190570,4,0
0.59,0.81,7,-2.41,1,0.05,0.42,0,0.57,0.92,188.09,194892,4,0
0.59,0.52,5,-6.14,0,0.07,0.12,0,0.13,0.13,159.8,218147,4,0
0.69,0.79,5,-2.75,1,0.05,0.19,0,0.17,0.67,100.02,214290,4,0
0.88,0.62,6,-5.56,1,0.1,0.05,0,0.11,0.64,136.04,157067,4,0
0.75,0.64,7,-6.26,0,0.29,0.02,0,0.07,0.23,179.97,131240,4,0
0.75,0.65,7,-5.8,1,0.32,0.15,0,0.11,0.43,176.09,242573,4,0
0.57,0.67,8,-5.89,0,0.07,0.18,0,0.08,0.45,120.02,208222,4,0
0.92,0.83,1,-3.18,1,0.25,0.03,0,0.06,0.65,141.03,165726,4,0
0.45,0.54,1,-8.21,1,0.06,0.45,0,0.19,0.52,122.97,204533,4,0
0.88,0.45,7,-8.57,0,0.22,0.03,0,0.22,0.28,136.99,198913,4,0
0.73,0.46,11,-6.97,0,0.03,0.37,0,0.19,0.4,95.97,212607,4,0
0.78,0.78,10,-4.37,0,0.13,0.06,0,0.08,0.67,124.95,204347,4,0
0.58,0.65,5,-3.82,1,0.07,0.45,0,0.11,0.18,150.23,174960,4,0
0.81,0.91,6,-4.41,0,0.06,0.01,0,0.18,0.64,122.04,191242,4,0
0.78,0.32,1,-10.73,0,0.33,0.59,0,0.09,0.33,140.05,178627,4,0
0.84,0.39,2,-7.9,1,0.08,0.18,0,0.14,0.5,129.97,160627,4,0
0.86,0.79,0,-4.78,1,0.06,0.17,0,0.11,0.89,92.02,175918,4,0
0.73,0.75,11,-6.37,0,0.23,0,0,0.11,0.4,155.1,182707,4,0
0.67,0.89,5,-3,0,0.06,0.3,0,0.74,0.48,95.93,159011,4,0
0.87,0.74,2,-5.17,1,0.23,0.27,0,0.07,0.65,84.01,173288,4,0
0.6,0.73,11,-7.06,1,0.2,0.18,0,0.24,0.53,102.21,162583,4,0
0.78,0.76,10,-5.19,0,0.06,0.02,0,0.12,0.86,110.04,180221,4,0
0.73,0.71,6,-4.96,1,0.09,0.03,0,0.32,0.69,93.02,186427,4,0
0.81,0.76,8,-3.39,0,0.11,0.59,0,0.25,0.43,100.05,217773,4,0
0.83,0.55,4,-7.57,0,0.27,0.02,0,0.12,0.41,124.01,205760,4,0
0.81,0.68,6,-3.24,0,0.18,0.03,0,0.1,0.21,147,173061,4,0
0.82,0.65,11,-6.67,0,0.14,0.52,0,0.1,0.46,133.5,188563,4,0
0.87,0.69,4,-5.34,1,0.22,0.31,0,0.1,0.66,139.97,190207,4,0
0.82,0.64,5,-5.75,0,0.08,0.41,0,0.24,0.53,101.02,258280,4,0
0.79,0.44,1,-9.44,1,0.36,0.06,0,0.1,0.34,129.85,177314,4,0
0.63,0.67,10,-7.59,0,0.23,0.6,0,0.15,0.63,80.35,157967,4,0
0.49,0.39,0,-9.33,1,0.13,0.44,0,0.2,0.47,90.47,457592,4,0
0.63,0.35,11,-8,0,0.03,0.55,0,0.1,0.08,141.64,180413,3,0
0.73,0.84,10,-4.8,0,0.07,0.02,0,0.18,0.62,80,270741,4,0
0.68,0.59,7,-7.02,1,0.28,0.14,0,0.14,0.49,186,230453,4,0
0.56,0.54,8,-5.41,0,0.04,0.07,0,0.2,0.29,143.95,223347,4,0
0.71,0.8,1,-3.15,1,0.22,0.37,0,0.25,0.72,176.07,221103,4,0
0.89,0.49,11,-8.64,0,0.38,0.05,0,0.15,0.54,121,214215,4,0
0.8,0.72,1,-3.58,1,0.08,0.14,0,0.18,0.76,165.94,304733,4,0
0.67,0.64,0,-5.14,0,0.03,0.15,0,0.09,0.66,99.91,234458,4,0
0.73,0.82,3,-2.45,1,0.15,0.03,0,0.23,0.68,176.08,216067,4,0
0.69,0.74,2,-4.62,1,0.26,0.01,0,0.34,0.06,171.36,322227,4,0
0.79,0.51,9,-8.77,0,0.29,0.77,0,0.27,0.42,114.96,183793,4,0
0.64,0.79,10,-4.44,0,0.25,0.03,0,0.36,0.94,92.6,222347,4,0
0.91,0.54,4,-7.78,1,0.36,0.04,0,0.25,0.66,124.92,150115,4,0
0.62,0.46,7,-5.78,0,0.03,0.56,0,0.14,0.5,126.8,184280,4,0
0.8,0.78,5,-4.27,1,0.04,0.36,0,0.44,0.8,92.01,266087,4,0
0.73,0.73,5,-3.21,1,0.04,0.22,0,0.1,0.88,92.03,217130,4,0
0.76,0.63,7,-6.13,1,0.03,0.06,0,0.09,0.88,100.03,200400,4,0
0.82,0.78,7,-4.18,0,0.11,0.01,0,0.12,0.36,104,216707,4,0
0.77,0.67,2,-5.62,1,0.06,0.01,0,0.06,0.71,85.03,171360,4,0
0.66,0.9,7,-2.81,1,0.04,0.05,0,0.12,0.71,93.98,210520,4,0
0.72,0.62,0,-3.64,1,0.05,0.3,0,0.27,0.47,127.98,184667,4,0
0.81,0.57,5,-8.33,1,0.43,0.11,0,0.12,0.58,142.07,315346,4,0
0.91,0.39,8,-14.51,1,0.33,0.74,0.16,0.11,0.2,120.05,193143,4,0
0.8,0.76,7,-4.69,0,0.05,0.01,0,0.09,0.28,104,213308,4,0
0.62,0.65,8,-5.44,1,0.04,0,0,0.35,0.52,107.99,185787,4,0
0.58,0.9,5,-2.73,1,0.06,0.19,0,0.06,0.68,82.01,190947,4,0
0.46,0.55,7,-8.14,0,0.34,0.05,0,0.16,0.42,67,221492,4,0
0.42,0.26,8,-7.06,1,0.03,0.92,0,0.13,0.33,119.93,269560,4,0
0.66,0.77,8,-4.63,1,0.05,0.11,0,0.14,0.76,75.03,186223,4,0
0.72,0.7,1,-4.72,1,0.05,0.07,0,0.17,0.63,133,187436,4,0
0.75,0.51,9,-7.62,1,0.25,0.54,0,0.1,0.42,91.97,197437,4,0
0.68,0.58,10,-5.8,1,0.04,0.33,0,0.14,0.34,145.04,231267,4,0
0.49,0.4,1,-9.9,0,0.07,0.84,0,0.12,0.91,149.37,157766,4,0
0.6,0.45,8,-6.31,1,0.02,0.16,0,0.11,0.17,95.05,263400,3,0
0.83,0.5,10,-4.05,0,0.05,0.1,0,0.12,0.1,100.54,205427,4,0
0.63,0.69,6,-7.67,0,0.24,0.55,0,0.2,0.33,89.95,170770,4,0
0.55,0.6,11,-5.4,0,0.08,0.13,0,0.1,0.54,83.84,232496,4,0
0.55,0.81,7,-5.73,1,0.35,0.21,0,0.41,0.65,142.09,216387,4,0
0.76,0.61,7,-6.27,1,0.1,0,0,0.13,0.71,105.98,188187,4,0
0.74,0.52,8,-7.51,1,0.07,0.45,0,0.22,0.35,103,171030,4,0
0.62,0.53,8,-10.43,0,0.12,0.55,0,0.14,0.38,135.78,212867,4,0
0.72,0.65,1,-5.63,1,0.07,0.23,0,0.1,0.41,106.97,207320,4,0
0.65,0.56,1,-5.71,0,0.03,0.74,0,0.12,0.48,150.07,169354,4,0
0.82,0.67,9,-6.22,0,0.08,0.05,0,0.1,0.66,104.96,215460,4,0
0.85,0.54,0,-6.83,1,0.05,0.57,0,0.13,0.45,124.96,235545,4,0
0.86,0.62,9,-6.38,0,0.08,0.15,0,0.09,0.67,97.99,204467,4,0
0.65,0.86,11,-4.76,0,0.1,0.09,0,0.19,0.8,119.99,229773,4,0
0.69,0.68,8,-7.16,1,0.03,0.02,0,0.1,0.4,103.95,228267,4,0
0.77,0.65,1,-2.71,0,0.31,0.11,0,0.11,0.78,154.19,144935,4,0
0.7,0.51,8,-7.11,1,0.04,0.14,0,0.11,0.14,82.01,252337,4,0
0.81,0.52,2,-4.82,1,0.04,0.38,0,0.13,0.55,104.95,165714,4,0
0.82,0.52,7,-6.59,0,0.09,0.22,0,0.1,0.88,151.89,177667,4,0
0.68,0.74,10,-6.81,0,0.03,0.04,0,0.07,0.63,124.08,152913,4,0
0.6,0.85,7,-5.11,0,0.46,0.02,0,0.12,0.15,120.27,203418,4,0
0.53,0.51,3,-8.14,1,0.03,0.13,0,0.1,0.35,100.1,209880,4,0
0.55,0.54,11,-7.6,1,0.03,0.71,0,0.08,0.49,126.42,196493,4,0
0.82,0.63,2,-5.57,1,0.23,0.13,0,0.07,0.72,96.49,131607,4,0
0.85,0.69,11,-4.04,1,0.06,0.24,0,0.11,0.73,103.98,259600,4,0
0.69,0.82,2,-4.2,1,0.06,0.49,0,0.13,0.87,123.94,191467,4,0
0.79,0.81,8,-4.31,1,0.08,0.12,0,0.16,0.73,92.95,168052,4,0
0.51,0.54,7,-7.34,1,0.06,0.39,0,0.1,0.24,75.09,252867,4,0
0.68,0.86,9,-4.82,1,0.03,0.13,0.01,0.34,0.98,125.4,221520,4,0
0.79,0.63,1,-5.61,1,0.05,0.01,0,0.33,0.37,103.97,173987,4,0
0.82,0.54,6,-6.35,0,0.06,0.01,0,0.1,0.16,97.06,210368,4,0
0.76,0.7,9,-6.02,0,0.07,0,0,0.15,0.61,116.07,209320,4,0
0.77,0.52,2,-4.33,1,0.03,0.18,0,0.13,0.39,104.99,217307,4,0
0.82,0.73,5,-4,0,0.13,0.1,0,0.37,0.65,136.05,253390,4,0
0.83,0.55,5,-7.03,0,0.06,0.25,0,0.18,0.88,154.06,152784,4,0
0.53,0.87,11,-3.12,1,0.09,0.24,0,0.33,0.71,152.37,181930,4,0
0.67,0.74,4,-4.43,1,0.06,0.06,0,0.96,0.66,131.57,147748,4,0
0.74,0.72,0,-6.28,1,0.3,0.09,0,0.11,0.48,78.58,204551,4,0
0.84,0.68,10,-9.23,0,0.17,0.01,0,0.24,0.52,120,159955,4,0
0.65,0.6,5,-5.7,0,0.17,0.18,0,0.18,0.55,151.02,168477,4,0
0.69,0.67,2,-5.83,0,0.09,0.08,0,0.25,0.45,126,189773,4,0
0.74,0.42,0,-8.91,1,0.07,0.24,0,0.32,0.16,136.03,180161,4,0
0.76,0.74,9,-3.62,1,0.1,0.24,0,0.11,0.8,170.08,198570,4,0
0.81,0.66,3,-4.4,0,0.11,0.02,0,0.07,0.89,83.94,185840,4,0
0.68,0.86,10,-4.37,0,0.04,0.02,0,0.25,0.72,149.98,162600,4,0
0.39,0.9,0,-3.85,1,0.41,0.45,0,0.91,0.47,195.62,181670,4,0
0.69,0.52,8,-5.86,1,0.04,0.51,0,0.16,0.21,124.88,190920,4,0
0.62,0.46,7,-5.78,0,0.03,0.56,0,0.14,0.5,126.8,184280,4,0
0.65,0.8,0,-5.54,0,0.17,0.07,0,0.38,0.6,180.04,194771,4,0
0.62,0.78,1,-6.11,1,0.12,0.03,0,0.32,0.47,156.04,181161,4,0
0.86,0.48,1,-6.12,1,0.43,0,0,0.08,0.15,145.98,251336,4,0
0.9,0.49,2,-9.66,1,0.16,0,0.36,0.13,0.26,149.98,223275,4,0
0.8,0.72,0,-4.49,1,0.39,0.34,0,0.43,0.55,129.95,238425,4,0
0.73,0.7,11,-6.26,1,0.36,0.24,0,0.41,0.61,151.92,194452,4,0
0.7,0.77,0,-4.06,1,0.07,0.54,0,0.11,0.57,70.06,212821,4,0
0.79,0.52,2,-5.42,0,0.04,0.4,0,0.09,0.78,94,266213,4,0
0.85,0.95,8,-3.66,0,0.12,0.35,0,0.12,0.63,138,160396,4,0
0.65,0.8,2,-4.35,1,0.18,0.23,0,0.07,0.86,177.9,230413,4,0
0.55,0.71,8,-5.44,1,0.13,0.61,0,0.76,0.53,117.58,157186,4,0
0.8,0.8,1,-5.12,0,0.05,0.04,0,0.07,0.75,79.03,163253,4,0
0.82,0.68,6,-7.17,0,0.12,0.13,0,0.09,0.96,170.19,137125,4,0
0.86,0.61,0,-7.22,1,0.08,0.01,0,0.03,0.93,114.99,269667,4,0
0.73,0.71,5,-5.85,0,0.03,0.15,0.12,0.1,0.97,127.98,239600,4,0
0.75,0.97,7,-3.51,1,0.08,0.01,0.47,0.3,0.56,128.03,189818,4,0
0.76,0.52,5,-6.92,1,0.09,0.11,0,0.16,0.46,147.91,174730,4,0
0.78,0.57,10,-7.34,0,0.25,0.02,0,0.46,0.27,140.11,198849,4,0
0.51,0.54,3,-8.03,0,0.44,0.02,0.01,0.23,0.15,97.77,78681,4,0
0.76,0.66,10,-7.25,0,0.14,0.11,0,0.36,0.59,135.91,182040,4,0
0.72,0.56,3,-5.49,1,0.04,0.33,0,0.12,0.5,86.01,160465,4,0
0.78,0.75,8,-4.71,0,0.19,0.33,0,0.33,0.72,140.01,192705,4,0
0.83,0.54,0,-6.07,0,0.34,0.07,0,0.12,0.56,145.07,132813,4,0
0.95,0.64,1,-5.61,1,0.31,0,0,0.11,0.44,123.95,159093,4,0
0.84,0.47,6,-8.95,0,0.39,0.2,0,0.37,0.56,124.89,217467,4,0
0.83,0.59,9,-6.38,0,0.23,0.12,0,0.3,0.54,96.46,149613,4,0
0.73,0.71,11,-5.85,0,0.3,0.03,0,0.4,0.83,140.04,168373,4,0
0.88,0.69,9,-5.73,1,0.39,0.24,0,0.14,0.86,109.79,125907,4,0
0.93,0.58,9,-4.48,1,0.37,0.12,0,0.12,0.62,129.99,111173,4,0
0.6,0.74,0,-3.52,0,0.33,0.16,0,0.15,0.57,100.06,153652,4,0
0.68,0.7,4,-5.37,0,0.05,0.01,0.01,0.12,0.78,110.56,247011,4,0
0.64,0.63,2,-6.1,1,0.03,0.02,0.04,0.1,0.22,125.65,319371,4,0
0.84,0.65,11,-6.44,1,0.33,0.07,0,0.09,0.29,95.08,156032,4,0
0.65,0.81,2,-4.84,1,0.03,0,0,0.09,0.39,125.64,239877,4,0
0.57,0.52,10,-8.05,0,0.24,0,0,0.13,0.7,100.45,169355,4,0
0.83,0.68,2,-5.54,1,0.24,0.03,0,0.05,0.56,100.07,176097,4,0
0.78,0.71,1,-6.53,1,0.16,0.1,0,0.09,0.34,140.89,178097,4,0
0.81,0.66,11,-7.34,0,0.14,0.04,0,0.21,0.56,116.03,250280,4,0
0.81,0.76,11,-6.16,0,0.09,0.24,0,0.31,0.96,79.98,178500,4,0
0.87,0.48,7,-9.07,1,0.04,0.52,0,0.08,0.66,103.06,261200,4,0
0.53,0.57,1,-7.54,0,0.3,0.07,0,0.11,0.5,194.03,193017,4,0
0.71,0.84,1,-4.73,0,0.06,0,0.44,0.1,0.32,122.99,198939,4,0
0.66,0.89,1,-5.14,0,0.2,0.02,0,0.37,0.58,113.94,197994,4,0
0.91,0.6,11,-8.33,0,0.07,0.33,0,0.26,0.9,100,144013,4,0
0.94,0.31,8,-10.95,0,0.35,0.35,0,0.11,0.56,100.03,179889,4,0
0.78,0.71,11,-7.38,0,0.23,0.09,0,0.08,0.57,141.02,162927,4,0
0.56,0.39,11,-6.34,1,0.04,0.88,0,0.11,0.32,129.98,227813,4,0
0.55,0.5,9,-8.87,1,0.07,0.23,0,0.8,0.41,79.64,190067,4,0
0.52,0.13,9,-17.83,1,0.24,0.75,0,0.27,0.05,111.55,243725,4,0
0.92,0.59,10,-11.05,1,0.06,0.2,0,0.09,0.83,110.08,184480,4,0
0.75,0.59,6,-6.86,0,0.09,0.46,0,0.19,0.63,160.07,162094,4,0
0.53,0.61,10,-8.79,1,0.05,0.25,0,0.25,0.43,119.27,193847,4,0
0.68,0.53,4,-10.49,1,0.19,0.46,0.22,0.14,0.32,150.46,180953,4,0
0.54,0.35,11,-7.28,0,0.03,0.71,0,0.11,0.36,138.06,225039,4,0
0.73,0.55,7,-7.4,1,0.1,0.08,0,0.14,0.28,125.31,197307,5,0
0.42,0.67,1,-8.13,0,0.34,0.13,0,0.2,0.87,134.77,188160,4,0
0.53,0.46,2,-8.37,1,0.16,0.45,0,0.24,0.2,148.18,160187,4,0
0.78,0.91,0,-3.71,1,0.24,0.02,0,0.34,0.75,98.03,166898,4,0
0.81,0.62,10,-5.62,0,0.13,0.06,0,0.65,0.32,111.04,231067,4,0
0.75,0.78,7,-5.93,1,0.22,0.07,0,0.11,0.38,94,189739,4,0
0.67,0.45,2,-14.63,1,0.76,0.92,0,0.61,0.83,83.53,136545,3,0
0.4,0.37,9,-14.1,0,0.1,0.99,0.1,0.55,0.53,125.23,30583,3,0
0.62,0.7,4,-5.12,1,0.09,0.01,0,0.09,0.3,173.97,136408,4,0
0.93,0.5,7,-9.06,1,0.43,0.3,0,0.11,0.68,130.01,132907,4,0
0.61,0.61,4,-6.76,1,0.03,0.02,0,0.13,0.26,123.94,207617,4,0
0.66,0.74,5,-7.11,1,0.21,0.12,0,0.34,0.53,161.89,179759,4,0
0.69,0.67,1,-5.73,0,0.22,0.7,0,0.22,0.55,169.86,173696,4,0
0.76,0.55,6,-4.24,0,0.03,0.4,0,0.16,0.6,117.99,221467,4,0
0.58,0.31,9,-8.4,0,0.03,0.52,0,0.12,0.1,70.02,216004,4,0
0.64,0.54,7,-7.9,0,0.08,0.17,0,0.42,0.38,125.03,215381,4,0
0.45,0.6,7,-7.18,1,0.06,0.43,0,0.09,0.42,205.27,221307,3,0
0.59,0.68,2,-5.81,1,0.34,0.14,0,0.16,0.47,143.48,181145,4,0
0.8,0.73,5,-5.48,1,0.12,0.01,0,0.11,0.58,148.02,184993,4,0
0.79,0.74,1,-5.37,1,0.17,0.02,0,0.22,0.75,100.06,166265,4,0
0.67,0.73,11,-5.38,1,0.06,0,0,0.2,0.35,105.04,149857,4,0
0.76,0.68,11,-6.76,0,0.09,0.39,0,0.22,0.46,97.02,197938,4,0
0.65,0.7,10,-4.67,0,0.04,0,0,0.09,0.47,96.02,202067,4,0
0.79,0.79,7,-6.89,1,0.19,0.22,0,0.1,0.55,126.99,188976,4,0
0.6,0.61,7,-12.15,1,0.03,0.18,0,0.09,0.89,97.8,283800,4,0
0.72,0.66,2,-7.39,1,0.33,0.36,0,0.16,0.66,142.88,132587,4,0
0.83,0.76,11,-5.66,0,0.21,0.09,0,0.11,0.5,100,192000,4,0
0.94,0.58,8,-4.96,1,0.19,0.04,0,0.25,0.77,135.03,259346,4,0
0.72,0.47,5,-8.38,0,0.4,0.05,0,0.14,0.45,123.91,185804,4,0
0.63,0.75,4,-2.57,0,0.05,0.21,0,0.54,0.35,115.67,178413,4,0
0.79,0.72,7,-5.73,1,0.25,0.05,0,0.2,0.37,141.88,202816,4,0
0.74,0.62,7,-6.96,0,0.03,0.25,0,0.1,0.65,91.07,158466,4,0
0.72,0.71,0,-6.1,1,0.08,0.01,0,0.08,0.83,97.02,171172,4,0
0.3,0.48,2,-7.02,0,0.06,0.09,0,0.14,0.25,216.33,159810,4,0
0.5,0.77,1,-4.11,1,0.4,0.16,0,0.39,0.58,159.48,202443,4,0
0.63,0.5,7,-8.34,1,0.14,0.33,0,0.09,0.23,77.08,213933,4,0
0.38,0.39,10,-9.02,1,0.04,0.47,0,0.16,0.19,72.29,248987,4,0
0.68,0.2,5,-7.08,1,0.03,0.14,0,0.09,0.56,79.5,171016,4,0
0.66,0.52,8,-5.9,1,0.04,0.48,0,0.47,0.54,122.95,222009,4,0
0.63,0.55,9,-5.11,0,0.03,0.05,0,0.12,0.12,133.98,221096,4,0
0.77,0.81,10,-4.16,0,0.23,0.02,0,0.05,0.76,155.08,177293,4,0
0.75,0.9,5,-5.13,0,0.25,0.1,0,0.49,0.58,92.03,177547,4,0
0.85,0.75,6,-3.05,0,0.22,0.09,0,0.08,0.52,137.02,170227,4,0
0.76,0.75,9,-5.41,1,0.05,0,0.01,0.59,0.07,134.94,200947,4,0
0.78,0.36,0,-10.85,1,0.05,0.14,0.21,0.11,0.46,85.01,286387,4,0
0.87,0.49,1,-6.36,1,0.21,0.01,0,0.39,0.05,144.99,200573,4,0
0.88,0.6,9,-9.08,0,0.14,0.03,0.01,0.11,0.11,152.06,256507,4,0
0.46,0.97,1,-2.11,1,0.38,0.14,0,0.11,0.36,183.59,286960,4,0
0.78,0.81,1,-3.12,1,0.18,0.02,0,0.32,0.56,145.68,213413,4,0
0.43,0.23,5,-20.43,1,0.4,0.88,0,0.28,0.91,74.55,30133,5,0
0.68,0.33,2,-11.2,1,0.15,0.47,0,0.06,0.34,68.99,298440,4,0
0.7,0.5,5,-9.92,0,0.09,0.39,0.01,0.1,0.05,114.86,220853,4,0
0.83,0.36,0,-8.07,1,0.05,0.14,0,0.07,0.6,75.01,232212,4,0
0.79,0.77,9,-4.63,1,0.27,0.03,0.01,0.11,0.44,102.02,189307,4,0
0.81,0.56,9,-6.46,1,0.07,0.48,0,0.06,0.68,95.02,198973,4,0
0.89,0.66,4,-6.63,0,0.11,0,0,0.26,0.47,93.01,247733,4,0
0.58,0.5,10,-10.09,1,0.03,0.59,0.01,0.33,0.34,155.2,217868,3,0
0.83,0.18,1,-13.07,0,0.17,0.75,0.07,0.15,0.23,147.28,330507,4,0
0.66,0.53,7,-6.34,1,0.08,0.14,0,0.15,0.37,125.01,186188,4,0
0.55,0.73,0,-6.88,1,0.11,0.09,0,0.04,0.25,153.84,138205,4,0
0.73,0.72,10,-5.83,0,0.08,0.26,0,0.11,0.54,132.3,211227,4,0
0.79,0.73,4,-6.25,0,0.18,0.55,0,0.06,0.45,105.03,162013,4,0
0.92,0.57,1,-6.28,1,0.18,0.03,0,0.09,0.7,110.05,169702,4,0
0.39,0.87,0,-4.6,0,0.08,0.01,0,0.58,0.54,189.76,234858,4,0
0.86,0.4,4,-7.49,1,0.07,0.01,0,0.12,0.6,122.96,186613,4,0
0.78,0.71,4,-6.12,0,0.14,0.53,0,0.31,0.55,127.99,193453,4,0
0.64,0.54,8,-5.94,1,0.07,0.05,0,0.27,0.04,98.74,303000,4,0
0.48,0.24,1,-14.51,1,0.05,0.18,0,0.22,0.04,106.97,39200,3,0
0.27,0.76,9,-5.86,1,0.03,0,0,0.3,0.39,107.39,209501,4,0
0.79,0.54,0,-6.76,0,0.31,0.04,0,0.13,0.43,158.92,173785,4,0
0.76,0.05,2,-16.74,0,0.05,0.95,0,0.12,0.34,96.84,160267,4,0
0.71,0.66,0,-6.54,0,0.05,0.04,0,0.11,0.32,102.05,211784,4,0
0.74,0.63,0,-8.61,1,0.17,0.05,0,0.16,0.54,74.96,199981,4,0
0.8,0.63,2,-6.62,1,0.29,0.1,0,0.39,0.75,143.98,141387,4,0
0.81,0.46,8,-10.86,1,0.28,0.35,0.02,0.11,0.21,131.52,146013,5,0
0.72,0.65,11,-7.27,0,0.23,0.38,0,0.17,0.49,77.98,176953,4,0
0.61,0.54,3,-5.07,1,0.05,0.1,0,0.18,0.29,79.95,186480,4,0
0.5,0.84,10,-3.91,0,0.18,0.53,0,0.1,0.61,199.85,168750,4,0
0.76,0.58,1,-6.36,1,0.04,0.18,0,0.11,0.8,97.54,177438,4,0
0.88,0.45,9,-8.97,1,0.39,0.07,0.01,0.27,0.31,94.02,148284,4,0
0.47,0.47,7,-7.8,1,0.13,0.26,0,0.06,0.37,83.37,142773,4,0
0.67,0.71,2,-7.82,1,0.05,0.43,0,0.1,0.46,113.81,248440,4,0
0.93,0.53,5,-6.47,0,0.16,0.11,0.31,0.16,0.75,109.97,214653,4,0
0.74,0.86,2,-4.14,1,0.24,0.32,0,0.33,0.58,131.97,189052,4,0
0.38,0.9,2,-4.07,1,0.04,0,0,0.19,0.47,174.3,258773,4,0
0.74,0.84,5,-4.16,1,0.06,0.03,0,0.17,0.56,106.99,199653,4,0
0.82,0.45,1,-9.8,1,0.03,0.54,0,0.07,0.74,117.4,253920,4,0
0.53,0.78,2,-5.7,1,0.05,0,0,0.16,0.64,124.08,247427,4,0
0.71,0.92,11,-4.68,1,0.06,0.11,0,0.19,0.79,130.01,177810,4,0
0.96,0.79,3,1.51,0,0.06,0.67,0,0.18,0.97,130,165231,4,0
0.61,0.75,10,-3.53,0,0.2,0.35,0,0.09,0.6,168.07,259250,4,0
0.89,0.58,5,-7.42,0,0.08,0.07,0.09,0.1,0.39,132,178933,4,0
0.76,0.85,10,-3.84,1,0.05,0.21,0,0.11,0.71,127.95,153149,4,0
0.64,0.92,2,-4.46,1,0.08,0.03,0,0.09,0.85,146.08,258343,4,0
0.69,0.46,11,-8.32,1,0.05,0.6,0,0.11,0.72,150.95,242187,4,0
0.95,0.65,0,-5.9,0,0.31,0.07,0,0.14,0.89,132.94,194844,4,0
0.73,0.39,10,-8.47,0,0.07,0.05,0,0.14,0.24,157.88,159670,3,0
0.67,0.31,11,-10.07,1,0.03,0.88,0,0.1,0.52,64.93,121887,4,0
0.81,0.69,0,-5.11,0,0.06,0.18,0,0.08,0.66,144.02,129782,4,0
0.74,0.83,2,-2.62,0,0.08,0.12,0,0.26,0.87,173.99,330240,4,0
0.7,0.88,6,-2.28,0,0.08,0.06,0,0.21,0.91,103.01,203808,4,0
0.83,0.37,7,-12.76,0,0.13,0.52,0.02,0.09,0.16,127.98,107446,4,0
0.79,0.68,7,-5.4,1,0.21,0.17,0,0.71,0.57,126,233333,4,0
0.46,0.55,6,-4.87,1,0.03,0.14,0,0.11,0.19,137.94,248587,3,0
0.44,0.58,2,-6.02,1,0.05,0.03,0,0.13,0.24,147.59,193090,4,0
0.57,0.55,1,-6.46,1,0.06,0.08,0,0.11,0.2,158,250296,4,0
0.64,0.67,0,-6.99,0,0.15,0.04,0,0.09,0.49,146,217404,4,0
0.72,0.82,10,-5.09,0,0.13,0.04,0,0.05,0.33,166,225012,4,0
0.61,0.81,10,-2.81,1,0.03,0.05,0.02,0.1,0.4,124.05,240400,4,0
0.52,0.9,2,-5.5,1,0.04,0.01,0,0.25,0.65,74.99,219801,4,0
0.59,0.64,6,-4.27,0,0.13,0.03,0,0.32,0.27,88.28,197530,4,0
0.74,0.92,2,-2.08,1,0.12,0.4,0,0.09,0.69,167.99,221429,4,0
0.86,0.65,10,-6.98,0,0.36,0.02,0,0.57,0.66,131.19,115350,4,0
0.93,0.63,1,-5.73,1,0.14,0.29,0,0.39,0.58,122.03,156493,4,0
0.61,0.38,4,-10.48,1,0.05,0.61,0,0.1,0.2,107.99,258987,4,0
0.42,0.13,0,-18.44,1,0.04,0.95,0,0.11,0.12,137.45,291796,4,0
0.89,0.5,4,-6.37,0,0.09,0.26,0,0.25,0.54,86,180522,4,0
0.77,0.88,8,-4.79,1,0.06,0.19,0,0.32,0.39,99.99,223523,4,0
0.85,0.35,7,-10.2,1,0.24,0.39,0,0.75,0.28,118.03,221543,4,0
0.59,0.64,7,-3.87,1,0.12,0.08,0,0.11,0.65,107.36,174444,4,0
0.75,0.72,9,-4.84,0,0.18,0.2,0,0.13,0.52,150.97,179133,4,0
0.8,0.82,10,-5.97,0,0.15,0.06,0,0.15,0.61,164.01,172196,4,0
0.7,0.68,1,-2.88,0,0.12,0.04,0,0.14,0.6,96.13,186987,4,0
0.77,0.84,9,-2.32,0,0.15,0.29,0,0.08,0.49,112.014,201271,4,0
0.64,0.59,9,-5.19,0,0.03,0.07,0,0.12,0.2,118.04,250142,4,0
0.75,0.79,2,-4.58,1,0.1,0.26,0,0.13,0.67,147.96,157133,4,0
0.86,0.6,7,-4.63,0,0.3,0.07,0,0.35,0.57,123.02,244761,4,0
0.58,0.61,11,-6.61,1,0.04,0.43,0,0.1,0.37,117.82,194827,4,0
0.8,0.18,0,-11.99,1,0.06,0.61,0,0.62,0.61,93.98,181613,4,0
0.66,0.62,4,-2.25,1,0.05,0.07,0,0.58,0.44,88.04,181824,4,0
0.94,0.76,10,-6.47,0,0.17,0.03,0,0.19,0.68,128.02,157093,4,0
0.82,0.86,6,-3.16,1,0.35,0.01,0,0.04,0.87,180.01,154324,4,0
0.55,0.65,5,-3.88,1,0.08,0.46,0,0.1,0.16,150.07,174853,4,0
0.95,0.68,1,-6.6,1,0.21,0.17,0,0.32,0.63,123.11,141893,4,0
0.64,0.55,1,-5.38,1,0.04,0.08,0,0.12,0.15,122.18,173124,4,0
0.59,0.8,9,-5.46,1,0.15,0.03,0,0.38,0.23,102.49,291813,4,0
0.77,0.77,0,-3.5,0,0.07,0.18,0,0.35,0.93,167.97,289899,4,0
0.79,0.42,1,-9.87,0,0.16,0.25,0.03,0.12,0.54,117.99,194396,4,0
0.75,0.67,10,-5.79,0,0.15,0.05,0,0.13,0.35,164.01,163902,4,0
0.79,0.86,9,-3.24,0,0.11,0.04,0,0.08,0.59,123.99,214847,4,0
0.8,0.53,5,-7.67,0,0.04,0.23,0,0.11,0.55,114.01,166173,4,0
0.87,0.48,4,-6.69,0,0.45,0.7,0,0.1,0.78,133.93,115200,4,0
0.46,0.62,10,-5.92,1,0.14,0.22,0,0.09,0.63,85.36,224638,3,0
0.82,0.56,1,-5.82,1,0.05,0,0,0.22,0.06,120,281273,4,0
0.61,0.62,11,-6.66,0,0.21,0.5,0,0.28,0.8,62.95,167917,5,0
0.59,0.62,1,-5.76,1,0.33,0.01,0,0.24,0.15,96.46,252729,3,0
0.8,0.75,8,-5.71,1,0.21,0.24,0,0.17,0.52,150.06,193861,4,0
0.76,0.62,5,-6.29,0,0.22,0.35,0,0.15,0.63,130.02,193314,4,0
0.92,0.56,1,-8.6,1,0.22,0.01,0,0.07,0.67,148.96,170947,4,0
0.75,0.69,11,-7.25,1,0.24,0.2,0,0.09,0.75,89.9,204547,4,0
0.68,0.83,5,-2.56,1,0.27,0.56,0,0.25,0.8,146.95,248937,4,0
0.53,0.75,7,-7.57,1,0.05,0,0,0.09,0.73,163.94,163906,4,0
0.9,0.25,5,-17.54,0,0.11,0.29,0,0.1,0.23,117.99,167184,4,0
0.76,0.71,3,-5.28,0,0.03,0.04,0,0.09,0.67,101,196520,4,0
0.82,0.58,1,-6.1,1,0.09,0.2,0,0.13,0.43,120.08,226314,4,0
0.86,0.42,11,-10.14,0,0.44,0.08,0,0.15,0.52,113.87,189382,4,0
0.86,0.29,5,-8.68,1,0.29,0.3,0,0.09,0.84,139.75,182017,4,0
0.69,0.45,11,-10.3,0,0.05,0.48,0,0.18,0.53,93.03,212436,4,0
0.6,0.47,4,-4.95,1,0.03,0.64,0,0.15,0.07,113.82,230880,4,0
0.8,0.53,0,-9.74,0,0.04,0.02,0,0.1,0.33,131.04,146520,4,0
0.54,0.77,1,-3.98,1,0.39,0.19,0,0.37,0.57,159.49,204000,4,0
0.39,0.45,5,-8.57,0,0.03,0.8,0.18,0.11,0.08,144.89,183103,5,0
0.89,0.62,7,-4.36,0,0.13,0.08,0,0.56,0.38,119.1,161320,4,0
0.79,0.49,8,-9.88,1,0.11,0.39,0,0.11,0.27,98.54,146028,4,0
0.63,0.31,1,-11.74,1,0.04,0.88,0.08,0.12,0.19,76.99,184638,1,0
0.83,0.63,6,-3.97,0,0.19,0.18,0,0.08,0.49,88.06,187500,4,0
0.84,0.54,9,-7.12,1,0.23,0.02,0,0.12,0.42,97.96,115255,4,0
0.85,0.91,7,-2.47,1,0.23,0.05,0.02,0.13,0.8,112.99,178407,4,0
0.84,0.49,4,-12.81,0,0.1,0.12,0,0.17,0.73,111.94,130714,4,0
0.68,0.77,11,-4.8,0,0.09,0.04,0,0.12,0.28,160.1,180000,4,0
0.53,0.59,1,-1.87,1,0.33,0.26,0,0.18,0.63,78.62,209829,4,0
0.79,0.78,4,-3.95,1,0.06,0.45,0,0.12,0.81,143.86,191945,4,0
0.69,0.77,6,-5.34,1,0.15,0.18,0,0.12,0.16,125.91,184560,4,0
0.93,0.78,10,-3.38,0,0.06,0.21,0,0.17,0.93,125,188613,4,0
0.57,0.84,1,-4.12,1,0.12,0.03,0,0.1,0.75,183.06,249587,3,0
0.9,0.53,0,-5.98,0,0.08,0.11,0,0.77,0.31,104.99,237714,4,0
0.71,0.68,11,-6.5,0,0.35,0.01,0,0.1,0.75,162.97,153467,4,0
0.7,0.57,2,-7.74,1,0.2,0.14,0,0.15,0.39,71.45,176959,4,0
0.69,0.72,7,-5.7,1,0.04,0.1,0,0.1,0.37,116.91,284480,3,0
0.79,0.7,10,-7.94,0,0.42,0.07,0,0.11,0.21,154.01,196213,4,0
0.84,0.85,0,-2.34,1,0.05,0.35,0,0.05,0.9,126.99,210624,4,0
0.82,0.61,1,-6.22,1,0.1,0.02,0,0.19,0.47,110.97,192936,4,0
0.76,0.78,10,-5.32,1,0.04,0.39,0,0.34,0.9,121.97,167313,4,0
0.81,0.75,1,-5.27,1,0.33,0.08,0,0.06,0.77,140.03,145167,4,0
0.36,0.59,2,-7.85,1,0.08,0.18,0,0.11,0.26,94.64,131271,4,0
0.87,0.77,7,-3.73,1,0.08,0.18,0,0.25,0.34,102.02,181826,3,0
0.55,0.68,9,-5.88,1,0.05,0.01,0,0.1,0.38,118.01,239600,4,0
0.68,0.7,5,-5,1,0.09,0.14,0,0.17,0.65,94.06,218754,4,0
0.66,0.67,11,-4.67,0,0.03,0,0,0.1,0.47,115.98,258004,4,0
0.91,0.47,1,-6.12,1,0.19,0.03,0,0.29,0.66,106.98,194607,4,0
0.47,0.79,5,-4.02,0,0.07,0.13,0,0.09,0.79,89.72,209583,4,0
0.88,0.81,7,-4.5,1,0.06,0.01,0,0.32,0.86,114.99,184882,4,0
0.63,0.69,10,-5.4,0,0.14,0.03,0,0.07,0.63,122.05,208505,4,0
0.78,0.76,9,-4.14,1,0.18,0.16,0,0.15,0.56,142.93,188800,4,0
0.75,0.77,6,-4.16,1,0.15,0.1,0,0.14,0.79,142.09,195058,4,0
0.78,0.62,1,-6.43,1,0.22,0.02,0,0.3,0.21,135.88,217008,4,0
0.71,0.68,11,-7.65,0,0.35,0,0,0.29,0.64,159.11,135065,4,0
0.68,0.74,1,-4.49,1,0.25,0.13,0,0.24,0.62,164.04,172757,4,0
0.67,0.68,1,-5.94,1,0.05,0.63,0,0.92,0.7,108.14,187986,4,0
0.82,0.66,10,-7.09,0,0.28,0.05,0,0.12,0.31,139.92,120076,4,0
0.84,0.6,8,-5.63,1,0.2,0.21,0,0.09,0.75,142.98,176756,4,0
0.71,0.59,2,-5.33,1,0.38,0.25,0,0.19,0.21,175.99,185439,4,0
0.82,0.78,5,-6.15,0,0.06,0.02,0,0.09,0.65,130.02,166087,4,0
0.77,0.49,3,-5.95,1,0.04,0.41,0,0.1,0.52,125.02,166266,4,0
0.76,0.56,1,-6.94,1,0.36,0.14,0,0.1,0.52,187.81,160357,4,0
0.7,0.72,2,-5.94,1,0.09,0.23,0,0.09,0.78,180.07,175187,4,0
0.78,0.71,0,-3.9,1,0.03,0.37,0,0.12,0.95,101.02,178374,4,0
0.72,0.66,11,-4.3,0,0.11,0.16,0,0.07,0.8,158.02,172399,4,0
0.73,0.63,0,-2.37,1,0.24,0.32,0,0.12,0.73,165.98,258959,4,0
0.81,0.6,11,-6.86,0,0.08,0.24,0,0.07,0.69,150.06,184000,4,0
0.86,0.66,11,-6.97,1,0.05,0.01,0.8,0.04,0.63,114,198770,4,0
0.48,0.41,7,-8.46,1,0.04,0.74,0,0.12,0.25,170.16,203569,3,0
0.9,0.72,0,-6.26,0,0.36,0.17,0,0.25,0.97,140.1,212093,4,0
0.64,0.77,6,-4.32,1,0.05,0.17,0,0.47,0.6,108.99,220536,4,0
0.87,0.53,0,-6.35,0,0.05,0.52,0,0.09,0.2,104.95,197973,4,0
0.65,0.56,9,-5.72,0,0.25,0.25,0,0.44,0.37,175.99,189827,4,0
0.75,0.46,10,-2.96,0,0.04,0.05,0,0.07,0.42,139.02,204887,4,0
0.63,0.75,5,-5.41,1,0.04,0.01,0,0.22,0.6,90.03,200299,4,0
0.85,0.71,6,-4.72,0,0.08,0.23,0,0.33,0.92,93.06,176627,4,0
0.77,0.59,1,-8.53,1,0.23,0.04,0,0.26,0.39,75.98,147353,4,0
