Position,Track Name,Artist,Streams,URL,trackID
1,Despacito - Remix,Luis Fonsi,5837415,https://open.spotify.com/track/5CtI0qwDJkDQGwXD1H1cLb,5CtI0qwDJkDQGwXD1H1cLb
2,Shape of You,Ed Sheeran,5118118,https://open.spotify.com/track/7qiZfU4dY1lWllzX7mPBI3,7qiZfU4dY1lWllzX7mPBI3
3,HUMBLE.,Kendrick Lamar,5069477,https://open.spotify.com/track/7KXjTSCq5nL1LoYtL7XAwS,7KXjTSCq5nL1LoYtL7XAwS
4,Something Just Like This,The Chainsmokers,3557569,https://open.spotify.com/track/6RUKPb4LETWmmr3iAEQktW,6RUKPb4LETWmmr3iAEQktW
5,DNA.,Kendrick Lamar,3376282,https://open.spotify.com/track/6HZILIRieu8S0iqY8kIKhj,6HZILIRieu8S0iqY8kIKhj
6,Mask Off,Future,3319188,https://open.spotify.com/track/3rOSwuTsUlJp0Pu0MkN8r8,3rOSwuTsUlJp0Pu0MkN8r8
7,It Ain't Me (with Selena Gomez),Kygo,3305851,https://open.spotify.com/track/3eR23VReFzcdmS7TYCrhCe,3eR23VReFzcdmS7TYCrhCe
8,Passionfruit,Drake,3109264,https://open.spotify.com/track/7hDc8b7IXETo14hHIHdnhd,7hDc8b7IXETo14hHIHdnhd
9,Stay (with Alessia Cara),Zedd,3086610,https://open.spotify.com/track/0dA2Mk56wEzDgegdC6R17g,0dA2Mk56wEzDgegdC6R17g
10,That's What I Like,Bruno Mars,2966964,https://open.spotify.com/track/0KKkJNfGyhkQ5aFogxQAPU,0KKkJNfGyhkQ5aFogxQAPU
11,Symphony (feat. Zara Larsson),Clean Bandit,2948016,https://open.spotify.com/track/1x5sYLZiu9r5E43kMlt9f8,1x5sYLZiu9r5E43kMlt9f8
12,Despacito (Featuring Daddy Yankee),Luis Fonsi,2774047,https://open.spotify.com/track/4aWmUDTfIPGksMNLV2rQP2,4aWmUDTfIPGksMNLV2rQP2
13,Swalla (feat. Nicki Minaj & Ty Dolla $ign),Jason Derulo,2505204,https://open.spotify.com/track/6kex4EBAj0WHXDKZMEJaaF,6kex4EBAj0WHXDKZMEJaaF
14,Galway Girl,Ed Sheeran,2343647,https://open.spotify.com/track/0afhq8XCExXpqazXczTSve,0afhq8XCExXpqazXczTSve
15,Slide (feat. Frank Ocean & Migos),Calvin Harris,2275052,https://open.spotify.com/track/7tr2za8SQg2CI8EDgrdtNl,7tr2za8SQg2CI8EDgrdtNl
16,Issues,Julia Michaels,2194334,https://open.spotify.com/track/1sXUWdKx03aP9Gmzft58rt,1sXUWdKx03aP9Gmzft58rt
17,LOYALTY. FEAT. RIHANNA.,Kendrick Lamar,2189512,https://open.spotify.com/track/6SwRhMLwNqEi6alNPVG00n,6SwRhMLwNqEi6alNPVG00n
18,Scared to Be Lonely,Martin Garrix,2159748,https://open.spotify.com/track/3ebXMykcMXOcLeJ9xZ17XH,3ebXMykcMXOcLeJ9xZ17XH
19,Paris,The Chainsmokers,2058572,https://open.spotify.com/track/72jbDTw1piOOj770jWNeaG,72jbDTw1piOOj770jWNeaG
20,ELEMENT.,Kendrick Lamar,2050866,https://open.spotify.com/track/1EaKU4dMbesXXd3BrLCtYG,1EaKU4dMbesXXd3BrLCtYG
21,Sign of the Times,Harry Styles,2021637,https://open.spotify.com/track/5Ohxk2dO5COHF1krpoPigN,5Ohxk2dO5COHF1krpoPigN
22,XO TOUR Llif3,Lil Uzi Vert,2014738,https://open.spotify.com/track/2eMwDehkIC1j68U6FA3Eiq,2eMwDehkIC1j68U6FA3Eiq
23,There's Nothing Holdin' Me Back,Shawn Mendes,1976557,https://open.spotify.com/track/79cuOz3SPQTuFrp8WgftAu,79cuOz3SPQTuFrp8WgftAu
24,You Don't Know Me - Radio Edit,Jax Jones,1925945,https://open.spotify.com/track/00lNx0OcTJrS3MKHcB80HY,00lNx0OcTJrS3MKHcB80HY
25,LOVE. FEAT. ZACARI.,Kendrick Lamar,1925630,https://open.spotify.com/track/6PGoSes0D9eUDeeAafB2As,6PGoSes0D9eUDeeAafB2As
26,iSpy (feat. Lil Yachty),KYLE,1855791,https://open.spotify.com/track/2EEeOnHehOozLq4aS0n6SL,2EEeOnHehOozLq4aS0n6SL
27,Cold,Maroon 5,1787322,https://open.spotify.com/track/5NNlUMcOEOdoOIwwaWXv0k,5NNlUMcOEOdoOIwwaWXv0k
28,Believer,Imagine Dragons,1784674,https://open.spotify.com/track/0CcQNd8CINkwQfe1RDtGV6,0CcQNd8CINkwQfe1RDtGV6
29,"I Don’t Wanna Live Forever (Fifty Shades Darker) - From ""Fifty Shades Darker (Original Motion Picture Soundtrack)""",ZAYN,1707351,https://open.spotify.com/track/3NdDpSvN911VPGivFlV5d0,3NdDpSvN911VPGivFlV5d0
30,Rockabye (feat. Sean Paul & Anne-Marie),Clean Bandit,1651272,https://open.spotify.com/track/5knuzwU65gJK7IF5yJsuaW,5knuzwU65gJK7IF5yJsuaW
31,Good Life (with G-Eazy & Kehlani),G-Eazy,1650659,https://open.spotify.com/track/1Eck97uRMlprKOOJN9oO1E,1Eck97uRMlprKOOJN9oO1E
32,SUBEME LA RADIO (feat. Descemer Bueno & Zion & Lennox),Enrique Iglesias,1617766,https://open.spotify.com/track/7nKBxz47S9SD79N086fuhn,7nKBxz47S9SD79N086fuhn
33,Location,Khalid,1568544,https://open.spotify.com/track/152lZdxL1OR0ZMW6KquMif,152lZdxL1OR0ZMW6KquMif
34,Solo Dance,Martin Jensen,1562848,https://open.spotify.com/track/6HUnnBwYZqcED1eQztxMBN,6HUnnBwYZqcED1eQztxMBN
35,Call On Me - Ryan Riback Extended Remix,Starley,1559032,https://open.spotify.com/track/78rIJddV4X0HkNAInEcYde,78rIJddV4X0HkNAInEcYde
36,Congratulations,Post Malone,1550259,https://open.spotify.com/track/3a1lNhkSLSkpJE4MSHpDu9,3a1lNhkSLSkpJE4MSHpDu9
37,Me Rehúso,Danny Ocean,1535687,https://open.spotify.com/track/6De0lHrwBfPfrhorm9q1Xl,6De0lHrwBfPfrhorm9q1Xl
38,I Feel It Coming,The Weeknd,1526955,https://open.spotify.com/track/5GXAXm5YOmYT0kL5jHvYBt,5GXAXm5YOmYT0kL5jHvYBt
39,Closer,The Chainsmokers,1430244,https://open.spotify.com/track/7BKLCZ1jbUBVqRi2FVlTVw,7BKLCZ1jbUBVqRi2FVlTVw
40,XXX. FEAT. U2.,Kendrick Lamar,1416933,https://open.spotify.com/track/4iYRa2btalAzPZoSYfROqF,4iYRa2btalAzPZoSYfROqF
41,Castle on the Hill,Ed Sheeran,1393556,https://open.spotify.com/track/6PCUP3dWmTjcTtXY02oFdT,6PCUP3dWmTjcTtXY02oFdT
42,Chained To The Rhythm,Katy Perry,1388145,https://open.spotify.com/track/6520aj0B4FSKGVuKNsOCOi,6520aj0B4FSKGVuKNsOCOi
43,The One,The Chainsmokers,1376555,https://open.spotify.com/track/0wfbD5rAksdXUzRvMfM3x5,0wfbD5rAksdXUzRvMfM3x5
44,The Cure,Lady Gaga,1374032,https://open.spotify.com/track/51PIvodunv6NmX5250zxAh,51PIvodunv6NmX5250zxAh
45,Portland,Drake,1371810,https://open.spotify.com/track/2bjwRfXMk4uRgOD9IBYl9h,2bjwRfXMk4uRgOD9IBYl9h
46,Say You Won't Let Go,James Arthur,1360727,https://open.spotify.com/track/5uCax9HTNlzGybIStD3vDh,5uCax9HTNlzGybIStD3vDh
47,YAH.,Kendrick Lamar,1358654,https://open.spotify.com/track/4BHSjbYylfOH5WAGusDyni,4BHSjbYylfOH5WAGusDyni
48,Green Light,Lorde,1349345,https://open.spotify.com/track/0gbBzIqrECJOEPvQJIBFs5,0gbBzIqrECJOEPvQJIBFs5
49,Now Or Never,Halsey,1304327,https://open.spotify.com/track/0Nhu3zSYbEz32IYiobV75e,0Nhu3zSYbEz32IYiobV75e
50,PRIDE.,Kendrick Lamar,1266669,https://open.spotify.com/track/6IZvVAP7VPPnsGX6bvgkqg,6IZvVAP7VPPnsGX6bvgkqg
51,El Amante,Nicky Jam,1264023,https://open.spotify.com/track/3umS4y3uQDkqekNjVpiRUs,3umS4y3uQDkqekNjVpiRUs
52,Chantaje (feat. Maluma),Shakira,1215080,https://open.spotify.com/track/6mICuAdrwEjh6Y6lroV2Kg,6mICuAdrwEjh6Y6lroV2Kg
53,Lust for Life (with The Weeknd),Lana Del Rey,1189421,https://open.spotify.com/track/5LYQSNHZxEA880URXFHg6h,5LYQSNHZxEA880URXFHg6h
54,Still Got Time (feat. PARTYNEXTDOOR),ZAYN,1175837,https://open.spotify.com/track/000xQL6tZNLJzIrtIgxqSl,000xQL6tZNLJzIrtIgxqSl
55,Tunnel Vision,Kodak Black,1172248,https://open.spotify.com/track/4Q3N4Ct4zCuIHuZ65E3BD4,4Q3N4Ct4zCuIHuZ65E3BD4
56,Starboy,The Weeknd,1171896,https://open.spotify.com/track/5aAx2yezTd8zXrkmtKl66Z,5aAx2yezTd8zXrkmtKl66Z
57,Run Up (feat. PARTYNEXTDOOR & Nicki Minaj),Major Lazer,1170533,https://open.spotify.com/track/0fg8CqpjdojMyXLNzM2PaJ,0fg8CqpjdojMyXLNzM2PaJ
58,FEEL.,Kendrick Lamar,1169059,https://open.spotify.com/track/2LTlO3NuNVN70lp2ZbVswF,2LTlO3NuNVN70lp2ZbVswF
59,No Promises (feat. Demi Lovato),Cheat Codes,1165739,https://open.spotify.com/track/1louJpMmzEicAn7lzDalPW,1louJpMmzEicAn7lzDalPW
60,Weak,AJR,1142303,https://open.spotify.com/track/3E2Zh20GDCR9B1EYjfXWyv,3E2Zh20GDCR9B1EYjfXWyv
61,LUST.,Kendrick Lamar,1132914,https://open.spotify.com/track/06FCvd7rrRcF3DdvWH5Isp,06FCvd7rrRcF3DdvWH5Isp
62,Felices los 4,Maluma,1114994,https://open.spotify.com/track/0qYTZCo5Bwh1nsUFGZP3zn,0qYTZCo5Bwh1nsUFGZP3zn
63,Pretty Girl - Cheat Codes X CADE Remix,Maggie Lindemann,1101263,https://open.spotify.com/track/1NDxZ7cFAo481dtYWdrUnR,1NDxZ7cFAo481dtYWdrUnR
64,Perfect,Ed Sheeran,1092548,https://open.spotify.com/track/0tgVpDi06FyKpA1z0VMD4v,0tgVpDi06FyKpA1z0VMD4v
65,Selfish (feat. Rihanna),Future,1084923,https://open.spotify.com/track/2Ce5IyMlVRVvN997ZJjJJA,2Ce5IyMlVRVvN997ZJjJJA
66,Hey Ma (with Pitbull & J Balvin feat. Camila Cabello) - Spanish Version,Pitbull,1084605,https://open.spotify.com/track/2Vdub5mY4lad7w64bFPUez,2Vdub5mY4lad7w64bFPUez
67,Touch,Little Mix,1072909,https://open.spotify.com/track/5Ua3GXyHwiSfpNTMjq6m2z,5Ua3GXyHwiSfpNTMjq6m2z
68,September Song,JP Cooper,1053560,https://open.spotify.com/track/0FuTx2s3YH1ppmtiM6l0zI,0FuTx2s3YH1ppmtiM6l0zI
69,Unforgettable,French Montana,1023585,https://open.spotify.com/track/1F2HXIJrE2Xn81OzT2zZvW,1F2HXIJrE2Xn81OzT2zZvW
70,The Night We Met,Lord Huron,1018257,https://open.spotify.com/track/6mORGLOz79w6VsCRLWYYuK,6mORGLOz79w6VsCRLWYYuK
71,Fake Love,Drake,994713,https://open.spotify.com/track/343YBumqHu19cGoGARUTsd,343YBumqHu19cGoGARUTsd
72,Happier,Ed Sheeran,961021,https://open.spotify.com/track/2RttW7RAu5nOAfq6YFvApB,2RttW7RAu5nOAfq6YFvApB
73,Let Me Love You,DJ Snake,938747,https://open.spotify.com/track/4pdPtRcBmOSQDlJ3Fk945m,4pdPtRcBmOSQDlJ3Fk945m
74,Tuesday,Burak Yeter,929772,https://open.spotify.com/track/7abpmGpF7PGep2rDU68GBR,7abpmGpF7PGep2rDU68GBR
75,Bounce Back,Big Sean,929626,https://open.spotify.com/track/0SGkqnVQo9KPytSri1H6cF,0SGkqnVQo9KPytSri1H6cF
76,Bad and Boujee (feat. Lil Uzi Vert),Migos,923845,https://open.spotify.com/track/4Km5HrUvYTaSUfiSGPJeQR,4Km5HrUvYTaSUfiSGPJeQR
77,do re mi,blackbear,920130,https://open.spotify.com/track/3Q3myFA7q4Op95DOpHplaY,3Q3myFA7q4Op95DOpHplaY
78,One Dance,Drake,918852,https://open.spotify.com/track/1xznGGDReH1oQq0xzbwXa3,1xznGGDReH1oQq0xzbwXa3
79,FEAR.,Kendrick Lamar,907406,https://open.spotify.com/track/23luOrEVHMfoX0AhfbQuS6,23luOrEVHMfoX0AhfbQuS6
80,"How Far I'll Go - From ""Moana""",Alessia Cara,904118,https://open.spotify.com/track/5hYTyyh2odQKphUbMqc5gN,5hYTyyh2odQKphUbMqc5gN
81,Sigo Extrañándote,J Balvin,891838,https://open.spotify.com/track/6qDF4wWL49CAVbgT7yuHl8,6qDF4wWL49CAVbgT7yuHl8
82,goosebumps,Travis Scott,891380,https://open.spotify.com/track/6gBFPUFcJLzWGx4lenP6h2,6gBFPUFcJLzWGx4lenP6h2
83,Body Like A Back Road,Sam Hunt,881634,https://open.spotify.com/track/7mldq42yDuxiUNn08nvzHO,7mldq42yDuxiUNn08nvzHO
84,Escápate Conmigo,Wisin,878711,https://open.spotify.com/track/2cnKEkpVUSV4wnjQiTWfH6,2cnKEkpVUSV4wnjQiTWfH6
85,GOD.,Kendrick Lamar,865418,https://open.spotify.com/track/5p3NP9mQblDsVJLdfNZJ3I,5p3NP9mQblDsVJLdfNZJ3I
86,DUCKWORTH.,Kendrick Lamar,830511,https://open.spotify.com/track/0y9uTzK9cNKSAEHnpeRG8C,0y9uTzK9cNKSAEHnpeRG8C
87,Otra vez (feat. J Balvin),Zion & Lennox,829791,https://open.spotify.com/track/3QwBODjSEzelZyVjxPOHdq,3QwBODjSEzelZyVjxPOHdq
88,24K Magic,Bruno Mars,821679,https://open.spotify.com/track/6b8Be6ljOzmkOmFslEb23P,6b8Be6ljOzmkOmFslEb23P
89,Hear Me Now,Alok,821511,https://open.spotify.com/track/1a5Yu5L18qNxVhXx38njON,1a5Yu5L18qNxVhXx38njON
90,Gyalchester,Drake,814011,https://open.spotify.com/track/6UjfByV1lDLW0SOVQA4NAi,6UjfByV1lDLW0SOVQA4NAi
91,BLOOD.,Kendrick Lamar,811346,https://open.spotify.com/track/1n4jwRVXdkK2U34nBDUKKT,1n4jwRVXdkK2U34nBDUKKT
92,T-Shirt,Migos,810024,https://open.spotify.com/track/7KOlJ92bu51cltsD9KU5I7,7KOlJ92bu51cltsD9KU5I7
93,Starving,Hailee Steinfeld,806422,https://open.spotify.com/track/1qOLh0tI7trd1zdDKxYZTe,1qOLh0tI7trd1zdDKxYZTe
94,La Rompe Corazones,Daddy Yankee,800218,https://open.spotify.com/track/4okba5wu9mMLXx79DXLKi3,4okba5wu9mMLXx79DXLKi3
95,Ahora Dice,Chris Jeday,799942,https://open.spotify.com/track/22eADXu8DfOAUEDw4vU8qy,22eADXu8DfOAUEDw4vU8qy
96,Reggaetón Lento (Bailemos),CNCO,795288,https://open.spotify.com/track/3AEZUABDXNtecAOSC1qTfo,3AEZUABDXNtecAOSC1qTfo
97,Look At Me!,XXXTENTACION,792846,https://open.spotify.com/track/4ARPvK8DHLwt4oX65ZAFMw,4ARPvK8DHLwt4oX65ZAFMw
98,Don't Wanna Know,Maroon 5,790224,https://open.spotify.com/track/5MFzQMkrl1FOOng9tq6R9r,5MFzQMkrl1FOOng9tq6R9r
99,Hard Times,Paramore,778776,https://open.spotify.com/track/0w5Bdu51Ka25Pf3hojsKHh,0w5Bdu51Ka25Pf3hojsKHh
100,Attention,Charlie Puth,774273,https://open.spotify.com/track/4iLqG9SeJSnt0cSPICSjxv,4iLqG9SeJSnt0cSPICSjxv
101,Swang,Rae Sremmurd,770687,https://open.spotify.com/track/6mapJIPnQ23RTAevUoE0DL,6mapJIPnQ23RTAevUoE0DL
102,Dive,Ed Sheeran,740267,https://open.spotify.com/track/51ChrwmUPDJvedPQnIU8Ls,51ChrwmUPDJvedPQnIU8Ls
103,All Time Low,Jon Bellion,738933,https://open.spotify.com/track/1CnPYaKxTVb4LWOtiGOm0m,1CnPYaKxTVb4LWOtiGOm0m
104,"Sola (Remix) [feat. Daddy Yankee, Wisin, Farruko, Zion & Lennox]",Anuel AA,733670,https://open.spotify.com/track/5q2JbCNi4FcnglgPfxcV65,5q2JbCNi4FcnglgPfxcV65
105,Redbone,Childish Gambino,730862,https://open.spotify.com/track/3kxfsdsCpFgN412fpnW85Y,3kxfsdsCpFgN412fpnW85Y
106,History,Olivia Holt,723295,https://open.spotify.com/track/0WCEaydwN65cvwaW8aqptF,0WCEaydwN65cvwaW8aqptF
107,Don't Let Me Down (feat. Daya),The Chainsmokers,715307,https://open.spotify.com/track/0QsvXIfqM0zZoerQfsI9lm,0QsvXIfqM0zZoerQfsI9lm
108,Drowning (feat. Kodak Black),A Boogie Wit da Hoodie,704877,https://open.spotify.com/track/6Q2FftbUG530lCtBI74bMH,6Q2FftbUG530lCtBI74bMH
109,Blem,Drake,688553,https://open.spotify.com/track/2XlHu0HcujBCkWMdIAvrqt,2XlHu0HcujBCkWMdIAvrqt
110,Break Up Every Night,The Chainsmokers,687667,https://open.spotify.com/track/6cPyTS0Kk2sc4xQwC93kOg,6cPyTS0Kk2sc4xQwC93kOg
111,Me llamas (feat. Maluma) - Remix,Piso 21,679263,https://open.spotify.com/track/5hEM0JchdVzQ5PwvSfITeX,5hEM0JchdVzQ5PwvSfITeX
112,Everyday,Ariana Grande,679083,https://open.spotify.com/track/3FiE2d325mIOc4YjkSLVJR,3FiE2d325mIOc4YjkSLVJR
113,Treat You Better,Shawn Mendes,672415,https://open.spotify.com/track/4Hf7WnR761jpxPr5D46Bcd,4Hf7WnR761jpxPr5D46Bcd
114,"Heatstroke (feat. Young Thug, Pharrell Williams & Ariana Grande)",Calvin Harris,669876,https://open.spotify.com/track/60APt5N2NRaKWf5xzJdzyC,60APt5N2NRaKWf5xzJdzyC
115,Obsession (feat. Jon Bellion),Vice,666213,https://open.spotify.com/track/5pvVAwQbuFoR7LkcicrKnk,5pvVAwQbuFoR7LkcicrKnk
116,Cold Water (feat. Justin Bieber & MØ),Major Lazer,659733,https://open.spotify.com/track/6DNtNfH8hXkqOX1sjqmI7p,6DNtNfH8hXkqOX1sjqmI7p
117,Ciao Adios,Anne-Marie,659171,https://open.spotify.com/track/3EfugazgSddQvzZpkof5I4,3EfugazgSddQvzZpkof5I4
118,"CAN'T STOP THE FEELING! (Original Song from DreamWorks Animation's ""TROLLS"")",Justin Timberlake,658399,https://open.spotify.com/track/6JV2JOEocMgcZxYSZelKcc,6JV2JOEocMgcZxYSZelKcc
119,Side To Side,Ariana Grande,653081,https://open.spotify.com/track/4pLwZjInHj3SimIyN9SnOz,4pLwZjInHj3SimIyN9SnOz
120,Rolex,Ayo & Teo,649132,https://open.spotify.com/track/0pSBuHjILhNEo55xK1zrRt,0pSBuHjILhNEo55xK1zrRt
121,In the Name of Love,Martin Garrix,644652,https://open.spotify.com/track/04DwTuZ2VBdJCCC5TROn7L,04DwTuZ2VBdJCCC5TROn7L
122,Mercy,Shawn Mendes,635430,https://open.spotify.com/track/4TZy1wLyHec06pwgFYDh1a,4TZy1wLyHec06pwgFYDh1a
123,Me Enamoré,Shakira,632516,https://open.spotify.com/track/4qknM1pQz53QOyfDVTjcM9,4qknM1pQz53QOyfDVTjcM9
124,All Night,The Vamps,631993,https://open.spotify.com/track/1yNyoWWWikbLhwIGWjZuDW,1yNyoWWWikbLhwIGWjZuDW
125,"Ay Mi Dios (feat. Pitbull, Yandel & Chacal)",IAmChino,630155,https://open.spotify.com/track/6stYbAJgTszHAHZMPxWWCY,6stYbAJgTszHAHZMPxWWCY
126,Love On The Brain,Rihanna,624895,https://open.spotify.com/track/2aksifNn5ph8igDOkPBA02,2aksifNn5ph8igDOkPBA02
127,What Do I Know?,Ed Sheeran,623251,https://open.spotify.com/track/2pJZ1v8HezrAoZ0Fhzby92,2pJZ1v8HezrAoZ0Fhzby92
128,I Took A Pill In Ibiza - Seeb Remix,Mike Posner,614139,https://open.spotify.com/track/17Fd6Yb7mSbinKG8LoWfFl,17Fd6Yb7mSbinKG8LoWfFl
129,Just Hold On,Steve Aoki,608391,https://open.spotify.com/track/3EmmCZoqpWOTY1g2GBwJoR,3EmmCZoqpWOTY1g2GBwJoR
130,Photograph,Ed Sheeran,608360,https://open.spotify.com/track/6fxVffaTuwjgEk5h9QyRjy,6fxVffaTuwjgEk5h9QyRjy
131,Bad Bitch (feat. Ty Dolla $ign),Bebe Rexha,605858,https://open.spotify.com/track/4ZJPwET9Jrgpkqi4Vo3Yg8,4ZJPwET9Jrgpkqi4Vo3Yg8
132,At My Best (feat. Hailee Steinfeld),Machine Gun Kelly,605810,https://open.spotify.com/track/77lGafvlU68CeHgB2pkHC9,77lGafvlU68CeHgB2pkHC9
133,TG4M,Zara Larsson,600238,https://open.spotify.com/track/4uoumbAMEMaKdtiv763jKz,4uoumbAMEMaKdtiv763jKz
134,Vente Pa' Ca (feat. Maluma),Ricky Martin,594960,https://open.spotify.com/track/7DM4BPaS7uofFul3ywMe46,7DM4BPaS7uofFul3ywMe46
135,Heathens,Twenty One Pilots,582267,https://open.spotify.com/track/6i0V12jOa3mr6uu4WYhUBr,6i0V12jOa3mr6uu4WYhUBr
136,New Man,Ed Sheeran,578929,https://open.spotify.com/track/5HDPtsnyb3maFmPL8LLUTG,5HDPtsnyb3maFmPL8LLUTG
137,We Don't Talk Anymore (feat. Selena Gomez),Charlie Puth,575406,https://open.spotify.com/track/68EMU2RD1ECNeOeJ5qAXCV,68EMU2RD1ECNeOeJ5qAXCV
138,Skin,Rag'n'Bone Man,572407,https://open.spotify.com/track/6y2Kaz9QI01XBKJ8mTb7Pf,6y2Kaz9QI01XBKJ8mTb7Pf
139,Cheap Thrills,Sia,565147,https://open.spotify.com/track/27SdWb2rFzO6GWiYDBTD9j,27SdWb2rFzO6GWiYDBTD9j
140,Safari,J Balvin,557406,https://open.spotify.com/track/6rQSrBHf7HlZjtcMZ4S4bO,6rQSrBHf7HlZjtcMZ4S4bO
141,Thinking out Loud,Ed Sheeran,546966,https://open.spotify.com/track/1Slwb6dOYkBlWal1PGtnNg,1Slwb6dOYkBlWal1PGtnNg
142,Alguien Robo,Sebastian Yatra,545810,https://open.spotify.com/track/5i50gKdLAjjIr7UxRT5IVy,5i50gKdLAjjIr7UxRT5IVy
143,Love Yourself,Justin Bieber,544879,https://open.spotify.com/track/3hB5DgAiMAQ4DzYbsMq1IT,3hB5DgAiMAQ4DzYbsMq1IT
144,My Way,Calvin Harris,540864,https://open.spotify.com/track/1vvNmPOiUuyCbgWmtc6yfm,1vvNmPOiUuyCbgWmtc6yfm
145,Stressed Out,Twenty One Pilots,535718,https://open.spotify.com/track/3CRDbSIZ4r5MsZ0YwxuEkn,3CRDbSIZ4r5MsZ0YwxuEkn
146,Moves,Big Sean,531838,https://open.spotify.com/track/0Fv5N0cHBsl4bzCbollCAS,0Fv5N0cHBsl4bzCbollCAS
147,Black Beatles,Rae Sremmurd,531014,https://open.spotify.com/track/6fujklziTHa8uoM5OQSfIo,6fujklziTHa8uoM5OQSfIo
148,Faded,Alan Walker,530991,https://open.spotify.com/track/7gHs73wELdeycvS48JfIos,7gHs73wELdeycvS48JfIos
149,Human,Rag'n'Bone Man,530034,https://open.spotify.com/track/58zsLZPvfflaiIbNWoA22O,58zsLZPvfflaiIbNWoA22O
150,Vacaciones,Wisin,526668,https://open.spotify.com/track/3dQDid3IUNhZy1OehIfYfE,3dQDid3IUNhZy1OehIfYfE
151,Bad Things (with Camila Cabello),Machine Gun Kelly,520915,https://open.spotify.com/track/1PSBzsahR2AKwLJgx8ehBj,1PSBzsahR2AKwLJgx8ehBj
152,Scars To Your Beautiful,Alessia Cara,520729,https://open.spotify.com/track/0prNGof3XqfTvNDxHonvdK,0prNGof3XqfTvNDxHonvdK
153,Barcelona,Ed Sheeran,516178,https://open.spotify.com/track/3Lfiu5sZ4M4B6JaKMBc0FU,3Lfiu5sZ4M4B6JaKMBc0FU
154,Supermarket Flowers,Ed Sheeran,515817,https://open.spotify.com/track/4VuS959DSpr82t3qBqCrWG,4VuS959DSpr82t3qBqCrWG
155,Teenage Fever,Drake,514821,https://open.spotify.com/track/6n3HGiq4v35D6eFOSwqYuo,6n3HGiq4v35D6eFOSwqYuo
156,Te Quiero Pa´Mi,Don Omar,512785,https://open.spotify.com/track/3BY2mafsbsoKGqS380Xnuz,3BY2mafsbsoKGqS380Xnuz
157,Work from Home (feat. Ty Dolla $ign),Fifth Harmony,511176,https://open.spotify.com/track/4tCtwWceOPWzenK2HAIJSb,4tCtwWceOPWzenK2HAIJSb
158,Lights Down Low,MAX,510192,https://open.spotify.com/track/1sYSP7gKa5kdKIfhANfori,1sYSP7gKa5kdKIfhANfori
159,Ride,Twenty One Pilots,509003,https://open.spotify.com/track/2Z8WuEywRWYTKe1NybPQEW,2Z8WuEywRWYTKe1NybPQEW
160,This Is What You Came For (feat. Rihanna),Calvin Harris,501709,https://open.spotify.com/track/0azC730Exh71aQlOt9Zj3y,0azC730Exh71aQlOt9Zj3y
161,Get It Together,Drake,501614,https://open.spotify.com/track/7y6c07pgjZvtHI9kuMVqk1,7y6c07pgjZvtHI9kuMVqk1
162,Free Smoke,Drake,500739,https://open.spotify.com/track/05KOgYg8PGeJyyWBPi5ja8,05KOgYg8PGeJyyWBPi5ja8
163,Perfect Strangers,Jonas Blue,500599,https://open.spotify.com/track/1CUVN2kn7mW5FjkqXTR2W1,1CUVN2kn7mW5FjkqXTR2W1
164,Sorry,Justin Bieber,499108,https://open.spotify.com/track/69bp2EbF7Q2rqc5N3ylezZ,69bp2EbF7Q2rqc5N3ylezZ
165,Broccoli (feat. Lil Yachty),Shelley FKA DRAM,498348,https://open.spotify.com/track/7yyRTcZmCiyzzJlNzGC9Ol,7yyRTcZmCiyzzJlNzGC9Ol
166,Don't Leave,Snakehips,489031,https://open.spotify.com/track/0Zx8khUcEfCFK2AEoIhC92,0Zx8khUcEfCFK2AEoIhC92
167,No Lie,Sean Paul,483468,https://open.spotify.com/track/3cFsmM51N5zMAuu1nNY4Tw,3cFsmM51N5zMAuu1nNY4Tw
168,Traicionera,Sebastian Yatra,482949,https://open.spotify.com/track/5J1c3M4EldCfNxXwrwt8mT,5J1c3M4EldCfNxXwrwt8mT
169,Lean On (feat. MØ & DJ Snake),Major Lazer,482222,https://open.spotify.com/track/4WjH9Bzt3kx7z8kl0awxh4,4WjH9Bzt3kx7z8kl0awxh4
170,How Would You Feel (Paean),Ed Sheeran,481796,https://open.spotify.com/track/6PJ8FF6UR8FZXfEvpHkIVN,6PJ8FF6UR8FZXfEvpHkIVN
171,Shed a Light,Robin Schulz,478846,https://open.spotify.com/track/1cG0umU5TKStygKsPFZ9pY,1cG0umU5TKStygKsPFZ9pY
172,All We Know,The Chainsmokers,474103,https://open.spotify.com/track/2rizacJSyD9S1IQUxUxnsK,2rizacJSyD9S1IQUxUxnsK
173,This Girl (Kungs Vs. Cookin' On 3 Burners),Kungs,468838,https://open.spotify.com/track/0tICYNayWWhH9GPeFrfjfD,0tICYNayWWhH9GPeFrfjfD
174,Water Under the Bridge,Adele,468526,https://open.spotify.com/track/4vb4mFvYsr2h6enhjJsq9Y,4vb4mFvYsr2h6enhjJsq9Y
175,Versace on the Floor,Bruno Mars,467949,https://open.spotify.com/track/0kN8xEmgMW9mh7UmDYHlJP,0kN8xEmgMW9mh7UmDYHlJP
176,Million Reasons,Lady Gaga,464956,https://open.spotify.com/track/50PWlIBU7PlGGwzgN8TiFJ,50PWlIBU7PlGGwzgN8TiFJ
177,Sunset Lover,Petit Biscuit,464703,https://open.spotify.com/track/0hNduWmlWmEmuwEFcYvRu1,0hNduWmlWmEmuwEFcYvRu1
178,Caroline,Aminé,463751,https://open.spotify.com/track/5GFDrUTLGJix84sNhjCG0g,5GFDrUTLGJix84sNhjCG0g
179,I Got You,Bebe Rexha,454761,https://open.spotify.com/track/1FUViuNSldssMIawrOXF2i,1FUViuNSldssMIawrOXF2i
180,Lumbra,Cali Y El Dandee,454490,https://open.spotify.com/track/6VHdcVbiKLYYOcMbIqBcuK,6VHdcVbiKLYYOcMbIqBcuK
181,7 Years,Lukas Graham,451796,https://open.spotify.com/track/7129iqBafaphfc3WPCGC0L,7129iqBafaphfc3WPCGC0L
182,Up,NAV,450888,https://open.spotify.com/track/5qbcsZMwL0x46sX7VO37Ye,5qbcsZMwL0x46sX7VO37Ye
183,Panda,Desiigner,448813,https://open.spotify.com/track/5OOkp4U9P9oL23maHFHL1h,5OOkp4U9P9oL23maHFHL1h
184,Get Right Witcha,Migos,446721,https://open.spotify.com/track/76Y0gxtTxN0FyDCYh5qYQj,76Y0gxtTxN0FyDCYh5qYQj
185,By Your Side,Jonas Blue,445078,https://open.spotify.com/track/1D3ODoXHBLpdxolZRHWV1j,1D3ODoXHBLpdxolZRHWV1j
186,"i hate u, i love u (feat. olivia o'brien)",gnash,444196,https://open.spotify.com/track/7vRriwrloYVaoAe3a9wJHe,7vRriwrloYVaoAe3a9wJHe
187,Do Not Disturb,Drake,443726,https://open.spotify.com/track/2KvHC9z14GSl4YpkNMX384,2KvHC9z14GSl4YpkNMX384
188,Hey DJ,CNCO,440937,https://open.spotify.com/track/209gZgcfLq2aUuu51vOWBl,209gZgcfLq2aUuu51vOWBl
189,Light It Up (feat. Nyla & Fuse ODG) - Remix,Major Lazer,440456,https://open.spotify.com/track/0L7loeTIg6akW84aEQZpCT,0L7loeTIg6akW84aEQZpCT
190,"Sucker for Pain (with Wiz Khalifa, Imagine Dragons, Logic & Ty Dolla $ign feat. X Ambassadors)",Lil Wayne,439044,https://open.spotify.com/track/4dASQiO1Eoo3RJvt74FtXB,4dASQiO1Eoo3RJvt74FtXB
191,"Lose Yourself - From ""8 Mile"" Soundtrack",Eminem,438450,https://open.spotify.com/track/5Z01UMMf7V1o0MzF86s6WJ,5Z01UMMf7V1o0MzF86s6WJ
192,wokeuplikethis*,Playboi Carti,434797,https://open.spotify.com/track/59J5nzL1KniFHnU120dQzt,59J5nzL1KniFHnU120dQzt
193,Nights With You,MØ,432943,https://open.spotify.com/track/5q5gzmbBS5yQzos2BvVr1t,5q5gzmbBS5yQzos2BvVr1t
194,Deja vu,Prince Royce,431590,https://open.spotify.com/track/46HdsiK0uR26B2dY9QPzda,46HdsiK0uR26B2dY9QPzda
195,Alone,Alan Walker,429989,https://open.spotify.com/track/0JiVRyTJcJnmlwCZ854K4p,0JiVRyTJcJnmlwCZ854K4p
196,La Bicicleta,Carlos Vives,429349,https://open.spotify.com/track/0sXvAOmXgjR2QUqLK1MltU,0sXvAOmXgjR2QUqLK1MltU
197,Cake By The Ocean,DNCE,427741,https://open.spotify.com/track/2aFiaMXmWsM3Vj72F9ksBl,2aFiaMXmWsM3Vj72F9ksBl
198,No Problem (feat. Lil Wayne & 2 Chainz),Chance the Rapper,427357,https://open.spotify.com/track/0v9Wz8o0BT8DU38R4ddjeH,0v9Wz8o0BT8DU38R4ddjeH
199,Party Monster,The Weeknd,427353,https://open.spotify.com/track/4F7A0DXBrmUAkp32uenhZt,4F7A0DXBrmUAkp32uenhZt
200,Black SpiderMan,Logic,427303,https://open.spotify.com/track/7BKUWh5sdtdS17crohRe4L,7BKUWh5sdtdS17crohRe4L
