Position,Track Name,Artist,Streams,URL,trackID
1,Shape of You,Ed Sheeran,7059172,https://open.spotify.com/track/7qiZfU4dY1lWllzX7mPBI3,7qiZfU4dY1lWllzX7mPBI3
2,Something Just Like This,The Chainsmokers,4517368,https://open.spotify.com/track/6RUKPb4LETWmmr3iAEQktW,6RUKPb4LETWmmr3iAEQktW
3,It Ain't Me (with Selena Gomez),Kygo,4454192,https://open.spotify.com/track/3eR23VReFzcdmS7TYCrhCe,3eR23VReFzcdmS7TYCrhCe
4,"I Don’t Wanna Live Forever (Fifty Shades Darker) - From ""Fifty Shades Darker (Original Motion Picture Soundtrack)""",ZAYN,3852601,https://open.spotify.com/track/3NdDpSvN911VPGivFlV5d0,3NdDpSvN911VPGivFlV5d0
5,Paris,The Chainsmokers,3610645,https://open.spotify.com/track/72jbDTw1piOOj770jWNeaG,72jbDTw1piOOj770jWNeaG
6,Despacito (Featuring Daddy Yankee),Luis Fonsi,3451927,https://open.spotify.com/track/4aWmUDTfIPGksMNLV2rQP2,4aWmUDTfIPGksMNLV2rQP2
7,Scared to Be Lonely,Martin Garrix,3120676,https://open.spotify.com/track/3ebXMykcMXOcLeJ9xZ17XH,3ebXMykcMXOcLeJ9xZ17XH
8,Chained To The Rhythm,Katy Perry,3015056,https://open.spotify.com/track/6520aj0B4FSKGVuKNsOCOi,6520aj0B4FSKGVuKNsOCOi
9,Issues,Julia Michaels,2666821,https://open.spotify.com/track/1sXUWdKx03aP9Gmzft58rt,1sXUWdKx03aP9Gmzft58rt
10,Rockabye (feat. Sean Paul & Anne-Marie),Clean Bandit,2528520,https://open.spotify.com/track/5knuzwU65gJK7IF5yJsuaW,5knuzwU65gJK7IF5yJsuaW
11,Castle on the Hill,Ed Sheeran,2519359,https://open.spotify.com/track/6PCUP3dWmTjcTtXY02oFdT,6PCUP3dWmTjcTtXY02oFdT
12,I Feel It Coming,The Weeknd,2354694,https://open.spotify.com/track/5GXAXm5YOmYT0kL5jHvYBt,5GXAXm5YOmYT0kL5jHvYBt
13,Say You Won't Let Go,James Arthur,2280023,https://open.spotify.com/track/5uCax9HTNlzGybIStD3vDh,5uCax9HTNlzGybIStD3vDh
14,Slide (feat. Frank Ocean & Migos),Calvin Harris,2278294,https://open.spotify.com/track/7tr2za8SQg2CI8EDgrdtNl,7tr2za8SQg2CI8EDgrdtNl
15,That's What I Like,Bruno Mars,2237827,https://open.spotify.com/track/0KKkJNfGyhkQ5aFogxQAPU,0KKkJNfGyhkQ5aFogxQAPU
16,Closer,The Chainsmokers,2174664,https://open.spotify.com/track/7BKLCZ1jbUBVqRi2FVlTVw,7BKLCZ1jbUBVqRi2FVlTVw
17,Stay (with Alessia Cara),Zedd,2130973,https://open.spotify.com/track/0dA2Mk56wEzDgegdC6R17g,0dA2Mk56wEzDgegdC6R17g
18,Call On Me - Ryan Riback Extended Remix,Starley,2125346,https://open.spotify.com/track/78rIJddV4X0HkNAInEcYde,78rIJddV4X0HkNAInEcYde
19,Believer,Imagine Dragons,2123567,https://open.spotify.com/track/0CcQNd8CINkwQfe1RDtGV6,0CcQNd8CINkwQfe1RDtGV6
20,Starboy,The Weeknd,2099792,https://open.spotify.com/track/5aAx2yezTd8zXrkmtKl66Z,5aAx2yezTd8zXrkmtKl66Z
21,Cold,Maroon 5,2070481,https://open.spotify.com/track/5NNlUMcOEOdoOIwwaWXv0k,5NNlUMcOEOdoOIwwaWXv0k
22,Bad and Boujee (feat. Lil Uzi Vert),Migos,1976963,https://open.spotify.com/track/4Km5HrUvYTaSUfiSGPJeQR,4Km5HrUvYTaSUfiSGPJeQR
23,"How Far I'll Go - From ""Moana""",Alessia Cara,1912494,https://open.spotify.com/track/5hYTyyh2odQKphUbMqc5gN,5hYTyyh2odQKphUbMqc5gN
24,Run Up (feat. PARTYNEXTDOOR & Nicki Minaj),Major Lazer,1893738,https://open.spotify.com/track/0fg8CqpjdojMyXLNzM2PaJ,0fg8CqpjdojMyXLNzM2PaJ
25,iSpy (feat. Lil Yachty),KYLE,1860856,https://open.spotify.com/track/2EEeOnHehOozLq4aS0n6SL,2EEeOnHehOozLq4aS0n6SL
26,Chantaje (feat. Maluma),Shakira,1752901,https://open.spotify.com/track/6mICuAdrwEjh6Y6lroV2Kg,6mICuAdrwEjh6Y6lroV2Kg
27,Just Hold On,Steve Aoki,1667364,https://open.spotify.com/track/3EmmCZoqpWOTY1g2GBwJoR,3EmmCZoqpWOTY1g2GBwJoR
28,Bad Things (with Camila Cabello),Machine Gun Kelly,1632938,https://open.spotify.com/track/1PSBzsahR2AKwLJgx8ehBj,1PSBzsahR2AKwLJgx8ehBj
29,Solo Dance,Martin Jensen,1618416,https://open.spotify.com/track/6HUnnBwYZqcED1eQztxMBN,6HUnnBwYZqcED1eQztxMBN
30,Weak,AJR,1609371,https://open.spotify.com/track/3E2Zh20GDCR9B1EYjfXWyv,3E2Zh20GDCR9B1EYjfXWyv
31,All Time Low,Jon Bellion,1565719,https://open.spotify.com/track/1CnPYaKxTVb4LWOtiGOm0m,1CnPYaKxTVb4LWOtiGOm0m
32,Bounce Back,Big Sean,1545713,https://open.spotify.com/track/0SGkqnVQo9KPytSri1H6cF,0SGkqnVQo9KPytSri1H6cF
33,All Night,The Vamps,1541037,https://open.spotify.com/track/1yNyoWWWikbLhwIGWjZuDW,1yNyoWWWikbLhwIGWjZuDW
34,Let Me Love You,DJ Snake,1525216,https://open.spotify.com/track/4pdPtRcBmOSQDlJ3Fk945m,4pdPtRcBmOSQDlJ3Fk945m
35,Fake Love,Drake,1491906,https://open.spotify.com/track/343YBumqHu19cGoGARUTsd,343YBumqHu19cGoGARUTsd
36,Don't Wanna Know,Maroon 5,1487467,https://open.spotify.com/track/5MFzQMkrl1FOOng9tq6R9r,5MFzQMkrl1FOOng9tq6R9r
37,El Amante,Nicky Jam,1474867,https://open.spotify.com/track/3umS4y3uQDkqekNjVpiRUs,3umS4y3uQDkqekNjVpiRUs
38,24K Magic,Bruno Mars,1428595,https://open.spotify.com/track/6b8Be6ljOzmkOmFslEb23P,6b8Be6ljOzmkOmFslEb23P
39,Congratulations,Post Malone,1427213,https://open.spotify.com/track/3a1lNhkSLSkpJE4MSHpDu9,3a1lNhkSLSkpJE4MSHpDu9
40,Shed a Light,Robin Schulz,1316218,https://open.spotify.com/track/1cG0umU5TKStygKsPFZ9pY,1cG0umU5TKStygKsPFZ9pY
41,Reggaetón Lento (Bailemos),CNCO,1315612,https://open.spotify.com/track/3AEZUABDXNtecAOSC1qTfo,3AEZUABDXNtecAOSC1qTfo
42,One Dance,Drake,1314304,https://open.spotify.com/track/1xznGGDReH1oQq0xzbwXa3,1xznGGDReH1oQq0xzbwXa3
43,Don't Leave,Snakehips,1301820,https://open.spotify.com/track/0Zx8khUcEfCFK2AEoIhC92,0Zx8khUcEfCFK2AEoIhC92
44,You Don't Know Me - Radio Edit,Jax Jones,1279507,https://open.spotify.com/track/00lNx0OcTJrS3MKHcB80HY,00lNx0OcTJrS3MKHcB80HY
45,Tunnel Vision,Kodak Black,1214541,https://open.spotify.com/track/4Q3N4Ct4zCuIHuZ65E3BD4,4Q3N4Ct4zCuIHuZ65E3BD4
46,Hear Me Now,Alok,1174948,https://open.spotify.com/track/1a5Yu5L18qNxVhXx38njON,1a5Yu5L18qNxVhXx38njON
47,Cold Water (feat. Justin Bieber & MØ),Major Lazer,1168873,https://open.spotify.com/track/6DNtNfH8hXkqOX1sjqmI7p,6DNtNfH8hXkqOX1sjqmI7p
48,In the Name of Love,Martin Garrix,1159468,https://open.spotify.com/track/04DwTuZ2VBdJCCC5TROn7L,04DwTuZ2VBdJCCC5TROn7L
49,Now and Later,Sage The Gemini,1134059,https://open.spotify.com/track/43jBqV3j3Xi1g6wO0bhIMd,43jBqV3j3Xi1g6wO0bhIMd
50,Mask Off,Future,1118147,https://open.spotify.com/track/3rOSwuTsUlJp0Pu0MkN8r8,3rOSwuTsUlJp0Pu0MkN8r8
51,Side To Side,Ariana Grande,1101123,https://open.spotify.com/track/4pLwZjInHj3SimIyN9SnOz,4pLwZjInHj3SimIyN9SnOz
52,T-Shirt,Migos,1050218,https://open.spotify.com/track/7KOlJ92bu51cltsD9KU5I7,7KOlJ92bu51cltsD9KU5I7
53,Sunset Lover,Petit Biscuit,961837,https://open.spotify.com/track/0hNduWmlWmEmuwEFcYvRu1,0hNduWmlWmEmuwEFcYvRu1
54,Otra vez (feat. J Balvin),Zion & Lennox,961233,https://open.spotify.com/track/3QwBODjSEzelZyVjxPOHdq,3QwBODjSEzelZyVjxPOHdq
55,SUBEME LA RADIO (feat. Descemer Bueno & Zion & Lennox),Enrique Iglesias,956715,https://open.spotify.com/track/7nKBxz47S9SD79N086fuhn,7nKBxz47S9SD79N086fuhn
56,I Got You,Bebe Rexha,952289,https://open.spotify.com/track/1FUViuNSldssMIawrOXF2i,1FUViuNSldssMIawrOXF2i
57,How Would You Feel (Paean),Ed Sheeran,946602,https://open.spotify.com/track/6PJ8FF6UR8FZXfEvpHkIVN,6PJ8FF6UR8FZXfEvpHkIVN
58,Love,Lana Del Rey,939966,https://open.spotify.com/track/0n2bvWvMwr0gbjcuTm92eW,0n2bvWvMwr0gbjcuTm92eW
59,Starving,Hailee Steinfeld,933051,https://open.spotify.com/track/1qOLh0tI7trd1zdDKxYZTe,1qOLh0tI7trd1zdDKxYZTe
60,Body Like A Back Road,Sam Hunt,927462,https://open.spotify.com/track/7mldq42yDuxiUNn08nvzHO,7mldq42yDuxiUNn08nvzHO
61,Black Beatles,Rae Sremmurd,919742,https://open.spotify.com/track/6fujklziTHa8uoM5OQSfIo,6fujklziTHa8uoM5OQSfIo
62,Water Under the Bridge,Adele,917608,https://open.spotify.com/track/4vb4mFvYsr2h6enhjJsq9Y,4vb4mFvYsr2h6enhjJsq9Y
63,My Way,Calvin Harris,895432,https://open.spotify.com/track/1vvNmPOiUuyCbgWmtc6yfm,1vvNmPOiUuyCbgWmtc6yfm
64,"CAN'T STOP THE FEELING! (Original Song from DreamWorks Animation's ""TROLLS"")",Justin Timberlake,879106,https://open.spotify.com/track/6JV2JOEocMgcZxYSZelKcc,6JV2JOEocMgcZxYSZelKcc
65,Comin Out Strong (feat. The Weeknd),Future,877220,https://open.spotify.com/track/3mRcWCyteY2133a7xVMrYw,3mRcWCyteY2133a7xVMrYw
66,Love On The Brain,Rihanna,859799,https://open.spotify.com/track/2aksifNn5ph8igDOkPBA02,2aksifNn5ph8igDOkPBA02
67,Safari,J Balvin,854397,https://open.spotify.com/track/6rQSrBHf7HlZjtcMZ4S4bO,6rQSrBHf7HlZjtcMZ4S4bO
68,Swang,Rae Sremmurd,848818,https://open.spotify.com/track/6mapJIPnQ23RTAevUoE0DL,6mapJIPnQ23RTAevUoE0DL
69,Human,Rag'n'Bone Man,843739,https://open.spotify.com/track/58zsLZPvfflaiIbNWoA22O,58zsLZPvfflaiIbNWoA22O
70,It's Gotta Be You,Isaiah Firebrace,841996,https://open.spotify.com/track/6cAKeFFYW2aClZSUyvqAEW,6cAKeFFYW2aClZSUyvqAEW
71,Selfish (feat. Rihanna),Future,840540,https://open.spotify.com/track/2Ce5IyMlVRVvN997ZJjJJA,2Ce5IyMlVRVvN997ZJjJJA
72,Alone,Alan Walker,826507,https://open.spotify.com/track/0JiVRyTJcJnmlwCZ854K4p,0JiVRyTJcJnmlwCZ854K4p
73,Photograph,Ed Sheeran,810295,https://open.spotify.com/track/6fxVffaTuwjgEk5h9QyRjy,6fxVffaTuwjgEk5h9QyRjy
74,History,Olivia Holt,809501,https://open.spotify.com/track/0WCEaydwN65cvwaW8aqptF,0WCEaydwN65cvwaW8aqptF
75,September Song,JP Cooper,801243,https://open.spotify.com/track/0FuTx2s3YH1ppmtiM6l0zI,0FuTx2s3YH1ppmtiM6l0zI
76,Mercy,Shawn Mendes,799815,https://open.spotify.com/track/4TZy1wLyHec06pwgFYDh1a,4TZy1wLyHec06pwgFYDh1a
77,Touch,Little Mix,791961,https://open.spotify.com/track/5Ua3GXyHwiSfpNTMjq6m2z,5Ua3GXyHwiSfpNTMjq6m2z
78,Don't Let Me Down (feat. Daya),The Chainsmokers,783439,https://open.spotify.com/track/0QsvXIfqM0zZoerQfsI9lm,0QsvXIfqM0zZoerQfsI9lm
79,Heathens,Twenty One Pilots,781922,https://open.spotify.com/track/6i0V12jOa3mr6uu4WYhUBr,6i0V12jOa3mr6uu4WYhUBr
80,Treat You Better,Shawn Mendes,780944,https://open.spotify.com/track/4Hf7WnR761jpxPr5D46Bcd,4Hf7WnR761jpxPr5D46Bcd
81,I Would Like,Zara Larsson,768675,https://open.spotify.com/track/4Q4jmPHwu0wrJvqrld0FQ6,4Q4jmPHwu0wrJvqrld0FQ6
82,Party Monster,The Weeknd,764536,https://open.spotify.com/track/4F7A0DXBrmUAkp32uenhZt,4F7A0DXBrmUAkp32uenhZt
83,Scars To Your Beautiful,Alessia Cara,759497,https://open.spotify.com/track/0prNGof3XqfTvNDxHonvdK,0prNGof3XqfTvNDxHonvdK
84,Vente Pa' Ca (feat. Maluma),Ricky Martin,752939,https://open.spotify.com/track/7DM4BPaS7uofFul3ywMe46,7DM4BPaS7uofFul3ywMe46
85,Caroline,Aminé,750073,https://open.spotify.com/track/5GFDrUTLGJix84sNhjCG0g,5GFDrUTLGJix84sNhjCG0g
86,La Rompe Corazones,Daddy Yankee,741683,https://open.spotify.com/track/4okba5wu9mMLXx79DXLKi3,4okba5wu9mMLXx79DXLKi3
87,All We Know,The Chainsmokers,739004,https://open.spotify.com/track/2rizacJSyD9S1IQUxUxnsK,2rizacJSyD9S1IQUxUxnsK
88,Me llamas (feat. Maluma) - Remix,Piso 21,733111,https://open.spotify.com/track/5hEM0JchdVzQ5PwvSfITeX,5hEM0JchdVzQ5PwvSfITeX
89,"Ay Mi Dios (feat. Pitbull, Yandel & Chacal)",IAmChino,724851,https://open.spotify.com/track/6stYbAJgTszHAHZMPxWWCY,6stYbAJgTszHAHZMPxWWCY
90,Thinking out Loud,Ed Sheeran,719922,https://open.spotify.com/track/1Slwb6dOYkBlWal1PGtnNg,1Slwb6dOYkBlWal1PGtnNg
91,Vacaciones,Wisin,716806,https://open.spotify.com/track/3dQDid3IUNhZy1OehIfYfE,3dQDid3IUNhZy1OehIfYfE
92,Moves,Big Sean,707508,https://open.spotify.com/track/0Fv5N0cHBsl4bzCbollCAS,0Fv5N0cHBsl4bzCbollCAS
93,"Sola (Remix) [feat. Daddy Yankee, Wisin, Farruko, Zion & Lennox]",Anuel AA,704931,https://open.spotify.com/track/5q2JbCNi4FcnglgPfxcV65,5q2JbCNi4FcnglgPfxcV65
94,Redbone,Childish Gambino,703970,https://open.spotify.com/track/3kxfsdsCpFgN412fpnW85Y,3kxfsdsCpFgN412fpnW85Y
95,Romantic - NOTD Remix,Stanaj,681138,https://open.spotify.com/track/3SGWp9fJCzgK0WcpcKSQdy,3SGWp9fJCzgK0WcpcKSQdy
96,Make Me (Cry),Noah Cyrus,676374,https://open.spotify.com/track/2BrzlUj1u1CtvaJDGIKpsP,2BrzlUj1u1CtvaJDGIKpsP
97,Skin,Rag'n'Bone Man,671310,https://open.spotify.com/track/6y2Kaz9QI01XBKJ8mTb7Pf,6y2Kaz9QI01XBKJ8mTb7Pf
98,By Your Side,Jonas Blue,670960,https://open.spotify.com/track/1D3ODoXHBLpdxolZRHWV1j,1D3ODoXHBLpdxolZRHWV1j
99,Broccoli (feat. Lil Yachty),Shelley FKA DRAM,667656,https://open.spotify.com/track/7yyRTcZmCiyzzJlNzGC9Ol,7yyRTcZmCiyzzJlNzGC9Ol
100,The Other,Lauv,667340,https://open.spotify.com/track/1lntL1cI2UIWlxjL5QiN8g,1lntL1cI2UIWlxjL5QiN8g
101,Oceans Away,A R I Z O N A,666046,https://open.spotify.com/track/6A8dnC0xkiuWN4BshmTB2I,6A8dnC0xkiuWN4BshmTB2I
102,Love Me Now,John Legend,665879,https://open.spotify.com/track/6nxQdXa1uAL0rY72wPZu89,6nxQdXa1uAL0rY72wPZu89
103,We Don't Talk Anymore (feat. Selena Gomez),Charlie Puth,665282,https://open.spotify.com/track/68EMU2RD1ECNeOeJ5qAXCV,68EMU2RD1ECNeOeJ5qAXCV
104,I Took A Pill In Ibiza - Seeb Remix,Mike Posner,660224,https://open.spotify.com/track/17Fd6Yb7mSbinKG8LoWfFl,17Fd6Yb7mSbinKG8LoWfFl
105,Me Rehúso,Danny Ocean,658574,https://open.spotify.com/track/6De0lHrwBfPfrhorm9q1Xl,6De0lHrwBfPfrhorm9q1Xl
106,Sooner Or Later,Aaron Carter,648008,https://open.spotify.com/track/6wV12xIUb8oFY7lBy4KuQe,6wV12xIUb8oFY7lBy4KuQe
107,Cake - Challenge Version,Flo Rida,647816,https://open.spotify.com/track/6t2ubAB4iSYOuIpRAOGd4t,6t2ubAB4iSYOuIpRAOGd4t
108,goosebumps,Travis Scott,640697,https://open.spotify.com/track/6gBFPUFcJLzWGx4lenP6h2,6gBFPUFcJLzWGx4lenP6h2
109,Versace on the Floor,Bruno Mars,639202,https://open.spotify.com/track/0kN8xEmgMW9mh7UmDYHlJP,0kN8xEmgMW9mh7UmDYHlJP
110,Stressed Out,Twenty One Pilots,637590,https://open.spotify.com/track/3CRDbSIZ4r5MsZ0YwxuEkn,3CRDbSIZ4r5MsZ0YwxuEkn
111,Ride,Twenty One Pilots,627079,https://open.spotify.com/track/2Z8WuEywRWYTKe1NybPQEW,2Z8WuEywRWYTKe1NybPQEW
112,Down,Marian Hill,623648,https://open.spotify.com/track/2dqLk7ezV15LEJEwUmEbXB,2dqLk7ezV15LEJEwUmEbXB
113,Be the One,Dua Lipa,622781,https://open.spotify.com/track/7FCfMXYTIiQ9b4hDYs4Iol,7FCfMXYTIiQ9b4hDYs4Iol
114,Some Kind Of Drug (feat. Marc E. Bassy),G-Eazy,620102,https://open.spotify.com/track/1Bqxj0aH5KewYHKUg1IdrF,1Bqxj0aH5KewYHKUg1IdrF
115,No Lie,Sean Paul,619783,https://open.spotify.com/track/3cFsmM51N5zMAuu1nNY4Tw,3cFsmM51N5zMAuu1nNY4Tw
116,No Problem (feat. Lil Wayne & 2 Chainz),Chance the Rapper,614097,https://open.spotify.com/track/0v9Wz8o0BT8DU38R4ddjeH,0v9Wz8o0BT8DU38R4ddjeH
117,"City Of Stars - From ""La La Land"" Soundtrack",Ryan Gosling,612278,https://open.spotify.com/track/0LtVx5vsq9nfpGsWgjUin6,0LtVx5vsq9nfpGsWgjUin6
118,The Greatest (feat. Kendrick Lamar),Sia,598805,https://open.spotify.com/track/7xHWNBFm6ObGEQPaUxHuKO,7xHWNBFm6ObGEQPaUxHuKO
119,Perfect Strangers,Jonas Blue,598106,https://open.spotify.com/track/1CUVN2kn7mW5FjkqXTR2W1,1CUVN2kn7mW5FjkqXTR2W1
120,Faded,Alan Walker,597766,https://open.spotify.com/track/7gHs73wELdeycvS48JfIos,7gHs73wELdeycvS48JfIos
121,Cheap Thrills,Sia,595215,https://open.spotify.com/track/27SdWb2rFzO6GWiYDBTD9j,27SdWb2rFzO6GWiYDBTD9j
122,Million Reasons,Lady Gaga,595138,https://open.spotify.com/track/50PWlIBU7PlGGwzgN8TiFJ,50PWlIBU7PlGGwzgN8TiFJ
123,Shooting Stars,Bag Raiders,593880,https://open.spotify.com/track/0UeYCHOETPfai02uskjJ3x,0UeYCHOETPfai02uskjJ3x
124,Big For Your Boots,Stormzy,579328,https://open.spotify.com/track/3uMB82o0qa7erhiZBW9KQC,3uMB82o0qa7erhiZBW9KQC
125,Love Yourself,Justin Bieber,579161,https://open.spotify.com/track/3hB5DgAiMAQ4DzYbsMq1IT,3hB5DgAiMAQ4DzYbsMq1IT
126,No Heart,21 Savage,576401,https://open.spotify.com/track/4gmmRb6bZJffOOiww1JGTO,4gmmRb6bZJffOOiww1JGTO
127,Dile Que Tu Me Quieres,Ozuna,575459,https://open.spotify.com/track/20ZAJdsKB5IGbGj4ilRt2o,20ZAJdsKB5IGbGj4ilRt2o
128,La Bicicleta,Carlos Vives,574960,https://open.spotify.com/track/0sXvAOmXgjR2QUqLK1MltU,0sXvAOmXgjR2QUqLK1MltU
129,This Is What You Came For (feat. Rihanna),Calvin Harris,572733,https://open.spotify.com/track/0azC730Exh71aQlOt9Zj3y,0azC730Exh71aQlOt9Zj3y
130,X (feat. Future),21 Savage,571850,https://open.spotify.com/track/6fwdbPMwP1zVStm8FybmkO,6fwdbPMwP1zVStm8FybmkO
131,Gyal You A Party Animal - Remix,Charly Black,566502,https://open.spotify.com/track/1AkTW13ysu0AJrwuM6UY0I,1AkTW13ysu0AJrwuM6UY0I
132,Lot to Learn,Luke Christopher,562797,https://open.spotify.com/track/3TRFq09DUgYj1mug6RRqJW,3TRFq09DUgYj1mug6RRqJW
133,Panda,Desiigner,561548,https://open.spotify.com/track/5OOkp4U9P9oL23maHFHL1h,5OOkp4U9P9oL23maHFHL1h
134,Work from Home (feat. Ty Dolla $ign),Fifth Harmony,558757,https://open.spotify.com/track/4tCtwWceOPWzenK2HAIJSb,4tCtwWceOPWzenK2HAIJSb
135,Location,Khalid,556668,https://open.spotify.com/track/152lZdxL1OR0ZMW6KquMif,152lZdxL1OR0ZMW6KquMif
136,Traicionera,Sebastian Yatra,556049,https://open.spotify.com/track/5J1c3M4EldCfNxXwrwt8mT,5J1c3M4EldCfNxXwrwt8mT
137,Deja Vu,J. Cole,555822,https://open.spotify.com/track/6I6NX6tjGsxFAsIfGzY9lJ,6I6NX6tjGsxFAsIfGzY9lJ
138,Swalla (feat. Nicki Minaj & Ty Dolla $ign),Jason Derulo,555257,https://open.spotify.com/track/6kex4EBAj0WHXDKZMEJaaF,6kex4EBAj0WHXDKZMEJaaF
139,Too Good,Drake,552932,https://open.spotify.com/track/11KJSRSgaDxqydKYiD2Jew,11KJSRSgaDxqydKYiD2Jew
140,Sexual,NEIKED,549123,https://open.spotify.com/track/3AsAuGTaDQzavZZThyYlop,3AsAuGTaDQzavZZThyYlop
141,Sorry,Justin Bieber,548789,https://open.spotify.com/track/69bp2EbF7Q2rqc5N3ylezZ,69bp2EbF7Q2rqc5N3ylezZ
142,Reminder,The Weeknd,544481,https://open.spotify.com/track/37F0uwRSrdzkBiuj0D5UHI,37F0uwRSrdzkBiuj0D5UHI
143,"Helium - From ""Fifty Shades Darker (Original Motion Picture Soundtrack)""",Sia,543188,https://open.spotify.com/track/5fc6rQgAKiLutfUYWQ6QnJ,5fc6rQgAKiLutfUYWQ6QnJ
144,Both (feat. Drake),Gucci Mane,539068,https://open.spotify.com/track/5tFep7dXGd7vEJ668wTPux,5tFep7dXGd7vEJ668wTPux
145,"Sucker for Pain (with Wiz Khalifa, Imagine Dragons, Logic & Ty Dolla $ign feat. X Ambassadors)",Lil Wayne,536244,https://open.spotify.com/track/4dASQiO1Eoo3RJvt74FtXB,4dASQiO1Eoo3RJvt74FtXB
146,Te Quiero Pa´Mi,Don Omar,533291,https://open.spotify.com/track/3BY2mafsbsoKGqS380Xnuz,3BY2mafsbsoKGqS380Xnuz
147,"i hate u, i love u (feat. olivia o'brien)",gnash,532571,https://open.spotify.com/track/7vRriwrloYVaoAe3a9wJHe,7vRriwrloYVaoAe3a9wJHe
148,Tuesday,Burak Yeter,528237,https://open.spotify.com/track/7abpmGpF7PGep2rDU68GBR,7abpmGpF7PGep2rDU68GBR
149,No Favors,Big Sean,523804,https://open.spotify.com/track/1MksGqIztTT6M9R1ErKVs8,1MksGqIztTT6M9R1ErKVs8
150,Capsize,FRENSHIP,519315,https://open.spotify.com/track/2XMTqoHHSH0lvuXrvIEdco,2XMTqoHHSH0lvuXrvIEdco
151,Fresh Eyes,Andy Grammer,515806,https://open.spotify.com/track/4nMlau89VAjmV7agkl7OY3,4nMlau89VAjmV7agkl7OY3
152,7 Years,Lukas Graham,493999,https://open.spotify.com/track/7129iqBafaphfc3WPCGC0L,7129iqBafaphfc3WPCGC0L
153,Andas En Mi Cabeza,Chino & Nacho,491217,https://open.spotify.com/track/5mey7CLLuFToM2P68Qu1gF,5mey7CLLuFToM2P68Qu1gF
154,Look at Me!,XXXTENTACION,489512,https://open.spotify.com/track/2oUuLLKS8WbF7ELJcwbqms,2oUuLLKS8WbF7ELJcwbqms
155,Heavy (feat. Kiiara),Linkin Park,487149,https://open.spotify.com/track/104buTcnP2AsxqB7U1FIZ4,104buTcnP2AsxqB7U1FIZ4
156,Work,Rihanna,482909,https://open.spotify.com/track/14WWzenpaEgQZlqPq2nk4v,14WWzenpaEgQZlqPq2nk4v
157,Controlla,Drake,481408,https://open.spotify.com/track/6F609ICg9Spjrw1epsAnpa,6F609ICg9Spjrw1epsAnpa
158,"Another Day Of Sun - From ""La La Land"" Soundtrack",La La Land Cast,480537,https://open.spotify.com/track/0zCfmceT1YvtZXGbR6Roht,0zCfmceT1YvtZXGbR6Roht
159,This Girl (Kungs Vs. Cookin' On 3 Burners),Kungs,476725,https://open.spotify.com/track/0tICYNayWWhH9GPeFrfjfD,0tICYNayWWhH9GPeFrfjfD
160,"Lose Yourself - From ""8 Mile"" Soundtrack",Eminem,476594,https://open.spotify.com/track/5Z01UMMf7V1o0MzF86s6WJ,5Z01UMMf7V1o0MzF86s6WJ
161,Sneakin’,Drake,474374,https://open.spotify.com/track/4ckuS4Nj4FZ7i3Def3Br8W,4ckuS4Nj4FZ7i3Def3Br8W
162,Needed Me,Rihanna,472835,https://open.spotify.com/track/1Tt4sE4pXi57mTD1GCzsqm,1Tt4sE4pXi57mTD1GCzsqm
163,Everyday,Ariana Grande,470883,https://open.spotify.com/track/3FiE2d325mIOc4YjkSLVJR,3FiE2d325mIOc4YjkSLVJR
164,I Love You,Axwell /\ Ingrosso,470677,https://open.spotify.com/track/11Fo4dAH31K7UZHGqCkCmE,11Fo4dAH31K7UZHGqCkCmE
165,Some Way,NAV,467273,https://open.spotify.com/track/7zxRMhXxJMQCeDDg0rKAVo,7zxRMhXxJMQCeDDg0rKAVo
166,Send My Love (To Your New Lover),Adele,465714,https://open.spotify.com/track/4BHzQ9C00ceJxfG16AlNWb,4BHzQ9C00ceJxfG16AlNWb
167,Let It Go,James Bay,465097,https://open.spotify.com/track/13HVjjWUZFaWilh2QUJKsP,13HVjjWUZFaWilh2QUJKsP
168,Cake By The Ocean,DNCE,465047,https://open.spotify.com/track/2aFiaMXmWsM3Vj72F9ksBl,2aFiaMXmWsM3Vj72F9ksBl
169,Into You,Ariana Grande,463996,https://open.spotify.com/track/7yHEDfrJNd0zWOfXwydNH0,7yHEDfrJNd0zWOfXwydNH0
170,Hello,Adele,462702,https://open.spotify.com/track/4sPmO7WMQUAf45kwMOtONw,4sPmO7WMQUAf45kwMOtONw
171,Shout Out to My Ex,Little Mix,462258,https://open.spotify.com/track/0YHUITU3w6ws1v8ehT264g,0YHUITU3w6ws1v8ehT264g
172,Shape of You - Stormzy Remix,Ed Sheeran,461717,https://open.spotify.com/track/2NHSYwGkAvPHzCinY0KwXo,2NHSYwGkAvPHzCinY0KwXo
173,Low Life (feat. The Weeknd),Future,460953,https://open.spotify.com/track/7EiZI6JVHllARrX9PUvAdX,7EiZI6JVHllARrX9PUvAdX
174,Thumbs,Sabrina Carpenter,459910,https://open.spotify.com/track/3UjJP4ludb74a29P5EHEIo,3UjJP4ludb74a29P5EHEIo
175,Shaky Shaky,Daddy Yankee,457981,https://open.spotify.com/track/58IL315gMSTD37DOZPJ2hf,58IL315gMSTD37DOZPJ2hf
176,Shape of You (feat. Nyla & Kranium) - Major Lazer Remix,Ed Sheeran,457860,https://open.spotify.com/track/1KqvRRQd3lfM0pAlkGPrgD,1KqvRRQd3lfM0pAlkGPrgD
177,This Town,Niall Horan,453392,https://open.spotify.com/track/5nA67Y0XX9JipZwYxX7Gl7,5nA67Y0XX9JipZwYxX7Gl7
178,Lean On (feat. MØ & DJ Snake),Major Lazer,452859,https://open.spotify.com/track/4WjH9Bzt3kx7z8kl0awxh4,4WjH9Bzt3kx7z8kl0awxh4
179,pick up the phone,Young Thug,448353,https://open.spotify.com/track/20dP2DaMHIAmwWAbp7peSr,20dP2DaMHIAmwWAbp7peSr
180,White Iverson,Post Malone,448288,https://open.spotify.com/track/6eT7xZZlB2mwyzJ2sUKG6w,6eT7xZZlB2mwyzJ2sUKG6w
181,Slippery (feat. Gucci Mane),Migos,446300,https://open.spotify.com/track/6p8NuHm8uCGnn2Dtbtf7zE,6p8NuHm8uCGnn2Dtbtf7zE
182,Chill Bill (feat. J. Davi$ & Spooks),Rob $tone,446242,https://open.spotify.com/track/5uDASfU19gDxSjW8cnCaBp,5uDASfU19gDxSjW8cnCaBp
183,Chillax (feat. Ky-Mani Marley),Farruko,439699,https://open.spotify.com/track/1lxswgIpzV6HhENRvkflES,1lxswgIpzV6HhENRvkflES
184,No Role Modelz,J. Cole,437387,https://open.spotify.com/track/62vpWI1CHwFy7tMIcSStl8,62vpWI1CHwFy7tMIcSStl8
185,The Mack,Nevada,436508,https://open.spotify.com/track/7aV2mflaASUmGhCErm7kBO,7aV2mflaASUmGhCErm7kBO
186,PILLOWTALK,ZAYN,433840,https://open.spotify.com/track/0PDUDa38GO8lMxLCRc4lL1,0PDUDa38GO8lMxLCRc4lL1
187,Lights Down Low,MAX,433468,https://open.spotify.com/track/1sYSP7gKa5kdKIfhANfori,1sYSP7gKa5kdKIfhANfori
188,Light It Up (feat. Nyla & Fuse ODG) - Remix,Major Lazer,431715,https://open.spotify.com/track/0L7loeTIg6akW84aEQZpCT,0L7loeTIg6akW84aEQZpCT
189,All of Me,John Legend,430693,https://open.spotify.com/track/2q6tgiA9tpb6DMguABwCWE,2q6tgiA9tpb6DMguABwCWE
190,Let Her Go,Passenger,430281,https://open.spotify.com/track/2jyjhRf6DVbMPU5zxagN2h,2jyjhRf6DVbMPU5zxagN2h
191,DUELE EL CORAZON (feat. Wisin),Enrique Iglesias,429629,https://open.spotify.com/track/6YZdkObH88npeKrrkb8Ggf,6YZdkObH88npeKrrkb8Ggf
192,Kelly Price (feat. Travis Scott),Migos,425947,https://open.spotify.com/track/204U3zjm9kkzX25Pr4Rdld,204U3zjm9kkzX25Pr4Rdld
193,Hymn for the Weekend - Seeb Remix,Coldplay,425500,https://open.spotify.com/track/1OAiWI2oPmglaOiv9fdioU,1OAiWI2oPmglaOiv9fdioU
194,'Till I Collapse,Eminem,425321,https://open.spotify.com/track/6yr8GiTHWvFfi4o6Q5ebdT,6yr8GiTHWvFfi4o6Q5ebdT
195,"Bom Bidi Bom - From ""Fifty Shades Darker (Original Motion Picture Soundtrack)""",Nick Jonas,424573,https://open.spotify.com/track/4nDfc6F2uVcc6wdG7kBzWO,4nDfc6F2uVcc6wdG7kBzWO
196,Borro Cassette,Maluma,423645,https://open.spotify.com/track/6DUdDIRgLqCGq1DwkNWQTN,6DUdDIRgLqCGq1DwkNWQTN
197,Stitches,Shawn Mendes,421186,https://open.spotify.com/track/1WP1r7fuvRqZRnUaTi2I1Q,1WP1r7fuvRqZRnUaTi2I1Q
198,Sé Que Te Duele,Alejandro Fernández,419149,https://open.spotify.com/track/5vZfgeDfNhlkKeJqjzSAmg,5vZfgeDfNhlkKeJqjzSAmg
199,I Miss You,Grey,419141,https://open.spotify.com/track/1sl5tSzfK1JrcQIcA8rYDy,1sl5tSzfK1JrcQIcA8rYDy
200,Stay With Me,Sam Smith,417327,https://open.spotify.com/track/5Db9VIdDsN5yu3Eu7CT0i4,5Db9VIdDsN5yu3Eu7CT0i4
