Position,Track Name,Artist,Streams,URL,trackID
1,Shape of You,Ed Sheeran,6527529,https://open.spotify.com/track/7qiZfU4dY1lWllzX7mPBI3,7qiZfU4dY1lWllzX7mPBI3
2,Something Just Like This,The Chainsmokers,4872592,https://open.spotify.com/track/6RUKPb4LETWmmr3iAEQktW,6RUKPb4LETWmmr3iAEQktW
3,It Ain't Me (with Selena Gomez),Kygo,4139668,https://open.spotify.com/track/3eR23VReFzcdmS7TYCrhCe,3eR23VReFzcdmS7TYCrhCe
4,Passionfruit,Drake,4034841,https://open.spotify.com/track/7hDc8b7IXETo14hHIHdnhd,7hDc8b7IXETo14hHIHdnhd
5,HUMBLE.,Kendrick Lamar,4033799,https://open.spotify.com/track/7KXjTSCq5nL1LoYtL7XAwS,7KXjTSCq5nL1LoYtL7XAwS
6,Mask Off,Future,3693603,https://open.spotify.com/track/3rOSwuTsUlJp0Pu0MkN8r8,3rOSwuTsUlJp0Pu0MkN8r8
7,That's What I Like,Bruno Mars,3476281,https://open.spotify.com/track/0KKkJNfGyhkQ5aFogxQAPU,0KKkJNfGyhkQ5aFogxQAPU
8,Stay (with Alessia Cara),Zedd,3457577,https://open.spotify.com/track/0dA2Mk56wEzDgegdC6R17g,0dA2Mk56wEzDgegdC6R17g
9,Paris,The Chainsmokers,3447866,https://open.spotify.com/track/72jbDTw1piOOj770jWNeaG,72jbDTw1piOOj770jWNeaG
10,Despacito (Featuring Daddy Yankee),Luis Fonsi,3287686,https://open.spotify.com/track/4aWmUDTfIPGksMNLV2rQP2,4aWmUDTfIPGksMNLV2rQP2
11,Symphony (feat. Zara Larsson),Clean Bandit,3124937,https://open.spotify.com/track/1x5sYLZiu9r5E43kMlt9f8,1x5sYLZiu9r5E43kMlt9f8
12,Galway Girl,Ed Sheeran,3082419,https://open.spotify.com/track/0afhq8XCExXpqazXczTSve,0afhq8XCExXpqazXczTSve
13,Slide (feat. Frank Ocean & Migos),Calvin Harris,2764189,https://open.spotify.com/track/7tr2za8SQg2CI8EDgrdtNl,7tr2za8SQg2CI8EDgrdtNl
14,Scared to Be Lonely,Martin Garrix,2626253,https://open.spotify.com/track/3ebXMykcMXOcLeJ9xZ17XH,3ebXMykcMXOcLeJ9xZ17XH
15,Issues,Julia Michaels,2519451,https://open.spotify.com/track/1sXUWdKx03aP9Gmzft58rt,1sXUWdKx03aP9Gmzft58rt
16,The One,The Chainsmokers,2491593,https://open.spotify.com/track/0wfbD5rAksdXUzRvMfM3x5,0wfbD5rAksdXUzRvMfM3x5
17,Swalla (feat. Nicki Minaj & Ty Dolla $ign),Jason Derulo,2452208,https://open.spotify.com/track/6kex4EBAj0WHXDKZMEJaaF,6kex4EBAj0WHXDKZMEJaaF
18,You Don't Know Me - Radio Edit,Jax Jones,2313096,https://open.spotify.com/track/00lNx0OcTJrS3MKHcB80HY,00lNx0OcTJrS3MKHcB80HY
19,"I Don’t Wanna Live Forever (Fifty Shades Darker) - From ""Fifty Shades Darker (Original Motion Picture Soundtrack)""",ZAYN,2281633,https://open.spotify.com/track/3NdDpSvN911VPGivFlV5d0,3NdDpSvN911VPGivFlV5d0
20,Sign of the Times,Harry Styles,2186078,https://open.spotify.com/track/5Ohxk2dO5COHF1krpoPigN,5Ohxk2dO5COHF1krpoPigN
21,Cold,Maroon 5,2152578,https://open.spotify.com/track/5NNlUMcOEOdoOIwwaWXv0k,5NNlUMcOEOdoOIwwaWXv0k
22,Rockabye (feat. Sean Paul & Anne-Marie),Clean Bandit,2125569,https://open.spotify.com/track/5knuzwU65gJK7IF5yJsuaW,5knuzwU65gJK7IF5yJsuaW
23,Believer,Imagine Dragons,2099476,https://open.spotify.com/track/0CcQNd8CINkwQfe1RDtGV6,0CcQNd8CINkwQfe1RDtGV6
24,Chained To The Rhythm,Katy Perry,2054098,https://open.spotify.com/track/6520aj0B4FSKGVuKNsOCOi,6520aj0B4FSKGVuKNsOCOi
25,iSpy (feat. Lil Yachty),KYLE,1988547,https://open.spotify.com/track/2EEeOnHehOozLq4aS0n6SL,2EEeOnHehOozLq4aS0n6SL
26,Castle on the Hill,Ed Sheeran,1957448,https://open.spotify.com/track/6PCUP3dWmTjcTtXY02oFdT,6PCUP3dWmTjcTtXY02oFdT
27,Portland,Drake,1950896,https://open.spotify.com/track/2bjwRfXMk4uRgOD9IBYl9h,2bjwRfXMk4uRgOD9IBYl9h
28,I Feel It Coming,The Weeknd,1862959,https://open.spotify.com/track/5GXAXm5YOmYT0kL5jHvYBt,5GXAXm5YOmYT0kL5jHvYBt
29,Call On Me - Ryan Riback Extended Remix,Starley,1856352,https://open.spotify.com/track/78rIJddV4X0HkNAInEcYde,78rIJddV4X0HkNAInEcYde
30,Closer,The Chainsmokers,1843356,https://open.spotify.com/track/7BKLCZ1jbUBVqRi2FVlTVw,7BKLCZ1jbUBVqRi2FVlTVw
31,XO TOUR Llif3,Lil Uzi Vert,1838728,https://open.spotify.com/track/2eMwDehkIC1j68U6FA3Eiq,2eMwDehkIC1j68U6FA3Eiq
32,Solo Dance,Martin Jensen,1813129,https://open.spotify.com/track/6HUnnBwYZqcED1eQztxMBN,6HUnnBwYZqcED1eQztxMBN
33,Break Up Every Night,The Chainsmokers,1778062,https://open.spotify.com/track/6cPyTS0Kk2sc4xQwC93kOg,6cPyTS0Kk2sc4xQwC93kOg
34,SUBEME LA RADIO (feat. Descemer Bueno & Zion & Lennox),Enrique Iglesias,1741210,https://open.spotify.com/track/7nKBxz47S9SD79N086fuhn,7nKBxz47S9SD79N086fuhn
35,Green Light,Lorde,1629916,https://open.spotify.com/track/0gbBzIqrECJOEPvQJIBFs5,0gbBzIqrECJOEPvQJIBFs5
36,Starboy,The Weeknd,1626865,https://open.spotify.com/track/5aAx2yezTd8zXrkmtKl66Z,5aAx2yezTd8zXrkmtKl66Z
37,Say You Won't Let Go,James Arthur,1608707,https://open.spotify.com/track/5uCax9HTNlzGybIStD3vDh,5uCax9HTNlzGybIStD3vDh
38,Perfect,Ed Sheeran,1607908,https://open.spotify.com/track/0tgVpDi06FyKpA1z0VMD4v,0tgVpDi06FyKpA1z0VMD4v
39,Location,Khalid,1585818,https://open.spotify.com/track/152lZdxL1OR0ZMW6KquMif,152lZdxL1OR0ZMW6KquMif
40,Run Up (feat. PARTYNEXTDOOR & Nicki Minaj),Major Lazer,1571712,https://open.spotify.com/track/0fg8CqpjdojMyXLNzM2PaJ,0fg8CqpjdojMyXLNzM2PaJ
41,Congratulations,Post Malone,1547287,https://open.spotify.com/track/3a1lNhkSLSkpJE4MSHpDu9,3a1lNhkSLSkpJE4MSHpDu9
42,Tunnel Vision,Kodak Black,1546198,https://open.spotify.com/track/4Q3N4Ct4zCuIHuZ65E3BD4,4Q3N4Ct4zCuIHuZ65E3BD4
43,"How Far I'll Go - From ""Moana""",Alessia Cara,1539620,https://open.spotify.com/track/5hYTyyh2odQKphUbMqc5gN,5hYTyyh2odQKphUbMqc5gN
44,Me Rehúso,Danny Ocean,1538942,https://open.spotify.com/track/6De0lHrwBfPfrhorm9q1Xl,6De0lHrwBfPfrhorm9q1Xl
45,Chantaje (feat. Maluma),Shakira,1513522,https://open.spotify.com/track/6mICuAdrwEjh6Y6lroV2Kg,6mICuAdrwEjh6Y6lroV2Kg
46,El Amante,Nicky Jam,1507138,https://open.spotify.com/track/3umS4y3uQDkqekNjVpiRUs,3umS4y3uQDkqekNjVpiRUs
47,Selfish (feat. Rihanna),Future,1487109,https://open.spotify.com/track/2Ce5IyMlVRVvN997ZJjJJA,2Ce5IyMlVRVvN997ZJjJJA
48,Fake Love,Drake,1464988,https://open.spotify.com/track/343YBumqHu19cGoGARUTsd,343YBumqHu19cGoGARUTsd
49,Blem,Drake,1433611,https://open.spotify.com/track/2XlHu0HcujBCkWMdIAvrqt,2XlHu0HcujBCkWMdIAvrqt
50,Weak,AJR,1412015,https://open.spotify.com/track/3E2Zh20GDCR9B1EYjfXWyv,3E2Zh20GDCR9B1EYjfXWyv
51,Happier,Ed Sheeran,1385743,https://open.spotify.com/track/2RttW7RAu5nOAfq6YFvApB,2RttW7RAu5nOAfq6YFvApB
52,Still Got Time (feat. PARTYNEXTDOOR),ZAYN,1366593,https://open.spotify.com/track/000xQL6tZNLJzIrtIgxqSl,000xQL6tZNLJzIrtIgxqSl
53,Gyalchester,Drake,1276234,https://open.spotify.com/track/6UjfByV1lDLW0SOVQA4NAi,6UjfByV1lDLW0SOVQA4NAi
54,Now Or Never,Halsey,1254180,https://open.spotify.com/track/0Nhu3zSYbEz32IYiobV75e,0Nhu3zSYbEz32IYiobV75e
55,Bad and Boujee (feat. Lil Uzi Vert),Migos,1252710,https://open.spotify.com/track/4Km5HrUvYTaSUfiSGPJeQR,4Km5HrUvYTaSUfiSGPJeQR
56,September Song,JP Cooper,1247965,https://open.spotify.com/track/0FuTx2s3YH1ppmtiM6l0zI,0FuTx2s3YH1ppmtiM6l0zI
57,Bloodstream,The Chainsmokers,1207761,https://open.spotify.com/track/26AuyrZGzWWiYZPSd3XBIg,26AuyrZGzWWiYZPSd3XBIg
58,Don't Say,The Chainsmokers,1201686,https://open.spotify.com/track/1pJQAHpD51J7GYaFrrFO9S,1pJQAHpD51J7GYaFrrFO9S
59,Honest,The Chainsmokers,1175435,https://open.spotify.com/track/6KjbNLbRjuoa8rEq5yNA6H,6KjbNLbRjuoa8rEq5yNA6H
60,One Dance,Drake,1159752,https://open.spotify.com/track/1xznGGDReH1oQq0xzbwXa3,1xznGGDReH1oQq0xzbwXa3
61,Bounce Back,Big Sean,1153552,https://open.spotify.com/track/0SGkqnVQo9KPytSri1H6cF,0SGkqnVQo9KPytSri1H6cF
62,Let Me Love You,DJ Snake,1147806,https://open.spotify.com/track/4pdPtRcBmOSQDlJ3Fk945m,4pdPtRcBmOSQDlJ3Fk945m
63,Touch,Little Mix,1077853,https://open.spotify.com/track/5Ua3GXyHwiSfpNTMjq6m2z,5Ua3GXyHwiSfpNTMjq6m2z
64,24K Magic,Bruno Mars,1053316,https://open.spotify.com/track/6b8Be6ljOzmkOmFslEb23P,6b8Be6ljOzmkOmFslEb23P
65,Dive,Ed Sheeran,1048948,https://open.spotify.com/track/51ChrwmUPDJvedPQnIU8Ls,51ChrwmUPDJvedPQnIU8Ls
66,"Heatstroke (feat. Young Thug, Pharrell Williams & Ariana Grande)",Calvin Harris,1047866,https://open.spotify.com/track/60APt5N2NRaKWf5xzJdzyC,60APt5N2NRaKWf5xzJdzyC
67,My Type,The Chainsmokers,1024675,https://open.spotify.com/track/6V9kwssTrwkKT72imgowj9,6V9kwssTrwkKT72imgowj9
68,Tuesday,Burak Yeter,999590,https://open.spotify.com/track/7abpmGpF7PGep2rDU68GBR,7abpmGpF7PGep2rDU68GBR
69,T-Shirt,Migos,998416,https://open.spotify.com/track/7KOlJ92bu51cltsD9KU5I7,7KOlJ92bu51cltsD9KU5I7
70,Otra vez (feat. J Balvin),Zion & Lennox,993795,https://open.spotify.com/track/3QwBODjSEzelZyVjxPOHdq,3QwBODjSEzelZyVjxPOHdq
71,Reggaetón Lento (Bailemos),CNCO,991058,https://open.spotify.com/track/3AEZUABDXNtecAOSC1qTfo,3AEZUABDXNtecAOSC1qTfo
72,It Won't Kill Ya,The Chainsmokers,976956,https://open.spotify.com/track/5xhJmd0I15jFcEdqxfCzKk,5xhJmd0I15jFcEdqxfCzKk
73,Don't Wanna Know,Maroon 5,956840,https://open.spotify.com/track/5MFzQMkrl1FOOng9tq6R9r,5MFzQMkrl1FOOng9tq6R9r
74,Swang,Rae Sremmurd,943276,https://open.spotify.com/track/6mapJIPnQ23RTAevUoE0DL,6mapJIPnQ23RTAevUoE0DL
75,Body Like A Back Road,Sam Hunt,934774,https://open.spotify.com/track/7mldq42yDuxiUNn08nvzHO,7mldq42yDuxiUNn08nvzHO
76,Free Smoke,Drake,932061,https://open.spotify.com/track/05KOgYg8PGeJyyWBPi5ja8,05KOgYg8PGeJyyWBPi5ja8
77,La Rompe Corazones,Daddy Yankee,930914,https://open.spotify.com/track/4okba5wu9mMLXx79DXLKi3,4okba5wu9mMLXx79DXLKi3
78,Look At Me!,XXXTENTACION,930570,https://open.spotify.com/track/4ARPvK8DHLwt4oX65ZAFMw,4ARPvK8DHLwt4oX65ZAFMw
79,Sigo Extrañándote,J Balvin,930189,https://open.spotify.com/track/6qDF4wWL49CAVbgT7yuHl8,6qDF4wWL49CAVbgT7yuHl8
80,What Do I Know?,Ed Sheeran,915118,https://open.spotify.com/track/2pJZ1v8HezrAoZ0Fhzby92,2pJZ1v8HezrAoZ0Fhzby92
81,Starving,Hailee Steinfeld,915032,https://open.spotify.com/track/1qOLh0tI7trd1zdDKxYZTe,1qOLh0tI7trd1zdDKxYZTe
82,Don't Let Me Down (feat. Daya),The Chainsmokers,914957,https://open.spotify.com/track/0QsvXIfqM0zZoerQfsI9lm,0QsvXIfqM0zZoerQfsI9lm
83,All Time Low,Jon Bellion,912164,https://open.spotify.com/track/1CnPYaKxTVb4LWOtiGOm0m,1CnPYaKxTVb4LWOtiGOm0m
84,Get It Together,Drake,881252,https://open.spotify.com/track/7y6c07pgjZvtHI9kuMVqk1,7y6c07pgjZvtHI9kuMVqk1
85,Wake Up Alone,The Chainsmokers,873786,https://open.spotify.com/track/0dj1CtyRxZ4bnIT4Q20jNT,0dj1CtyRxZ4bnIT4Q20jNT
86,Hear Me Now,Alok,867525,https://open.spotify.com/track/1a5Yu5L18qNxVhXx38njON,1a5Yu5L18qNxVhXx38njON
87,Young,The Chainsmokers,859577,https://open.spotify.com/track/1KeZgPUr54C8iz3FjqzVoz,1KeZgPUr54C8iz3FjqzVoz
88,All Night,The Vamps,856901,https://open.spotify.com/track/1yNyoWWWikbLhwIGWjZuDW,1yNyoWWWikbLhwIGWjZuDW
89,In the Name of Love,Martin Garrix,855736,https://open.spotify.com/track/04DwTuZ2VBdJCCC5TROn7L,04DwTuZ2VBdJCCC5TROn7L
90,New Man,Ed Sheeran,853122,https://open.spotify.com/track/5HDPtsnyb3maFmPL8LLUTG,5HDPtsnyb3maFmPL8LLUTG
91,Teenage Fever,Drake,840610,https://open.spotify.com/track/6n3HGiq4v35D6eFOSwqYuo,6n3HGiq4v35D6eFOSwqYuo
92,Cold Water (feat. Justin Bieber & MØ),Major Lazer,840222,https://open.spotify.com/track/6DNtNfH8hXkqOX1sjqmI7p,6DNtNfH8hXkqOX1sjqmI7p
93,Last Day Alive,The Chainsmokers,833476,https://open.spotify.com/track/6GeD5g9vZTz25Egf8kxoIY,6GeD5g9vZTz25Egf8kxoIY
94,"CAN'T STOP THE FEELING! (Original Song from DreamWorks Animation's ""TROLLS"")",Justin Timberlake,819723,https://open.spotify.com/track/6JV2JOEocMgcZxYSZelKcc,6JV2JOEocMgcZxYSZelKcc
95,"Sola (Remix) [feat. Daddy Yankee, Wisin, Farruko, Zion & Lennox]",Anuel AA,814373,https://open.spotify.com/track/5q2JbCNi4FcnglgPfxcV65,5q2JbCNi4FcnglgPfxcV65
96,Just Hold On,Steve Aoki,803971,https://open.spotify.com/track/3EmmCZoqpWOTY1g2GBwJoR,3EmmCZoqpWOTY1g2GBwJoR
97,Hey Ma (with Pitbull & J Balvin feat. Camila Cabello) - Spanish Version,Pitbull,795509,https://open.spotify.com/track/2Vdub5mY4lad7w64bFPUez,2Vdub5mY4lad7w64bFPUez
98,goosebumps,Travis Scott,793373,https://open.spotify.com/track/6gBFPUFcJLzWGx4lenP6h2,6gBFPUFcJLzWGx4lenP6h2
99,Everyday,Ariana Grande,789349,https://open.spotify.com/track/3FiE2d325mIOc4YjkSLVJR,3FiE2d325mIOc4YjkSLVJR
100,I Got You,Bebe Rexha,781760,https://open.spotify.com/track/1FUViuNSldssMIawrOXF2i,1FUViuNSldssMIawrOXF2i
101,Side To Side,Ariana Grande,778097,https://open.spotify.com/track/4pLwZjInHj3SimIyN9SnOz,4pLwZjInHj3SimIyN9SnOz
102,My Way,Calvin Harris,747228,https://open.spotify.com/track/1vvNmPOiUuyCbgWmtc6yfm,1vvNmPOiUuyCbgWmtc6yfm
103,Me llamas (feat. Maluma) - Remix,Piso 21,746736,https://open.spotify.com/track/5hEM0JchdVzQ5PwvSfITeX,5hEM0JchdVzQ5PwvSfITeX
104,History,Olivia Holt,734807,https://open.spotify.com/track/0WCEaydwN65cvwaW8aqptF,0WCEaydwN65cvwaW8aqptF
105,Treat You Better,Shawn Mendes,731611,https://open.spotify.com/track/4Hf7WnR761jpxPr5D46Bcd,4Hf7WnR761jpxPr5D46Bcd
106,All Night (feat. Knox Fortune),Chance the Rapper,729778,https://open.spotify.com/track/60xaS8mYBKUW4VQQ666N0T,60xaS8mYBKUW4VQQ666N0T
107,Supermarket Flowers,Ed Sheeran,728095,https://open.spotify.com/track/4VuS959DSpr82t3qBqCrWG,4VuS959DSpr82t3qBqCrWG
108,Safari,J Balvin,727676,https://open.spotify.com/track/6rQSrBHf7HlZjtcMZ4S4bO,6rQSrBHf7HlZjtcMZ4S4bO
109,Barcelona,Ed Sheeran,725156,https://open.spotify.com/track/3Lfiu5sZ4M4B6JaKMBc0FU,3Lfiu5sZ4M4B6JaKMBc0FU
110,I Took A Pill In Ibiza - Seeb Remix,Mike Posner,724515,https://open.spotify.com/track/17Fd6Yb7mSbinKG8LoWfFl,17Fd6Yb7mSbinKG8LoWfFl
111,"Ay Mi Dios (feat. Pitbull, Yandel & Chacal)",IAmChino,723482,https://open.spotify.com/track/6stYbAJgTszHAHZMPxWWCY,6stYbAJgTszHAHZMPxWWCY
112,The Heart Part 4,Kendrick Lamar,719889,https://open.spotify.com/track/1zayuwd1YLZsYDArkruHdL,1zayuwd1YLZsYDArkruHdL
113,Rolex,Ayo & Teo,719578,https://open.spotify.com/track/0pSBuHjILhNEo55xK1zrRt,0pSBuHjILhNEo55xK1zrRt
114,Redbone,Childish Gambino,713890,https://open.spotify.com/track/3kxfsdsCpFgN412fpnW85Y,3kxfsdsCpFgN412fpnW85Y
115,KMT,Drake,710597,https://open.spotify.com/track/2jTujnt0y344ai1rNOywgr,2jTujnt0y344ai1rNOywgr
116,Madiba Riddim,Drake,705186,https://open.spotify.com/track/76gUmNLXGQVOsGhfcshkFP,76gUmNLXGQVOsGhfcshkFP
117,Heathens,Twenty One Pilots,703126,https://open.spotify.com/track/6i0V12jOa3mr6uu4WYhUBr,6i0V12jOa3mr6uu4WYhUBr
118,Love On The Brain,Rihanna,702575,https://open.spotify.com/track/2aksifNn5ph8igDOkPBA02,2aksifNn5ph8igDOkPBA02
119,Vente Pa' Ca (feat. Maluma),Ricky Martin,701486,https://open.spotify.com/track/7DM4BPaS7uofFul3ywMe46,7DM4BPaS7uofFul3ywMe46
120,No Promises (feat. Demi Lovato),Cheat Codes,693581,https://open.spotify.com/track/1louJpMmzEicAn7lzDalPW,1louJpMmzEicAn7lzDalPW
121,Black Beatles,Rae Sremmurd,688300,https://open.spotify.com/track/6fujklziTHa8uoM5OQSfIo,6fujklziTHa8uoM5OQSfIo
122,Pretty Girl - Cheat Codes X CADE Remix,Maggie Lindemann,685327,https://open.spotify.com/track/1NDxZ7cFAo481dtYWdrUnR,1NDxZ7cFAo481dtYWdrUnR
123,Sacrifices,Drake,684227,https://open.spotify.com/track/0xl1w2q4VLojeXp4JfazPL,0xl1w2q4VLojeXp4JfazPL
124,How Would You Feel (Paean),Ed Sheeran,682950,https://open.spotify.com/track/6PJ8FF6UR8FZXfEvpHkIVN,6PJ8FF6UR8FZXfEvpHkIVN
125,Good Life (with G-Eazy & Kehlani),G-Eazy,676137,https://open.spotify.com/track/1Eck97uRMlprKOOJN9oO1E,1Eck97uRMlprKOOJN9oO1E
126,Human,Rag'n'Bone Man,674966,https://open.spotify.com/track/58zsLZPvfflaiIbNWoA22O,58zsLZPvfflaiIbNWoA22O
127,Let Me Out (feat. Mavis Staples & Pusha T),Gorillaz,673992,https://open.spotify.com/track/44PelqgstAM0lb8rHPKfHq,44PelqgstAM0lb8rHPKfHq
128,Mercy,Shawn Mendes,672891,https://open.spotify.com/track/4TZy1wLyHec06pwgFYDh1a,4TZy1wLyHec06pwgFYDh1a
129,Bad Things (with Camila Cabello),Machine Gun Kelly,666349,https://open.spotify.com/track/1PSBzsahR2AKwLJgx8ehBj,1PSBzsahR2AKwLJgx8ehBj
130,Don't Leave,Snakehips,665345,https://open.spotify.com/track/0Zx8khUcEfCFK2AEoIhC92,0Zx8khUcEfCFK2AEoIhC92
131,Skin,Rag'n'Bone Man,665213,https://open.spotify.com/track/6y2Kaz9QI01XBKJ8mTb7Pf,6y2Kaz9QI01XBKJ8mTb7Pf
132,Everybody,Logic,660089,https://open.spotify.com/track/7cGFbx7MP0H23iHZTZpqMM,7cGFbx7MP0H23iHZTZpqMM
133,No Long Talk,Drake,655332,https://open.spotify.com/track/6CfrYuD3YRDYdYvH9jNtXY,6CfrYuD3YRDYdYvH9jNtXY
134,We Don't Talk Anymore (feat. Selena Gomez),Charlie Puth,652703,https://open.spotify.com/track/68EMU2RD1ECNeOeJ5qAXCV,68EMU2RD1ECNeOeJ5qAXCV
135,Cheap Thrills,Sia,648433,https://open.spotify.com/track/27SdWb2rFzO6GWiYDBTD9j,27SdWb2rFzO6GWiYDBTD9j
136,Shed a Light,Robin Schulz,646766,https://open.spotify.com/track/1cG0umU5TKStygKsPFZ9pY,1cG0umU5TKStygKsPFZ9pY
137,Photograph,Ed Sheeran,646563,https://open.spotify.com/track/6fxVffaTuwjgEk5h9QyRjy,6fxVffaTuwjgEk5h9QyRjy
138,All We Know,The Chainsmokers,639315,https://open.spotify.com/track/2rizacJSyD9S1IQUxUxnsK,2rizacJSyD9S1IQUxUxnsK
139,Stressed Out,Twenty One Pilots,637678,https://open.spotify.com/track/3CRDbSIZ4r5MsZ0YwxuEkn,3CRDbSIZ4r5MsZ0YwxuEkn
140,Moves,Big Sean,635809,https://open.spotify.com/track/0Fv5N0cHBsl4bzCbollCAS,0Fv5N0cHBsl4bzCbollCAS
141,Nancy Mulligan,Ed Sheeran,630509,https://open.spotify.com/track/35QZaWQRkmnAVqBF1TLCxQ,35QZaWQRkmnAVqBF1TLCxQ
142,Ciao Adios,Anne-Marie,628480,https://open.spotify.com/track/3EfugazgSddQvzZpkof5I4,3EfugazgSddQvzZpkof5I4
143,Faded,Alan Walker,627062,https://open.spotify.com/track/7gHs73wELdeycvS48JfIos,7gHs73wELdeycvS48JfIos
144,This Is What You Came For (feat. Rihanna),Calvin Harris,620543,https://open.spotify.com/track/0azC730Exh71aQlOt9Zj3y,0azC730Exh71aQlOt9Zj3y
145,Be the One,Dua Lipa,618452,https://open.spotify.com/track/7FCfMXYTIiQ9b4hDYs4Iol,7FCfMXYTIiQ9b4hDYs4Iol
146,Thinking out Loud,Ed Sheeran,618114,https://open.spotify.com/track/1Slwb6dOYkBlWal1PGtnNg,1Slwb6dOYkBlWal1PGtnNg
147,Broccoli (feat. Lil Yachty),Shelley FKA DRAM,610953,https://open.spotify.com/track/7yyRTcZmCiyzzJlNzGC9Ol,7yyRTcZmCiyzzJlNzGC9Ol
148,Alguien Robo,Sebastian Yatra,607196,https://open.spotify.com/track/5i50gKdLAjjIr7UxRT5IVy,5i50gKdLAjjIr7UxRT5IVy
149,Ride,Twenty One Pilots,606683,https://open.spotify.com/track/2Z8WuEywRWYTKe1NybPQEW,2Z8WuEywRWYTKe1NybPQEW
150,Work from Home (feat. Ty Dolla $ign),Fifth Harmony,605908,https://open.spotify.com/track/4tCtwWceOPWzenK2HAIJSb,4tCtwWceOPWzenK2HAIJSb
151,Alone,Alan Walker,605281,https://open.spotify.com/track/0JiVRyTJcJnmlwCZ854K4p,0JiVRyTJcJnmlwCZ854K4p
152,Scars To Your Beautiful,Alessia Cara,602028,https://open.spotify.com/track/0prNGof3XqfTvNDxHonvdK,0prNGof3XqfTvNDxHonvdK
153,Vacaciones,Wisin,601555,https://open.spotify.com/track/3dQDid3IUNhZy1OehIfYfE,3dQDid3IUNhZy1OehIfYfE
154,Love Yourself,Justin Bieber,599999,https://open.spotify.com/track/3hB5DgAiMAQ4DzYbsMq1IT,3hB5DgAiMAQ4DzYbsMq1IT
155,Perfect Strangers,Jonas Blue,595241,https://open.spotify.com/track/1CUVN2kn7mW5FjkqXTR2W1,1CUVN2kn7mW5FjkqXTR2W1
156,Te Quiero Pa´Mi,Don Omar,594929,https://open.spotify.com/track/3BY2mafsbsoKGqS380Xnuz,3BY2mafsbsoKGqS380Xnuz
157,At My Best (feat. Hailee Steinfeld),Machine Gun Kelly,592233,https://open.spotify.com/track/77lGafvlU68CeHgB2pkHC9,77lGafvlU68CeHgB2pkHC9
158,Caroline,Aminé,591975,https://open.spotify.com/track/5GFDrUTLGJix84sNhjCG0g,5GFDrUTLGJix84sNhjCG0g
159,4422,Drake,591263,https://open.spotify.com/track/2fkeWbM6iqTw7oGHTYm2lw,2fkeWbM6iqTw7oGHTYm2lw
160,DEVASTATED,Joey Bada$$,590910,https://open.spotify.com/track/4ntsD33Pgsgk8rUyZLLiUV,4ntsD33Pgsgk8rUyZLLiUV
161,Sooner Or Later,Aaron Carter,582261,https://open.spotify.com/track/6wV12xIUb8oFY7lBy4KuQe,6wV12xIUb8oFY7lBy4KuQe
162,Do Not Disturb,Drake,575782,https://open.spotify.com/track/2KvHC9z14GSl4YpkNMX384,2KvHC9z14GSl4YpkNMX384
163,Sorry,Justin Bieber,575642,https://open.spotify.com/track/69bp2EbF7Q2rqc5N3ylezZ,69bp2EbF7Q2rqc5N3ylezZ
164,Traicionera,Sebastian Yatra,574723,https://open.spotify.com/track/5J1c3M4EldCfNxXwrwt8mT,5J1c3M4EldCfNxXwrwt8mT
165,Water Under the Bridge,Adele,563856,https://open.spotify.com/track/4vb4mFvYsr2h6enhjJsq9Y,4vb4mFvYsr2h6enhjJsq9Y
166,Jorja Interlude,Drake,563173,https://open.spotify.com/track/13e6f8t7RKXuxZ0JdaaJRG,13e6f8t7RKXuxZ0JdaaJRG
167,Escápate Conmigo,Wisin,554384,https://open.spotify.com/track/2cnKEkpVUSV4wnjQiTWfH6,2cnKEkpVUSV4wnjQiTWfH6
168,Hearts Don't Break Around Here,Ed Sheeran,552487,https://open.spotify.com/track/2dfHh7ECGxfNqZTQno09Vk,2dfHh7ECGxfNqZTQno09Vk
169,Party Monster,The Weeknd,551507,https://open.spotify.com/track/4F7A0DXBrmUAkp32uenhZt,4F7A0DXBrmUAkp32uenhZt
170,Panda,Desiigner,544270,https://open.spotify.com/track/5OOkp4U9P9oL23maHFHL1h,5OOkp4U9P9oL23maHFHL1h
171,This Girl (Kungs Vs. Cookin' On 3 Burners),Kungs,543643,https://open.spotify.com/track/0tICYNayWWhH9GPeFrfjfD,0tICYNayWWhH9GPeFrfjfD
172,Thumbs,Sabrina Carpenter,537769,https://open.spotify.com/track/3UjJP4ludb74a29P5EHEIo,3UjJP4ludb74a29P5EHEIo
173,Versace on the Floor,Bruno Mars,537239,https://open.spotify.com/track/0kN8xEmgMW9mh7UmDYHlJP,0kN8xEmgMW9mh7UmDYHlJP
174,Down,Marian Hill,536115,https://open.spotify.com/track/2dqLk7ezV15LEJEwUmEbXB,2dqLk7ezV15LEJEwUmEbXB
175,No Lie,Sean Paul,535178,https://open.spotify.com/track/3cFsmM51N5zMAuu1nNY4Tw,3cFsmM51N5zMAuu1nNY4Tw
176,Gyal You A Party Animal - Remix,Charly Black,532043,https://open.spotify.com/track/1AkTW13ysu0AJrwuM6UY0I,1AkTW13ysu0AJrwuM6UY0I
177,By Your Side,Jonas Blue,530850,https://open.spotify.com/track/1D3ODoXHBLpdxolZRHWV1j,1D3ODoXHBLpdxolZRHWV1j
178,La Bicicleta,Carlos Vives,528586,https://open.spotify.com/track/0sXvAOmXgjR2QUqLK1MltU,0sXvAOmXgjR2QUqLK1MltU
179,TG4M,Zara Larsson,528546,https://open.spotify.com/track/4uoumbAMEMaKdtiv763jKz,4uoumbAMEMaKdtiv763jKz
180,Lean On (feat. MØ & DJ Snake),Major Lazer,527909,https://open.spotify.com/track/4WjH9Bzt3kx7z8kl0awxh4,4WjH9Bzt3kx7z8kl0awxh4
181,"Sucker for Pain (with Wiz Khalifa, Imagine Dragons, Logic & Ty Dolla $ign feat. X Ambassadors)",Lil Wayne,525578,https://open.spotify.com/track/4dASQiO1Eoo3RJvt74FtXB,4dASQiO1Eoo3RJvt74FtXB
182,ROCKABYE BABY (feat. ScHoolboy Q),Joey Bada$$,525343,https://open.spotify.com/track/31mqc7EKPsJf3pe6H5jEfC,31mqc7EKPsJf3pe6H5jEfC
183,The Other,Lauv,524369,https://open.spotify.com/track/1lntL1cI2UIWlxjL5QiN8g,1lntL1cI2UIWlxjL5QiN8g
184,No Problem (feat. Lil Wayne & 2 Chainz),Chance the Rapper,523802,https://open.spotify.com/track/0v9Wz8o0BT8DU38R4ddjeH,0v9Wz8o0BT8DU38R4ddjeH
185,Ice Melts,Drake,520035,https://open.spotify.com/track/7bJ4mu7MHa3rHiNyKjOoSl,7bJ4mu7MHa3rHiNyKjOoSl
186,Sunset Lover,Petit Biscuit,518830,https://open.spotify.com/track/0hNduWmlWmEmuwEFcYvRu1,0hNduWmlWmEmuwEFcYvRu1
187,Deja vu,Prince Royce,518450,https://open.spotify.com/track/46HdsiK0uR26B2dY9QPzda,46HdsiK0uR26B2dY9QPzda
188,Eraser,Ed Sheeran,517064,https://open.spotify.com/track/7oolFzHipTMg2nL7shhdz2,7oolFzHipTMg2nL7shhdz2
189,7 Years,Lukas Graham,509983,https://open.spotify.com/track/7129iqBafaphfc3WPCGC0L,7129iqBafaphfc3WPCGC0L
190,X (feat. Future),21 Savage,508911,https://open.spotify.com/track/6fwdbPMwP1zVStm8FybmkO,6fwdbPMwP1zVStm8FybmkO
191,Cake By The Ocean,DNCE,505494,https://open.spotify.com/track/2aFiaMXmWsM3Vj72F9ksBl,2aFiaMXmWsM3Vj72F9ksBl
192,Dile Que Tu Me Quieres,Ozuna,504061,https://open.spotify.com/track/20ZAJdsKB5IGbGj4ilRt2o,20ZAJdsKB5IGbGj4ilRt2o
193,美女と野獣,Ariana Grande,502794,https://open.spotify.com/track/1KT0xdIjm7t053xByACrrg,1KT0xdIjm7t053xByACrrg
194,Lumbra,Cali Y El Dandee,502359,https://open.spotify.com/track/6VHdcVbiKLYYOcMbIqBcuK,6VHdcVbiKLYYOcMbIqBcuK
195,Ahora Dice,Chris Jeday,498563,https://open.spotify.com/track/22eADXu8DfOAUEDw4vU8qy,22eADXu8DfOAUEDw4vU8qy
196,Light It Up (feat. Nyla & Fuse ODG) - Remix,Major Lazer,496505,https://open.spotify.com/track/0L7loeTIg6akW84aEQZpCT,0L7loeTIg6akW84aEQZpCT
197,Bibia Be Ye Ye,Ed Sheeran,496274,https://open.spotify.com/track/6SznMYPQJHzr3IwsAHLId2,6SznMYPQJHzr3IwsAHLId2
198,Lights Down Low,MAX,494194,https://open.spotify.com/track/1sYSP7gKa5kdKIfhANfori,1sYSP7gKa5kdKIfhANfori
199,I Love You,Axwell /\ Ingrosso,492335,https://open.spotify.com/track/11Fo4dAH31K7UZHGqCkCmE,11Fo4dAH31K7UZHGqCkCmE
200,Too Good,Drake,489501,https://open.spotify.com/track/11KJSRSgaDxqydKYiD2Jew,11KJSRSgaDxqydKYiD2Jew
