Position,Track Name,Artist,Streams,URL,trackID
1,Shape of You,Ed Sheeran,6968082,https://open.spotify.com/track/7qiZfU4dY1lWllzX7mPBI3,7qiZfU4dY1lWllzX7mPBI3
2,Paris,The Chainsmokers,3731405,https://open.spotify.com/track/72jbDTw1piOOj770jWNeaG,72jbDTw1piOOj770jWNeaG
3,"I Don’t Wanna Live Forever (Fifty Shades Darker) - From ""Fifty Shades Darker (Original Motion Picture Soundtrack)""",ZAYN,3563966,https://open.spotify.com/track/3NdDpSvN911VPGivFlV5d0,3NdDpSvN911VPGivFlV5d0
4,Despacito (Featuring Daddy Yankee),Luis Fonsi,3482709,https://open.spotify.com/track/4aWmUDTfIPGksMNLV2rQP2,4aWmUDTfIPGksMNLV2rQP2
5,Castle on the Hill,Ed Sheeran,2988338,https://open.spotify.com/track/6PCUP3dWmTjcTtXY02oFdT,6PCUP3dWmTjcTtXY02oFdT
6,Rockabye (feat. Sean Paul & Anne-Marie),Clean Bandit,2907647,https://open.spotify.com/track/5knuzwU65gJK7IF5yJsuaW,5knuzwU65gJK7IF5yJsuaW
7,Starboy,The Weeknd,2514285,https://open.spotify.com/track/5aAx2yezTd8zXrkmtKl66Z,5aAx2yezTd8zXrkmtKl66Z
8,Say You Won't Let Go,James Arthur,2510478,https://open.spotify.com/track/5uCax9HTNlzGybIStD3vDh,5uCax9HTNlzGybIStD3vDh
9,Bad and Boujee (feat. Lil Uzi Vert),Migos,2488064,https://open.spotify.com/track/4Km5HrUvYTaSUfiSGPJeQR,4Km5HrUvYTaSUfiSGPJeQR
10,Closer,The Chainsmokers,2424160,https://open.spotify.com/track/7BKLCZ1jbUBVqRi2FVlTVw,7BKLCZ1jbUBVqRi2FVlTVw
11,Scared to Be Lonely,Martin Garrix,2351511,https://open.spotify.com/track/3ebXMykcMXOcLeJ9xZ17XH,3ebXMykcMXOcLeJ9xZ17XH
12,I Feel It Coming,The Weeknd,2304120,https://open.spotify.com/track/5GXAXm5YOmYT0kL5jHvYBt,5GXAXm5YOmYT0kL5jHvYBt
13,Call On Me - Ryan Riback Extended Remix,Starley,2252851,https://open.spotify.com/track/78rIJddV4X0HkNAInEcYde,78rIJddV4X0HkNAInEcYde
14,Chantaje (feat. Maluma),Shakira,2170805,https://open.spotify.com/track/6mICuAdrwEjh6Y6lroV2Kg,6mICuAdrwEjh6Y6lroV2Kg
15,Don't Wanna Know,Maroon 5,2168483,https://open.spotify.com/track/5MFzQMkrl1FOOng9tq6R9r,5MFzQMkrl1FOOng9tq6R9r
16,Bad Things (with Camila Cabello),Machine Gun Kelly,1940754,https://open.spotify.com/track/1PSBzsahR2AKwLJgx8ehBj,1PSBzsahR2AKwLJgx8ehBj
17,Just Hold On,Steve Aoki,1897795,https://open.spotify.com/track/3EmmCZoqpWOTY1g2GBwJoR,3EmmCZoqpWOTY1g2GBwJoR
18,Fake Love,Drake,1888597,https://open.spotify.com/track/343YBumqHu19cGoGARUTsd,343YBumqHu19cGoGARUTsd
19,Bounce Back,Big Sean,1828558,https://open.spotify.com/track/0SGkqnVQo9KPytSri1H6cF,0SGkqnVQo9KPytSri1H6cF
20,24K Magic,Bruno Mars,1762351,https://open.spotify.com/track/6b8Be6ljOzmkOmFslEb23P,6b8Be6ljOzmkOmFslEb23P
21,"How Far I'll Go - From ""Moana""",Alessia Cara,1734532,https://open.spotify.com/track/5hYTyyh2odQKphUbMqc5gN,5hYTyyh2odQKphUbMqc5gN
22,Let Me Love You,DJ Snake,1716978,https://open.spotify.com/track/4pdPtRcBmOSQDlJ3Fk945m,4pdPtRcBmOSQDlJ3Fk945m
23,Issues,Julia Michaels,1664243,https://open.spotify.com/track/1sXUWdKx03aP9Gmzft58rt,1sXUWdKx03aP9Gmzft58rt
24,Run Up (feat. PARTYNEXTDOOR & Nicki Minaj),Major Lazer,1609248,https://open.spotify.com/track/0fg8CqpjdojMyXLNzM2PaJ,0fg8CqpjdojMyXLNzM2PaJ
25,All Night,The Vamps,1591062,https://open.spotify.com/track/1yNyoWWWikbLhwIGWjZuDW,1yNyoWWWikbLhwIGWjZuDW
26,One Dance,Drake,1529125,https://open.spotify.com/track/1xznGGDReH1oQq0xzbwXa3,1xznGGDReH1oQq0xzbwXa3
27,Solo Dance,Martin Jensen,1474517,https://open.spotify.com/track/6HUnnBwYZqcED1eQztxMBN,6HUnnBwYZqcED1eQztxMBN
28,Side To Side,Ariana Grande,1432296,https://open.spotify.com/track/4pLwZjInHj3SimIyN9SnOz,4pLwZjInHj3SimIyN9SnOz
29,Hear Me Now,Alok,1426342,https://open.spotify.com/track/1a5Yu5L18qNxVhXx38njON,1a5Yu5L18qNxVhXx38njON
30,Cold Water (feat. Justin Bieber & MØ),Major Lazer,1404511,https://open.spotify.com/track/6DNtNfH8hXkqOX1sjqmI7p,6DNtNfH8hXkqOX1sjqmI7p
31,Black Beatles,Rae Sremmurd,1382042,https://open.spotify.com/track/6fujklziTHa8uoM5OQSfIo,6fujklziTHa8uoM5OQSfIo
32,All Time Low,Jon Bellion,1378831,https://open.spotify.com/track/1CnPYaKxTVb4LWOtiGOm0m,1CnPYaKxTVb4LWOtiGOm0m
33,Reggaetón Lento (Bailemos),CNCO,1372954,https://open.spotify.com/track/3AEZUABDXNtecAOSC1qTfo,3AEZUABDXNtecAOSC1qTfo
34,Weak,AJR,1344641,https://open.spotify.com/track/3E2Zh20GDCR9B1EYjfXWyv,3E2Zh20GDCR9B1EYjfXWyv
35,In the Name of Love,Martin Garrix,1328875,https://open.spotify.com/track/04DwTuZ2VBdJCCC5TROn7L,04DwTuZ2VBdJCCC5TROn7L
36,Shed a Light,Robin Schulz,1325656,https://open.spotify.com/track/1cG0umU5TKStygKsPFZ9pY,1cG0umU5TKStygKsPFZ9pY
37,Now and Later,Sage The Gemini,1320599,https://open.spotify.com/track/43jBqV3j3Xi1g6wO0bhIMd,43jBqV3j3Xi1g6wO0bhIMd
38,Love Me Now,John Legend,1260013,https://open.spotify.com/track/6nxQdXa1uAL0rY72wPZu89,6nxQdXa1uAL0rY72wPZu89
39,Starving,Hailee Steinfeld,1210526,https://open.spotify.com/track/1qOLh0tI7trd1zdDKxYZTe,1qOLh0tI7trd1zdDKxYZTe
40,El Amante,Nicky Jam,1203928,https://open.spotify.com/track/3umS4y3uQDkqekNjVpiRUs,3umS4y3uQDkqekNjVpiRUs
41,No Favors,Big Sean,1200958,https://open.spotify.com/track/1MksGqIztTT6M9R1ErKVs8,1MksGqIztTT6M9R1ErKVs8
42,I Would Like,Zara Larsson,1183869,https://open.spotify.com/track/4Q4jmPHwu0wrJvqrld0FQ6,4Q4jmPHwu0wrJvqrld0FQ6
43,T-Shirt,Migos,1180758,https://open.spotify.com/track/7KOlJ92bu51cltsD9KU5I7,7KOlJ92bu51cltsD9KU5I7
44,Mercy,Shawn Mendes,1167739,https://open.spotify.com/track/4TZy1wLyHec06pwgFYDh1a,4TZy1wLyHec06pwgFYDh1a
45,My Way,Calvin Harris,1153049,https://open.spotify.com/track/1vvNmPOiUuyCbgWmtc6yfm,1vvNmPOiUuyCbgWmtc6yfm
46,Don't Leave,Snakehips,1123192,https://open.spotify.com/track/0Zx8khUcEfCFK2AEoIhC92,0Zx8khUcEfCFK2AEoIhC92
47,Alone,Alan Walker,1121154,https://open.spotify.com/track/0JiVRyTJcJnmlwCZ854K4p,0JiVRyTJcJnmlwCZ854K4p
48,Moves,Big Sean,1065538,https://open.spotify.com/track/0Fv5N0cHBsl4bzCbollCAS,0Fv5N0cHBsl4bzCbollCAS
49,Heathens,Twenty One Pilots,1038481,https://open.spotify.com/track/6i0V12jOa3mr6uu4WYhUBr,6i0V12jOa3mr6uu4WYhUBr
50,All We Know,The Chainsmokers,1021599,https://open.spotify.com/track/2rizacJSyD9S1IQUxUxnsK,2rizacJSyD9S1IQUxUxnsK
51,iSpy (feat. Lil Yachty),KYLE,1018089,https://open.spotify.com/track/2EEeOnHehOozLq4aS0n6SL,2EEeOnHehOozLq4aS0n6SL
52,Caroline,Aminé,1012793,https://open.spotify.com/track/5GFDrUTLGJix84sNhjCG0g,5GFDrUTLGJix84sNhjCG0g
53,Treat You Better,Shawn Mendes,987404,https://open.spotify.com/track/4Hf7WnR761jpxPr5D46Bcd,4Hf7WnR761jpxPr5D46Bcd
54,Otra vez (feat. J Balvin),Zion & Lennox,961563,https://open.spotify.com/track/3QwBODjSEzelZyVjxPOHdq,3QwBODjSEzelZyVjxPOHdq
55,Scars To Your Beautiful,Alessia Cara,957683,https://open.spotify.com/track/0prNGof3XqfTvNDxHonvdK,0prNGof3XqfTvNDxHonvdK
56,Safari,J Balvin,929841,https://open.spotify.com/track/6rQSrBHf7HlZjtcMZ4S4bO,6rQSrBHf7HlZjtcMZ4S4bO
57,Don't Let Me Down (feat. Daya),The Chainsmokers,880607,https://open.spotify.com/track/0QsvXIfqM0zZoerQfsI9lm,0QsvXIfqM0zZoerQfsI9lm
58,Sunset Lover,Petit Biscuit,869135,https://open.spotify.com/track/0hNduWmlWmEmuwEFcYvRu1,0hNduWmlWmEmuwEFcYvRu1
59,Human,Rag'n'Bone Man,854774,https://open.spotify.com/track/58zsLZPvfflaiIbNWoA22O,58zsLZPvfflaiIbNWoA22O
60,"CAN'T STOP THE FEELING! (Original Song from DreamWorks Animation's ""TROLLS"")",Justin Timberlake,853707,https://open.spotify.com/track/6JV2JOEocMgcZxYSZelKcc,6JV2JOEocMgcZxYSZelKcc
61,By Your Side,Jonas Blue,841987,https://open.spotify.com/track/1D3ODoXHBLpdxolZRHWV1j,1D3ODoXHBLpdxolZRHWV1j
62,I Got You,Bebe Rexha,841250,https://open.spotify.com/track/1FUViuNSldssMIawrOXF2i,1FUViuNSldssMIawrOXF2i
63,Broccoli (feat. Lil Yachty),Shelley FKA DRAM,824654,https://open.spotify.com/track/7yyRTcZmCiyzzJlNzGC9Ol,7yyRTcZmCiyzzJlNzGC9Ol
64,Lot to Learn,Luke Christopher,824078,https://open.spotify.com/track/3TRFq09DUgYj1mug6RRqJW,3TRFq09DUgYj1mug6RRqJW
65,Water Under the Bridge,Adele,822929,https://open.spotify.com/track/4vb4mFvYsr2h6enhjJsq9Y,4vb4mFvYsr2h6enhjJsq9Y
66,Photograph,Ed Sheeran,804915,https://open.spotify.com/track/6fxVffaTuwjgEk5h9QyRjy,6fxVffaTuwjgEk5h9QyRjy
67,We Don't Talk Anymore (feat. Selena Gomez),Charlie Puth,785428,https://open.spotify.com/track/68EMU2RD1ECNeOeJ5qAXCV,68EMU2RD1ECNeOeJ5qAXCV
68,Touch,Little Mix,779105,https://open.spotify.com/track/5Ua3GXyHwiSfpNTMjq6m2z,5Ua3GXyHwiSfpNTMjq6m2z
69,Make Me (Cry),Noah Cyrus,778086,https://open.spotify.com/track/2BrzlUj1u1CtvaJDGIKpsP,2BrzlUj1u1CtvaJDGIKpsP
70,Vente Pa' Ca (feat. Maluma),Ricky Martin,777127,https://open.spotify.com/track/7DM4BPaS7uofFul3ywMe46,7DM4BPaS7uofFul3ywMe46
71,It's Gotta Be You,Isaiah Firebrace,754918,https://open.spotify.com/track/6cAKeFFYW2aClZSUyvqAEW,6cAKeFFYW2aClZSUyvqAEW
72,You Don't Know Me - Radio Edit,Jax Jones,747116,https://open.spotify.com/track/00lNx0OcTJrS3MKHcB80HY,00lNx0OcTJrS3MKHcB80HY
73,I Took A Pill In Ibiza - Seeb Remix,Mike Posner,726417,https://open.spotify.com/track/17Fd6Yb7mSbinKG8LoWfFl,17Fd6Yb7mSbinKG8LoWfFl
74,X (feat. Future),21 Savage,715608,https://open.spotify.com/track/6fwdbPMwP1zVStm8FybmkO,6fwdbPMwP1zVStm8FybmkO
75,"Ay Mi Dios (feat. Pitbull, Yandel & Chacal)",IAmChino,709059,https://open.spotify.com/track/6stYbAJgTszHAHZMPxWWCY,6stYbAJgTszHAHZMPxWWCY
76,Sexual,NEIKED,707131,https://open.spotify.com/track/3AsAuGTaDQzavZZThyYlop,3AsAuGTaDQzavZZThyYlop
77,Vacaciones,Wisin,698078,https://open.spotify.com/track/3dQDid3IUNhZy1OehIfYfE,3dQDid3IUNhZy1OehIfYfE
78,Party Monster,The Weeknd,690734,https://open.spotify.com/track/4F7A0DXBrmUAkp32uenhZt,4F7A0DXBrmUAkp32uenhZt
79,Redbone,Childish Gambino,687559,https://open.spotify.com/track/3kxfsdsCpFgN412fpnW85Y,3kxfsdsCpFgN412fpnW85Y
80,Thinking out Loud,Ed Sheeran,679889,https://open.spotify.com/track/1Slwb6dOYkBlWal1PGtnNg,1Slwb6dOYkBlWal1PGtnNg
81,This Is What You Came For (feat. Rihanna),Calvin Harris,675410,https://open.spotify.com/track/0azC730Exh71aQlOt9Zj3y,0azC730Exh71aQlOt9Zj3y
82,History,Olivia Holt,675322,https://open.spotify.com/track/0WCEaydwN65cvwaW8aqptF,0WCEaydwN65cvwaW8aqptF
83,Lighthouse - Andrelli Remix,Hearts & Colors,673411,https://open.spotify.com/track/04CttTezSnv71USiiG9mIo,04CttTezSnv71USiiG9mIo
84,Ride,Twenty One Pilots,666644,https://open.spotify.com/track/2Z8WuEywRWYTKe1NybPQEW,2Z8WuEywRWYTKe1NybPQEW
85,Versace on the Floor,Bruno Mars,662208,https://open.spotify.com/track/0kN8xEmgMW9mh7UmDYHlJP,0kN8xEmgMW9mh7UmDYHlJP
86,September Song,JP Cooper,646292,https://open.spotify.com/track/0FuTx2s3YH1ppmtiM6l0zI,0FuTx2s3YH1ppmtiM6l0zI
87,Dile Que Tu Me Quieres,Ozuna,641532,https://open.spotify.com/track/20ZAJdsKB5IGbGj4ilRt2o,20ZAJdsKB5IGbGj4ilRt2o
88,"i hate u, i love u (feat. olivia o'brien)",gnash,640768,https://open.spotify.com/track/7vRriwrloYVaoAe3a9wJHe,7vRriwrloYVaoAe3a9wJHe
89,Stressed Out,Twenty One Pilots,639679,https://open.spotify.com/track/3CRDbSIZ4r5MsZ0YwxuEkn,3CRDbSIZ4r5MsZ0YwxuEkn
90,Work from Home (feat. Ty Dolla $ign),Fifth Harmony,639377,https://open.spotify.com/track/4tCtwWceOPWzenK2HAIJSb,4tCtwWceOPWzenK2HAIJSb
91,Steady 1234 (feat. Jasmine Thompson & Skizzy Mars),Vice,639190,https://open.spotify.com/track/40UroIGvsMPLPBYwH8rMNA,40UroIGvsMPLPBYwH8rMNA
92,Cheap Thrills,Sia,633544,https://open.spotify.com/track/27SdWb2rFzO6GWiYDBTD9j,27SdWb2rFzO6GWiYDBTD9j
93,No Lie,Sean Paul,632630,https://open.spotify.com/track/3cFsmM51N5zMAuu1nNY4Tw,3cFsmM51N5zMAuu1nNY4Tw
94,Halfway Off The Balcony,Big Sean,631261,https://open.spotify.com/track/4atJ40xfasjdM9ZF3p07BV,4atJ40xfasjdM9ZF3p07BV
95,Me llamas (feat. Maluma) - Remix,Piso 21,628510,https://open.spotify.com/track/5hEM0JchdVzQ5PwvSfITeX,5hEM0JchdVzQ5PwvSfITeX
96,Faded,Alan Walker,625490,https://open.spotify.com/track/7gHs73wELdeycvS48JfIos,7gHs73wELdeycvS48JfIos
97,Sneakin’,Drake,623287,https://open.spotify.com/track/4ckuS4Nj4FZ7i3Def3Br8W,4ckuS4Nj4FZ7i3Def3Br8W
98,Perfect Strangers,Jonas Blue,623123,https://open.spotify.com/track/1CUVN2kn7mW5FjkqXTR2W1,1CUVN2kn7mW5FjkqXTR2W1
99,Panda,Desiigner,622558,https://open.spotify.com/track/5OOkp4U9P9oL23maHFHL1h,5OOkp4U9P9oL23maHFHL1h
100,Congratulations,Post Malone,619880,https://open.spotify.com/track/3a1lNhkSLSkpJE4MSHpDu9,3a1lNhkSLSkpJE4MSHpDu9
101,La Bicicleta,Carlos Vives,617596,https://open.spotify.com/track/0sXvAOmXgjR2QUqLK1MltU,0sXvAOmXgjR2QUqLK1MltU
102,Cake - Challenge Version,Flo Rida,615707,https://open.spotify.com/track/6t2ubAB4iSYOuIpRAOGd4t,6t2ubAB4iSYOuIpRAOGd4t
103,Swang,Rae Sremmurd,611567,https://open.spotify.com/track/6mapJIPnQ23RTAevUoE0DL,6mapJIPnQ23RTAevUoE0DL
104,Traicionera,Sebastian Yatra,608989,https://open.spotify.com/track/5J1c3M4EldCfNxXwrwt8mT,5J1c3M4EldCfNxXwrwt8mT
105,The Greatest (feat. Kendrick Lamar),Sia,607221,https://open.spotify.com/track/7xHWNBFm6ObGEQPaUxHuKO,7xHWNBFm6ObGEQPaUxHuKO
106,Too Good,Drake,606386,https://open.spotify.com/track/11KJSRSgaDxqydKYiD2Jew,11KJSRSgaDxqydKYiD2Jew
107,Sacrifices,Big Sean,603423,https://open.spotify.com/track/1r0faljjM2b876iNoaDUh5,1r0faljjM2b876iNoaDUh5
108,Some Kind Of Drug (feat. Marc E. Bassy),G-Eazy,597634,https://open.spotify.com/track/1Bqxj0aH5KewYHKUg1IdrF,1Bqxj0aH5KewYHKUg1IdrF
109,The Mack,Nevada,596697,https://open.spotify.com/track/7aV2mflaASUmGhCErm7kBO,7aV2mflaASUmGhCErm7kBO
110,Love Yourself,Justin Bieber,586551,https://open.spotify.com/track/3hB5DgAiMAQ4DzYbsMq1IT,3hB5DgAiMAQ4DzYbsMq1IT
111,Jump Out The Window,Big Sean,586465,https://open.spotify.com/track/1jQsKN68yE94tMYml0wHMd,1jQsKN68yE94tMYml0wHMd
112,Deja Vu,J. Cole,581981,https://open.spotify.com/track/6I6NX6tjGsxFAsIfGzY9lJ,6I6NX6tjGsxFAsIfGzY9lJ
113,That's What I Like,Bruno Mars,579626,https://open.spotify.com/track/0KKkJNfGyhkQ5aFogxQAPU,0KKkJNfGyhkQ5aFogxQAPU
114,Chill Bill (feat. J. Davi$ & Spooks),Rob $tone,579428,https://open.spotify.com/track/5uDASfU19gDxSjW8cnCaBp,5uDASfU19gDxSjW8cnCaBp
115,"Sucker for Pain (with Wiz Khalifa, Imagine Dragons, Logic & Ty Dolla $ign feat. X Ambassadors)",Lil Wayne,574973,https://open.spotify.com/track/4dASQiO1Eoo3RJvt74FtXB,4dASQiO1Eoo3RJvt74FtXB
116,Romantic - NOTD Remix,Stanaj,566454,https://open.spotify.com/track/3SGWp9fJCzgK0WcpcKSQdy,3SGWp9fJCzgK0WcpcKSQdy
117,The Other,Lauv,564310,https://open.spotify.com/track/1lntL1cI2UIWlxjL5QiN8g,1lntL1cI2UIWlxjL5QiN8g
118,Not Going Home,DVBBS,563663,https://open.spotify.com/track/042x9bsUBWW2fJgJ6fUh61,042x9bsUBWW2fJgJ6fUh61
119,Controlla,Drake,562587,https://open.spotify.com/track/6F609ICg9Spjrw1epsAnpa,6F609ICg9Spjrw1epsAnpa
120,"Sola (Remix) [feat. Daddy Yankee, Wisin, Farruko, Zion & Lennox]",Anuel AA,560600,https://open.spotify.com/track/5q2JbCNi4FcnglgPfxcV65,5q2JbCNi4FcnglgPfxcV65
121,No Heart,21 Savage,560182,https://open.spotify.com/track/4gmmRb6bZJffOOiww1JGTO,4gmmRb6bZJffOOiww1JGTO
122,Sorry,Justin Bieber,560088,https://open.spotify.com/track/69bp2EbF7Q2rqc5N3ylezZ,69bp2EbF7Q2rqc5N3ylezZ
123,Capsize,FRENSHIP,555370,https://open.spotify.com/track/2XMTqoHHSH0lvuXrvIEdco,2XMTqoHHSH0lvuXrvIEdco
124,Believer,Imagine Dragons,554147,https://open.spotify.com/track/0CcQNd8CINkwQfe1RDtGV6,0CcQNd8CINkwQfe1RDtGV6
125,Light,San Holo,551346,https://open.spotify.com/track/7zTx8ePYAmPFQuxP3xlXZn,7zTx8ePYAmPFQuxP3xlXZn
126,Fresh Eyes,Andy Grammer,544821,https://open.spotify.com/track/4nMlau89VAjmV7agkl7OY3,4nMlau89VAjmV7agkl7OY3
127,goosebumps,Travis Scott,544271,https://open.spotify.com/track/6gBFPUFcJLzWGx4lenP6h2,6gBFPUFcJLzWGx4lenP6h2
128,Shout Out to My Ex,Little Mix,541301,https://open.spotify.com/track/0YHUITU3w6ws1v8ehT264g,0YHUITU3w6ws1v8ehT264g
129,Kelly Price (feat. Travis Scott),Migos,536837,https://open.spotify.com/track/204U3zjm9kkzX25Pr4Rdld,204U3zjm9kkzX25Pr4Rdld
130,Needed Me,Rihanna,520811,https://open.spotify.com/track/1Tt4sE4pXi57mTD1GCzsqm,1Tt4sE4pXi57mTD1GCzsqm
131,Oceans Away,A R I Z O N A,517964,https://open.spotify.com/track/6A8dnC0xkiuWN4BshmTB2I,6A8dnC0xkiuWN4BshmTB2I
132,Gyal You A Party Animal - Remix,Charly Black,517621,https://open.spotify.com/track/1AkTW13ysu0AJrwuM6UY0I,1AkTW13ysu0AJrwuM6UY0I
133,Cake By The Ocean,DNCE,516763,https://open.spotify.com/track/2aFiaMXmWsM3Vj72F9ksBl,2aFiaMXmWsM3Vj72F9ksBl
134,Setting Fires,The Chainsmokers,516546,https://open.spotify.com/track/0B8B8cVRFIG1yznoQe7c9s,0B8B8cVRFIG1yznoQe7c9s
135,7 Years,Lukas Graham,514767,https://open.spotify.com/track/7129iqBafaphfc3WPCGC0L,7129iqBafaphfc3WPCGC0L
136,Love On The Brain,Rihanna,511048,https://open.spotify.com/track/2aksifNn5ph8igDOkPBA02,2aksifNn5ph8igDOkPBA02
137,Work,Rihanna,504707,https://open.spotify.com/track/14WWzenpaEgQZlqPq2nk4v,14WWzenpaEgQZlqPq2nk4v
138,The Ocean (feat. Shy Martin),Mike Perry,503230,https://open.spotify.com/track/2CPqh63wRVscbceKcPxwvv,2CPqh63wRVscbceKcPxwvv
139,Shaky Shaky,Daddy Yankee,497061,https://open.spotify.com/track/58IL315gMSTD37DOZPJ2hf,58IL315gMSTD37DOZPJ2hf
140,Into You,Ariana Grande,495530,https://open.spotify.com/track/7yHEDfrJNd0zWOfXwydNH0,7yHEDfrJNd0zWOfXwydNH0
141,This Girl (Kungs Vs. Cookin' On 3 Burners),Kungs,495185,https://open.spotify.com/track/0tICYNayWWhH9GPeFrfjfD,0tICYNayWWhH9GPeFrfjfD
142,Owe Me,Big Sean,490044,https://open.spotify.com/track/1u0MOgWF1bbylVxpJG2ZjB,1u0MOgWF1bbylVxpJG2ZjB
143,Both (feat. Drake),Gucci Mane,488652,https://open.spotify.com/track/5tFep7dXGd7vEJ668wTPux,5tFep7dXGd7vEJ668wTPux
144,This Town,Niall Horan,487384,https://open.spotify.com/track/5nA67Y0XX9JipZwYxX7Gl7,5nA67Y0XX9JipZwYxX7Gl7
145,Hymn for the Weekend - Seeb Remix,Coldplay,479946,https://open.spotify.com/track/1OAiWI2oPmglaOiv9fdioU,1OAiWI2oPmglaOiv9fdioU
146,Light It Up (feat. Nyla & Fuse ODG) - Remix,Major Lazer,478559,https://open.spotify.com/track/0L7loeTIg6akW84aEQZpCT,0L7loeTIg6akW84aEQZpCT
147,Andas En Mi Cabeza,Chino & Nacho,477762,https://open.spotify.com/track/5mey7CLLuFToM2P68Qu1gF,5mey7CLLuFToM2P68Qu1gF
148,Love on Me,Galantis,473496,https://open.spotify.com/track/2MHCiOohBZEQuLgDTPvSzF,2MHCiOohBZEQuLgDTPvSzF
149,pick up the phone,Young Thug,469337,https://open.spotify.com/track/20dP2DaMHIAmwWAbp7peSr,20dP2DaMHIAmwWAbp7peSr
150,Final Song,MØ,467736,https://open.spotify.com/track/4qqArAiTPueDxIp7cf87h7,4qqArAiTPueDxIp7cf87h7
151,"City Of Stars - From ""La La Land"" Soundtrack",Ryan Gosling,465880,https://open.spotify.com/track/0LtVx5vsq9nfpGsWgjUin6,0LtVx5vsq9nfpGsWgjUin6
152,Sidewalks,The Weeknd,461307,https://open.spotify.com/track/4h90qkbnW1Qq6pBhoPvwko,4h90qkbnW1Qq6pBhoPvwko
153,Te Quiero Pa´Mi,Don Omar,458422,https://open.spotify.com/track/3BY2mafsbsoKGqS380Xnuz,3BY2mafsbsoKGqS380Xnuz
154,Let It Go,James Bay,457736,https://open.spotify.com/track/13HVjjWUZFaWilh2QUJKsP,13HVjjWUZFaWilh2QUJKsP
155,Middle,DJ Snake,455284,https://open.spotify.com/track/4OZEu0Vwq0RB2LAq14v99n,4OZEu0Vwq0RB2LAq14v99n
156,So Good (feat. Ty Dolla $ign),Zara Larsson,454068,https://open.spotify.com/track/54LGxQGf5LPXNGjtzDZ5IE,54LGxQGf5LPXNGjtzDZ5IE
157,Slippery (feat. Gucci Mane),Migos,450208,https://open.spotify.com/track/6p8NuHm8uCGnn2Dtbtf7zE,6p8NuHm8uCGnn2Dtbtf7zE
158,Six Feet Under,The Weeknd,449026,https://open.spotify.com/track/4mU5iXHeLgbR94siF7p1sY,4mU5iXHeLgbR94siF7p1sY
159,Voices In My Head/Stick To The Plan,Big Sean,448048,https://open.spotify.com/track/2pzuU8vLaG8W1P31X65ZP9,2pzuU8vLaG8W1P31X65ZP9
160,Light,Big Sean,445316,https://open.spotify.com/track/0URaKGzNTtzKRtsJN1RkA9,0URaKGzNTtzKRtsJN1RkA9
161,Chillax (feat. Ky-Mani Marley),Farruko,444774,https://open.spotify.com/track/1lxswgIpzV6HhENRvkflES,1lxswgIpzV6HhENRvkflES
162,Dancing On My Own,Calum Scott,440417,https://open.spotify.com/track/02WacdrRpm4zlP8H7X6bnQ,02WacdrRpm4zlP8H7X6bnQ
163,Lean On (feat. MØ & DJ Snake),Major Lazer,440332,https://open.spotify.com/track/4WjH9Bzt3kx7z8kl0awxh4,4WjH9Bzt3kx7z8kl0awxh4
164,DUELE EL CORAZON (feat. Wisin),Enrique Iglesias,440203,https://open.spotify.com/track/6YZdkObH88npeKrrkb8Ggf,6YZdkObH88npeKrrkb8Ggf
165,Million Reasons,Lady Gaga,436312,https://open.spotify.com/track/50PWlIBU7PlGGwzgN8TiFJ,50PWlIBU7PlGGwzgN8TiFJ
166,PILLOWTALK,ZAYN,432618,https://open.spotify.com/track/0PDUDa38GO8lMxLCRc4lL1,0PDUDa38GO8lMxLCRc4lL1
167,No Problem (feat. Lil Wayne & 2 Chainz),Chance the Rapper,432332,https://open.spotify.com/track/0v9Wz8o0BT8DU38R4ddjeH,0v9Wz8o0BT8DU38R4ddjeH
168,Send My Love (To Your New Lover),Adele,432075,https://open.spotify.com/track/4BHzQ9C00ceJxfG16AlNWb,4BHzQ9C00ceJxfG16AlNWb
169,Borro Cassette,Maluma,431625,https://open.spotify.com/track/6DUdDIRgLqCGq1DwkNWQTN,6DUdDIRgLqCGq1DwkNWQTN
170,Love$ick,Mura Masa,427338,https://open.spotify.com/track/5v9N8Rx3QsFvr50cxyQcA3,5v9N8Rx3QsFvr50cxyQcA3
171,Sooner Or Later,Aaron Carter,426290,https://open.spotify.com/track/6wV12xIUb8oFY7lBy4KuQe,6wV12xIUb8oFY7lBy4KuQe
172,Stitches,Shawn Mendes,425891,https://open.spotify.com/track/1WP1r7fuvRqZRnUaTi2I1Q,1WP1r7fuvRqZRnUaTi2I1Q
173,You Was Right,Lil Uzi Vert,415813,https://open.spotify.com/track/2ANLarE8yHVsLWW21nj79M,2ANLarE8yHVsLWW21nj79M
174,White Iverson,Post Malone,415293,https://open.spotify.com/track/6eT7xZZlB2mwyzJ2sUKG6w,6eT7xZZlB2mwyzJ2sUKG6w
175,Fast Car,Jonas Blue,414603,https://open.spotify.com/track/6OZh916QF8XNunWaP97WEZ,6OZh916QF8XNunWaP97WEZ
176,La Rompe Corazones,Daddy Yankee,413990,https://open.spotify.com/track/4okba5wu9mMLXx79DXLKi3,4okba5wu9mMLXx79DXLKi3
177,Hello,Adele,413343,https://open.spotify.com/track/4sPmO7WMQUAf45kwMOtONw,4sPmO7WMQUAf45kwMOtONw
178,Used to This (feat. Drake),Future,411393,https://open.spotify.com/track/78sr3ogs4UzITcCNbXM9cM,78sr3ogs4UzITcCNbXM9cM
179,"Lose Yourself - From ""8 Mile"" Soundtrack",Eminem,410838,https://open.spotify.com/track/5Z01UMMf7V1o0MzF86s6WJ,5Z01UMMf7V1o0MzF86s6WJ
180,"Me, Myself & I",G-Eazy,410574,https://open.spotify.com/track/40YcuQysJ0KlGQTeGUosTC,40YcuQysJ0KlGQTeGUosTC
181,Juju on That Beat (TZ Anthem),Zay Hilfigerrr,410505,https://open.spotify.com/track/1lItf5ZXJc1by9SbPeljFd,1lItf5ZXJc1by9SbPeljFd
182,Low Life (feat. The Weeknd),Future,407826,https://open.spotify.com/track/7EiZI6JVHllARrX9PUvAdX,7EiZI6JVHllARrX9PUvAdX
183,Let Her Go,Passenger,398712,https://open.spotify.com/track/2jyjhRf6DVbMPU5zxagN2h,2jyjhRf6DVbMPU5zxagN2h
184,No Role Modelz,J. Cole,397019,https://open.spotify.com/track/62vpWI1CHwFy7tMIcSStl8,62vpWI1CHwFy7tMIcSStl8
185,Taped up Heart (feat. Clara Mae),KREAM,397006,https://open.spotify.com/track/26hcyzSE154xMZCbFdtInA,26hcyzSE154xMZCbFdtInA
186,"Another Day Of Sun - From ""La La Land"" Soundtrack",La La Land Cast,396653,https://open.spotify.com/track/0zCfmceT1YvtZXGbR6Roht,0zCfmceT1YvtZXGbR6Roht
187,"Cuatro Babys (feat. Trap Capos, Noriel, Bryant Myers & Juhn)",Maluma,395575,https://open.spotify.com/track/0JoHqmlqE0W0i9prt6kcHR,0JoHqmlqE0W0i9prt6kcHR
188,Sex,Cheat Codes,392571,https://open.spotify.com/track/5DA77EqppDmCTWGovd4oTP,5DA77EqppDmCTWGovd4oTP
189,All of Me,John Legend,390951,https://open.spotify.com/track/2q6tgiA9tpb6DMguABwCWE,2q6tgiA9tpb6DMguABwCWE
190,Call Casting,Migos,390646,https://open.spotify.com/track/0jOfl1nZf6sVBTG08Q4brn,0jOfl1nZf6sVBTG08Q4brn
191,Body Like A Back Road,Sam Hunt,390058,https://open.spotify.com/track/7mldq42yDuxiUNn08nvzHO,7mldq42yDuxiUNn08nvzHO
192,What Do You Mean?,Justin Bieber,387693,https://open.spotify.com/track/3pzjHKrQSvXGHQ98dx18HI,3pzjHKrQSvXGHQ98dx18HI
193,"I See Fire - From ""The Hobbit - The Desolation Of Smaug""",Ed Sheeran,387342,https://open.spotify.com/track/3B7udSGy2PfgoCniMSb523,3B7udSGy2PfgoCniMSb523
194,The Hills,The Weeknd,385575,https://open.spotify.com/track/25khomWgBVamSdKw7hzm3l,25khomWgBVamSdKw7hzm3l
195,Hotline Bling,Drake,382878,https://open.spotify.com/track/2FBUoWkIuQXwayw2RNo5l6,2FBUoWkIuQXwayw2RNo5l6
196,Roses (feat. ROZES),The Chainsmokers,379992,https://open.spotify.com/track/6O6M7pJLABmfBRoGZMu76Y,6O6M7pJLABmfBRoGZMu76Y
197,Stay With Me,Sam Smith,379193,https://open.spotify.com/track/5Db9VIdDsN5yu3Eu7CT0i4,5Db9VIdDsN5yu3Eu7CT0i4
198,Pumped Up Kicks,Foster The People,376352,https://open.spotify.com/track/7w87IxuO7BDcJ3YUqCyMTT,7w87IxuO7BDcJ3YUqCyMTT
199,Bigger Than Me,Big Sean,375381,https://open.spotify.com/track/6zpXc7WJ3TqYWb02B6sKyF,6zpXc7WJ3TqYWb02B6sKyF
200,Manicomio,Cosculluela,375377,https://open.spotify.com/track/3n58u3LOFw8mITLvfPvQBz,3n58u3LOFw8mITLvfPvQBz
