Position,Track Name,Artist,Streams,URL,trackID,danceability,energy,key,loudness,mode,speechiness,acousticness,instrumentalness,liveness,valence,tempo,type,id,uri,track_href,analysis_url,duration_ms,time_signature
1,rockstar,Post Malone,5273727,https://open.spotify.com/track/7wGoVu4Dady5GV0Sv4UIsx,7wGoVu4Dady5GV0Sv4UIsx,0.577,0.522,5,-6.594,0,0.0984,0.13,9.03e-05,0.142,0.119,159.772,audio_features,7wGoVu4Dady5GV0Sv4UIsx,spotify:track:7wGoVu4Dady5GV0Sv4UIsx,https://api.spotify.com/v1/tracks/7wGoVu4Dady5GV0Sv4UIsx,https://api.spotify.com/v1/audio-analysis/7wGoVu4Dady5GV0Sv4UIsx,218320,4
2,Havana,Camila Cabello,4540789,https://open.spotify.com/track/0ofbQMrRDsUaVKq2mGLEAb,0ofbQMrRDsUaVKq2mGLEAb,0.768,0.517,7,-4.323,0,0.0312,0.186,3.8e-05,0.104,0.418,104.992,audio_features,0ofbQMrRDsUaVKq2mGLEAb,spotify:track:0ofbQMrRDsUaVKq2mGLEAb,https://api.spotify.com/v1/tracks/0ofbQMrRDsUaVKq2mGLEAb,https://api.spotify.com/v1/audio-analysis/0ofbQMrRDsUaVKq2mGLEAb,216897,4
3,New Rules,Dua Lipa,4497944,https://open.spotify.com/track/2ekn2ttSfGqwhhate0LSR0,2ekn2ttSfGqwhhate0LSR0,0.762,0.7,9,-6.021,0,0.0694,0.00261,1.56e-05,0.153,0.608,116.073,audio_features,2ekn2ttSfGqwhhate0LSR0,spotify:track:2ekn2ttSfGqwhhate0LSR0,https://api.spotify.com/v1/tracks/2ekn2ttSfGqwhhate0LSR0,https://api.spotify.com/v1/audio-analysis/2ekn2ttSfGqwhhate0LSR0,209320,4
4,Shape of You,Ed Sheeran,3543846,https://open.spotify.com/track/7qiZfU4dY1lWllzX7mPBI3,7qiZfU4dY1lWllzX7mPBI3,0.825,0.652,1,-3.183,0,0.0802,0.581,0,0.0931,0.931,95.977,audio_features,7qiZfU4dY1lWllzX7mPBI3,spotify:track:7qiZfU4dY1lWllzX7mPBI3,https://api.spotify.com/v1/tracks/7qiZfU4dY1lWllzX7mPBI3,https://api.spotify.com/v1/audio-analysis/7qiZfU4dY1lWllzX7mPBI3,233713,4
5,Wolves,Selena Gomez,3466612,https://open.spotify.com/track/7EmGUiUaOSGDnUUQUDrOXC,7EmGUiUaOSGDnUUQUDrOXC,0.715,0.802,11,-4.647,0,0.0394,0.139,0,0.177,0.327,124.989,audio_features,7EmGUiUaOSGDnUUQUDrOXC,spotify:track:7EmGUiUaOSGDnUUQUDrOXC,https://api.spotify.com/v1/tracks/7EmGUiUaOSGDnUUQUDrOXC,https://api.spotify.com/v1/audio-analysis/7EmGUiUaOSGDnUUQUDrOXC,197993,4
6,River (feat. Ed Sheeran),Eminem,3209075,https://open.spotify.com/track/5UEnHoDYpsxlfzWLZIc7LD,5UEnHoDYpsxlfzWLZIc7LD,0.757,0.748,8,-5.794,0,0.473,0.17,0,0.0759,0.693,90.052,audio_features,5UEnHoDYpsxlfzWLZIc7LD,spotify:track:5UEnHoDYpsxlfzWLZIc7LD,https://api.spotify.com/v1/tracks/5UEnHoDYpsxlfzWLZIc7LD,https://api.spotify.com/v1/audio-analysis/5UEnHoDYpsxlfzWLZIc7LD,221013,4
7,What Lovers Do (feat. SZA),Maroon 5,3132182,https://open.spotify.com/track/3hBBKuWJfxlIlnd9QFoC8k,3hBBKuWJfxlIlnd9QFoC8k,0.795,0.615,5,-5.211,0,0.0671,0.0786,2.98e-06,0.0855,0.393,110.009,audio_features,3hBBKuWJfxlIlnd9QFoC8k,spotify:track:3hBBKuWJfxlIlnd9QFoC8k,https://api.spotify.com/v1/tracks/3hBBKuWJfxlIlnd9QFoC8k,https://api.spotify.com/v1/audio-analysis/3hBBKuWJfxlIlnd9QFoC8k,199849,4
8,Despacito - Remix,Luis Fonsi,3018991,https://open.spotify.com/track/5CtI0qwDJkDQGwXD1H1cLb,5CtI0qwDJkDQGwXD1H1cLb,0.694,0.815,2,-4.328,1,0.12,0.229,0,0.0924,0.813,88.931,audio_features,5CtI0qwDJkDQGwXD1H1cLb,spotify:track:5CtI0qwDJkDQGwXD1H1cLb,https://api.spotify.com/v1/tracks/5CtI0qwDJkDQGwXD1H1cLb,https://api.spotify.com/v1/audio-analysis/5CtI0qwDJkDQGwXD1H1cLb,228827,4
9,Échame La Culpa,Luis Fonsi,2927841,https://open.spotify.com/track/1zsG4eaZmkA1dvjDDsAGLK,1zsG4eaZmkA1dvjDDsAGLK,0.724,0.895,7,-3.617,1,0.0411,0.0322,0,0.097,0.64,96.022,audio_features,1zsG4eaZmkA1dvjDDsAGLK,spotify:track:1zsG4eaZmkA1dvjDDsAGLK,https://api.spotify.com/v1/tracks/1zsG4eaZmkA1dvjDDsAGLK,https://api.spotify.com/v1/audio-analysis/1zsG4eaZmkA1dvjDDsAGLK,173720,4
10,Perfect,Ed Sheeran,2805940,https://open.spotify.com/track/0tgVpDi06FyKpA1z0VMD4v,0tgVpDi06FyKpA1z0VMD4v,0.599,0.448,8,-6.312,1,0.0232,0.163,0,0.106,0.168,95.05,audio_features,0tgVpDi06FyKpA1z0VMD4v,spotify:track:0tgVpDi06FyKpA1z0VMD4v,https://api.spotify.com/v1/tracks/0tgVpDi06FyKpA1z0VMD4v,https://api.spotify.com/v1/audio-analysis/0tgVpDi06FyKpA1z0VMD4v,263400,3
11,Let You Down,NF,2646623,https://open.spotify.com/track/6mrKP2jyIQmM0rw6fQryjr,6mrKP2jyIQmM0rw6fQryjr,0.659,0.716,5,-5.673,0,0.111,0.33,0,0.173,0.437,148.015,audio_features,6mrKP2jyIQmM0rw6fQryjr,spotify:track:6mrKP2jyIQmM0rw6fQryjr,https://api.spotify.com/v1/tracks/6mrKP2jyIQmM0rw6fQryjr,https://api.spotify.com/v1/audio-analysis/6mrKP2jyIQmM0rw6fQryjr,212120,4
12,Him & I (with Halsey),G-Eazy,2624451,https://open.spotify.com/track/5k38wzpLb15YgncyWdTZE4,5k38wzpLb15YgncyWdTZE4,0.589,0.731,2,-6.343,1,0.0868,0.0534,0,0.308,0.191,87.908,audio_features,5k38wzpLb15YgncyWdTZE4,spotify:track:5k38wzpLb15YgncyWdTZE4,https://api.spotify.com/v1/tracks/5k38wzpLb15YgncyWdTZE4,https://api.spotify.com/v1/audio-analysis/5k38wzpLb15YgncyWdTZE4,268867,4
13,Gucci Gang,Lil Pump,2530123,https://open.spotify.com/track/43ZyHQITOjhciSUUNPVRHc,43ZyHQITOjhciSUUNPVRHc,0.936,0.523,5,-6.71,1,0.0597,0.239,0,0.117,0.699,119.889,audio_features,43ZyHQITOjhciSUUNPVRHc,spotify:track:43ZyHQITOjhciSUUNPVRHc,https://api.spotify.com/v1/tracks/43ZyHQITOjhciSUUNPVRHc,https://api.spotify.com/v1/audio-analysis/43ZyHQITOjhciSUUNPVRHc,124056,4
14,Silence,Marshmello,2358919,https://open.spotify.com/track/7vGuf3Y35N4wmASOKLUVVU,7vGuf3Y35N4wmASOKLUVVU,0.52,0.761,4,-3.093,1,0.0853,0.256,4.96e-06,0.17,0.286,141.971,audio_features,7vGuf3Y35N4wmASOKLUVVU,spotify:track:7vGuf3Y35N4wmASOKLUVVU,https://api.spotify.com/v1/tracks/7vGuf3Y35N4wmASOKLUVVU,https://api.spotify.com/v1/audio-analysis/7vGuf3Y35N4wmASOKLUVVU,180823,4
15,Too Good At Goodbyes,Sam Smith,2257064,https://open.spotify.com/track/1mXVgsBdtIVeCLJnSnmtdV,1mXVgsBdtIVeCLJnSnmtdV,0.681,0.372,5,-8.237,1,0.0432,0.64,0,0.169,0.476,91.873,audio_features,1mXVgsBdtIVeCLJnSnmtdV,spotify:track:1mXVgsBdtIVeCLJnSnmtdV,https://api.spotify.com/v1/tracks/1mXVgsBdtIVeCLJnSnmtdV,https://api.spotify.com/v1/audio-analysis/1mXVgsBdtIVeCLJnSnmtdV,201000,4
16,Perfect Duet (Ed Sheeran & Beyoncé),Ed Sheeran,2243964,https://open.spotify.com/track/1bhUWB0zJMIKr9yVPrkEuI,1bhUWB0zJMIKr9yVPrkEuI,0.587,0.299,8,-7.365,1,0.0263,0.779,0,0.123,0.356,94.992,audio_features,1bhUWB0zJMIKr9yVPrkEuI,spotify:track:1bhUWB0zJMIKr9yVPrkEuI,https://api.spotify.com/v1/tracks/1bhUWB0zJMIKr9yVPrkEuI,https://api.spotify.com/v1/audio-analysis/1bhUWB0zJMIKr9yVPrkEuI,259550,3
17,Mi Gente,J Balvin,2192014,https://open.spotify.com/track/2rb5MvYT7ZIxbKW5hfcHx8,2rb5MvYT7ZIxbKW5hfcHx8,0.543,0.677,11,-4.915,0,0.0993,0.0148,6.21e-06,0.13,0.294,103.809,audio_features,2rb5MvYT7ZIxbKW5hfcHx8,spotify:track:2rb5MvYT7ZIxbKW5hfcHx8,https://api.spotify.com/v1/tracks/2rb5MvYT7ZIxbKW5hfcHx8,https://api.spotify.com/v1/audio-analysis/2rb5MvYT7ZIxbKW5hfcHx8,189440,4
18,Dusk Till Dawn - Radio Edit,ZAYN,2133585,https://open.spotify.com/track/1j4kHkkpqZRBwE0A4CN4Yv,1j4kHkkpqZRBwE0A4CN4Yv,0.258,0.437,11,-6.593,0,0.039,0.101,1.27e-06,0.106,0.0967,180.043,audio_features,1j4kHkkpqZRBwE0A4CN4Yv,spotify:track:1j4kHkkpqZRBwE0A4CN4Yv,https://api.spotify.com/v1/tracks/1j4kHkkpqZRBwE0A4CN4Yv,https://api.spotify.com/v1/audio-analysis/1j4kHkkpqZRBwE0A4CN4Yv,239000,4
19,Young Dumb & Broke,Khalid,2122721,https://open.spotify.com/track/5Z3GHaZ6ec9bsiI5BenrbY,5Z3GHaZ6ec9bsiI5BenrbY,0.798,0.539,1,-6.351,1,0.0421,0.199,1.66e-05,0.165,0.394,136.949,audio_features,5Z3GHaZ6ec9bsiI5BenrbY,spotify:track:5Z3GHaZ6ec9bsiI5BenrbY,https://api.spotify.com/v1/tracks/5Z3GHaZ6ec9bsiI5BenrbY,https://api.spotify.com/v1/audio-analysis/5Z3GHaZ6ec9bsiI5BenrbY,202547,4
20,Corazón,Maluma,2099160,https://open.spotify.com/track/4lESS6vuruP6a79KWRaQou,4lESS6vuruP6a79KWRaQou,0.871,0.768,4,-5.401,0,0.122,0.283,2.25e-05,0.162,0.765,98.989,audio_features,4lESS6vuruP6a79KWRaQou,spotify:track:4lESS6vuruP6a79KWRaQou,https://api.spotify.com/v1/tracks/4lESS6vuruP6a79KWRaQou,https://api.spotify.com/v1/audio-analysis/4lESS6vuruP6a79KWRaQou,184067,4
21,Feel It Still,Portugal. The Man,2088058,https://open.spotify.com/track/6QgjcU0zLnzq5OrUoSZ3OK,6QgjcU0zLnzq5OrUoSZ3OK,0.801,0.795,1,-5.115,0,0.0504,0.0417,0.000113,0.0717,0.754,79.028,audio_features,6QgjcU0zLnzq5OrUoSZ3OK,spotify:track:6QgjcU0zLnzq5OrUoSZ3OK,https://api.spotify.com/v1/tracks/6QgjcU0zLnzq5OrUoSZ3OK,https://api.spotify.com/v1/audio-analysis/6QgjcU0zLnzq5OrUoSZ3OK,163253,4
22,I Fall Apart,Post Malone,2085550,https://open.spotify.com/track/75ZvA4QfFiZvzhj2xkaWAh,75ZvA4QfFiZvzhj2xkaWAh,0.556,0.538,8,-5.408,0,0.0382,0.0689,0,0.196,0.291,143.95,audio_features,75ZvA4QfFiZvzhj2xkaWAh,spotify:track:75ZvA4QfFiZvzhj2xkaWAh,https://api.spotify.com/v1/tracks/75ZvA4QfFiZvzhj2xkaWAh,https://api.spotify.com/v1/audio-analysis/75ZvA4QfFiZvzhj2xkaWAh,223347,4
23,Unforgettable,French Montana,1968505,https://open.spotify.com/track/3B54sVLJ402zGa6Xm4YGNe,3B54sVLJ402zGa6Xm4YGNe,0.726,0.769,6,-5.043,1,0.123,0.0293,0.0101,0.104,0.733,97.985,audio_features,3B54sVLJ402zGa6Xm4YGNe,spotify:track:3B54sVLJ402zGa6Xm4YGNe,https://api.spotify.com/v1/tracks/3B54sVLJ402zGa6Xm4YGNe,https://api.spotify.com/v1/audio-analysis/3B54sVLJ402zGa6Xm4YGNe,233902,4
24,Thunder,Imagine Dragons,1929924,https://open.spotify.com/track/0tKcYR2II1VCQWT79i5NrW,0tKcYR2II1VCQWT79i5NrW,0.6,0.81,0,-4.749,1,0.0479,0.00683,0.21,0.155,0.298,167.88,audio_features,0tKcYR2II1VCQWT79i5NrW,spotify:track:0tKcYR2II1VCQWT79i5NrW,https://api.spotify.com/v1/tracks/0tKcYR2II1VCQWT79i5NrW,https://api.spotify.com/v1/audio-analysis/0tKcYR2II1VCQWT79i5NrW,187147,4
25,Criminal,Natti Natasha,1915015,https://open.spotify.com/track/6Za3190Sbw39BBC77WSS1C,6Za3190Sbw39BBC77WSS1C,0.814,0.813,2,-3.023,0,0.0561,0.03,9.33e-05,0.255,0.839,79.997,audio_features,6Za3190Sbw39BBC77WSS1C,spotify:track:6Za3190Sbw39BBC77WSS1C,https://api.spotify.com/v1/tracks/6Za3190Sbw39BBC77WSS1C,https://api.spotify.com/v1/audio-analysis/6Za3190Sbw39BBC77WSS1C,232550,4
26,"Let Me Go (with Alesso, Florida Georgia Line & watt)",Hailee Steinfeld,1903268,https://open.spotify.com/track/5AEtlRudpgdT5FtNiuly6Y,5AEtlRudpgdT5FtNiuly6Y,0.659,0.717,8,-4.202,1,0.0581,0.0393,0,0.0769,0.71,103.036,audio_features,5AEtlRudpgdT5FtNiuly6Y,spotify:track:5AEtlRudpgdT5FtNiuly6Y,https://api.spotify.com/v1/tracks/5AEtlRudpgdT5FtNiuly6Y,https://api.spotify.com/v1/audio-analysis/5AEtlRudpgdT5FtNiuly6Y,174800,4
27,Downtown,Anitta,1858318,https://open.spotify.com/track/3Ga6eKrUFf12ouh9Yw3v2D,3Ga6eKrUFf12ouh9Yw3v2D,0.775,0.679,4,-4.985,0,0.135,0.18,7.26e-05,0.068,0.619,166.008,audio_features,3Ga6eKrUFf12ouh9Yw3v2D,spotify:track:3Ga6eKrUFf12ouh9Yw3v2D,https://api.spotify.com/v1/tracks/3Ga6eKrUFf12ouh9Yw3v2D,https://api.spotify.com/v1/audio-analysis/3Ga6eKrUFf12ouh9Yw3v2D,193456,4
28,Sensualidad,Bad Bunny,1856078,https://open.spotify.com/track/5hcisvFMidkMJlElTO9Qmw,5hcisvFMidkMJlElTO9Qmw,0.807,0.681,11,-6.268,1,0.0983,0.423,0,0.0962,0.676,140.006,audio_features,5hcisvFMidkMJlElTO9Qmw,spotify:track:5hcisvFMidkMJlElTO9Qmw,https://api.spotify.com/v1/tracks/5hcisvFMidkMJlElTO9Qmw,https://api.spotify.com/v1/audio-analysis/5hcisvFMidkMJlElTO9Qmw,297485,4
29,Me Rehúso,Danny Ocean,1852258,https://open.spotify.com/track/6De0lHrwBfPfrhorm9q1Xl,6De0lHrwBfPfrhorm9q1Xl,0.744,0.804,1,-6.327,1,0.0677,0.0231,0,0.0494,0.426,104.823,audio_features,6De0lHrwBfPfrhorm9q1Xl,spotify:track:6De0lHrwBfPfrhorm9q1Xl,https://api.spotify.com/v1/tracks/6De0lHrwBfPfrhorm9q1Xl,https://api.spotify.com/v1/audio-analysis/6De0lHrwBfPfrhorm9q1Xl,205715,4
30,No Limit,G-Eazy,1828604,https://open.spotify.com/track/2DQ1ITjI0YoLFzuADN1ZBW,2DQ1ITjI0YoLFzuADN1ZBW,0.838,0.771,1,-3.791,1,0.244,0.0117,0,0.0853,0.405,175.957,audio_features,2DQ1ITjI0YoLFzuADN1ZBW,spotify:track:2DQ1ITjI0YoLFzuADN1ZBW,https://api.spotify.com/v1/tracks/2DQ1ITjI0YoLFzuADN1ZBW,https://api.spotify.com/v1/audio-analysis/2DQ1ITjI0YoLFzuADN1ZBW,245387,4
31,XO Tour Llif3,Lil Uzi Vert,1782977,https://open.spotify.com/track/7GX5flRQZVHRAGd6B4TmDO,7GX5flRQZVHRAGd6B4TmDO,0.732,0.75,11,-6.366,0,0.231,0.00264,0,0.109,0.401,155.096,audio_features,7GX5flRQZVHRAGd6B4TmDO,spotify:track:7GX5flRQZVHRAGd6B4TmDO,https://api.spotify.com/v1/tracks/7GX5flRQZVHRAGd6B4TmDO,https://api.spotify.com/v1/audio-analysis/7GX5flRQZVHRAGd6B4TmDO,182707,4
32,Stargazing,Kygo,1782960,https://open.spotify.com/track/0Zbbxnx4SGGHoIow4PpISP,0Zbbxnx4SGGHoIow4PpISP,0.677,0.497,5,-5.763,1,0.0809,0.152,0,0.0911,0.419,99.137,audio_features,0Zbbxnx4SGGHoIow4PpISP,spotify:track:0Zbbxnx4SGGHoIow4PpISP,https://api.spotify.com/v1/tracks/0Zbbxnx4SGGHoIow4PpISP,https://api.spotify.com/v1/audio-analysis/0Zbbxnx4SGGHoIow4PpISP,236853,4
33,Something Just Like This,The Chainsmokers,1768960,https://open.spotify.com/track/6RUKPb4LETWmmr3iAEQktW,6RUKPb4LETWmmr3iAEQktW,0.617,0.635,11,-6.769,0,0.0317,0.0498,1.44e-05,0.164,0.446,103.019,audio_features,6RUKPb4LETWmmr3iAEQktW,spotify:track:6RUKPb4LETWmmr3iAEQktW,https://api.spotify.com/v1/tracks/6RUKPb4LETWmmr3iAEQktW,https://api.spotify.com/v1/audio-analysis/6RUKPb4LETWmmr3iAEQktW,247160,4
34,1-800-273-8255,Logic,1740727,https://open.spotify.com/track/5tz69p7tJuGPeMGwNTxYuV,5tz69p7tJuGPeMGwNTxYuV,0.62,0.574,5,-7.788,0,0.0479,0.569,0,0.19,0.357,100.023,audio_features,5tz69p7tJuGPeMGwNTxYuV,spotify:track:5tz69p7tJuGPeMGwNTxYuV,https://api.spotify.com/v1/tracks/5tz69p7tJuGPeMGwNTxYuV,https://api.spotify.com/v1/audio-analysis/5tz69p7tJuGPeMGwNTxYuV,250173,4
35,More Than You Know,Axwell /\ Ingrosso,1740012,https://open.spotify.com/track/71bBFbfn2OBK5QwUJSLS44,71bBFbfn2OBK5QwUJSLS44,0.642,0.733,5,-5.001,0,0.0343,0.0274,0,0.266,0.519,123.075,audio_features,71bBFbfn2OBK5QwUJSLS44,spotify:track:71bBFbfn2OBK5QwUJSLS44,https://api.spotify.com/v1/tracks/71bBFbfn2OBK5QwUJSLS44,https://api.spotify.com/v1/audio-analysis/71bBFbfn2OBK5QwUJSLS44,203000,4
36,Meant to Be (feat. Florida Georgia Line),Bebe Rexha,1652333,https://open.spotify.com/track/7iDa6hUg2VgEL1o1HjmfBn,7iDa6hUg2VgEL1o1HjmfBn,0.643,0.783,10,-6.458,1,0.0856,0.047,0,0.083,0.579,154.084,audio_features,7iDa6hUg2VgEL1o1HjmfBn,spotify:track:7iDa6hUg2VgEL1o1HjmfBn,https://api.spotify.com/v1/tracks/7iDa6hUg2VgEL1o1HjmfBn,https://api.spotify.com/v1/audio-analysis/7iDa6hUg2VgEL1o1HjmfBn,163870,4
37,Man's Not Hot,Big Shaq,1644960,https://open.spotify.com/track/2nUJvBO87SkxCViQsLc9Zr,2nUJvBO87SkxCViQsLc9Zr,0.895,0.885,0,-4.182,1,0.268,0.11,4.04e-05,0.106,0.633,134.973,audio_features,2nUJvBO87SkxCViQsLc9Zr,spotify:track:2nUJvBO87SkxCViQsLc9Zr,https://api.spotify.com/v1/tracks/2nUJvBO87SkxCViQsLc9Zr,https://api.spotify.com/v1/audio-analysis/2nUJvBO87SkxCViQsLc9Zr,186027,4
38,How Long,Charlie Puth,1612481,https://open.spotify.com/track/32DGGj6KlNuBr6WaqRxpxi,32DGGj6KlNuBr6WaqRxpxi,0.849,0.581,1,-5.243,0,0.0767,0.189,3.61e-06,0.0805,0.779,110.008,audio_features,32DGGj6KlNuBr6WaqRxpxi,spotify:track:32DGGj6KlNuBr6WaqRxpxi,https://api.spotify.com/v1/tracks/32DGGj6KlNuBr6WaqRxpxi,https://api.spotify.com/v1/audio-analysis/32DGGj6KlNuBr6WaqRxpxi,198237,4
39,Bartier Cardi (feat. 21 Savage),Cardi B,1610911,https://open.spotify.com/track/75FDPwaULRdYDn4StFN2rT,75FDPwaULRdYDn4StFN2rT,0.909,0.546,8,-7.513,1,0.175,0.000704,0.000823,0.36,0.0986,138.043,audio_features,75FDPwaULRdYDn4StFN2rT,spotify:track:75FDPwaULRdYDn4StFN2rT,https://api.spotify.com/v1/tracks/75FDPwaULRdYDn4StFN2rT,https://api.spotify.com/v1/audio-analysis/75FDPwaULRdYDn4StFN2rT,224613,4
40,I Miss You (feat. Julia Michaels),Clean Bandit,1600999,https://open.spotify.com/track/2xmrfQpmS2iJExTlklLoAL,2xmrfQpmS2iJExTlklLoAL,0.638,0.658,3,-6.318,1,0.0456,0.245,3.77e-06,0.0919,0.33,105.076,audio_features,2xmrfQpmS2iJExTlklLoAL,spotify:track:2xmrfQpmS2iJExTlklLoAL,https://api.spotify.com/v1/tracks/2xmrfQpmS2iJExTlklLoAL,https://api.spotify.com/v1/audio-analysis/2xmrfQpmS2iJExTlklLoAL,205748,4
41,Se Preparó,Ozuna,1594858,https://open.spotify.com/track/1m69ELEgE6k5ZWsap40ozt,1m69ELEgE6k5ZWsap40ozt,0.739,0.821,1,-4.233,1,0.0852,0.222,9.6e-06,0.311,0.693,171.077,audio_features,1m69ELEgE6k5ZWsap40ozt,spotify:track:1m69ELEgE6k5ZWsap40ozt,https://api.spotify.com/v1/tracks/1m69ELEgE6k5ZWsap40ozt,https://api.spotify.com/v1/audio-analysis/1m69ELEgE6k5ZWsap40ozt,188080,4
42,Congratulations,Post Malone,1548536,https://open.spotify.com/track/3a1lNhkSLSkpJE4MSHpDu9,3a1lNhkSLSkpJE4MSHpDu9,0.63,0.804,6,-4.183,1,0.0363,0.215,0,0.253,0.492,123.146,audio_features,3a1lNhkSLSkpJE4MSHpDu9,spotify:track:3a1lNhkSLSkpJE4MSHpDu9,https://api.spotify.com/v1/tracks/3a1lNhkSLSkpJE4MSHpDu9,https://api.spotify.com/v1/audio-analysis/3a1lNhkSLSkpJE4MSHpDu9,220293,4
43,One Dance,Drake,1546059,https://open.spotify.com/track/1xznGGDReH1oQq0xzbwXa3,1xznGGDReH1oQq0xzbwXa3,0.791,0.619,1,-5.886,1,0.0532,0.00784,0.00423,0.351,0.371,103.989,audio_features,1xznGGDReH1oQq0xzbwXa3,spotify:track:1xznGGDReH1oQq0xzbwXa3,https://api.spotify.com/v1/tracks/1xznGGDReH1oQq0xzbwXa3,https://api.spotify.com/v1/audio-analysis/1xznGGDReH1oQq0xzbwXa3,173987,4
44,Mayores,Becky G,1540172,https://open.spotify.com/track/7JNh1cfm0eXjqFVOzKLyau,7JNh1cfm0eXjqFVOzKLyau,0.743,0.855,5,-3.976,0,0.0436,0.141,0.0045,0.099,0.871,96.989,audio_features,7JNh1cfm0eXjqFVOzKLyau,spotify:track:7JNh1cfm0eXjqFVOzKLyau,https://api.spotify.com/v1/tracks/7JNh1cfm0eXjqFVOzKLyau,https://api.spotify.com/v1/audio-analysis/7JNh1cfm0eXjqFVOzKLyau,202453,4
45,Vai malandra (feat. Tropkillaz & DJ Yuri Martins),Anitta,1516870,https://open.spotify.com/track/6u0EAxf1OJTLS7CvInuNd7,6u0EAxf1OJTLS7CvInuNd7,0.876,0.55,2,-5.464,1,0.152,0.0227,4.52e-05,0.294,0.557,129.924,audio_features,6u0EAxf1OJTLS7CvInuNd7,spotify:track:6u0EAxf1OJTLS7CvInuNd7,https://api.spotify.com/v1/tracks/6u0EAxf1OJTLS7CvInuNd7,https://api.spotify.com/v1/audio-analysis/6u0EAxf1OJTLS7CvInuNd7,201532,4
46,Symphony (feat. Zara Larsson),Clean Bandit,1490064,https://open.spotify.com/track/1x5sYLZiu9r5E43kMlt9f8,1x5sYLZiu9r5E43kMlt9f8,0.707,0.629,0,-4.581,0,0.0563,0.259,1.6e-05,0.138,0.457,122.863,audio_features,1x5sYLZiu9r5E43kMlt9f8,spotify:track:1x5sYLZiu9r5E43kMlt9f8,https://api.spotify.com/v1/tracks/1x5sYLZiu9r5E43kMlt9f8,https://api.spotify.com/v1/audio-analysis/1x5sYLZiu9r5E43kMlt9f8,212459,4
47,HUMBLE.,Kendrick Lamar,1483050,https://open.spotify.com/track/7KXjTSCq5nL1LoYtL7XAwS,7KXjTSCq5nL1LoYtL7XAwS,0.908,0.621,1,-6.638,0,0.102,0.000282,5.39e-05,0.0958,0.421,150.011,audio_features,7KXjTSCq5nL1LoYtL7XAwS,spotify:track:7KXjTSCq5nL1LoYtL7XAwS,https://api.spotify.com/v1/tracks/7KXjTSCq5nL1LoYtL7XAwS,https://api.spotify.com/v1/audio-analysis/7KXjTSCq5nL1LoYtL7XAwS,177000,4
48,Candy Paint,Post Malone,1478194,https://open.spotify.com/track/42CeaId2XNlxugDvyqHfDf,42CeaId2XNlxugDvyqHfDf,0.765,0.688,4,-5.566,1,0.0841,0.633,0,0.0734,0.434,90.013,audio_features,42CeaId2XNlxugDvyqHfDf,spotify:track:42CeaId2XNlxugDvyqHfDf,https://api.spotify.com/v1/tracks/42CeaId2XNlxugDvyqHfDf,https://api.spotify.com/v1/audio-analysis/42CeaId2XNlxugDvyqHfDf,229573,4
49,Déjala Que Vuelva (feat. Manuel Turizo),Piso 21,1455475,https://open.spotify.com/track/33bnxcjePIkcmNjEFTJX0l,33bnxcjePIkcmNjEFTJX0l,0.681,0.788,1,-4.323,1,0.0785,0.0482,0,0.0753,0.839,170.019,audio_features,33bnxcjePIkcmNjEFTJX0l,spotify:track:33bnxcjePIkcmNjEFTJX0l,https://api.spotify.com/v1/tracks/33bnxcjePIkcmNjEFTJX0l,https://api.spotify.com/v1/audio-analysis/33bnxcjePIkcmNjEFTJX0l,220117,4
50,Closer,The Chainsmokers,1445347,https://open.spotify.com/track/7BKLCZ1jbUBVqRi2FVlTVw,7BKLCZ1jbUBVqRi2FVlTVw,0.748,0.524,8,-5.599,1,0.0338,0.414,0,0.111,0.661,95.01,audio_features,7BKLCZ1jbUBVqRi2FVlTVw,spotify:track:7BKLCZ1jbUBVqRi2FVlTVw,https://api.spotify.com/v1/tracks/7BKLCZ1jbUBVqRi2FVlTVw,https://api.spotify.com/v1/audio-analysis/7BKLCZ1jbUBVqRi2FVlTVw,244960,4
51,Attention,Charlie Puth,1424048,https://open.spotify.com/track/4iLqG9SeJSnt0cSPICSjxv,4iLqG9SeJSnt0cSPICSjxv,0.774,0.626,3,-4.432,0,0.0432,0.0969,3.12e-05,0.0848,0.777,100.041,audio_features,4iLqG9SeJSnt0cSPICSjxv,spotify:track:4iLqG9SeJSnt0cSPICSjxv,https://api.spotify.com/v1/tracks/4iLqG9SeJSnt0cSPICSjxv,https://api.spotify.com/v1/audio-analysis/4iLqG9SeJSnt0cSPICSjxv,211475,4
52,Billie Jean,Michael Jackson,1378312,https://open.spotify.com/track/5ChkMS8OtdzJeqyybCc9R5,5ChkMS8OtdzJeqyybCc9R5,0.92,0.654,11,-3.051,0,0.0401,0.0236,0.0158,0.0359,0.847,117.046,audio_features,5ChkMS8OtdzJeqyybCc9R5,spotify:track:5ChkMS8OtdzJeqyybCc9R5,https://api.spotify.com/v1/tracks/5ChkMS8OtdzJeqyybCc9R5,https://api.spotify.com/v1/audio-analysis/5ChkMS8OtdzJeqyybCc9R5,293827,4
53,Lonely Together (feat. Rita Ora),Avicii,1332507,https://open.spotify.com/track/2OALaHcDdKkjYEpAr0Qzab,2OALaHcDdKkjYEpAr0Qzab,0.655,0.666,5,-5.309,1,0.0612,0.134,2.12e-05,0.0683,0.272,102.977,audio_features,2OALaHcDdKkjYEpAr0Qzab,spotify:track:2OALaHcDdKkjYEpAr0Qzab,https://api.spotify.com/v1/tracks/2OALaHcDdKkjYEpAr0Qzab,https://api.spotify.com/v1/audio-analysis/2OALaHcDdKkjYEpAr0Qzab,181812,4
54,Swalla (feat. Nicki Minaj & Ty Dolla $ign),Jason Derulo,1322562,https://open.spotify.com/track/6kex4EBAj0WHXDKZMEJaaF,6kex4EBAj0WHXDKZMEJaaF,0.696,0.817,1,-3.862,1,0.109,0.075,0,0.187,0.782,98.064,audio_features,6kex4EBAj0WHXDKZMEJaaF,spotify:track:6kex4EBAj0WHXDKZMEJaaF,https://api.spotify.com/v1/tracks/6kex4EBAj0WHXDKZMEJaaF,https://api.spotify.com/v1/audio-analysis/6kex4EBAj0WHXDKZMEJaaF,216409,4
55,Bank Account,21 Savage,1321363,https://open.spotify.com/track/2fQrGHiQOvpL9UgPvtYy6G,2fQrGHiQOvpL9UgPvtYy6G,0.884,0.346,8,-8.228,0,0.351,0.0151,7.04e-06,0.0871,0.376,75.016,audio_features,2fQrGHiQOvpL9UgPvtYy6G,spotify:track:2fQrGHiQOvpL9UgPvtYy6G,https://api.spotify.com/v1/tracks/2fQrGHiQOvpL9UgPvtYy6G,https://api.spotify.com/v1/audio-analysis/2fQrGHiQOvpL9UgPvtYy6G,220307,4
56,Ric Flair Drip (& Metro Boomin),Offset,1320126,https://open.spotify.com/track/7sO5G9EABYOXQKNPNiE9NR,7sO5G9EABYOXQKNPNiE9NR,0.88,0.428,9,-8.28,1,0.206,0.149,5.07e-05,0.114,0.333,100.007,audio_features,7sO5G9EABYOXQKNPNiE9NR,spotify:track:7sO5G9EABYOXQKNPNiE9NR,https://api.spotify.com/v1/tracks/7sO5G9EABYOXQKNPNiE9NR,https://api.spotify.com/v1/audio-analysis/7sO5G9EABYOXQKNPNiE9NR,172800,4
57,Can't Hold Us - feat. Ray Dalton,Macklemore & Ryan Lewis,1301225,https://open.spotify.com/track/3bidbhpOYeV4knp8AIu8Xn,3bidbhpOYeV4knp8AIu8Xn,0.641,0.922,2,-4.457,1,0.0786,0.0291,0,0.0862,0.847,146.078,audio_features,3bidbhpOYeV4knp8AIu8Xn,spotify:track:3bidbhpOYeV4knp8AIu8Xn,https://api.spotify.com/v1/tracks/3bidbhpOYeV4knp8AIu8Xn,https://api.spotify.com/v1/audio-analysis/3bidbhpOYeV4knp8AIu8Xn,258343,4
58,So Far Away (feat. Jamie Scott & Romy Dya),Martin Garrix,1296524,https://open.spotify.com/track/0OlnLZY4cmQzT6ZGttvWBM,0OlnLZY4cmQzT6ZGttvWBM,0.526,0.52,6,-7.985,0,0.0569,0.435,0,0.197,0.13,149.119,audio_features,0OlnLZY4cmQzT6ZGttvWBM,spotify:track:0OlnLZY4cmQzT6ZGttvWBM,https://api.spotify.com/v1/tracks/0OlnLZY4cmQzT6ZGttvWBM,https://api.spotify.com/v1/audio-analysis/0OlnLZY4cmQzT6ZGttvWBM,183637,4
59,"I'm the One (feat. Justin Bieber, Quavo, Chance the Rapper & Lil Wayne)",DJ Khaled,1268273,https://open.spotify.com/track/3DXncPQOG4VBw3QHh3S817,3DXncPQOG4VBw3QHh3S817,0.609,0.668,7,-4.284,1,0.0367,0.0552,0,0.167,0.811,80.924,audio_features,3DXncPQOG4VBw3QHh3S817,spotify:track:3DXncPQOG4VBw3QHh3S817,https://api.spotify.com/v1/tracks/3DXncPQOG4VBw3QHh3S817,https://api.spotify.com/v1/audio-analysis/3DXncPQOG4VBw3QHh3S817,288600,4
60,"Feels (feat. Pharrell Williams, Katy Perry & Big Sean)",Calvin Harris,1263809,https://open.spotify.com/track/5bcTCxgc7xVfSaMV3RuVke,5bcTCxgc7xVfSaMV3RuVke,0.893,0.745,11,-3.105,0,0.0571,0.0642,0,0.0943,0.872,101.018,audio_features,5bcTCxgc7xVfSaMV3RuVke,spotify:track:5bcTCxgc7xVfSaMV3RuVke,https://api.spotify.com/v1/tracks/5bcTCxgc7xVfSaMV3RuVke,https://api.spotify.com/v1/audio-analysis/5bcTCxgc7xVfSaMV3RuVke,223413,4
61,Anywhere,Rita Ora,1249335,https://open.spotify.com/track/7EI6Iki24tBHAMxtb4xQN2,7EI6Iki24tBHAMxtb4xQN2,0.628,0.797,11,-3.953,0,0.0596,0.0364,0,0.104,0.321,106.93,audio_features,7EI6Iki24tBHAMxtb4xQN2,spotify:track:7EI6Iki24tBHAMxtb4xQN2,https://api.spotify.com/v1/tracks/7EI6Iki24tBHAMxtb4xQN2,https://api.spotify.com/v1/audio-analysis/7EI6Iki24tBHAMxtb4xQN2,215064,4
62,Havana - Remix,Camila Cabello,1249279,https://open.spotify.com/track/3whrwq4DtvucphBPUogRuJ,3whrwq4DtvucphBPUogRuJ,0.751,0.579,2,-4.036,1,0.0321,0.398,2.28e-05,0.133,0.349,105.031,audio_features,3whrwq4DtvucphBPUogRuJ,spotify:track:3whrwq4DtvucphBPUogRuJ,https://api.spotify.com/v1/tracks/3whrwq4DtvucphBPUogRuJ,https://api.spotify.com/v1/audio-analysis/3whrwq4DtvucphBPUogRuJ,199095,4
63,There's Nothing Holdin' Me Back,Shawn Mendes,1247838,https://open.spotify.com/track/79cuOz3SPQTuFrp8WgftAu,79cuOz3SPQTuFrp8WgftAu,0.857,0.8,2,-4.035,1,0.0583,0.381,0,0.0913,0.966,121.996,audio_features,79cuOz3SPQTuFrp8WgftAu,spotify:track:79cuOz3SPQTuFrp8WgftAu,https://api.spotify.com/v1/tracks/79cuOz3SPQTuFrp8WgftAu,https://api.spotify.com/v1/audio-analysis/79cuOz3SPQTuFrp8WgftAu,199440,4
64,Wild Thoughts (feat. Rihanna & Bryson Tiller),DJ Khaled,1228838,https://open.spotify.com/track/1OAh8uOEOvTDqkKFsKksCi,1OAh8uOEOvTDqkKFsKksCi,0.671,0.672,0,-3.094,0,0.0688,0.0329,0,0.118,0.632,97.979,audio_features,1OAh8uOEOvTDqkKFsKksCi,spotify:track:1OAh8uOEOvTDqkKFsKksCi,https://api.spotify.com/v1/tracks/1OAh8uOEOvTDqkKFsKksCi,https://api.spotify.com/v1/audio-analysis/1OAh8uOEOvTDqkKFsKksCi,204173,4
65,Despacito (Featuring Daddy Yankee),Luis Fonsi,1224705,https://open.spotify.com/track/4aWmUDTfIPGksMNLV2rQP2,4aWmUDTfIPGksMNLV2rQP2,0.66,0.786,2,-4.757,1,0.17,0.209,0,0.112,0.846,177.833,audio_features,4aWmUDTfIPGksMNLV2rQP2,spotify:track:4aWmUDTfIPGksMNLV2rQP2,https://api.spotify.com/v1/tracks/4aWmUDTfIPGksMNLV2rQP2,https://api.spotify.com/v1/audio-analysis/4aWmUDTfIPGksMNLV2rQP2,228200,4
66,Mi Gente (feat. Beyoncé),J Balvin,1212164,https://open.spotify.com/track/7fwXWKdDNI5IutOMc5OKYw,7fwXWKdDNI5IutOMc5OKYw,0.705,0.714,11,-6.39,0,0.0792,0.0249,0,0.253,0.434,104.996,audio_features,7fwXWKdDNI5IutOMc5OKYw,spotify:track:7fwXWKdDNI5IutOMc5OKYw,https://api.spotify.com/v1/tracks/7fwXWKdDNI5IutOMc5OKYw,https://api.spotify.com/v1/audio-analysis/7fwXWKdDNI5IutOMc5OKYw,209733,4
67,All Falls Down (feat. Juliander),Alan Walker,1211468,https://open.spotify.com/track/5yFSF6qQA1rcLsQRnBsZgb,5yFSF6qQA1rcLsQRnBsZgb,0.658,0.678,1,-4.407,1,0.058,0.303,0,0.361,0.662,97.976,audio_features,5yFSF6qQA1rcLsQRnBsZgb,spotify:track:5yFSF6qQA1rcLsQRnBsZgb,https://api.spotify.com/v1/tracks/5yFSF6qQA1rcLsQRnBsZgb,https://api.spotify.com/v1/audio-analysis/5yFSF6qQA1rcLsQRnBsZgb,199111,4
68,Perro Fiel (feat. Nicky Jam),Shakira,1196540,https://open.spotify.com/track/70lnL3QaSOIIyMa2X9aVRL,70lnL3QaSOIIyMa2X9aVRL,0.75,0.76,1,-4.836,1,0.198,0.187,0,0.0548,0.893,183.817,audio_features,70lnL3QaSOIIyMa2X9aVRL,spotify:track:70lnL3QaSOIIyMa2X9aVRL,https://api.spotify.com/v1/tracks/70lnL3QaSOIIyMa2X9aVRL,https://api.spotify.com/v1/audio-analysis/70lnL3QaSOIIyMa2X9aVRL,195213,4
69,Strip That Down,Liam Payne,1195892,https://open.spotify.com/track/6EpRaXYhGOB3fj4V2uDkMJ,6EpRaXYhGOB3fj4V2uDkMJ,0.869,0.485,6,-5.595,1,0.0545,0.246,0,0.0765,0.527,106.028,audio_features,6EpRaXYhGOB3fj4V2uDkMJ,spotify:track:6EpRaXYhGOB3fj4V2uDkMJ,https://api.spotify.com/v1/tracks/6EpRaXYhGOB3fj4V2uDkMJ,https://api.spotify.com/v1/audio-analysis/6EpRaXYhGOB3fj4V2uDkMJ,204502,4
70,Never Be the Same,Camila Cabello,1186589,https://open.spotify.com/track/6VpQdig9pdpTSIFItgkJV5,6VpQdig9pdpTSIFItgkJV5,0.643,0.709,0,-4.343,1,0.0733,0.145,0.000449,0.115,0.264,129.961,audio_features,6VpQdig9pdpTSIFItgkJV5,spotify:track:6VpQdig9pdpTSIFItgkJV5,https://api.spotify.com/v1/tracks/6VpQdig9pdpTSIFItgkJV5,https://api.spotify.com/v1/audio-analysis/6VpQdig9pdpTSIFItgkJV5,227088,4
71,Sorry Not Sorry,Demi Lovato,1179357,https://open.spotify.com/track/3m660poUr1chesgkkjQM7P,3m660poUr1chesgkkjQM7P,0.704,0.633,11,-6.923,0,0.241,0.0214,0,0.29,0.863,144.021,audio_features,3m660poUr1chesgkkjQM7P,spotify:track:3m660poUr1chesgkkjQM7P,https://api.spotify.com/v1/tracks/3m660poUr1chesgkkjQM7P,https://api.spotify.com/v1/audio-analysis/3m660poUr1chesgkkjQM7P,203760,4
72,It Ain't Me (with Selena Gomez),Kygo,1162485,https://open.spotify.com/track/3eR23VReFzcdmS7TYCrhCe,3eR23VReFzcdmS7TYCrhCe,0.64,0.533,0,-6.596,1,0.0706,0.119,0,0.0864,0.515,99.968,audio_features,3eR23VReFzcdmS7TYCrhCe,spotify:track:3eR23VReFzcdmS7TYCrhCe,https://api.spotify.com/v1/tracks/3eR23VReFzcdmS7TYCrhCe,https://api.spotify.com/v1/audio-analysis/3eR23VReFzcdmS7TYCrhCe,220781,4
73,Hey Ya! - Radio Mix,OutKast,1162162,https://open.spotify.com/track/2PpruBYCo4H7WOBJ7Q2EwM,2PpruBYCo4H7WOBJ7Q2EwM,0.727,0.974,4,-2.261,0,0.0664,0.103,0.000532,0.174,0.965,79.526,audio_features,2PpruBYCo4H7WOBJ7Q2EwM,spotify:track:2PpruBYCo4H7WOBJ7Q2EwM,https://api.spotify.com/v1/tracks/2PpruBYCo4H7WOBJ7Q2EwM,https://api.spotify.com/v1/audio-analysis/2PpruBYCo4H7WOBJ7Q2EwM,235213,4
74,Bodak Yellow,Cardi B,1144537,https://open.spotify.com/track/2771LMNxwf62FTAdpJMQfM,2771LMNxwf62FTAdpJMQfM,0.929,0.723,11,-5.792,0,0.109,0.0672,0,0.346,0.458,125.022,audio_features,2771LMNxwf62FTAdpJMQfM,spotify:track:2771LMNxwf62FTAdpJMQfM,https://api.spotify.com/v1/tracks/2771LMNxwf62FTAdpJMQfM,https://api.spotify.com/v1/audio-analysis/2771LMNxwf62FTAdpJMQfM,223962,4
75,I Like Me Better,Lauv,1137117,https://open.spotify.com/track/1wjzFQodRWrPcQ0AnYnvQ9,1wjzFQodRWrPcQ0AnYnvQ9,0.752,0.505,9,-7.621,1,0.253,0.535,2.55e-06,0.104,0.419,91.97,audio_features,1wjzFQodRWrPcQ0AnYnvQ9,spotify:track:1wjzFQodRWrPcQ0AnYnvQ9,https://api.spotify.com/v1/tracks/1wjzFQodRWrPcQ0AnYnvQ9,https://api.spotify.com/v1/audio-analysis/1wjzFQodRWrPcQ0AnYnvQ9,197437,4
76,Believer,Imagine Dragons,1135088,https://open.spotify.com/track/0CcQNd8CINkwQfe1RDtGV6,0CcQNd8CINkwQfe1RDtGV6,0.779,0.787,10,-4.305,0,0.108,0.0524,0,0.14,0.708,124.982,audio_features,0CcQNd8CINkwQfe1RDtGV6,spotify:track:0CcQNd8CINkwQfe1RDtGV6,https://api.spotify.com/v1/tracks/0CcQNd8CINkwQfe1RDtGV6,https://api.spotify.com/v1/audio-analysis/0CcQNd8CINkwQfe1RDtGV6,204347,4
77,Tip Toe (feat. French Montana),Jason Derulo,1125019,https://open.spotify.com/track/2z4pcBLQXF2BXKFvd0BuB6,2z4pcBLQXF2BXKFvd0BuB6,0.845,0.709,10,-4.547,0,0.0714,0.0233,0,0.094,0.62,98.062,audio_features,2z4pcBLQXF2BXKFvd0BuB6,spotify:track:2z4pcBLQXF2BXKFvd0BuB6,https://api.spotify.com/v1/tracks/2z4pcBLQXF2BXKFvd0BuB6,https://api.spotify.com/v1/audio-analysis/2z4pcBLQXF2BXKFvd0BuB6,187521,4
78,Mama,Jonas Blue,1121036,https://open.spotify.com/track/0NiXXAI876aGImAd6rTj8w,0NiXXAI876aGImAd6rTj8w,0.739,0.792,11,-4.256,0,0.0418,0.091,0,0.0516,0.547,104.016,audio_features,0NiXXAI876aGImAd6rTj8w,spotify:track:0NiXXAI876aGImAd6rTj8w,https://api.spotify.com/v1/tracks/0NiXXAI876aGImAd6rTj8w,https://api.spotify.com/v1/audio-analysis/0NiXXAI876aGImAd6rTj8w,181615,4
79,Que Va,Alex Sensation,1112021,https://open.spotify.com/track/7ofxPmTNMj2GP07g1VZa0O,7ofxPmTNMj2GP07g1VZa0O,0.771,0.835,0,-3.388,1,0.0507,0.13,0,0.0601,0.817,91.012,audio_features,7ofxPmTNMj2GP07g1VZa0O,spotify:track:7ofxPmTNMj2GP07g1VZa0O,https://api.spotify.com/v1/tracks/7ofxPmTNMj2GP07g1VZa0O,https://api.spotify.com/v1/audio-analysis/7ofxPmTNMj2GP07g1VZa0O,238160,4
80,Friends (with BloodPop®),Justin Bieber,1107453,https://open.spotify.com/track/7nZmah2llfvLDiUjm0kiyz,7nZmah2llfvLDiUjm0kiyz,0.744,0.739,8,-5.35,1,0.0387,0.00459,0,0.306,0.649,104.99,audio_features,7nZmah2llfvLDiUjm0kiyz,spotify:track:7nZmah2llfvLDiUjm0kiyz,https://api.spotify.com/v1/tracks/7nZmah2llfvLDiUjm0kiyz,https://api.spotify.com/v1/audio-analysis/7nZmah2llfvLDiUjm0kiyz,189467,4
81,Cheap Thrills,Sia,1106535,https://open.spotify.com/track/27SdWb2rFzO6GWiYDBTD9j,27SdWb2rFzO6GWiYDBTD9j,0.628,0.698,6,-5.608,0,0.105,0.0472,0.00143,0.0907,0.732,89.976,audio_features,27SdWb2rFzO6GWiYDBTD9j,spotify:track:27SdWb2rFzO6GWiYDBTD9j,https://api.spotify.com/v1/tracks/27SdWb2rFzO6GWiYDBTD9j,https://api.spotify.com/v1/audio-analysis/27SdWb2rFzO6GWiYDBTD9j,211667,4
82,Pretty Girl - Cheat Codes X CADE Remix,Maggie Lindemann,1096031,https://open.spotify.com/track/1NDxZ7cFAo481dtYWdrUnR,1NDxZ7cFAo481dtYWdrUnR,0.703,0.868,7,-4.661,0,0.0291,0.15,0.132,0.104,0.733,121.03,audio_features,1NDxZ7cFAo481dtYWdrUnR,spotify:track:1NDxZ7cFAo481dtYWdrUnR,https://api.spotify.com/v1/tracks/1NDxZ7cFAo481dtYWdrUnR,https://api.spotify.com/v1/audio-analysis/1NDxZ7cFAo481dtYWdrUnR,193613,4
83,Felices los 4,Maluma,1095907,https://open.spotify.com/track/0qYTZCo5Bwh1nsUFGZP3zn,0qYTZCo5Bwh1nsUFGZP3zn,0.755,0.789,5,-4.502,1,0.146,0.231,0,0.351,0.737,93.973,audio_features,0qYTZCo5Bwh1nsUFGZP3zn,spotify:track:0qYTZCo5Bwh1nsUFGZP3zn,https://api.spotify.com/v1/tracks/0qYTZCo5Bwh1nsUFGZP3zn,https://api.spotify.com/v1/audio-analysis/0qYTZCo5Bwh1nsUFGZP3zn,229849,4
84,Bum Bum Tam Tam,MC Fioti,1085753,https://open.spotify.com/track/4zWO4gvuFtw6EJZC5FFGlr,4zWO4gvuFtw6EJZC5FFGlr,0.896,0.673,1,-3.872,1,0.139,0.346,1.28e-05,0.206,0.714,131.99,audio_features,4zWO4gvuFtw6EJZC5FFGlr,spotify:track:4zWO4gvuFtw6EJZC5FFGlr,https://api.spotify.com/v1/tracks/4zWO4gvuFtw6EJZC5FFGlr,https://api.spotify.com/v1/audio-analysis/4zWO4gvuFtw6EJZC5FFGlr,213989,4
85,Ain't No Mountain High Enough,Marvin Gaye,1063820,https://open.spotify.com/track/2H3ZUSE54pST4ubRd5FzFR,2H3ZUSE54pST4ubRd5FzFR,0.669,0.616,11,-10.776,0,0.033,0.482,0,0.179,0.818,130.037,audio_features,2H3ZUSE54pST4ubRd5FzFR,spotify:track:2H3ZUSE54pST4ubRd5FzFR,https://api.spotify.com/v1/tracks/2H3ZUSE54pST4ubRd5FzFR,https://api.spotify.com/v1/audio-analysis/2H3ZUSE54pST4ubRd5FzFR,151667,4
86,MotorSport,Migos,1056707,https://open.spotify.com/track/1YZfcVLbbJwfizR5cDOp3q,1YZfcVLbbJwfizR5cDOp3q,0.901,0.529,2,-4.443,1,0.191,0.0519,0,0.179,0.146,138.003,audio_features,1YZfcVLbbJwfizR5cDOp3q,spotify:track:1YZfcVLbbJwfizR5cDOp3q,https://api.spotify.com/v1/tracks/1YZfcVLbbJwfizR5cDOp3q,https://api.spotify.com/v1/audio-analysis/1YZfcVLbbJwfizR5cDOp3q,307660,4
87,Báilame - Remix,Nacho,1056482,https://open.spotify.com/track/3VClLWqNn80Llv0PJOsKgr,3VClLWqNn80Llv0PJOsKgr,0.791,0.866,6,-4.236,1,0.0497,0.248,5.29e-06,0.0696,0.71,96.011,audio_features,3VClLWqNn80Llv0PJOsKgr,spotify:track:3VClLWqNn80Llv0PJOsKgr,https://api.spotify.com/v1/tracks/3VClLWqNn80Llv0PJOsKgr,https://api.spotify.com/v1/audio-analysis/3VClLWqNn80Llv0PJOsKgr,217080,4
88,Galway Girl,Ed Sheeran,1050686,https://open.spotify.com/track/0afhq8XCExXpqazXczTSve,0afhq8XCExXpqazXczTSve,0.624,0.876,9,-3.374,1,0.1,0.0735,0,0.327,0.781,99.943,audio_features,0afhq8XCExXpqazXczTSve,spotify:track:0afhq8XCExXpqazXczTSve,https://api.spotify.com/v1/tracks/0afhq8XCExXpqazXczTSve,https://api.spotify.com/v1/audio-analysis/0afhq8XCExXpqazXczTSve,170827,4
89,Light It Up (feat. Nyla & Fuse ODG) - Remix,Major Lazer,1048464,https://open.spotify.com/track/0L7loeTIg6akW84aEQZpCT,0L7loeTIg6akW84aEQZpCT,0.746,0.877,9,-3.782,0,0.0666,0.0375,0.000833,0.233,0.751,107.985,audio_features,0L7loeTIg6akW84aEQZpCT,spotify:track:0L7loeTIg6akW84aEQZpCT,https://api.spotify.com/v1/tracks/0L7loeTIg6akW84aEQZpCT,https://api.spotify.com/v1/audio-analysis/0L7loeTIg6akW84aEQZpCT,166138,4
90,I Want You Back,The Jackson 5,1009073,https://open.spotify.com/track/3b0EOvScbZUc0qJx0E1L2z,3b0EOvScbZUc0qJx0E1L2z,0.639,0.548,8,-13.534,1,0.0394,0.29,9.68e-05,0.366,0.887,98.359,audio_features,3b0EOvScbZUc0qJx0E1L2z,spotify:track:3b0EOvScbZUc0qJx0E1L2z,https://api.spotify.com/v1/tracks/3b0EOvScbZUc0qJx0E1L2z,https://api.spotify.com/v1/audio-analysis/3b0EOvScbZUc0qJx0E1L2z,176333,4
91,Escápate Conmigo (feat. Ozuna),Wisin,1007659,https://open.spotify.com/track/1KSqYYJFyfTecXFk9M0prc,1KSqYYJFyfTecXFk9M0prc,0.744,0.859,11,-3.166,1,0.0795,0.0256,6.27e-05,0.0881,0.787,91.977,audio_features,1KSqYYJFyfTecXFk9M0prc,spotify:track:1KSqYYJFyfTecXFk9M0prc,https://api.spotify.com/v1/tracks/1KSqYYJFyfTecXFk9M0prc,https://api.spotify.com/v1/audio-analysis/1KSqYYJFyfTecXFk9M0prc,232787,4
92,Glorious (feat. Skylar Grey),Macklemore,1001201,https://open.spotify.com/track/0CokSRCu5hZgPxcZBaEzVE,0CokSRCu5hZgPxcZBaEzVE,0.731,0.794,0,-5.126,0,0.0522,0.0323,2.59e-05,0.112,0.356,139.994,audio_features,0CokSRCu5hZgPxcZBaEzVE,spotify:track:0CokSRCu5hZgPxcZBaEzVE,https://api.spotify.com/v1/tracks/0CokSRCu5hZgPxcZBaEzVE,https://api.spotify.com/v1/audio-analysis/0CokSRCu5hZgPxcZBaEzVE,220454,4
93,Don't Let Me Down (feat. Daya),The Chainsmokers,995157,https://open.spotify.com/track/0QsvXIfqM0zZoerQfsI9lm,0QsvXIfqM0zZoerQfsI9lm,0.542,0.859,11,-5.651,1,0.197,0.16,0.00466,0.137,0.403,159.797,audio_features,0QsvXIfqM0zZoerQfsI9lm,spotify:track:0QsvXIfqM0zZoerQfsI9lm,https://api.spotify.com/v1/tracks/0QsvXIfqM0zZoerQfsI9lm,https://api.spotify.com/v1/audio-analysis/0QsvXIfqM0zZoerQfsI9lm,208053,4
94,Codeine Dreaming (feat. Lil Wayne),Kodak Black,993488,https://open.spotify.com/track/4DTpngLjoHj5gFxEZFeD3J,4DTpngLjoHj5gFxEZFeD3J,0.736,0.604,1,-7.357,0,0.222,0.0652,6.43e-05,0.124,0.574,155.007,audio_features,4DTpngLjoHj5gFxEZFeD3J,spotify:track:4DTpngLjoHj5gFxEZFeD3J,https://api.spotify.com/v1/tracks/4DTpngLjoHj5gFxEZFeD3J,https://api.spotify.com/v1/audio-analysis/4DTpngLjoHj5gFxEZFeD3J,264532,4
95,That's What I Like,Bruno Mars,990805,https://open.spotify.com/track/0KKkJNfGyhkQ5aFogxQAPU,0KKkJNfGyhkQ5aFogxQAPU,0.853,0.56,1,-4.961,1,0.0406,0.013,0,0.0944,0.86,134.066,audio_features,0KKkJNfGyhkQ5aFogxQAPU,spotify:track:0KKkJNfGyhkQ5aFogxQAPU,https://api.spotify.com/v1/tracks/0KKkJNfGyhkQ5aFogxQAPU,https://api.spotify.com/v1/audio-analysis/0KKkJNfGyhkQ5aFogxQAPU,206693,4
96,Pumped Up Kicks,Foster The People,986417,https://open.spotify.com/track/7w87IxuO7BDcJ3YUqCyMTT,7w87IxuO7BDcJ3YUqCyMTT,0.733,0.71,5,-5.849,0,0.0292,0.145,0.115,0.0956,0.965,127.975,audio_features,7w87IxuO7BDcJ3YUqCyMTT,spotify:track:7w87IxuO7BDcJ3YUqCyMTT,https://api.spotify.com/v1/tracks/7w87IxuO7BDcJ3YUqCyMTT,https://api.spotify.com/v1/audio-analysis/7w87IxuO7BDcJ3YUqCyMTT,239600,4
97,Suena El Dembow,Joey Montana,974193,https://open.spotify.com/track/5TysCiZtv1HnSWcTcUFusI,5TysCiZtv1HnSWcTcUFusI,0.688,0.859,0,-4.447,1,0.0609,0.186,0,0.121,0.695,92.042,audio_features,5TysCiZtv1HnSWcTcUFusI,spotify:track:5TysCiZtv1HnSWcTcUFusI,https://api.spotify.com/v1/tracks/5TysCiZtv1HnSWcTcUFusI,https://api.spotify.com/v1/audio-analysis/5TysCiZtv1HnSWcTcUFusI,195813,4
98,Slide (feat. Frank Ocean & Migos),Calvin Harris,974043,https://open.spotify.com/track/7tr2za8SQg2CI8EDgrdtNl,7tr2za8SQg2CI8EDgrdtNl,0.736,0.795,1,-3.299,0,0.0545,0.498,1.21e-06,0.254,0.511,104.066,audio_features,7tr2za8SQg2CI8EDgrdtNl,spotify:track:7tr2za8SQg2CI8EDgrdtNl,https://api.spotify.com/v1/tracks/7tr2za8SQg2CI8EDgrdtNl,https://api.spotify.com/v1/audio-analysis/7tr2za8SQg2CI8EDgrdtNl,230813,4
99,goosebumps,Travis Scott,968578,https://open.spotify.com/track/6gBFPUFcJLzWGx4lenP6h2,6gBFPUFcJLzWGx4lenP6h2,0.841,0.728,7,-3.37,1,0.0484,0.0847,0,0.149,0.43,130.049,audio_features,6gBFPUFcJLzWGx4lenP6h2,spotify:track:6gBFPUFcJLzWGx4lenP6h2,https://api.spotify.com/v1/tracks/6gBFPUFcJLzWGx4lenP6h2,https://api.spotify.com/v1/audio-analysis/6gBFPUFcJLzWGx4lenP6h2,243837,4
100,September,"Earth, Wind & Fire",961322,https://open.spotify.com/track/1mqlc0vEP9mU1kZgTi6LIQ,1mqlc0vEP9mU1kZgTi6LIQ,0.693,0.911,9,-3.691,1,0.0305,0.183,0.000107,0.3,0.982,125.895,audio_features,1mqlc0vEP9mU1kZgTi6LIQ,spotify:track:1mqlc0vEP9mU1kZgTi6LIQ,https://api.spotify.com/v1/tracks/1mqlc0vEP9mU1kZgTi6LIQ,https://api.spotify.com/v1/audio-analysis/1mqlc0vEP9mU1kZgTi6LIQ,216520,4
101,Rockabye (feat. Sean Paul & Anne-Marie),Clean Bandit,947003,https://open.spotify.com/track/5knuzwU65gJK7IF5yJsuaW,5knuzwU65gJK7IF5yJsuaW,0.72,0.763,9,-4.068,0,0.0523,0.406,0,0.18,0.742,101.965,audio_features,5knuzwU65gJK7IF5yJsuaW,spotify:track:5knuzwU65gJK7IF5yJsuaW,https://api.spotify.com/v1/tracks/5knuzwU65gJK7IF5yJsuaW,https://api.spotify.com/v1/audio-analysis/5knuzwU65gJK7IF5yJsuaW,251088,4
102,Without You (feat. Sandro Cavazza),Avicii,941546,https://open.spotify.com/track/6WbADFqMvR8N5u0BvtsWQE,6WbADFqMvR8N5u0BvtsWQE,0.652,0.855,2,-4.832,1,0.0441,0.00179,0,0.0404,0.279,134.009,audio_features,6WbADFqMvR8N5u0BvtsWQE,spotify:track:6WbADFqMvR8N5u0BvtsWQE,https://api.spotify.com/v1/tracks/6WbADFqMvR8N5u0BvtsWQE,https://api.spotify.com/v1/audio-analysis/6WbADFqMvR8N5u0BvtsWQE,181673,4
103,Stay,Zedd,941091,https://open.spotify.com/track/0I20rLT2MJDhcF96AjbNYo,0I20rLT2MJDhcF96AjbNYo,0.69,0.622,5,-5.025,0,0.063,0.253,0,0.113,0.543,102.039,audio_features,0I20rLT2MJDhcF96AjbNYo,spotify:track:0I20rLT2MJDhcF96AjbNYo,https://api.spotify.com/v1/tracks/0I20rLT2MJDhcF96AjbNYo,https://api.spotify.com/v1/audio-analysis/0I20rLT2MJDhcF96AjbNYo,210400,4
104,Robarte un Beso,Carlos Vives,930536,https://open.spotify.com/track/0JcNysfWVWaMS7R6vzGB2k,0JcNysfWVWaMS7R6vzGB2k,0.742,0.859,10,-4.942,1,0.0482,0.0824,0,0.359,0.652,95.046,audio_features,0JcNysfWVWaMS7R6vzGB2k,spotify:track:0JcNysfWVWaMS7R6vzGB2k,https://api.spotify.com/v1/tracks/0JcNysfWVWaMS7R6vzGB2k,https://api.spotify.com/v1/audio-analysis/0JcNysfWVWaMS7R6vzGB2k,194742,4
105,Mask Off,Future,927901,https://open.spotify.com/track/0VgkVdmE4gld66l8iyGjgx,0VgkVdmE4gld66l8iyGjgx,0.833,0.434,2,-8.795,1,0.431,0.0102,0.0219,0.165,0.281,150.062,audio_features,0VgkVdmE4gld66l8iyGjgx,spotify:track:0VgkVdmE4gld66l8iyGjgx,https://api.spotify.com/v1/tracks/0VgkVdmE4gld66l8iyGjgx,https://api.spotify.com/v1/audio-analysis/0VgkVdmE4gld66l8iyGjgx,204600,4
106,"Home (with Machine Gun Kelly, X Ambassadors & Bebe Rexha)",Machine Gun Kelly,924216,https://open.spotify.com/track/0OI7AFifLSoGzpb8bdBLLV,0OI7AFifLSoGzpb8bdBLLV,0.653,0.718,3,-5.232,0,0.213,0.00413,0,0.0537,0.216,82.034,audio_features,0OI7AFifLSoGzpb8bdBLLV,spotify:track:0OI7AFifLSoGzpb8bdBLLV,https://api.spotify.com/v1/tracks/0OI7AFifLSoGzpb8bdBLLV,https://api.spotify.com/v1/audio-analysis/0OI7AFifLSoGzpb8bdBLLV,202805,4
107,MIC Drop (feat. Desiigner) [Steve Aoki Remix],BTS,913770,https://open.spotify.com/track/7Ed6BkggCS2KaKY5YlINaF,7Ed6BkggCS2KaKY5YlINaF,0.613,0.842,10,-4.332,0,0.219,0.0157,0,0.23,0.645,169.917,audio_features,7Ed6BkggCS2KaKY5YlINaF,spotify:track:7Ed6BkggCS2KaKY5YlINaF,https://api.spotify.com/v1/tracks/7Ed6BkggCS2KaKY5YlINaF,https://api.spotify.com/v1/audio-analysis/7Ed6BkggCS2KaKY5YlINaF,238726,4
108,Scared to Be Lonely,Martin Garrix,908282,https://open.spotify.com/track/3ebXMykcMXOcLeJ9xZ17XH,3ebXMykcMXOcLeJ9xZ17XH,0.584,0.54,1,-7.786,0,0.0576,0.0895,0,0.261,0.195,137.972,audio_features,3ebXMykcMXOcLeJ9xZ17XH,spotify:track:3ebXMykcMXOcLeJ9xZ17XH,https://api.spotify.com/v1/tracks/3ebXMykcMXOcLeJ9xZ17XH,https://api.spotify.com/v1/audio-analysis/3ebXMykcMXOcLeJ9xZ17XH,220883,4
109,PICK IT UP (feat. A$AP Rocky),Famous Dex,905169,https://open.spotify.com/track/3ncgNpxLoBQ65ABk4djDyd,3ncgNpxLoBQ65ABk4djDyd,0.921,0.467,1,-8.443,1,0.119,0.0149,0.000238,0.334,0.287,135.995,audio_features,3ncgNpxLoBQ65ABk4djDyd,spotify:track:3ncgNpxLoBQ65ABk4djDyd,https://api.spotify.com/v1/tracks/3ncgNpxLoBQ65ABk4djDyd,https://api.spotify.com/v1/audio-analysis/3ncgNpxLoBQ65ABk4djDyd,191252,4
110,Say You Won't Let Go,James Arthur,887031,https://open.spotify.com/track/5uCax9HTNlzGybIStD3vDh,5uCax9HTNlzGybIStD3vDh,0.358,0.557,10,-7.398,1,0.059,0.695,0,0.0902,0.494,85.043,audio_features,5uCax9HTNlzGybIStD3vDh,spotify:track:5uCax9HTNlzGybIStD3vDh,https://api.spotify.com/v1/tracks/5uCax9HTNlzGybIStD3vDh,https://api.spotify.com/v1/audio-analysis/5uCax9HTNlzGybIStD3vDh,211467,4
111,Plain Jane,A$AP Ferg,885372,https://open.spotify.com/track/4dVpf9jZjcORqGTLUaeYj9,4dVpf9jZjcORqGTLUaeYj9,0.797,0.844,11,-5.482,1,0.275,0.0651,0,0.087,0.52,170.142,audio_features,4dVpf9jZjcORqGTLUaeYj9,spotify:track:4dVpf9jZjcORqGTLUaeYj9,https://api.spotify.com/v1/tracks/4dVpf9jZjcORqGTLUaeYj9,https://api.spotify.com/v1/audio-analysis/4dVpf9jZjcORqGTLUaeYj9,173600,4
112,Bad At Love,Halsey,877686,https://open.spotify.com/track/7y9iMe8SOB6z3NoHE2OfXl,7y9iMe8SOB6z3NoHE2OfXl,0.675,0.751,0,-3.539,1,0.0296,0.0604,0,0.0893,0.612,118.384,audio_features,7y9iMe8SOB6z3NoHE2OfXl,spotify:track:7y9iMe8SOB6z3NoHE2OfXl,https://api.spotify.com/v1/tracks/7y9iMe8SOB6z3NoHE2OfXl,https://api.spotify.com/v1/audio-analysis/7y9iMe8SOB6z3NoHE2OfXl,181279,4
113,Tell Me You Love Me,Demi Lovato,871345,https://open.spotify.com/track/5Htb1uFQ1KrkFXlefS8oGj,5Htb1uFQ1KrkFXlefS8oGj,0.516,0.592,3,-5.465,0,0.0566,0.0247,0,0.181,0.271,82.05,audio_features,5Htb1uFQ1KrkFXlefS8oGj,spotify:track:5Htb1uFQ1KrkFXlefS8oGj,https://api.spotify.com/v1/tracks/5Htb1uFQ1KrkFXlefS8oGj,https://api.spotify.com/v1/audio-analysis/5Htb1uFQ1KrkFXlefS8oGj,236987,4
114,Whatever It Takes,Imagine Dragons,854734,https://open.spotify.com/track/4IWAyPf1KMq7JCyGeCjTeH,4IWAyPf1KMq7JCyGeCjTeH,0.675,0.649,1,-4.953,1,0.0315,0.0429,0,0.128,0.537,134.955,audio_features,4IWAyPf1KMq7JCyGeCjTeH,spotify:track:4IWAyPf1KMq7JCyGeCjTeH,https://api.spotify.com/v1/tracks/4IWAyPf1KMq7JCyGeCjTeH,https://api.spotify.com/v1/audio-analysis/4IWAyPf1KMq7JCyGeCjTeH,201240,4
115,Don't Stop Me Now - Remastered 2011,Queen,854617,https://open.spotify.com/track/5T8EDUDqKcs6OSOwEsfqG7,5T8EDUDqKcs6OSOwEsfqG7,0.559,0.868,5,-5.276,1,0.17,0.0475,0.000176,0.776,0.609,156.295,audio_features,5T8EDUDqKcs6OSOwEsfqG7,spotify:track:5T8EDUDqKcs6OSOwEsfqG7,https://api.spotify.com/v1/tracks/5T8EDUDqKcs6OSOwEsfqG7,https://api.spotify.com/v1/audio-analysis/5T8EDUDqKcs6OSOwEsfqG7,209413,4
116,Uptown Funk (feat. Bruno Mars),Mark Ronson,851623,https://open.spotify.com/track/32OlwWuMpZ6b0aN2RZOeMS,32OlwWuMpZ6b0aN2RZOeMS,0.856,0.609,0,-7.223,1,0.0824,0.00801,8.15e-05,0.0344,0.928,114.988,audio_features,32OlwWuMpZ6b0aN2RZOeMS,spotify:track:32OlwWuMpZ6b0aN2RZOeMS,https://api.spotify.com/v1/tracks/32OlwWuMpZ6b0aN2RZOeMS,https://api.spotify.com/v1/audio-analysis/32OlwWuMpZ6b0aN2RZOeMS,269667,4
117,Dirty Sexy Money (feat. Charli XCX & French Montana),David Guetta,849655,https://open.spotify.com/track/0tPQPaOKM32WgMSbPCYyRH,0tPQPaOKM32WgMSbPCYyRH,0.721,0.873,1,-4.741,1,0.119,0.0789,0,0.0824,0.552,79.943,audio_features,0tPQPaOKM32WgMSbPCYyRH,spotify:track:0tPQPaOKM32WgMSbPCYyRH,https://api.spotify.com/v1/tracks/0tPQPaOKM32WgMSbPCYyRH,https://api.spotify.com/v1/audio-analysis/0tPQPaOKM32WgMSbPCYyRH,172687,4
118,Bonita,J Balvin,849533,https://open.spotify.com/track/693iqPOQvhI7PobtR8CC8v,693iqPOQvhI7PobtR8CC8v,0.782,0.868,5,-1.715,0,0.04,0.0106,0.00252,0.29,0.884,96.042,audio_features,693iqPOQvhI7PobtR8CC8v,spotify:track:693iqPOQvhI7PobtR8CC8v,https://api.spotify.com/v1/tracks/693iqPOQvhI7PobtR8CC8v,https://api.spotify.com/v1/audio-analysis/693iqPOQvhI7PobtR8CC8v,265747,4
119,"Stayin' Alive - From ""Saturday Night Fever"" Soundtrack",Bee Gees,848713,https://open.spotify.com/track/6pyzBTIjcO2AMkKE6x2Otb,6pyzBTIjcO2AMkKE6x2Otb,0.703,0.826,10,-7.179,0,0.0341,0.0322,0.00629,0.179,0.945,103.564,audio_features,6pyzBTIjcO2AMkKE6x2Otb,spotify:track:6pyzBTIjcO2AMkKE6x2Otb,https://api.spotify.com/v1/tracks/6pyzBTIjcO2AMkKE6x2Otb,https://api.spotify.com/v1/audio-analysis/6pyzBTIjcO2AMkKE6x2Otb,285373,4
120,BUTTERFLY EFFECT,Travis Scott,848035,https://open.spotify.com/track/1yxgsra98r3qAtxqiGZPiX,1yxgsra98r3qAtxqiGZPiX,0.763,0.598,11,-6.865,1,0.0539,0.0714,0,0.112,0.182,140.987,audio_features,1yxgsra98r3qAtxqiGZPiX,spotify:track:1yxgsra98r3qAtxqiGZPiX,https://api.spotify.com/v1/tracks/1yxgsra98r3qAtxqiGZPiX,https://api.spotify.com/v1/audio-analysis/1yxgsra98r3qAtxqiGZPiX,190678,4
121,Jocelyn Flores,XXXTENTACION,843502,https://open.spotify.com/track/7m9OqQk4RVRkw9JJdeAw96,7m9OqQk4RVRkw9JJdeAw96,0.872,0.391,0,-9.144,0,0.242,0.469,4.13e-06,0.297,0.437,134.021,audio_features,7m9OqQk4RVRkw9JJdeAw96,spotify:track:7m9OqQk4RVRkw9JJdeAw96,https://api.spotify.com/v1/tracks/7m9OqQk4RVRkw9JJdeAw96,https://api.spotify.com/v1/audio-analysis/7m9OqQk4RVRkw9JJdeAw96,119133,4
122,You Don't Know Me - Radio Edit,Jax Jones,839516,https://open.spotify.com/track/00lNx0OcTJrS3MKHcB80HY,00lNx0OcTJrS3MKHcB80HY,0.876,0.669,11,-6.054,0,0.138,0.163,0,0.185,0.682,124.007,audio_features,00lNx0OcTJrS3MKHcB80HY,spotify:track:00lNx0OcTJrS3MKHcB80HY,https://api.spotify.com/v1/tracks/00lNx0OcTJrS3MKHcB80HY,https://api.spotify.com/v1/audio-analysis/00lNx0OcTJrS3MKHcB80HY,213947,4
123,LOVE. FEAT. ZACARI.,Kendrick Lamar,836192,https://open.spotify.com/track/6PGoSes0D9eUDeeAafB2As,6PGoSes0D9eUDeeAafB2As,0.8,0.585,10,-7.343,1,0.0924,0.264,0,0.153,0.779,126.058,audio_features,6PGoSes0D9eUDeeAafB2As,spotify:track:6PGoSes0D9eUDeeAafB2As,https://api.spotify.com/v1/tracks/6PGoSes0D9eUDeeAafB2As,https://api.spotify.com/v1/audio-analysis/6PGoSes0D9eUDeeAafB2As,213400,4
124,Sky Walker (feat. Travis Scott),Miguel,833675,https://open.spotify.com/track/5WoaF1B5XIEnWfmb5NZikf,5WoaF1B5XIEnWfmb5NZikf,0.674,0.506,6,-10.532,1,0.0434,0.173,0,0.0866,0.183,145.965,audio_features,5WoaF1B5XIEnWfmb5NZikf,spotify:track:5WoaF1B5XIEnWfmb5NZikf,https://api.spotify.com/v1/tracks/5WoaF1B5XIEnWfmb5NZikf,https://api.spotify.com/v1/audio-analysis/5WoaF1B5XIEnWfmb5NZikf,259333,4
125,SUTRA,Sebastian Yatra,831232,https://open.spotify.com/track/5TmZYdHW6HJ9gt7Aokuql5,5TmZYdHW6HJ9gt7Aokuql5,0.746,0.745,9,-3.311,1,0.146,0.0474,1.71e-06,0.15,0.828,180.081,audio_features,5TmZYdHW6HJ9gt7Aokuql5,spotify:track:5TmZYdHW6HJ9gt7Aokuql5,https://api.spotify.com/v1/tracks/5TmZYdHW6HJ9gt7Aokuql5,https://api.spotify.com/v1/audio-analysis/5TmZYdHW6HJ9gt7Aokuql5,203853,4
126,Vuelve,Daddy Yankee,826758,https://open.spotify.com/track/0lJCqIx5BhZtf6QtYI2fbv,0lJCqIx5BhZtf6QtYI2fbv,0.73,0.538,1,-5.612,1,0.0319,0.188,0,0.123,0.215,130.023,audio_features,0lJCqIx5BhZtf6QtYI2fbv,spotify:track:0lJCqIx5BhZtf6QtYI2fbv,https://api.spotify.com/v1/tracks/0lJCqIx5BhZtf6QtYI2fbv,https://api.spotify.com/v1/audio-analysis/0lJCqIx5BhZtf6QtYI2fbv,279613,4
127,2U (feat. Justin Bieber),David Guetta,822743,https://open.spotify.com/track/3A7qX2QjDlPnazUsRk5y0M,3A7qX2QjDlPnazUsRk5y0M,0.548,0.65,8,-5.827,0,0.0591,0.219,0,0.225,0.557,144.937,audio_features,3A7qX2QjDlPnazUsRk5y0M,spotify:track:3A7qX2QjDlPnazUsRk5y0M,https://api.spotify.com/v1/tracks/3A7qX2QjDlPnazUsRk5y0M,https://api.spotify.com/v1/audio-analysis/3A7qX2QjDlPnazUsRk5y0M,194897,4
128,Bella y Sensual,Romeo Santos,821046,https://open.spotify.com/track/0ERbK7qVqveCaBWIiYCrl3,0ERbK7qVqveCaBWIiYCrl3,0.635,0.713,11,-6.909,1,0.0937,0.228,0,0.0506,0.749,179.864,audio_features,0ERbK7qVqveCaBWIiYCrl3,spotify:track:0ERbK7qVqveCaBWIiYCrl3,https://api.spotify.com/v1/tracks/0ERbK7qVqveCaBWIiYCrl3,https://api.spotify.com/v1/audio-analysis/0ERbK7qVqveCaBWIiYCrl3,204701,4
129,Betrayed,Lil Xan,818170,https://open.spotify.com/track/6NWl2m8asvH83xjuXVNsuG,6NWl2m8asvH83xjuXVNsuG,0.823,0.419,10,-10.358,0,0.165,0.416,0,0.105,0.277,119.958,audio_features,6NWl2m8asvH83xjuXVNsuG,spotify:track:6NWl2m8asvH83xjuXVNsuG,https://api.spotify.com/v1/tracks/6NWl2m8asvH83xjuXVNsuG,https://api.spotify.com/v1/audio-analysis/6NWl2m8asvH83xjuXVNsuG,187453,4
130,Location,Khalid,810028,https://open.spotify.com/track/152lZdxL1OR0ZMW6KquMif,152lZdxL1OR0ZMW6KquMif,0.736,0.449,1,-11.462,0,0.425,0.33,0.000162,0.0898,0.326,80.126,audio_features,152lZdxL1OR0ZMW6KquMif,spotify:track:152lZdxL1OR0ZMW6KquMif,https://api.spotify.com/v1/tracks/152lZdxL1OR0ZMW6KquMif,https://api.spotify.com/v1/audio-analysis/152lZdxL1OR0ZMW6KquMif,219080,4
131,"I Don’t Wanna Live Forever (Fifty Shades Darker) - From ""Fifty Shades Darker (Original Motion Picture Soundtrack)""",ZAYN,809051,https://open.spotify.com/track/3NdDpSvN911VPGivFlV5d0,3NdDpSvN911VPGivFlV5d0,0.735,0.451,0,-8.374,1,0.0585,0.0631,1.3e-05,0.325,0.0862,117.973,audio_features,3NdDpSvN911VPGivFlV5d0,spotify:track:3NdDpSvN911VPGivFlV5d0,https://api.spotify.com/v1/tracks/3NdDpSvN911VPGivFlV5d0,https://api.spotify.com/v1/audio-analysis/3NdDpSvN911VPGivFlV5d0,245200,4
132,Call On Me - Ryan Riback Extended Remix,Starley,805552,https://open.spotify.com/track/78rIJddV4X0HkNAInEcYde,78rIJddV4X0HkNAInEcYde,0.67,0.838,0,-4.031,1,0.0362,0.0604,0.000611,0.159,0.717,104.998,audio_features,78rIJddV4X0HkNAInEcYde,spotify:track:78rIJddV4X0HkNAInEcYde,https://api.spotify.com/v1/tracks/78rIJddV4X0HkNAInEcYde,https://api.spotify.com/v1/audio-analysis/78rIJddV4X0HkNAInEcYde,222041,4
133,Tuesday,Burak Yeter,805187,https://open.spotify.com/track/7abpmGpF7PGep2rDU68GBR,7abpmGpF7PGep2rDU68GBR,0.841,0.639,9,-6.052,0,0.0688,0.0156,0.0654,0.0545,0.675,99.002,audio_features,7abpmGpF7PGep2rDU68GBR,spotify:track:7abpmGpF7PGep2rDU68GBR,https://api.spotify.com/v1/tracks/7abpmGpF7PGep2rDU68GBR,https://api.spotify.com/v1/audio-analysis/7abpmGpF7PGep2rDU68GBR,241875,4
134,Starboy,The Weeknd,805098,https://open.spotify.com/track/5aAx2yezTd8zXrkmtKl66Z,5aAx2yezTd8zXrkmtKl66Z,0.681,0.594,7,-7.028,1,0.282,0.165,3.49e-06,0.134,0.535,186.054,audio_features,5aAx2yezTd8zXrkmtKl66Z,spotify:track:5aAx2yezTd8zXrkmtKl66Z,https://api.spotify.com/v1/tracks/5aAx2yezTd8zXrkmtKl66Z,https://api.spotify.com/v1/audio-analysis/5aAx2yezTd8zXrkmtKl66Z,230453,4
135,Look What You Made Me Do,Taylor Swift,803348,https://open.spotify.com/track/5troof8mcGO3AafoDbk1gc,5troof8mcGO3AafoDbk1gc,0.766,0.709,9,-6.471,0,0.123,0.204,1.41e-05,0.126,0.506,128.07,audio_features,5troof8mcGO3AafoDbk1gc,spotify:track:5troof8mcGO3AafoDbk1gc,https://api.spotify.com/v1/tracks/5troof8mcGO3AafoDbk1gc,https://api.spotify.com/v1/audio-analysis/5troof8mcGO3AafoDbk1gc,211853,4
136,Castle on the Hill,Ed Sheeran,795891,https://open.spotify.com/track/6PCUP3dWmTjcTtXY02oFdT,6PCUP3dWmTjcTtXY02oFdT,0.461,0.834,2,-4.868,1,0.0989,0.0232,1.14e-05,0.14,0.471,135.007,audio_features,6PCUP3dWmTjcTtXY02oFdT,spotify:track:6PCUP3dWmTjcTtXY02oFdT,https://api.spotify.com/v1/tracks/6PCUP3dWmTjcTtXY02oFdT,https://api.spotify.com/v1/audio-analysis/6PCUP3dWmTjcTtXY02oFdT,261154,4
137,What About Us,P!nk,786095,https://open.spotify.com/track/0Qh38w01QRXK6KHIv0e3hb,0Qh38w01QRXK6KHIv0e3hb,0.489,0.588,1,-6.177,1,0.0507,0.0285,2.11e-06,0.0906,0.187,113.617,audio_features,0Qh38w01QRXK6KHIv0e3hb,spotify:track:0Qh38w01QRXK6KHIv0e3hb,https://api.spotify.com/v1/tracks/0Qh38w01QRXK6KHIv0e3hb,https://api.spotify.com/v1/audio-analysis/0Qh38w01QRXK6KHIv0e3hb,269600,4
138,You Make My Dreams (Come True),Daryl Hall & John Oates,781618,https://open.spotify.com/track/4o6BgsqLIBViaGVbx5rbRk,4o6BgsqLIBViaGVbx5rbRk,0.751,0.501,5,-12.151,1,0.0551,0.234,0.112,0.0467,0.902,167.057,audio_features,4o6BgsqLIBViaGVbx5rbRk,spotify:track:4o6BgsqLIBViaGVbx5rbRk,https://api.spotify.com/v1/tracks/4o6BgsqLIBViaGVbx5rbRk,https://api.spotify.com/v1/audio-analysis/4o6BgsqLIBViaGVbx5rbRk,190627,4
139,Passionfruit,Drake,780386,https://open.spotify.com/track/7hDc8b7IXETo14hHIHdnhd,7hDc8b7IXETo14hHIHdnhd,0.809,0.463,11,-11.377,1,0.0396,0.256,0.085,0.109,0.364,111.98,audio_features,7hDc8b7IXETo14hHIHdnhd,spotify:track:7hDc8b7IXETo14hHIHdnhd,https://api.spotify.com/v1/tracks/7hDc8b7IXETo14hHIHdnhd,https://api.spotify.com/v1/audio-analysis/7hDc8b7IXETo14hHIHdnhd,298941,4
140,Katchi - Ofenbach vs. Nick Waterhouse,Ofenbach,773725,https://open.spotify.com/track/2NF8A7C6tICScdRaZ0BrEe,2NF8A7C6tICScdRaZ0BrEe,0.837,0.793,11,-5.048,0,0.0567,0.0261,9.04e-05,0.0743,0.87,124.988,audio_features,2NF8A7C6tICScdRaZ0BrEe,spotify:track:2NF8A7C6tICScdRaZ0BrEe,https://api.spotify.com/v1/tracks/2NF8A7C6tICScdRaZ0BrEe,https://api.spotify.com/v1/audio-analysis/2NF8A7C6tICScdRaZ0BrEe,151011,4
141,I Get the Bag (feat. Migos),Gucci Mane,771214,https://open.spotify.com/track/1XRgIKC5TPwo7nWGyKqgG0,1XRgIKC5TPwo7nWGyKqgG0,0.89,0.633,11,-5.475,1,0.168,0.0232,0.000343,0.0993,0.425,139.948,audio_features,1XRgIKC5TPwo7nWGyKqgG0,spotify:track:1XRgIKC5TPwo7nWGyKqgG0,https://api.spotify.com/v1/tracks/1XRgIKC5TPwo7nWGyKqgG0,https://api.spotify.com/v1/audio-analysis/1XRgIKC5TPwo7nWGyKqgG0,233087,4
142,Was du Liebe nennst,Bausa,771134,https://open.spotify.com/track/4hKWUzhQWsOkgT6LnDEASe,4hKWUzhQWsOkgT6LnDEASe,0.874,0.487,2,-8.154,1,0.0641,0.393,2.96e-05,0.0524,0.746,144.956,audio_features,4hKWUzhQWsOkgT6LnDEASe,spotify:track:4hKWUzhQWsOkgT6LnDEASe,https://api.spotify.com/v1/tracks/4hKWUzhQWsOkgT6LnDEASe,https://api.spotify.com/v1/audio-analysis/4hKWUzhQWsOkgT6LnDEASe,203630,4
143,Una Lady Como Tú,Manuel Turizo,759346,https://open.spotify.com/track/7MHN1aCFtLXjownGhvEQlF,7MHN1aCFtLXjownGhvEQlF,0.788,0.477,4,-7.348,1,0.0434,0.549,0,0.349,0.86,94.983,audio_features,7MHN1aCFtLXjownGhvEQlF,spotify:track:7MHN1aCFtLXjownGhvEQlF,https://api.spotify.com/v1/tracks/7MHN1aCFtLXjownGhvEQlF,https://api.spotify.com/v1/audio-analysis/7MHN1aCFtLXjownGhvEQlF,213027,4
144,I Feel It Coming,The Weeknd,758243,https://open.spotify.com/track/5GXAXm5YOmYT0kL5jHvYBt,5GXAXm5YOmYT0kL5jHvYBt,0.773,0.819,0,-5.946,0,0.118,0.426,0,0.0679,0.585,92.99,audio_features,5GXAXm5YOmYT0kL5jHvYBt,spotify:track:5GXAXm5YOmYT0kL5jHvYBt,https://api.spotify.com/v1/tracks/5GXAXm5YOmYT0kL5jHvYBt,https://api.spotify.com/v1/audio-analysis/5GXAXm5YOmYT0kL5jHvYBt,269187,4
145,Bella,Wolfine,755858,https://open.spotify.com/track/4R55IUi2x7S5ek2SpebOiE,4R55IUi2x7S5ek2SpebOiE,0.909,0.493,3,-6.688,1,0.0735,0.128,0.000147,0.127,0.844,94.016,audio_features,4R55IUi2x7S5ek2SpebOiE,spotify:track:4R55IUi2x7S5ek2SpebOiE,https://api.spotify.com/v1/tracks/4R55IUi2x7S5ek2SpebOiE,https://api.spotify.com/v1/audio-analysis/4R55IUi2x7S5ek2SpebOiE,197120,4
146,"CAN'T STOP THE FEELING! (Original Song from DreamWorks Animation's ""TROLLS"")",Justin Timberlake,755334,https://open.spotify.com/track/6JV2JOEocMgcZxYSZelKcc,6JV2JOEocMgcZxYSZelKcc,0.667,0.83,0,-5.715,1,0.0749,0.0123,0,0.191,0.701,113.03,audio_features,6JV2JOEocMgcZxYSZelKcc,spotify:track:6JV2JOEocMgcZxYSZelKcc,https://api.spotify.com/v1/tracks/6JV2JOEocMgcZxYSZelKcc,https://api.spotify.com/v1/audio-analysis/6JV2JOEocMgcZxYSZelKcc,236002,4
147,End Game,Taylor Swift,753530,https://open.spotify.com/track/2x0WlnmfG39ZuDmstl9xfX,2x0WlnmfG39ZuDmstl9xfX,0.649,0.589,2,-6.237,1,0.0558,0.00845,0,0.108,0.151,159.073,audio_features,2x0WlnmfG39ZuDmstl9xfX,spotify:track:2x0WlnmfG39ZuDmstl9xfX,https://api.spotify.com/v1/tracks/2x0WlnmfG39ZuDmstl9xfX,https://api.spotify.com/v1/audio-analysis/2x0WlnmfG39ZuDmstl9xfX,244827,4
148,Real Friends,Camila Cabello,753103,https://open.spotify.com/track/4V6MRo0CEAC9MwAm7dkPuL,4V6MRo0CEAC9MwAm7dkPuL,0.74,0.303,3,-8.612,1,0.117,0.835,0,0.0782,0.819,91.958,audio_features,4V6MRo0CEAC9MwAm7dkPuL,spotify:track:4V6MRo0CEAC9MwAm7dkPuL,https://api.spotify.com/v1/tracks/4V6MRo0CEAC9MwAm7dkPuL,https://api.spotify.com/v1/audio-analysis/4V6MRo0CEAC9MwAm7dkPuL,213933,4
149,Your Song,Rita Ora,751095,https://open.spotify.com/track/4c2W3VKsOFoIg2SFaO6DY5,4c2W3VKsOFoIg2SFaO6DY5,0.855,0.624,1,-4.093,1,0.0488,0.158,0,0.0513,0.962,117.959,audio_features,4c2W3VKsOFoIg2SFaO6DY5,spotify:track:4c2W3VKsOFoIg2SFaO6DY5,https://api.spotify.com/v1/tracks/4c2W3VKsOFoIg2SFaO6DY5,https://api.spotify.com/v1/audio-analysis/4c2W3VKsOFoIg2SFaO6DY5,180757,4
150,Paris,The Chainsmokers,750455,https://open.spotify.com/track/72jbDTw1piOOj770jWNeaG,72jbDTw1piOOj770jWNeaG,0.653,0.658,2,-6.428,1,0.0304,0.0215,1.66e-06,0.0939,0.219,99.99,audio_features,72jbDTw1piOOj770jWNeaG,spotify:track:72jbDTw1piOOj770jWNeaG,https://api.spotify.com/v1/tracks/72jbDTw1piOOj770jWNeaG,https://api.spotify.com/v1/audio-analysis/72jbDTw1piOOj770jWNeaG,221507,4
151,"Happy - From ""Despicable Me 2""",Pharrell Williams,746062,https://open.spotify.com/track/5b88tNINg4Q4nrRbrCXUmg,5b88tNINg4Q4nrRbrCXUmg,0.647,0.822,5,-4.662,0,0.183,0.219,0,0.0908,0.962,160.019,audio_features,5b88tNINg4Q4nrRbrCXUmg,spotify:track:5b88tNINg4Q4nrRbrCXUmg,https://api.spotify.com/v1/tracks/5b88tNINg4Q4nrRbrCXUmg,https://api.spotify.com/v1/audio-analysis/5b88tNINg4Q4nrRbrCXUmg,232720,4
152,Solo Dance,Martin Jensen,740932,https://open.spotify.com/track/6HUnnBwYZqcED1eQztxMBN,6HUnnBwYZqcED1eQztxMBN,0.744,0.836,6,-2.396,0,0.0507,0.0435,0,0.194,0.36,114.965,audio_features,6HUnnBwYZqcED1eQztxMBN,spotify:track:6HUnnBwYZqcED1eQztxMBN,https://api.spotify.com/v1/tracks/6HUnnBwYZqcED1eQztxMBN,https://api.spotify.com/v1/audio-analysis/6HUnnBwYZqcED1eQztxMBN,174933,4
153,Naked,James Arthur,737820,https://open.spotify.com/track/7krbSH3rd8lhIZvuzTV3Bl,7krbSH3rd8lhIZvuzTV3Bl,0.529,0.607,6,-6.781,1,0.0574,0.104,0,0.0631,0.238,101.966,audio_features,7krbSH3rd8lhIZvuzTV3Bl,spotify:track:7krbSH3rd8lhIZvuzTV3Bl,https://api.spotify.com/v1/tracks/7krbSH3rd8lhIZvuzTV3Bl,https://api.spotify.com/v1/audio-analysis/7krbSH3rd8lhIZvuzTV3Bl,234107,4
154,No Promises (feat. Demi Lovato),Cheat Codes,729882,https://open.spotify.com/track/1louJpMmzEicAn7lzDalPW,1louJpMmzEicAn7lzDalPW,0.741,0.667,10,-5.445,1,0.134,0.0575,0,0.106,0.595,112.956,audio_features,1louJpMmzEicAn7lzDalPW,spotify:track:1louJpMmzEicAn7lzDalPW,https://api.spotify.com/v1/tracks/1louJpMmzEicAn7lzDalPW,https://api.spotify.com/v1/audio-analysis/1louJpMmzEicAn7lzDalPW,223504,4
155,It Wasn't Me,Shaggy,718016,https://open.spotify.com/track/1lzr43nnXAijIGYnCT8M8H,1lzr43nnXAijIGYnCT8M8H,0.853,0.606,0,-4.596,1,0.0713,0.0561,0,0.313,0.654,94.759,audio_features,1lzr43nnXAijIGYnCT8M8H,spotify:track:1lzr43nnXAijIGYnCT8M8H,https://api.spotify.com/v1/tracks/1lzr43nnXAijIGYnCT8M8H,https://api.spotify.com/v1/audio-analysis/1lzr43nnXAijIGYnCT8M8H,227600,4
156,Superstition - Single Version,Stevie Wonder,711739,https://open.spotify.com/track/5lXcSvHRVjQJ3LB2rLKQog,5lXcSvHRVjQJ3LB2rLKQog,0.65,0.658,10,-10.908,0,0.085,0.0887,0.00403,0.0526,0.883,100.541,audio_features,5lXcSvHRVjQJ3LB2rLKQog,spotify:track:5lXcSvHRVjQJ3LB2rLKQog,https://api.spotify.com/v1/tracks/5lXcSvHRVjQJ3LB2rLKQog,https://api.spotify.com/v1/audio-analysis/5lXcSvHRVjQJ3LB2rLKQog,239120,4
157,24K Magic,Bruno Mars,710374,https://open.spotify.com/track/6b8Be6ljOzmkOmFslEb23P,6b8Be6ljOzmkOmFslEb23P,0.818,0.803,1,-4.282,1,0.0797,0.034,0,0.153,0.632,106.97,audio_features,6b8Be6ljOzmkOmFslEb23P,spotify:track:6b8Be6ljOzmkOmFslEb23P,https://api.spotify.com/v1/tracks/6b8Be6ljOzmkOmFslEb23P,https://api.spotify.com/v1/audio-analysis/6b8Be6ljOzmkOmFslEb23P,225983,4
158,Reggaetón Lento (Remix),CNCO,710301,https://open.spotify.com/track/5PB8zB1MOZASboLquvinMF,5PB8zB1MOZASboLquvinMF,0.623,0.909,4,-3.079,0,0.0758,0.158,0,0.0972,0.651,93.984,audio_features,5PB8zB1MOZASboLquvinMF,spotify:track:5PB8zB1MOZASboLquvinMF,https://api.spotify.com/v1/tracks/5PB8zB1MOZASboLquvinMF,https://api.spotify.com/v1/audio-analysis/5PB8zB1MOZASboLquvinMF,188787,4
159,Ahora Dice,Chris Jeday,709239,https://open.spotify.com/track/22eADXu8DfOAUEDw4vU8qy,22eADXu8DfOAUEDw4vU8qy,0.708,0.693,6,-5.516,1,0.138,0.246,0,0.129,0.427,143.965,audio_features,22eADXu8DfOAUEDw4vU8qy,spotify:track:22eADXu8DfOAUEDw4vU8qy,https://api.spotify.com/v1/tracks/22eADXu8DfOAUEDw4vU8qy,https://api.spotify.com/v1/audio-analysis/22eADXu8DfOAUEDw4vU8qy,271080,4
160,Issues,Julia Michaels,706421,https://open.spotify.com/track/7vu0JkJh0ldukEYbTVcqd0,7vu0JkJh0ldukEYbTVcqd0,0.728,0.415,8,-6.852,1,0.0639,0.401,0,0.0616,0.455,114.145,audio_features,7vu0JkJh0ldukEYbTVcqd0,spotify:track:7vu0JkJh0ldukEYbTVcqd0,https://api.spotify.com/v1/tracks/7vu0JkJh0ldukEYbTVcqd0,https://api.spotify.com/v1/audio-analysis/7vu0JkJh0ldukEYbTVcqd0,176320,4
161,Should I Stay or Should I Go - Remastered,The Clash,705495,https://open.spotify.com/track/39shmbIHICJ2Wxnk1fPSdz,39shmbIHICJ2Wxnk1fPSdz,0.742,0.833,2,-6.463,1,0.115,0.079,0,0.384,0.816,113.375,audio_features,39shmbIHICJ2Wxnk1fPSdz,spotify:track:39shmbIHICJ2Wxnk1fPSdz,https://api.spotify.com/v1/tracks/39shmbIHICJ2Wxnk1fPSdz,https://api.spotify.com/v1/audio-analysis/39shmbIHICJ2Wxnk1fPSdz,188987,4
162,Sweet Dreams (Are Made of This) - Remastered,Eurythmics,703283,https://open.spotify.com/track/1TfqLAPs4K3s2rJMoCokcS,1TfqLAPs4K3s2rJMoCokcS,0.692,0.711,0,-7.498,0,0.0317,0.225,0,0.12,0.875,125.135,audio_features,1TfqLAPs4K3s2rJMoCokcS,spotify:track:1TfqLAPs4K3s2rJMoCokcS,https://api.spotify.com/v1/tracks/1TfqLAPs4K3s2rJMoCokcS,https://api.spotify.com/v1/audio-analysis/1TfqLAPs4K3s2rJMoCokcS,216933,4
163,Go Flex,Post Malone,689559,https://open.spotify.com/track/5yuShbu70mtHXY0yLzCQLQ,5yuShbu70mtHXY0yLzCQLQ,0.665,0.498,5,-8.185,1,0.0832,0.228,0,0.0757,0.127,81.967,audio_features,5yuShbu70mtHXY0yLzCQLQ,spotify:track:5yuShbu70mtHXY0yLzCQLQ,https://api.spotify.com/v1/tracks/5yuShbu70mtHXY0yLzCQLQ,https://api.spotify.com/v1/audio-analysis/5yuShbu70mtHXY0yLzCQLQ,179613,4
164,Instruction,Jax Jones,689134,https://open.spotify.com/track/2ytH5wDuqhgLTiDVYioteq,2ytH5wDuqhgLTiDVYioteq,0.766,0.919,4,-3.618,0,0.201,0.0961,0,0.134,0.926,120.931,audio_features,2ytH5wDuqhgLTiDVYioteq,spotify:track:2ytH5wDuqhgLTiDVYioteq,https://api.spotify.com/v1/tracks/2ytH5wDuqhgLTiDVYioteq,https://api.spotify.com/v1/audio-analysis/2ytH5wDuqhgLTiDVYioteq,166427,4
165,Photograph,Ed Sheeran,689062,https://open.spotify.com/track/6fxVffaTuwjgEk5h9QyRjy,6fxVffaTuwjgEk5h9QyRjy,0.614,0.379,4,-10.48,1,0.0476,0.607,0.000464,0.0986,0.201,107.989,audio_features,6fxVffaTuwjgEk5h9QyRjy,spotify:track:6fxVffaTuwjgEk5h9QyRjy,https://api.spotify.com/v1/tracks/6fxVffaTuwjgEk5h9QyRjy,https://api.spotify.com/v1/audio-analysis/6fxVffaTuwjgEk5h9QyRjy,258987,4
166,3 A.M.,Jesse & Joy,688246,https://open.spotify.com/track/0yyZN5ASdrYu0XYWFzfxUu,0yyZN5ASdrYu0XYWFzfxUu,0.702,0.84,0,-3.547,1,0.0879,0.0112,0,0.119,0.624,101.99,audio_features,0yyZN5ASdrYu0XYWFzfxUu,spotify:track:0yyZN5ASdrYu0XYWFzfxUu,https://api.spotify.com/v1/tracks/0yyZN5ASdrYu0XYWFzfxUu,https://api.spotify.com/v1/audio-analysis/0yyZN5ASdrYu0XYWFzfxUu,183573,4
167,Redbone,Childish Gambino,685796,https://open.spotify.com/track/3kxfsdsCpFgN412fpnW85Y,3kxfsdsCpFgN412fpnW85Y,0.745,0.356,1,-10.425,1,0.0941,0.172,0.00943,0.123,0.607,160.033,audio_features,3kxfsdsCpFgN412fpnW85Y,spotify:track:3kxfsdsCpFgN412fpnW85Y,https://api.spotify.com/v1/tracks/3kxfsdsCpFgN412fpnW85Y,https://api.spotify.com/v1/audio-analysis/3kxfsdsCpFgN412fpnW85Y,326933,4
168,Crazy In Love (feat. Jay-Z),Beyoncé,681168,https://open.spotify.com/track/0WqIKmW4BTrj3eJFmnCKMv,0WqIKmW4BTrj3eJFmnCKMv,0.664,0.758,2,-6.583,0,0.21,0.00238,0,0.0598,0.701,99.259,audio_features,0WqIKmW4BTrj3eJFmnCKMv,spotify:track:0WqIKmW4BTrj3eJFmnCKMv,https://api.spotify.com/v1/tracks/0WqIKmW4BTrj3eJFmnCKMv,https://api.spotify.com/v1/audio-analysis/0WqIKmW4BTrj3eJFmnCKMv,235933,4
169,Came Here for Love,Sigala,668107,https://open.spotify.com/track/3kGfazcbVvVkuZunzlLgTD,3kGfazcbVvVkuZunzlLgTD,0.708,0.868,6,-3.287,1,0.0431,0.0313,0,0.122,0.72,124.994,audio_features,3kGfazcbVvVkuZunzlLgTD,spotify:track:3kGfazcbVvVkuZunzlLgTD,https://api.spotify.com/v1/tracks/3kGfazcbVvVkuZunzlLgTD,https://api.spotify.com/v1/audio-analysis/3kGfazcbVvVkuZunzlLgTD,202999,4
170,Hips Don't Lie (feat. Wyclef Jean),Shakira,667936,https://open.spotify.com/track/3ZFTkvIE7kyPt6Nu3PEa7V,3ZFTkvIE7kyPt6Nu3PEa7V,0.778,0.824,10,-5.892,0,0.0712,0.284,0,0.405,0.756,100.024,audio_features,3ZFTkvIE7kyPt6Nu3PEa7V,spotify:track:3ZFTkvIE7kyPt6Nu3PEa7V,https://api.spotify.com/v1/tracks/3ZFTkvIE7kyPt6Nu3PEa7V,https://api.spotify.com/v1/audio-analysis/3ZFTkvIE7kyPt6Nu3PEa7V,218093,4
171,Respect,Aretha Franklin,664818,https://open.spotify.com/track/7s25THrKz86DM225dOYwnr,7s25THrKz86DM225dOYwnr,0.805,0.558,0,-5.226,1,0.041,0.164,2.2e-05,0.0546,0.965,114.95,audio_features,7s25THrKz86DM225dOYwnr,spotify:track:7s25THrKz86DM225dOYwnr,https://api.spotify.com/v1/tracks/7s25THrKz86DM225dOYwnr,https://api.spotify.com/v1/audio-analysis/7s25THrKz86DM225dOYwnr,147600,4
172,Slippery (feat. Gucci Mane),Migos,659755,https://open.spotify.com/track/6p8NuHm8uCGnn2Dtbtf7zE,6p8NuHm8uCGnn2Dtbtf7zE,0.92,0.674,1,-5.662,0,0.264,0.307,0,0.104,0.741,141.967,audio_features,6p8NuHm8uCGnn2Dtbtf7zE,spotify:track:6p8NuHm8uCGnn2Dtbtf7zE,https://api.spotify.com/v1/tracks/6p8NuHm8uCGnn2Dtbtf7zE,https://api.spotify.com/v1/audio-analysis/6p8NuHm8uCGnn2Dtbtf7zE,304041,4
173,Tú Foto,Ozuna,658173,https://open.spotify.com/track/5zSOVwaY3sVjnmLhuEfsuf,5zSOVwaY3sVjnmLhuEfsuf,0.748,0.565,7,-5.895,1,0.0476,0.164,0.00169,0.103,0.812,175.92,audio_features,5zSOVwaY3sVjnmLhuEfsuf,spotify:track:5zSOVwaY3sVjnmLhuEfsuf,https://api.spotify.com/v1/tracks/5zSOVwaY3sVjnmLhuEfsuf,https://api.spotify.com/v1/audio-analysis/5zSOVwaY3sVjnmLhuEfsuf,193227,4
174,Thinking out Loud,Ed Sheeran,655504,https://open.spotify.com/track/1Slwb6dOYkBlWal1PGtnNg,1Slwb6dOYkBlWal1PGtnNg,0.781,0.445,2,-6.061,1,0.0295,0.474,0,0.184,0.591,78.998,audio_features,1Slwb6dOYkBlWal1PGtnNg,spotify:track:1Slwb6dOYkBlWal1PGtnNg,https://api.spotify.com/v1/tracks/1Slwb6dOYkBlWal1PGtnNg,https://api.spotify.com/v1/audio-analysis/1Slwb6dOYkBlWal1PGtnNg,281560,4
175,Danza Kuduro,Don Omar,655234,https://open.spotify.com/track/2a1o6ZejUi8U3wzzOtCOYw,2a1o6ZejUi8U3wzzOtCOYw,0.4,0.915,0,-4.89,1,0.28,0.0846,0,0.0503,0.878,88.917,audio_features,2a1o6ZejUi8U3wzzOtCOYw,spotify:track:2a1o6ZejUi8U3wzzOtCOYw,https://api.spotify.com/v1/tracks/2a1o6ZejUi8U3wzzOtCOYw,https://api.spotify.com/v1/audio-analysis/2a1o6ZejUi8U3wzzOtCOYw,198773,3
176,Slow Hands,Niall Horan,653419,https://open.spotify.com/track/38yBBH2jacvDxrznF7h08J,38yBBH2jacvDxrznF7h08J,0.734,0.418,0,-6.678,1,0.0425,0.0129,0,0.0579,0.868,85.909,audio_features,38yBBH2jacvDxrznF7h08J,spotify:track:38yBBH2jacvDxrznF7h08J,https://api.spotify.com/v1/tracks/38yBBH2jacvDxrznF7h08J,https://api.spotify.com/v1/audio-analysis/38yBBH2jacvDxrznF7h08J,188174,4
177,Wanted You (feat. Lil Uzi Vert),NAV,642191,https://open.spotify.com/track/790MhTXPFrYkrqCKvpg4t1,790MhTXPFrYkrqCKvpg4t1,0.795,0.728,9,-4.712,0,0.0544,0.207,0,0.237,0.582,146.979,audio_features,790MhTXPFrYkrqCKvpg4t1,spotify:track:790MhTXPFrYkrqCKvpg4t1,https://api.spotify.com/v1/tracks/790MhTXPFrYkrqCKvpg4t1,https://api.spotify.com/v1/audio-analysis/790MhTXPFrYkrqCKvpg4t1,228080,4
178,Wait,Maroon 5,640463,https://open.spotify.com/track/1Qg9jWGDkKAGZXj5v2OG59,1Qg9jWGDkKAGZXj5v2OG59,0.659,0.604,8,-5.084,1,0.0542,0.0889,0,0.105,0.407,126.135,audio_features,1Qg9jWGDkKAGZXj5v2OG59,spotify:track:1Qg9jWGDkKAGZXj5v2OG59,https://api.spotify.com/v1/tracks/1Qg9jWGDkKAGZXj5v2OG59,https://api.spotify.com/v1/audio-analysis/1Qg9jWGDkKAGZXj5v2OG59,190643,4
179,IDGAF,Dua Lipa,638531,https://open.spotify.com/track/76cy1WJvNGJTj78UqeA5zr,76cy1WJvNGJTj78UqeA5zr,0.836,0.544,7,-5.975,1,0.0943,0.0403,0,0.0824,0.51,97.028,audio_features,76cy1WJvNGJTj78UqeA5zr,spotify:track:76cy1WJvNGJTj78UqeA5zr,https://api.spotify.com/v1/tracks/76cy1WJvNGJTj78UqeA5zr,https://api.spotify.com/v1/audio-analysis/76cy1WJvNGJTj78UqeA5zr,217947,4
180,A Different Way (with Lauv),DJ Snake,636375,https://open.spotify.com/track/0Wv5wuenRLI3BcwgT3HPIP,0Wv5wuenRLI3BcwgT3HPIP,0.781,0.765,8,-4.092,1,0.0385,0.534,0,0.152,0.564,104.987,audio_features,0Wv5wuenRLI3BcwgT3HPIP,spotify:track:0Wv5wuenRLI3BcwgT3HPIP,https://api.spotify.com/v1/tracks/0Wv5wuenRLI3BcwgT3HPIP,https://api.spotify.com/v1/audio-analysis/0Wv5wuenRLI3BcwgT3HPIP,198286,4
181,Olha a Explosão,MC Kevinho,635727,https://open.spotify.com/track/6m2LNopVJKsvBB9l7Z1rwn,6m2LNopVJKsvBB9l7Z1rwn,0.774,0.611,6,-2.883,1,0.134,0.109,0,0.0805,0.388,89.995,audio_features,6m2LNopVJKsvBB9l7Z1rwn,spotify:track:6m2LNopVJKsvBB9l7Z1rwn,https://api.spotify.com/v1/tracks/6m2LNopVJKsvBB9l7Z1rwn,https://api.spotify.com/v1/audio-analysis/6m2LNopVJKsvBB9l7Z1rwn,161593,4
182,White Iverson,Post Malone,630115,https://open.spotify.com/track/6eT7xZZlB2mwyzJ2sUKG6w,6eT7xZZlB2mwyzJ2sUKG6w,0.675,0.562,7,-7.678,1,0.0352,0.233,0,0.0816,0.309,130.098,audio_features,6eT7xZZlB2mwyzJ2sUKG6w,spotify:track:6eT7xZZlB2mwyzJ2sUKG6w,https://api.spotify.com/v1/tracks/6eT7xZZlB2mwyzJ2sUKG6w,https://api.spotify.com/v1/audio-analysis/6eT7xZZlB2mwyzJ2sUKG6w,256533,4
183,Explícale (feat. Bad Bunny),Yandel,627539,https://open.spotify.com/track/1LszjjoVwDDZcWUQbzeDLG,1LszjjoVwDDZcWUQbzeDLG,0.808,0.69,1,-4.151,1,0.148,0.0583,0,0.103,0.64,125.086,audio_features,1LszjjoVwDDZcWUQbzeDLG,spotify:track:1LszjjoVwDDZcWUQbzeDLG,https://api.spotify.com/v1/tracks/1LszjjoVwDDZcWUQbzeDLG,https://api.spotify.com/v1/audio-analysis/1LszjjoVwDDZcWUQbzeDLG,223147,4
184,Twist And Shout - Remastered,The Beatles,626247,https://open.spotify.com/track/4Z1fbYp0HuxLBje4MOZcSD,4Z1fbYp0HuxLBje4MOZcSD,0.482,0.849,2,-9.198,1,0.0452,0.641,7.74e-06,0.0414,0.937,124.631,audio_features,4Z1fbYp0HuxLBje4MOZcSD,spotify:track:4Z1fbYp0HuxLBje4MOZcSD,https://api.spotify.com/v1/tracks/4Z1fbYp0HuxLBje4MOZcSD,https://api.spotify.com/v1/audio-analysis/4Z1fbYp0HuxLBje4MOZcSD,155227,4
185,There for You,Martin Garrix,623563,https://open.spotify.com/track/6jA8HL9i4QGzsj6fjoxp8Y,6jA8HL9i4QGzsj6fjoxp8Y,0.611,0.644,6,-7.607,0,0.0553,0.124,0,0.124,0.13,105.969,audio_features,6jA8HL9i4QGzsj6fjoxp8Y,spotify:track:6jA8HL9i4QGzsj6fjoxp8Y,https://api.spotify.com/v1/tracks/6jA8HL9i4QGzsj6fjoxp8Y,https://api.spotify.com/v1/audio-analysis/6jA8HL9i4QGzsj6fjoxp8Y,221904,4
186,Roll In Peace (feat. XXXTENTACION),Kodak Black,620118,https://open.spotify.com/track/40oKW22ZNNkEdZLJTScaQI,40oKW22ZNNkEdZLJTScaQI,0.747,0.524,10,-6.807,0,0.245,0.0306,0,0.2,0.363,140.053,audio_features,40oKW22ZNNkEdZLJTScaQI,spotify:track:40oKW22ZNNkEdZLJTScaQI,https://api.spotify.com/v1/tracks/40oKW22ZNNkEdZLJTScaQI,https://api.spotify.com/v1/audio-analysis/40oKW22ZNNkEdZLJTScaQI,213132,4
187,Don't Stop Believin',Journey,615146,https://open.spotify.com/track/4bHsxqR3GMrXTxEPLuK5ue,4bHsxqR3GMrXTxEPLuK5ue,0.5,0.748,4,-9.072,1,0.0363,0.127,0,0.447,0.514,118.852,audio_features,4bHsxqR3GMrXTxEPLuK5ue,spotify:track:4bHsxqR3GMrXTxEPLuK5ue,https://api.spotify.com/v1/tracks/4bHsxqR3GMrXTxEPLuK5ue,https://api.spotify.com/v1/audio-analysis/4bHsxqR3GMrXTxEPLuK5ue,250987,4
188,Agora Vai Sentar,MC's Jhowzinho & Kadinho,612672,https://open.spotify.com/track/0pDaqgIForVNO4jrtTxcWT,0pDaqgIForVNO4jrtTxcWT,0.814,0.653,3,-0.02,0,0.0359,0.189,0,0.0876,0.706,130.099,audio_features,0pDaqgIForVNO4jrtTxcWT,spotify:track:0pDaqgIForVNO4jrtTxcWT,https://api.spotify.com/v1/tracks/0pDaqgIForVNO4jrtTxcWT,https://api.spotify.com/v1/audio-analysis/0pDaqgIForVNO4jrtTxcWT,228923,4
189,Let Me Love You,DJ Snake,612443,https://open.spotify.com/track/4pdPtRcBmOSQDlJ3Fk945m,4pdPtRcBmOSQDlJ3Fk945m,0.476,0.718,8,-5.309,1,0.0576,0.0784,1.02e-05,0.122,0.142,199.864,audio_features,4pdPtRcBmOSQDlJ3Fk945m,spotify:track:4pdPtRcBmOSQDlJ3Fk945m,https://api.spotify.com/v1/tracks/4pdPtRcBmOSQDlJ3Fk945m,https://api.spotify.com/v1/audio-analysis/4pdPtRcBmOSQDlJ3Fk945m,205947,4
190,Beat It,Michael Jackson,610962,https://open.spotify.com/track/1OOtq8tRnDM8kG2gqUPjAj,1OOtq8tRnDM8kG2gqUPjAj,0.779,0.867,3,-3.704,0,0.0457,0.0491,7.98e-06,0.197,0.915,138.858,audio_features,1OOtq8tRnDM8kG2gqUPjAj,spotify:track:1OOtq8tRnDM8kG2gqUPjAj,https://api.spotify.com/v1/tracks/1OOtq8tRnDM8kG2gqUPjAj,https://api.spotify.com/v1/audio-analysis/1OOtq8tRnDM8kG2gqUPjAj,258040,4
191,Fuck Love (feat. Trippie Redd),XXXTENTACION,609873,https://open.spotify.com/track/7AQim7LbvFVZJE3O8TYgf2,7AQim7LbvFVZJE3O8TYgf2,0.797,0.533,0,-9.74,0,0.0412,0.0172,0.000152,0.103,0.329,131.036,audio_features,7AQim7LbvFVZJE3O8TYgf2,spotify:track:7AQim7LbvFVZJE3O8TYgf2,https://api.spotify.com/v1/tracks/7AQim7LbvFVZJE3O8TYgf2,https://api.spotify.com/v1/audio-analysis/7AQim7LbvFVZJE3O8TYgf2,146520,4
192,DNA.,Kendrick Lamar,604950,https://open.spotify.com/track/6HZILIRieu8S0iqY8kIKhj,6HZILIRieu8S0iqY8kIKhj,0.638,0.523,1,-6.664,1,0.357,0.00454,0,0.0842,0.422,139.913,audio_features,6HZILIRieu8S0iqY8kIKhj,spotify:track:6HZILIRieu8S0iqY8kIKhj,https://api.spotify.com/v1/tracks/6HZILIRieu8S0iqY8kIKhj,https://api.spotify.com/v1/audio-analysis/6HZILIRieu8S0iqY8kIKhj,185947,4
193,Bad and Boujee (feat. Lil Uzi Vert),Migos,604710,https://open.spotify.com/track/4Km5HrUvYTaSUfiSGPJeQR,4Km5HrUvYTaSUfiSGPJeQR,0.927,0.665,11,-5.313,1,0.244,0.061,0,0.123,0.175,127.076,audio_features,4Km5HrUvYTaSUfiSGPJeQR,spotify:track:4Km5HrUvYTaSUfiSGPJeQR,https://api.spotify.com/v1/tracks/4Km5HrUvYTaSUfiSGPJeQR,https://api.spotify.com/v1/audio-analysis/4Km5HrUvYTaSUfiSGPJeQR,343150,4
194,Walk On Water (feat. Beyoncé),Eminem,604026,https://open.spotify.com/track/5PIBgH1cUFwu5IiUk9tnN9,5PIBgH1cUFwu5IiUk9tnN9,0.468,0.444,9,-10.217,0,0.291,0.796,0,0.619,0.637,76.019,audio_features,5PIBgH1cUFwu5IiUk9tnN9,spotify:track:5PIBgH1cUFwu5IiUk9tnN9,https://api.spotify.com/v1/tracks/5PIBgH1cUFwu5IiUk9tnN9,https://api.spotify.com/v1/audio-analysis/5PIBgH1cUFwu5IiUk9tnN9,303640,3
195,You Shook Me All Night Long,AC/DC,602320,https://open.spotify.com/track/2SiXAy7TuUkycRVbbWDEpo,2SiXAy7TuUkycRVbbWDEpo,0.532,0.767,7,-5.509,1,0.0574,0.00287,0.000513,0.39,0.755,127.361,audio_features,2SiXAy7TuUkycRVbbWDEpo,spotify:track:2SiXAy7TuUkycRVbbWDEpo,https://api.spotify.com/v1/tracks/2SiXAy7TuUkycRVbbWDEpo,https://api.spotify.com/v1/audio-analysis/2SiXAy7TuUkycRVbbWDEpo,210173,4
196,Sober,G-Eazy,602217,https://open.spotify.com/track/3qk4wRMDlaeagZGjSYbsOV,3qk4wRMDlaeagZGjSYbsOV,0.558,0.766,6,-5.953,0,0.231,0.263,0,0.32,0.182,96.281,audio_features,3qk4wRMDlaeagZGjSYbsOV,spotify:track:3qk4wRMDlaeagZGjSYbsOV,https://api.spotify.com/v1/tracks/3qk4wRMDlaeagZGjSYbsOV,https://api.spotify.com/v1/audio-analysis/3qk4wRMDlaeagZGjSYbsOV,203960,4
197,I Took A Pill In Ibiza - Seeb Remix,Mike Posner,599127,https://open.spotify.com/track/17Fd6Yb7mSbinKG8LoWfFl,17Fd6Yb7mSbinKG8LoWfFl,0.663,0.713,7,-6.647,0,0.112,0.0353,7.68e-06,0.0843,0.69,101.965,audio_features,17Fd6Yb7mSbinKG8LoWfFl,spotify:track:17Fd6Yb7mSbinKG8LoWfFl,https://api.spotify.com/v1/tracks/17Fd6Yb7mSbinKG8LoWfFl,https://api.spotify.com/v1/audio-analysis/17Fd6Yb7mSbinKG8LoWfFl,197933,4
198,Saint,Huncho Jack,598895,https://open.spotify.com/track/7foypmc7KZyU716Yv63BPe,7foypmc7KZyU716Yv63BPe,0.866,0.648,1,-3.675,1,0.0543,0.009,0,0.0967,0.0798,150.058,audio_features,7foypmc7KZyU716Yv63BPe,spotify:track:7foypmc7KZyU716Yv63BPe,https://api.spotify.com/v1/tracks/7foypmc7KZyU716Yv63BPe,https://api.spotify.com/v1/audio-analysis/7foypmc7KZyU716Yv63BPe,140793,4
199,Back to You (feat. Bebe Rexha & Digital Farm Animals),Louis Tomlinson,598202,https://open.spotify.com/track/7F9vK8hNFMml4GtHsaXui6,7F9vK8hNFMml4GtHsaXui6,0.683,0.53,5,-4.918,0,0.142,0.207,0,0.394,0.645,75.016,audio_features,7F9vK8hNFMml4GtHsaXui6,spotify:track:7F9vK8hNFMml4GtHsaXui6,https://api.spotify.com/v1/tracks/7F9vK8hNFMml4GtHsaXui6,https://api.spotify.com/v1/audio-analysis/7F9vK8hNFMml4GtHsaXui6,190428,4
200,Africa,TOTO,584551,https://open.spotify.com/track/2374M0fQpWi3dLnB54qaLX,2374M0fQpWi3dLnB54qaLX,0.671,0.373,9,-18.064,1,0.0323,0.257,8.01e-05,0.0481,0.732,92.718,audio_features,2374M0fQpWi3dLnB54qaLX,spotify:track:2374M0fQpWi3dLnB54qaLX,https://api.spotify.com/v1/tracks/2374M0fQpWi3dLnB54qaLX,https://api.spotify.com/v1/audio-analysis/2374M0fQpWi3dLnB54qaLX,295893,4
