Position,Track Name,Artist,Streams,URL,trackID,danceability,energy,key,loudness,mode,speechiness,acousticness,instrumentalness,liveness,valence,tempo,type,id,uri,track_href,analysis_url,duration_ms,time_signature
1,Shape of You,Ed Sheeran,6155248,https://open.spotify.com/track/7qiZfU4dY1lWllzX7mPBI3,7qiZfU4dY1lWllzX7mPBI3,0.825,0.652,1,-3.183,0,0.0802,0.581,0,0.0931,0.931,95.977,audio_features,7qiZfU4dY1lWllzX7mPBI3,spotify:track:7qiZfU4dY1lWllzX7mPBI3,https://api.spotify.com/v1/tracks/7qiZfU4dY1lWllzX7mPBI3,https://api.spotify.com/v1/audio-analysis/7qiZfU4dY1lWllzX7mPBI3,233713,4
2,Passionfruit,Drake,3977038,https://open.spotify.com/track/7hDc8b7IXETo14hHIHdnhd,7hDc8b7IXETo14hHIHdnhd,0.809,0.463,11,-11.377,1,0.0396,0.256,0.085,0.109,0.364,111.98,audio_features,7hDc8b7IXETo14hHIHdnhd,spotify:track:7hDc8b7IXETo14hHIHdnhd,https://api.spotify.com/v1/tracks/7hDc8b7IXETo14hHIHdnhd,https://api.spotify.com/v1/audio-analysis/7hDc8b7IXETo14hHIHdnhd,298941,4
3,It Ain't Me (with Selena Gomez),Kygo,3890502,https://open.spotify.com/track/3eR23VReFzcdmS7TYCrhCe,3eR23VReFzcdmS7TYCrhCe,0.64,0.533,0,-6.596,1,0.0706,0.119,0,0.0864,0.515,99.968,audio_features,3eR23VReFzcdmS7TYCrhCe,spotify:track:3eR23VReFzcdmS7TYCrhCe,https://api.spotify.com/v1/tracks/3eR23VReFzcdmS7TYCrhCe,https://api.spotify.com/v1/audio-analysis/3eR23VReFzcdmS7TYCrhCe,220781,4
4,HUMBLE.,Kendrick Lamar,3796302,https://open.spotify.com/track/7KXjTSCq5nL1LoYtL7XAwS,7KXjTSCq5nL1LoYtL7XAwS,0.908,0.621,1,-6.638,0,0.102,0.000282,5.39e-05,0.0958,0.421,150.011,audio_features,7KXjTSCq5nL1LoYtL7XAwS,spotify:track:7KXjTSCq5nL1LoYtL7XAwS,https://api.spotify.com/v1/tracks/7KXjTSCq5nL1LoYtL7XAwS,https://api.spotify.com/v1/audio-analysis/7KXjTSCq5nL1LoYtL7XAwS,177000,4
5,Something Just Like This,The Chainsmokers,3713688,https://open.spotify.com/track/6RUKPb4LETWmmr3iAEQktW,6RUKPb4LETWmmr3iAEQktW,0.617,0.635,11,-6.769,0,0.0317,0.0498,1.44e-05,0.164,0.446,103.019,audio_features,6RUKPb4LETWmmr3iAEQktW,spotify:track:6RUKPb4LETWmmr3iAEQktW,https://api.spotify.com/v1/tracks/6RUKPb4LETWmmr3iAEQktW,https://api.spotify.com/v1/audio-analysis/6RUKPb4LETWmmr3iAEQktW,247160,4
6,That's What I Like,Bruno Mars,3235496,https://open.spotify.com/track/0KKkJNfGyhkQ5aFogxQAPU,0KKkJNfGyhkQ5aFogxQAPU,0.853,0.56,1,-4.961,1,0.0406,0.013,0,0.0944,0.86,134.066,audio_features,0KKkJNfGyhkQ5aFogxQAPU,spotify:track:0KKkJNfGyhkQ5aFogxQAPU,https://api.spotify.com/v1/tracks/0KKkJNfGyhkQ5aFogxQAPU,https://api.spotify.com/v1/audio-analysis/0KKkJNfGyhkQ5aFogxQAPU,206693,4
7,Stay (with Alessia Cara),Zedd,3226341,https://open.spotify.com/track/0dA2Mk56wEzDgegdC6R17g,0dA2Mk56wEzDgegdC6R17g,0.679,0.634,5,-5.024,0,0.0654,0.232,0,0.115,0.498,102.013,audio_features,0dA2Mk56wEzDgegdC6R17g,spotify:track:0dA2Mk56wEzDgegdC6R17g,https://api.spotify.com/v1/tracks/0dA2Mk56wEzDgegdC6R17g,https://api.spotify.com/v1/audio-analysis/0dA2Mk56wEzDgegdC6R17g,210091,4
8,Mask Off,Future,3188634,https://open.spotify.com/track/3rOSwuTsUlJp0Pu0MkN8r8,3rOSwuTsUlJp0Pu0MkN8r8,0.833,0.434,2,-8.795,1,0.431,0.0102,0.0219,0.165,0.281,150.062,audio_features,3rOSwuTsUlJp0Pu0MkN8r8,spotify:track:3rOSwuTsUlJp0Pu0MkN8r8,https://api.spotify.com/v1/tracks/3rOSwuTsUlJp0Pu0MkN8r8,https://api.spotify.com/v1/audio-analysis/3rOSwuTsUlJp0Pu0MkN8r8,204600,4
9,Galway Girl,Ed Sheeran,3006907,https://open.spotify.com/track/0afhq8XCExXpqazXczTSve,0afhq8XCExXpqazXczTSve,0.624,0.876,9,-3.374,1,0.1,0.0735,0,0.327,0.781,99.943,audio_features,0afhq8XCExXpqazXczTSve,spotify:track:0afhq8XCExXpqazXczTSve,https://api.spotify.com/v1/tracks/0afhq8XCExXpqazXczTSve,https://api.spotify.com/v1/audio-analysis/0afhq8XCExXpqazXczTSve,170827,4
10,Despacito (Featuring Daddy Yankee),Luis Fonsi,2860438,https://open.spotify.com/track/4aWmUDTfIPGksMNLV2rQP2,4aWmUDTfIPGksMNLV2rQP2,0.66,0.786,2,-4.757,1,0.17,0.209,0,0.112,0.846,177.833,audio_features,4aWmUDTfIPGksMNLV2rQP2,spotify:track:4aWmUDTfIPGksMNLV2rQP2,https://api.spotify.com/v1/tracks/4aWmUDTfIPGksMNLV2rQP2,https://api.spotify.com/v1/audio-analysis/4aWmUDTfIPGksMNLV2rQP2,228200,4
11,Symphony (feat. Zara Larsson),Clean Bandit,2709547,https://open.spotify.com/track/1x5sYLZiu9r5E43kMlt9f8,1x5sYLZiu9r5E43kMlt9f8,0.707,0.629,0,-4.581,0,0.0563,0.259,1.6e-05,0.138,0.457,122.863,audio_features,1x5sYLZiu9r5E43kMlt9f8,spotify:track:1x5sYLZiu9r5E43kMlt9f8,https://api.spotify.com/v1/tracks/1x5sYLZiu9r5E43kMlt9f8,https://api.spotify.com/v1/audio-analysis/1x5sYLZiu9r5E43kMlt9f8,212459,4
12,Paris,The Chainsmokers,2641028,https://open.spotify.com/track/72jbDTw1piOOj770jWNeaG,72jbDTw1piOOj770jWNeaG,0.653,0.658,2,-6.428,1,0.0304,0.0215,1.66e-06,0.0939,0.219,99.99,audio_features,72jbDTw1piOOj770jWNeaG,spotify:track:72jbDTw1piOOj770jWNeaG,https://api.spotify.com/v1/tracks/72jbDTw1piOOj770jWNeaG,https://api.spotify.com/v1/audio-analysis/72jbDTw1piOOj770jWNeaG,221507,4
13,Slide (feat. Frank Ocean & Migos),Calvin Harris,2562002,https://open.spotify.com/track/7tr2za8SQg2CI8EDgrdtNl,7tr2za8SQg2CI8EDgrdtNl,0.736,0.795,1,-3.299,0,0.0545,0.498,1.21e-06,0.254,0.511,104.066,audio_features,7tr2za8SQg2CI8EDgrdtNl,spotify:track:7tr2za8SQg2CI8EDgrdtNl,https://api.spotify.com/v1/tracks/7tr2za8SQg2CI8EDgrdtNl,https://api.spotify.com/v1/audio-analysis/7tr2za8SQg2CI8EDgrdtNl,230813,4
14,Scared to Be Lonely,Martin Garrix,2481992,https://open.spotify.com/track/3ebXMykcMXOcLeJ9xZ17XH,3ebXMykcMXOcLeJ9xZ17XH,0.584,0.54,1,-7.786,0,0.0576,0.0895,0,0.261,0.195,137.972,audio_features,3ebXMykcMXOcLeJ9xZ17XH,spotify:track:3ebXMykcMXOcLeJ9xZ17XH,https://api.spotify.com/v1/tracks/3ebXMykcMXOcLeJ9xZ17XH,https://api.spotify.com/v1/audio-analysis/3ebXMykcMXOcLeJ9xZ17XH,220883,4
15,"I Don’t Wanna Live Forever (Fifty Shades Darker) - From ""Fifty Shades Darker (Original Motion Picture Soundtrack)""",ZAYN,2406045,https://open.spotify.com/track/3NdDpSvN911VPGivFlV5d0,3NdDpSvN911VPGivFlV5d0,0.735,0.451,0,-8.374,1,0.0585,0.0631,1.3e-05,0.325,0.0862,117.973,audio_features,3NdDpSvN911VPGivFlV5d0,spotify:track:3NdDpSvN911VPGivFlV5d0,https://api.spotify.com/v1/tracks/3NdDpSvN911VPGivFlV5d0,https://api.spotify.com/v1/audio-analysis/3NdDpSvN911VPGivFlV5d0,245200,4
16,Issues,Julia Michaels,2403038,https://open.spotify.com/track/1sXUWdKx03aP9Gmzft58rt,1sXUWdKx03aP9Gmzft58rt,0.683,0.427,8,-6.827,1,0.0777,0.368,0,0.0604,0.426,113.634,audio_features,1sXUWdKx03aP9Gmzft58rt,spotify:track:1sXUWdKx03aP9Gmzft58rt,https://api.spotify.com/v1/tracks/1sXUWdKx03aP9Gmzft58rt,https://api.spotify.com/v1/audio-analysis/1sXUWdKx03aP9Gmzft58rt,176347,4
17,You Don't Know Me - Radio Edit,Jax Jones,2081801,https://open.spotify.com/track/00lNx0OcTJrS3MKHcB80HY,00lNx0OcTJrS3MKHcB80HY,0.876,0.669,11,-6.054,0,0.138,0.163,0,0.185,0.682,124.007,audio_features,00lNx0OcTJrS3MKHcB80HY,spotify:track:00lNx0OcTJrS3MKHcB80HY,https://api.spotify.com/v1/tracks/00lNx0OcTJrS3MKHcB80HY,https://api.spotify.com/v1/audio-analysis/00lNx0OcTJrS3MKHcB80HY,213947,4
18,Castle on the Hill,Ed Sheeran,2067336,https://open.spotify.com/track/6PCUP3dWmTjcTtXY02oFdT,6PCUP3dWmTjcTtXY02oFdT,0.461,0.834,2,-4.868,1,0.0989,0.0232,1.14e-05,0.14,0.471,135.007,audio_features,6PCUP3dWmTjcTtXY02oFdT,spotify:track:6PCUP3dWmTjcTtXY02oFdT,https://api.spotify.com/v1/tracks/6PCUP3dWmTjcTtXY02oFdT,https://api.spotify.com/v1/audio-analysis/6PCUP3dWmTjcTtXY02oFdT,261154,4
19,Cold,Maroon 5,2042538,https://open.spotify.com/track/5NNlUMcOEOdoOIwwaWXv0k,5NNlUMcOEOdoOIwwaWXv0k,0.703,0.715,9,-6.285,0,0.114,0.139,0,0.0456,0.497,99.924,audio_features,5NNlUMcOEOdoOIwwaWXv0k,spotify:track:5NNlUMcOEOdoOIwwaWXv0k,https://api.spotify.com/v1/tracks/5NNlUMcOEOdoOIwwaWXv0k,https://api.spotify.com/v1/audio-analysis/5NNlUMcOEOdoOIwwaWXv0k,234308,4
20,Rockabye (feat. Sean Paul & Anne-Marie),Clean Bandit,2025217,https://open.spotify.com/track/5knuzwU65gJK7IF5yJsuaW,5knuzwU65gJK7IF5yJsuaW,0.72,0.763,9,-4.068,0,0.0523,0.406,0,0.18,0.742,101.965,audio_features,5knuzwU65gJK7IF5yJsuaW,spotify:track:5knuzwU65gJK7IF5yJsuaW,https://api.spotify.com/v1/tracks/5knuzwU65gJK7IF5yJsuaW,https://api.spotify.com/v1/audio-analysis/5knuzwU65gJK7IF5yJsuaW,251088,4
21,Chained To The Rhythm,Katy Perry,2016508,https://open.spotify.com/track/6520aj0B4FSKGVuKNsOCOi,6520aj0B4FSKGVuKNsOCOi,0.448,0.801,0,-5.363,1,0.165,0.0733,0,0.146,0.462,189.798,audio_features,6520aj0B4FSKGVuKNsOCOi,spotify:track:6520aj0B4FSKGVuKNsOCOi,https://api.spotify.com/v1/tracks/6520aj0B4FSKGVuKNsOCOi,https://api.spotify.com/v1/audio-analysis/6520aj0B4FSKGVuKNsOCOi,237734,4
22,Believer,Imagine Dragons,1992330,https://open.spotify.com/track/0CcQNd8CINkwQfe1RDtGV6,0CcQNd8CINkwQfe1RDtGV6,0.779,0.787,10,-4.305,0,0.108,0.0524,0,0.14,0.708,124.982,audio_features,0CcQNd8CINkwQfe1RDtGV6,spotify:track:0CcQNd8CINkwQfe1RDtGV6,https://api.spotify.com/v1/tracks/0CcQNd8CINkwQfe1RDtGV6,https://api.spotify.com/v1/audio-analysis/0CcQNd8CINkwQfe1RDtGV6,204347,4
23,Swalla (feat. Nicki Minaj & Ty Dolla $ign),Jason Derulo,1983992,https://open.spotify.com/track/6kex4EBAj0WHXDKZMEJaaF,6kex4EBAj0WHXDKZMEJaaF,0.696,0.817,1,-3.862,1,0.109,0.075,0,0.187,0.782,98.064,audio_features,6kex4EBAj0WHXDKZMEJaaF,spotify:track:6kex4EBAj0WHXDKZMEJaaF,https://api.spotify.com/v1/tracks/6kex4EBAj0WHXDKZMEJaaF,https://api.spotify.com/v1/audio-analysis/6kex4EBAj0WHXDKZMEJaaF,216409,4
24,Portland,Drake,1897677,https://open.spotify.com/track/2bjwRfXMk4uRgOD9IBYl9h,2bjwRfXMk4uRgOD9IBYl9h,0.925,0.443,1,-8.216,1,0.264,0.0172,0,0.276,0.35,136.078,audio_features,2bjwRfXMk4uRgOD9IBYl9h,spotify:track:2bjwRfXMk4uRgOD9IBYl9h,https://api.spotify.com/v1/tracks/2bjwRfXMk4uRgOD9IBYl9h,https://api.spotify.com/v1/audio-analysis/2bjwRfXMk4uRgOD9IBYl9h,236615,4
25,iSpy (feat. Lil Yachty),KYLE,1849300,https://open.spotify.com/track/2EEeOnHehOozLq4aS0n6SL,2EEeOnHehOozLq4aS0n6SL,0.746,0.653,7,-6.745,1,0.289,0.378,0,0.229,0.672,75.016,audio_features,2EEeOnHehOozLq4aS0n6SL,spotify:track:2EEeOnHehOozLq4aS0n6SL,https://api.spotify.com/v1/tracks/2EEeOnHehOozLq4aS0n6SL,https://api.spotify.com/v1/audio-analysis/2EEeOnHehOozLq4aS0n6SL,253107,4
26,I Feel It Coming,The Weeknd,1796349,https://open.spotify.com/track/5GXAXm5YOmYT0kL5jHvYBt,5GXAXm5YOmYT0kL5jHvYBt,0.773,0.819,0,-5.946,0,0.118,0.426,0,0.0679,0.585,92.99,audio_features,5GXAXm5YOmYT0kL5jHvYBt,spotify:track:5GXAXm5YOmYT0kL5jHvYBt,https://api.spotify.com/v1/tracks/5GXAXm5YOmYT0kL5jHvYBt,https://api.spotify.com/v1/audio-analysis/5GXAXm5YOmYT0kL5jHvYBt,269187,4
27,Call On Me - Ryan Riback Extended Remix,Starley,1724574,https://open.spotify.com/track/78rIJddV4X0HkNAInEcYde,78rIJddV4X0HkNAInEcYde,0.67,0.838,0,-4.031,1,0.0362,0.0604,0.000611,0.159,0.717,104.998,audio_features,78rIJddV4X0HkNAInEcYde,spotify:track:78rIJddV4X0HkNAInEcYde,https://api.spotify.com/v1/tracks/78rIJddV4X0HkNAInEcYde,https://api.spotify.com/v1/audio-analysis/78rIJddV4X0HkNAInEcYde,222041,4
28,Closer,The Chainsmokers,1724008,https://open.spotify.com/track/7BKLCZ1jbUBVqRi2FVlTVw,7BKLCZ1jbUBVqRi2FVlTVw,0.748,0.524,8,-5.599,1,0.0338,0.414,0,0.111,0.661,95.01,audio_features,7BKLCZ1jbUBVqRi2FVlTVw,spotify:track:7BKLCZ1jbUBVqRi2FVlTVw,https://api.spotify.com/v1/tracks/7BKLCZ1jbUBVqRi2FVlTVw,https://api.spotify.com/v1/audio-analysis/7BKLCZ1jbUBVqRi2FVlTVw,244960,4
29,Perfect,Ed Sheeran,1670187,https://open.spotify.com/track/0tgVpDi06FyKpA1z0VMD4v,0tgVpDi06FyKpA1z0VMD4v,0.599,0.448,8,-6.312,1,0.0232,0.163,0,0.106,0.168,95.05,audio_features,0tgVpDi06FyKpA1z0VMD4v,spotify:track:0tgVpDi06FyKpA1z0VMD4v,https://api.spotify.com/v1/tracks/0tgVpDi06FyKpA1z0VMD4v,https://api.spotify.com/v1/audio-analysis/0tgVpDi06FyKpA1z0VMD4v,263400,3
30,Solo Dance,Martin Jensen,1620558,https://open.spotify.com/track/6HUnnBwYZqcED1eQztxMBN,6HUnnBwYZqcED1eQztxMBN,0.744,0.836,6,-2.396,0,0.0507,0.0435,0,0.194,0.36,114.965,audio_features,6HUnnBwYZqcED1eQztxMBN,spotify:track:6HUnnBwYZqcED1eQztxMBN,https://api.spotify.com/v1/tracks/6HUnnBwYZqcED1eQztxMBN,https://api.spotify.com/v1/audio-analysis/6HUnnBwYZqcED1eQztxMBN,174933,4
31,Blem,Drake,1608620,https://open.spotify.com/track/2XlHu0HcujBCkWMdIAvrqt,2XlHu0HcujBCkWMdIAvrqt,0.726,0.535,7,-7.804,0,0.0476,0.0533,1.38e-05,0.0984,0.375,98.067,audio_features,2XlHu0HcujBCkWMdIAvrqt,spotify:track:2XlHu0HcujBCkWMdIAvrqt,https://api.spotify.com/v1/tracks/2XlHu0HcujBCkWMdIAvrqt,https://api.spotify.com/v1/audio-analysis/2XlHu0HcujBCkWMdIAvrqt,216558,4
32,Say You Won't Let Go,James Arthur,1598002,https://open.spotify.com/track/5uCax9HTNlzGybIStD3vDh,5uCax9HTNlzGybIStD3vDh,0.358,0.557,10,-7.398,1,0.059,0.695,0,0.0902,0.494,85.043,audio_features,5uCax9HTNlzGybIStD3vDh,spotify:track:5uCax9HTNlzGybIStD3vDh,https://api.spotify.com/v1/tracks/5uCax9HTNlzGybIStD3vDh,https://api.spotify.com/v1/audio-analysis/5uCax9HTNlzGybIStD3vDh,211467,4
33,"How Far I'll Go - From ""Moana""",Alessia Cara,1563535,https://open.spotify.com/track/5hYTyyh2odQKphUbMqc5gN,5hYTyyh2odQKphUbMqc5gN,0.314,0.555,9,-9.601,1,0.37,0.157,0.000108,0.067,0.159,179.666,audio_features,5hYTyyh2odQKphUbMqc5gN,spotify:track:5hYTyyh2odQKphUbMqc5gN,https://api.spotify.com/v1/tracks/5hYTyyh2odQKphUbMqc5gN,https://api.spotify.com/v1/audio-analysis/5hYTyyh2odQKphUbMqc5gN,175517,4
34,Starboy,The Weeknd,1527208,https://open.spotify.com/track/5aAx2yezTd8zXrkmtKl66Z,5aAx2yezTd8zXrkmtKl66Z,0.681,0.594,7,-7.028,1,0.282,0.165,3.49e-06,0.134,0.535,186.054,audio_features,5aAx2yezTd8zXrkmtKl66Z,spotify:track:5aAx2yezTd8zXrkmtKl66Z,https://api.spotify.com/v1/tracks/5aAx2yezTd8zXrkmtKl66Z,https://api.spotify.com/v1/audio-analysis/5aAx2yezTd8zXrkmtKl66Z,230453,4
35,Location,Khalid,1526613,https://open.spotify.com/track/152lZdxL1OR0ZMW6KquMif,152lZdxL1OR0ZMW6KquMif,0.736,0.449,1,-11.462,0,0.425,0.33,0.000162,0.0898,0.326,80.126,audio_features,152lZdxL1OR0ZMW6KquMif,spotify:track:152lZdxL1OR0ZMW6KquMif,https://api.spotify.com/v1/tracks/152lZdxL1OR0ZMW6KquMif,https://api.spotify.com/v1/audio-analysis/152lZdxL1OR0ZMW6KquMif,219080,4
36,Green Light,Lorde,1520887,https://open.spotify.com/track/0gbBzIqrECJOEPvQJIBFs5,0gbBzIqrECJOEPvQJIBFs5,0.616,0.714,9,-7.792,1,0.0982,0.0162,1.23e-05,0.0817,0.24,128.924,audio_features,0gbBzIqrECJOEPvQJIBFs5,spotify:track:0gbBzIqrECJOEPvQJIBFs5,https://api.spotify.com/v1/tracks/0gbBzIqrECJOEPvQJIBFs5,https://api.spotify.com/v1/audio-analysis/0gbBzIqrECJOEPvQJIBFs5,234653,4
37,Happier,Ed Sheeran,1509890,https://open.spotify.com/track/2RttW7RAu5nOAfq6YFvApB,2RttW7RAu5nOAfq6YFvApB,0.522,0.385,0,-7.355,1,0.0288,0.536,0,0.135,0.236,89.792,audio_features,2RttW7RAu5nOAfq6YFvApB,spotify:track:2RttW7RAu5nOAfq6YFvApB,https://api.spotify.com/v1/tracks/2RttW7RAu5nOAfq6YFvApB,https://api.spotify.com/v1/audio-analysis/2RttW7RAu5nOAfq6YFvApB,207520,4
38,SUBEME LA RADIO (feat. Descemer Bueno & Zion & Lennox),Enrique Iglesias,1507290,https://open.spotify.com/track/7nKBxz47S9SD79N086fuhn,7nKBxz47S9SD79N086fuhn,0.684,0.823,9,-3.297,0,0.0773,0.0744,0,0.111,0.647,91.048,audio_features,7nKBxz47S9SD79N086fuhn,spotify:track:7nKBxz47S9SD79N086fuhn,https://api.spotify.com/v1/tracks/7nKBxz47S9SD79N086fuhn,https://api.spotify.com/v1/audio-analysis/7nKBxz47S9SD79N086fuhn,208163,4
39,Tunnel Vision,Kodak Black,1504398,https://open.spotify.com/track/4Q3N4Ct4zCuIHuZ65E3BD4,4Q3N4Ct4zCuIHuZ65E3BD4,0.497,0.489,11,-7.724,0,0.294,0.0576,9.91e-05,0.122,0.231,171.853,audio_features,4Q3N4Ct4zCuIHuZ65E3BD4,spotify:track:4Q3N4Ct4zCuIHuZ65E3BD4,https://api.spotify.com/v1/tracks/4Q3N4Ct4zCuIHuZ65E3BD4,https://api.spotify.com/v1/audio-analysis/4Q3N4Ct4zCuIHuZ65E3BD4,268187,4
40,Congratulations,Post Malone,1481688,https://open.spotify.com/track/3a1lNhkSLSkpJE4MSHpDu9,3a1lNhkSLSkpJE4MSHpDu9,0.63,0.804,6,-4.183,1,0.0363,0.215,0,0.253,0.492,123.146,audio_features,3a1lNhkSLSkpJE4MSHpDu9,spotify:track:3a1lNhkSLSkpJE4MSHpDu9,https://api.spotify.com/v1/tracks/3a1lNhkSLSkpJE4MSHpDu9,https://api.spotify.com/v1/audio-analysis/3a1lNhkSLSkpJE4MSHpDu9,220293,4
41,Run Up (feat. PARTYNEXTDOOR & Nicki Minaj),Major Lazer,1472690,https://open.spotify.com/track/0fg8CqpjdojMyXLNzM2PaJ,0fg8CqpjdojMyXLNzM2PaJ,0.803,0.743,1,-3.602,0,0.0681,0.105,2.12e-06,0.099,0.674,108.005,audio_features,0fg8CqpjdojMyXLNzM2PaJ,spotify:track:0fg8CqpjdojMyXLNzM2PaJ,https://api.spotify.com/v1/tracks/0fg8CqpjdojMyXLNzM2PaJ,https://api.spotify.com/v1/audio-analysis/0fg8CqpjdojMyXLNzM2PaJ,203180,4
42,Fake Love,Drake,1471862,https://open.spotify.com/track/343YBumqHu19cGoGARUTsd,343YBumqHu19cGoGARUTsd,0.928,0.481,9,-9.35,0,0.287,0.105,0,0.176,0.613,134.007,audio_features,343YBumqHu19cGoGARUTsd,spotify:track:343YBumqHu19cGoGARUTsd,https://api.spotify.com/v1/tracks/343YBumqHu19cGoGARUTsd,https://api.spotify.com/v1/audio-analysis/343YBumqHu19cGoGARUTsd,210937,4
43,XO TOUR Llif3,Lil Uzi Vert,1425731,https://open.spotify.com/track/2eMwDehkIC1j68U6FA3Eiq,2eMwDehkIC1j68U6FA3Eiq,0.732,0.75,11,-6.366,0,0.231,0.00264,0,0.109,0.401,155.096,audio_features,2eMwDehkIC1j68U6FA3Eiq,spotify:track:2eMwDehkIC1j68U6FA3Eiq,https://api.spotify.com/v1/tracks/2eMwDehkIC1j68U6FA3Eiq,https://api.spotify.com/v1/audio-analysis/2eMwDehkIC1j68U6FA3Eiq,182707,4
44,Selfish (feat. Rihanna),Future,1388814,https://open.spotify.com/track/2Ce5IyMlVRVvN997ZJjJJA,2Ce5IyMlVRVvN997ZJjJJA,0.415,0.369,8,-10.044,1,0.0741,0.0303,7.64e-06,0.383,0.0913,95.746,audio_features,2Ce5IyMlVRVvN997ZJjJJA,spotify:track:2Ce5IyMlVRVvN997ZJjJJA,https://api.spotify.com/v1/tracks/2Ce5IyMlVRVvN997ZJjJJA,https://api.spotify.com/v1/audio-analysis/2Ce5IyMlVRVvN997ZJjJJA,251423,4
45,Chantaje (feat. Maluma),Shakira,1381494,https://open.spotify.com/track/6mICuAdrwEjh6Y6lroV2Kg,6mICuAdrwEjh6Y6lroV2Kg,0.852,0.773,8,-2.921,0,0.0776,0.187,3.05e-05,0.159,0.907,102.034,audio_features,6mICuAdrwEjh6Y6lroV2Kg,spotify:track:6mICuAdrwEjh6Y6lroV2Kg,https://api.spotify.com/v1/tracks/6mICuAdrwEjh6Y6lroV2Kg,https://api.spotify.com/v1/audio-analysis/6mICuAdrwEjh6Y6lroV2Kg,195840,4
46,Weak,AJR,1368034,https://open.spotify.com/track/3E2Zh20GDCR9B1EYjfXWyv,3E2Zh20GDCR9B1EYjfXWyv,0.673,0.637,5,-4.518,1,0.0429,0.137,0,0.184,0.678,123.98,audio_features,3E2Zh20GDCR9B1EYjfXWyv,spotify:track:3E2Zh20GDCR9B1EYjfXWyv,https://api.spotify.com/v1/tracks/3E2Zh20GDCR9B1EYjfXWyv,https://api.spotify.com/v1/audio-analysis/3E2Zh20GDCR9B1EYjfXWyv,201160,4
47,Gyalchester,Drake,1359983,https://open.spotify.com/track/6UjfByV1lDLW0SOVQA4NAi,6UjfByV1lDLW0SOVQA4NAi,0.877,0.391,1,-8.196,1,0.063,0.0317,0.000502,0.0945,0.122,131.018,audio_features,6UjfByV1lDLW0SOVQA4NAi,spotify:track:6UjfByV1lDLW0SOVQA4NAi,https://api.spotify.com/v1/tracks/6UjfByV1lDLW0SOVQA4NAi,https://api.spotify.com/v1/audio-analysis/6UjfByV1lDLW0SOVQA4NAi,189230,4
48,Still Got Time (feat. PARTYNEXTDOOR),ZAYN,1331914,https://open.spotify.com/track/000xQL6tZNLJzIrtIgxqSl,000xQL6tZNLJzIrtIgxqSl,0.748,0.627,7,-6.029,1,0.0639,0.131,0,0.0852,0.524,120.963,audio_features,000xQL6tZNLJzIrtIgxqSl,spotify:track:000xQL6tZNLJzIrtIgxqSl,https://api.spotify.com/v1/tracks/000xQL6tZNLJzIrtIgxqSl,https://api.spotify.com/v1/audio-analysis/000xQL6tZNLJzIrtIgxqSl,188491,4
49,El Amante,Nicky Jam,1324347,https://open.spotify.com/track/3umS4y3uQDkqekNjVpiRUs,3umS4y3uQDkqekNjVpiRUs,0.683,0.691,8,-5.535,1,0.0432,0.243,0,0.14,0.732,179.91,audio_features,3umS4y3uQDkqekNjVpiRUs,spotify:track:3umS4y3uQDkqekNjVpiRUs,https://api.spotify.com/v1/tracks/3umS4y3uQDkqekNjVpiRUs,https://api.spotify.com/v1/audio-analysis/3umS4y3uQDkqekNjVpiRUs,219507,4
50,Me Rehúso,Danny Ocean,1306511,https://open.spotify.com/track/6De0lHrwBfPfrhorm9q1Xl,6De0lHrwBfPfrhorm9q1Xl,0.744,0.804,1,-6.327,1,0.0677,0.0231,0,0.0494,0.426,104.823,audio_features,6De0lHrwBfPfrhorm9q1Xl,spotify:track:6De0lHrwBfPfrhorm9q1Xl,https://api.spotify.com/v1/tracks/6De0lHrwBfPfrhorm9q1Xl,https://api.spotify.com/v1/audio-analysis/6De0lHrwBfPfrhorm9q1Xl,205715,4
51,Bad and Boujee (feat. Lil Uzi Vert),Migos,1230388,https://open.spotify.com/track/4Km5HrUvYTaSUfiSGPJeQR,4Km5HrUvYTaSUfiSGPJeQR,0.927,0.665,11,-5.313,1,0.244,0.061,0,0.123,0.175,127.076,audio_features,4Km5HrUvYTaSUfiSGPJeQR,spotify:track:4Km5HrUvYTaSUfiSGPJeQR,https://api.spotify.com/v1/tracks/4Km5HrUvYTaSUfiSGPJeQR,https://api.spotify.com/v1/audio-analysis/4Km5HrUvYTaSUfiSGPJeQR,343150,4
52,Dive,Ed Sheeran,1167749,https://open.spotify.com/track/51ChrwmUPDJvedPQnIU8Ls,51ChrwmUPDJvedPQnIU8Ls,0.761,0.386,4,-6.158,1,0.0399,0.355,0,0.0953,0.526,134.943,audio_features,51ChrwmUPDJvedPQnIU8Ls,spotify:track:51ChrwmUPDJvedPQnIU8Ls,https://api.spotify.com/v1/tracks/51ChrwmUPDJvedPQnIU8Ls,https://api.spotify.com/v1/audio-analysis/51ChrwmUPDJvedPQnIU8Ls,238440,3
53,September Song,JP Cooper,1167000,https://open.spotify.com/track/0FuTx2s3YH1ppmtiM6l0zI,0FuTx2s3YH1ppmtiM6l0zI,0.623,0.654,0,-5.675,0,0.0372,0.0545,0,0.0838,0.401,95.921,audio_features,0FuTx2s3YH1ppmtiM6l0zI,spotify:track:0FuTx2s3YH1ppmtiM6l0zI,https://api.spotify.com/v1/tracks/0FuTx2s3YH1ppmtiM6l0zI,https://api.spotify.com/v1/audio-analysis/0FuTx2s3YH1ppmtiM6l0zI,220291,4
54,The One,The Chainsmokers,1110255,https://open.spotify.com/track/0wfbD5rAksdXUzRvMfM3x5,0wfbD5rAksdXUzRvMfM3x5,0.76,0.303,2,-11.362,1,0.0284,0.238,8.09e-06,0.294,0.15,99.991,audio_features,0wfbD5rAksdXUzRvMfM3x5,spotify:track:0wfbD5rAksdXUzRvMfM3x5,https://api.spotify.com/v1/tracks/0wfbD5rAksdXUzRvMfM3x5,https://api.spotify.com/v1/audio-analysis/0wfbD5rAksdXUzRvMfM3x5,177573,4
55,Let Me Love You,DJ Snake,1081555,https://open.spotify.com/track/4pdPtRcBmOSQDlJ3Fk945m,4pdPtRcBmOSQDlJ3Fk945m,0.476,0.718,8,-5.309,1,0.0576,0.0784,1.02e-05,0.122,0.142,199.864,audio_features,4pdPtRcBmOSQDlJ3Fk945m,spotify:track:4pdPtRcBmOSQDlJ3Fk945m,https://api.spotify.com/v1/tracks/4pdPtRcBmOSQDlJ3Fk945m,https://api.spotify.com/v1/audio-analysis/4pdPtRcBmOSQDlJ3Fk945m,205947,4
56,Bounce Back,Big Sean,1068613,https://open.spotify.com/track/0SGkqnVQo9KPytSri1H6cF,0SGkqnVQo9KPytSri1H6cF,0.78,0.575,1,-5.628,0,0.139,0.106,0,0.129,0.273,81.502,audio_features,0SGkqnVQo9KPytSri1H6cF,spotify:track:0SGkqnVQo9KPytSri1H6cF,https://api.spotify.com/v1/tracks/0SGkqnVQo9KPytSri1H6cF,https://api.spotify.com/v1/audio-analysis/0SGkqnVQo9KPytSri1H6cF,222360,4
57,One Dance,Drake,1063488,https://open.spotify.com/track/1xznGGDReH1oQq0xzbwXa3,1xznGGDReH1oQq0xzbwXa3,0.791,0.619,1,-5.886,1,0.0532,0.00784,0.00423,0.351,0.371,103.989,audio_features,1xznGGDReH1oQq0xzbwXa3,spotify:track:1xznGGDReH1oQq0xzbwXa3,https://api.spotify.com/v1/tracks/1xznGGDReH1oQq0xzbwXa3,https://api.spotify.com/v1/audio-analysis/1xznGGDReH1oQq0xzbwXa3,173987,4
58,Free Smoke,Drake,1021856,https://open.spotify.com/track/05KOgYg8PGeJyyWBPi5ja8,05KOgYg8PGeJyyWBPi5ja8,0.736,0.491,10,-6.892,0,0.439,0.0681,0,0.571,0.203,141.979,audio_features,05KOgYg8PGeJyyWBPi5ja8,spotify:track:05KOgYg8PGeJyyWBPi5ja8,https://api.spotify.com/v1/tracks/05KOgYg8PGeJyyWBPi5ja8,https://api.spotify.com/v1/audio-analysis/05KOgYg8PGeJyyWBPi5ja8,218674,4
59,Touch,Little Mix,1012365,https://open.spotify.com/track/5Ua3GXyHwiSfpNTMjq6m2z,5Ua3GXyHwiSfpNTMjq6m2z,0.607,0.718,4,-4.095,1,0.0978,0.032,0,0.403,0.551,101.821,audio_features,5Ua3GXyHwiSfpNTMjq6m2z,spotify:track:5Ua3GXyHwiSfpNTMjq6m2z,https://api.spotify.com/v1/tracks/5Ua3GXyHwiSfpNTMjq6m2z,https://api.spotify.com/v1/audio-analysis/5Ua3GXyHwiSfpNTMjq6m2z,213307,4
60,Get It Together,Drake,994951,https://open.spotify.com/track/7y6c07pgjZvtHI9kuMVqk1,7y6c07pgjZvtHI9kuMVqk1,0.781,0.721,5,-9.133,0,0.0514,0.0945,0.391,0.104,0.849,123.011,audio_features,7y6c07pgjZvtHI9kuMVqk1,spotify:track:7y6c07pgjZvtHI9kuMVqk1,https://api.spotify.com/v1/tracks/7y6c07pgjZvtHI9kuMVqk1,https://api.spotify.com/v1/audio-analysis/7y6c07pgjZvtHI9kuMVqk1,250337,4
61,New Man,Ed Sheeran,971985,https://open.spotify.com/track/5HDPtsnyb3maFmPL8LLUTG,5HDPtsnyb3maFmPL8LLUTG,0.78,0.745,7,-3.97,1,0.145,0.0559,0,0.0595,0.862,94.026,audio_features,5HDPtsnyb3maFmPL8LLUTG,spotify:track:5HDPtsnyb3maFmPL8LLUTG,https://api.spotify.com/v1/tracks/5HDPtsnyb3maFmPL8LLUTG,https://api.spotify.com/v1/audio-analysis/5HDPtsnyb3maFmPL8LLUTG,189280,4
62,What Do I Know?,Ed Sheeran,970373,https://open.spotify.com/track/2pJZ1v8HezrAoZ0Fhzby92,2pJZ1v8HezrAoZ0Fhzby92,0.838,0.492,1,-5.69,0,0.038,0.251,0,0.262,0.895,115.092,audio_features,2pJZ1v8HezrAoZ0Fhzby92,spotify:track:2pJZ1v8HezrAoZ0Fhzby92,https://api.spotify.com/v1/tracks/2pJZ1v8HezrAoZ0Fhzby92,https://api.spotify.com/v1/audio-analysis/2pJZ1v8HezrAoZ0Fhzby92,237333,4
63,24K Magic,Bruno Mars,967862,https://open.spotify.com/track/6b8Be6ljOzmkOmFslEb23P,6b8Be6ljOzmkOmFslEb23P,0.818,0.803,1,-4.282,1,0.0797,0.034,0,0.153,0.632,106.97,audio_features,6b8Be6ljOzmkOmFslEb23P,spotify:track:6b8Be6ljOzmkOmFslEb23P,https://api.spotify.com/v1/tracks/6b8Be6ljOzmkOmFslEb23P,https://api.spotify.com/v1/audio-analysis/6b8Be6ljOzmkOmFslEb23P,225983,4
64,T-Shirt,Migos,946423,https://open.spotify.com/track/7KOlJ92bu51cltsD9KU5I7,7KOlJ92bu51cltsD9KU5I7,0.865,0.687,10,-3.744,0,0.217,0.242,0,0.158,0.486,139.023,audio_features,7KOlJ92bu51cltsD9KU5I7,spotify:track:7KOlJ92bu51cltsD9KU5I7,https://api.spotify.com/v1/tracks/7KOlJ92bu51cltsD9KU5I7,https://api.spotify.com/v1/audio-analysis/7KOlJ92bu51cltsD9KU5I7,242407,4
65,Teenage Fever,Drake,941815,https://open.spotify.com/track/6n3HGiq4v35D6eFOSwqYuo,6n3HGiq4v35D6eFOSwqYuo,0.766,0.283,8,-10.33,0,0.0846,0.111,0.0172,0.115,0.144,97.04,audio_features,6n3HGiq4v35D6eFOSwqYuo,spotify:track:6n3HGiq4v35D6eFOSwqYuo,https://api.spotify.com/v1/tracks/6n3HGiq4v35D6eFOSwqYuo,https://api.spotify.com/v1/audio-analysis/6n3HGiq4v35D6eFOSwqYuo,219692,4
66,Don't Wanna Know,Maroon 5,921525,https://open.spotify.com/track/5MFzQMkrl1FOOng9tq6R9r,5MFzQMkrl1FOOng9tq6R9r,0.783,0.623,7,-6.126,1,0.08,0.338,0,0.0975,0.447,100.048,audio_features,5MFzQMkrl1FOOng9tq6R9r,spotify:track:5MFzQMkrl1FOOng9tq6R9r,https://api.spotify.com/v1/tracks/5MFzQMkrl1FOOng9tq6R9r,https://api.spotify.com/v1/audio-analysis/5MFzQMkrl1FOOng9tq6R9r,214480,4
67,All Time Low,Jon Bellion,914804,https://open.spotify.com/track/1CnPYaKxTVb4LWOtiGOm0m,1CnPYaKxTVb4LWOtiGOm0m,0.617,0.567,0,-4.188,1,0.0828,0.0584,0,0.0933,0.505,90.246,audio_features,1CnPYaKxTVb4LWOtiGOm0m,spotify:track:1CnPYaKxTVb4LWOtiGOm0m,https://api.spotify.com/v1/tracks/1CnPYaKxTVb4LWOtiGOm0m,https://api.spotify.com/v1/audio-analysis/1CnPYaKxTVb4LWOtiGOm0m,217603,4
68,Body Like A Back Road,Sam Hunt,903173,https://open.spotify.com/track/7mldq42yDuxiUNn08nvzHO,7mldq42yDuxiUNn08nvzHO,0.732,0.458,5,-7.225,1,0.0311,0.447,0,0.136,0.661,98.938,audio_features,7mldq42yDuxiUNn08nvzHO,spotify:track:7mldq42yDuxiUNn08nvzHO,https://api.spotify.com/v1/tracks/7mldq42yDuxiUNn08nvzHO,https://api.spotify.com/v1/audio-analysis/7mldq42yDuxiUNn08nvzHO,165387,4
69,Starving,Hailee Steinfeld,894185,https://open.spotify.com/track/1qOLh0tI7trd1zdDKxYZTe,1qOLh0tI7trd1zdDKxYZTe,0.636,0.633,4,-4.23,1,0.126,0.371,0,0.102,0.512,99.721,audio_features,1qOLh0tI7trd1zdDKxYZTe,spotify:track:1qOLh0tI7trd1zdDKxYZTe,https://api.spotify.com/v1/tracks/1qOLh0tI7trd1zdDKxYZTe,https://api.spotify.com/v1/audio-analysis/1qOLh0tI7trd1zdDKxYZTe,181880,4
70,Love On The Brain,Rihanna,891394,https://open.spotify.com/track/2aksifNn5ph8igDOkPBA02,2aksifNn5ph8igDOkPBA02,0.509,0.637,4,-4.83,0,0.0471,0.0717,1.08e-05,0.0789,0.378,172.006,audio_features,2aksifNn5ph8igDOkPBA02,spotify:track:2aksifNn5ph8igDOkPBA02,https://api.spotify.com/v1/tracks/2aksifNn5ph8igDOkPBA02,https://api.spotify.com/v1/audio-analysis/2aksifNn5ph8igDOkPBA02,224000,3
71,All Night,The Vamps,887971,https://open.spotify.com/track/1yNyoWWWikbLhwIGWjZuDW,1yNyoWWWikbLhwIGWjZuDW,0.563,0.775,8,-6.433,1,0.0366,0.00251,0,0.326,0.458,144.945,audio_features,1yNyoWWWikbLhwIGWjZuDW,spotify:track:1yNyoWWWikbLhwIGWjZuDW,https://api.spotify.com/v1/tracks/1yNyoWWWikbLhwIGWjZuDW,https://api.spotify.com/v1/audio-analysis/1yNyoWWWikbLhwIGWjZuDW,197793,4
72,Reggaetón Lento (Bailemos),CNCO,885225,https://open.spotify.com/track/3AEZUABDXNtecAOSC1qTfo,3AEZUABDXNtecAOSC1qTfo,0.761,0.838,4,-3.073,0,0.0502,0.4,0,0.176,0.71,93.974,audio_features,3AEZUABDXNtecAOSC1qTfo,spotify:track:3AEZUABDXNtecAOSC1qTfo,https://api.spotify.com/v1/tracks/3AEZUABDXNtecAOSC1qTfo,https://api.spotify.com/v1/audio-analysis/3AEZUABDXNtecAOSC1qTfo,222560,4
73,Swang,Rae Sremmurd,880328,https://open.spotify.com/track/6mapJIPnQ23RTAevUoE0DL,6mapJIPnQ23RTAevUoE0DL,0.681,0.314,8,-9.319,1,0.0581,0.2,9.82e-06,0.1,0.166,139.992,audio_features,6mapJIPnQ23RTAevUoE0DL,spotify:track:6mapJIPnQ23RTAevUoE0DL,https://api.spotify.com/v1/tracks/6mapJIPnQ23RTAevUoE0DL,https://api.spotify.com/v1/audio-analysis/6mapJIPnQ23RTAevUoE0DL,208120,4
74,Look At Me!,XXXTENTACION,878576,https://open.spotify.com/track/4ARPvK8DHLwt4oX65ZAFMw,4ARPvK8DHLwt4oX65ZAFMw,0.763,0.726,1,-6.405,1,0.282,0.259,0,0.0976,0.349,139.059,audio_features,4ARPvK8DHLwt4oX65ZAFMw,spotify:track:4ARPvK8DHLwt4oX65ZAFMw,https://api.spotify.com/v1/tracks/4ARPvK8DHLwt4oX65ZAFMw,https://api.spotify.com/v1/audio-analysis/4ARPvK8DHLwt4oX65ZAFMw,126346,4
75,Otra vez (feat. J Balvin),Zion & Lennox,866968,https://open.spotify.com/track/3QwBODjSEzelZyVjxPOHdq,3QwBODjSEzelZyVjxPOHdq,0.832,0.772,10,-5.429,1,0.1,0.0559,0.000486,0.44,0.704,96.016,audio_features,3QwBODjSEzelZyVjxPOHdq,spotify:track:3QwBODjSEzelZyVjxPOHdq,https://api.spotify.com/v1/tracks/3QwBODjSEzelZyVjxPOHdq,https://api.spotify.com/v1/audio-analysis/3QwBODjSEzelZyVjxPOHdq,209453,4
76,The Heart Part 4,Kendrick Lamar,864162,https://open.spotify.com/track/1zayuwd1YLZsYDArkruHdL,1zayuwd1YLZsYDArkruHdL,0.672,0.434,9,-15.218,0,0.765,0.501,0.000125,0.272,0.54,129.209,audio_features,1zayuwd1YLZsYDArkruHdL,spotify:track:1zayuwd1YLZsYDArkruHdL,https://api.spotify.com/v1/tracks/1zayuwd1YLZsYDArkruHdL,https://api.spotify.com/v1/audio-analysis/1zayuwd1YLZsYDArkruHdL,288555,4
77,Tuesday,Burak Yeter,848844,https://open.spotify.com/track/7abpmGpF7PGep2rDU68GBR,7abpmGpF7PGep2rDU68GBR,0.841,0.639,9,-6.052,0,0.0688,0.0156,0.0654,0.0545,0.675,99.002,audio_features,7abpmGpF7PGep2rDU68GBR,spotify:track:7abpmGpF7PGep2rDU68GBR,https://api.spotify.com/v1/tracks/7abpmGpF7PGep2rDU68GBR,https://api.spotify.com/v1/audio-analysis/7abpmGpF7PGep2rDU68GBR,241875,4
78,"Heatstroke (feat. Young Thug, Pharrell Williams & Ariana Grande)",Calvin Harris,846028,https://open.spotify.com/track/60APt5N2NRaKWf5xzJdzyC,60APt5N2NRaKWf5xzJdzyC,0.784,0.728,0,-4.549,0,0.0539,0.34,0,0.222,0.713,110.165,audio_features,60APt5N2NRaKWf5xzJdzyC,spotify:track:60APt5N2NRaKWf5xzJdzyC,https://api.spotify.com/v1/tracks/60APt5N2NRaKWf5xzJdzyC,https://api.spotify.com/v1/audio-analysis/60APt5N2NRaKWf5xzJdzyC,229160,4
79,Hear Me Now,Alok,832059,https://open.spotify.com/track/1a5Yu5L18qNxVhXx38njON,1a5Yu5L18qNxVhXx38njON,0.788,0.43,11,-7.757,1,0.0419,0.537,0.00261,0.0936,0.461,121.996,audio_features,1a5Yu5L18qNxVhXx38njON,spotify:track:1a5Yu5L18qNxVhXx38njON,https://api.spotify.com/v1/tracks/1a5Yu5L18qNxVhXx38njON,https://api.spotify.com/v1/audio-analysis/1a5Yu5L18qNxVhXx38njON,192846,4
80,Don't Leave,Snakehips,829522,https://open.spotify.com/track/0Zx8khUcEfCFK2AEoIhC92,0Zx8khUcEfCFK2AEoIhC92,0.657,0.703,1,-3.402,1,0.0753,0.222,0,0.256,0.338,122.381,audio_features,0Zx8khUcEfCFK2AEoIhC92,spotify:track:0Zx8khUcEfCFK2AEoIhC92,https://api.spotify.com/v1/tracks/0Zx8khUcEfCFK2AEoIhC92,https://api.spotify.com/v1/audio-analysis/0Zx8khUcEfCFK2AEoIhC92,214693,4
81,KMT,Drake,811619,https://open.spotify.com/track/2jTujnt0y344ai1rNOywgr,2jTujnt0y344ai1rNOywgr,0.875,0.6,1,-6.818,1,0.0435,0.0189,0.0143,0.132,0.0906,119.987,audio_features,2jTujnt0y344ai1rNOywgr,spotify:track:2jTujnt0y344ai1rNOywgr,https://api.spotify.com/v1/tracks/2jTujnt0y344ai1rNOywgr,https://api.spotify.com/v1/audio-analysis/2jTujnt0y344ai1rNOywgr,162638,4
82,Everybody,Logic,811331,https://open.spotify.com/track/7cGFbx7MP0H23iHZTZpqMM,7cGFbx7MP0H23iHZTZpqMM,0.885,0.94,1,-5.908,1,0.0913,0.161,0,0.0675,0.773,110.005,audio_features,7cGFbx7MP0H23iHZTZpqMM,spotify:track:7cGFbx7MP0H23iHZTZpqMM,https://api.spotify.com/v1/tracks/7cGFbx7MP0H23iHZTZpqMM,https://api.spotify.com/v1/audio-analysis/7cGFbx7MP0H23iHZTZpqMM,162347,4
83,Supermarket Flowers,Ed Sheeran,804196,https://open.spotify.com/track/4VuS959DSpr82t3qBqCrWG,4VuS959DSpr82t3qBqCrWG,0.589,0.242,6,-10.517,1,0.0442,0.914,0,0.0887,0.257,89.749,audio_features,4VuS959DSpr82t3qBqCrWG,spotify:track:4VuS959DSpr82t3qBqCrWG,https://api.spotify.com/v1/tracks/4VuS959DSpr82t3qBqCrWG,https://api.spotify.com/v1/audio-analysis/4VuS959DSpr82t3qBqCrWG,221107,4
84,La Rompe Corazones,Daddy Yankee,803978,https://open.spotify.com/track/4okba5wu9mMLXx79DXLKi3,4okba5wu9mMLXx79DXLKi3,0.685,0.859,5,-2.595,0,0.0553,0.116,0,0.317,0.891,176.018,audio_features,4okba5wu9mMLXx79DXLKi3,spotify:track:4okba5wu9mMLXx79DXLKi3,https://api.spotify.com/v1/tracks/4okba5wu9mMLXx79DXLKi3,https://api.spotify.com/v1/audio-analysis/4okba5wu9mMLXx79DXLKi3,204520,4
85,Sigo Extrañándote,J Balvin,802051,https://open.spotify.com/track/6qDF4wWL49CAVbgT7yuHl8,6qDF4wWL49CAVbgT7yuHl8,0.889,0.853,9,-4.26,1,0.241,0.154,0.000107,0.205,0.922,93.022,audio_features,6qDF4wWL49CAVbgT7yuHl8,spotify:track:6qDF4wWL49CAVbgT7yuHl8,https://api.spotify.com/v1/tracks/6qDF4wWL49CAVbgT7yuHl8,https://api.spotify.com/v1/audio-analysis/6qDF4wWL49CAVbgT7yuHl8,201280,4
86,Madiba Riddim,Drake,793442,https://open.spotify.com/track/76gUmNLXGQVOsGhfcshkFP,76gUmNLXGQVOsGhfcshkFP,0.839,0.521,7,-10.45,1,0.166,0.245,0.00545,0.607,0.33,105.992,audio_features,76gUmNLXGQVOsGhfcshkFP,spotify:track:76gUmNLXGQVOsGhfcshkFP,https://api.spotify.com/v1/tracks/76gUmNLXGQVOsGhfcshkFP,https://api.spotify.com/v1/audio-analysis/76gUmNLXGQVOsGhfcshkFP,205163,4
87,Don't Let Me Down (feat. Daya),The Chainsmokers,789661,https://open.spotify.com/track/0QsvXIfqM0zZoerQfsI9lm,0QsvXIfqM0zZoerQfsI9lm,0.542,0.859,11,-5.651,1,0.197,0.16,0.00466,0.137,0.403,159.797,audio_features,0QsvXIfqM0zZoerQfsI9lm,spotify:track:0QsvXIfqM0zZoerQfsI9lm,https://api.spotify.com/v1/tracks/0QsvXIfqM0zZoerQfsI9lm,https://api.spotify.com/v1/audio-analysis/0QsvXIfqM0zZoerQfsI9lm,208053,4
88,Barcelona,Ed Sheeran,786552,https://open.spotify.com/track/3Lfiu5sZ4M4B6JaKMBc0FU,3Lfiu5sZ4M4B6JaKMBc0FU,0.747,0.76,1,-4.294,1,0.187,0.448,0,0.153,0.682,99.975,audio_features,3Lfiu5sZ4M4B6JaKMBc0FU,spotify:track:3Lfiu5sZ4M4B6JaKMBc0FU,https://api.spotify.com/v1/tracks/3Lfiu5sZ4M4B6JaKMBc0FU,https://api.spotify.com/v1/audio-analysis/3Lfiu5sZ4M4B6JaKMBc0FU,191147,4
89,Cold Water (feat. Justin Bieber & MØ),Major Lazer,786001,https://open.spotify.com/track/6DNtNfH8hXkqOX1sjqmI7p,6DNtNfH8hXkqOX1sjqmI7p,0.608,0.798,6,-5.092,0,0.0432,0.0736,0,0.156,0.501,92.943,audio_features,6DNtNfH8hXkqOX1sjqmI7p,spotify:track:6DNtNfH8hXkqOX1sjqmI7p,https://api.spotify.com/v1/tracks/6DNtNfH8hXkqOX1sjqmI7p,https://api.spotify.com/v1/audio-analysis/6DNtNfH8hXkqOX1sjqmI7p,185352,4
90,Just Hold On,Steve Aoki,771772,https://open.spotify.com/track/3EmmCZoqpWOTY1g2GBwJoR,3EmmCZoqpWOTY1g2GBwJoR,0.647,0.932,11,-3.515,1,0.0824,0.00383,1.5e-06,0.0574,0.374,114.991,audio_features,3EmmCZoqpWOTY1g2GBwJoR,spotify:track:3EmmCZoqpWOTY1g2GBwJoR,https://api.spotify.com/v1/tracks/3EmmCZoqpWOTY1g2GBwJoR,https://api.spotify.com/v1/audio-analysis/3EmmCZoqpWOTY1g2GBwJoR,198774,4
91,Everyday,Ariana Grande,767035,https://open.spotify.com/track/3FiE2d325mIOc4YjkSLVJR,3FiE2d325mIOc4YjkSLVJR,0.635,0.738,7,-4.424,0,0.0519,0.0192,0,0.15,0.428,130.971,audio_features,3FiE2d325mIOc4YjkSLVJR,spotify:track:3FiE2d325mIOc4YjkSLVJR,https://api.spotify.com/v1/tracks/3FiE2d325mIOc4YjkSLVJR,https://api.spotify.com/v1/audio-analysis/3FiE2d325mIOc4YjkSLVJR,194840,4
92,Sacrifices,Drake,767014,https://open.spotify.com/track/0xl1w2q4VLojeXp4JfazPL,0xl1w2q4VLojeXp4JfazPL,0.903,0.439,8,-11.813,1,0.397,0.0407,0,0.138,0.532,139.112,audio_features,0xl1w2q4VLojeXp4JfazPL,spotify:track:0xl1w2q4VLojeXp4JfazPL,https://api.spotify.com/v1/tracks/0xl1w2q4VLojeXp4JfazPL,https://api.spotify.com/v1/audio-analysis/0xl1w2q4VLojeXp4JfazPL,307593,4
93,I Got You,Bebe Rexha,758840,https://open.spotify.com/track/1FUViuNSldssMIawrOXF2i,1FUViuNSldssMIawrOXF2i,0.609,0.887,9,-4.749,0,0.0507,0.0504,4.76e-06,0.09,0.316,97.99,audio_features,1FUViuNSldssMIawrOXF2i,spotify:track:1FUViuNSldssMIawrOXF2i,https://api.spotify.com/v1/tracks/1FUViuNSldssMIawrOXF2i,https://api.spotify.com/v1/audio-analysis/1FUViuNSldssMIawrOXF2i,191812,4
94,In the Name of Love,Martin Garrix,754573,https://open.spotify.com/track/04DwTuZ2VBdJCCC5TROn7L,04DwTuZ2VBdJCCC5TROn7L,0.49,0.485,4,-6.237,0,0.0406,0.0592,0,0.337,0.196,133.889,audio_features,04DwTuZ2VBdJCCC5TROn7L,spotify:track:04DwTuZ2VBdJCCC5TROn7L,https://api.spotify.com/v1/tracks/04DwTuZ2VBdJCCC5TROn7L,https://api.spotify.com/v1/audio-analysis/04DwTuZ2VBdJCCC5TROn7L,195840,4
95,No Long Talk,Drake,753794,https://open.spotify.com/track/6CfrYuD3YRDYdYvH9jNtXY,6CfrYuD3YRDYdYvH9jNtXY,0.913,0.608,10,-6.839,0,0.234,0.0671,0,0.533,0.578,97.063,audio_features,6CfrYuD3YRDYdYvH9jNtXY,spotify:track:6CfrYuD3YRDYdYvH9jNtXY,https://api.spotify.com/v1/tracks/6CfrYuD3YRDYdYvH9jNtXY,https://api.spotify.com/v1/audio-analysis/6CfrYuD3YRDYdYvH9jNtXY,149569,4
96,How Would You Feel (Paean),Ed Sheeran,753040,https://open.spotify.com/track/6PJ8FF6UR8FZXfEvpHkIVN,6PJ8FF6UR8FZXfEvpHkIVN,0.617,0.439,9,-5.63,1,0.0269,0.424,0,0.127,0.242,139.979,audio_features,6PJ8FF6UR8FZXfEvpHkIVN,spotify:track:6PJ8FF6UR8FZXfEvpHkIVN,https://api.spotify.com/v1/tracks/6PJ8FF6UR8FZXfEvpHkIVN,https://api.spotify.com/v1/audio-analysis/6PJ8FF6UR8FZXfEvpHkIVN,280533,4
97,History,Olivia Holt,738937,https://open.spotify.com/track/0WCEaydwN65cvwaW8aqptF,0WCEaydwN65cvwaW8aqptF,0.76,0.63,1,-6.752,1,0.0582,0.096,0,0.113,0.502,100.977,audio_features,0WCEaydwN65cvwaW8aqptF,spotify:track:0WCEaydwN65cvwaW8aqptF,https://api.spotify.com/v1/tracks/0WCEaydwN65cvwaW8aqptF,https://api.spotify.com/v1/audio-analysis/0WCEaydwN65cvwaW8aqptF,203992,4
98,"CAN'T STOP THE FEELING! (Original Song from DreamWorks Animation's ""TROLLS"")",Justin Timberlake,729581,https://open.spotify.com/track/6JV2JOEocMgcZxYSZelKcc,6JV2JOEocMgcZxYSZelKcc,0.667,0.83,0,-5.715,1,0.0749,0.0123,0,0.191,0.701,113.03,audio_features,6JV2JOEocMgcZxYSZelKcc,spotify:track:6JV2JOEocMgcZxYSZelKcc,https://api.spotify.com/v1/tracks/6JV2JOEocMgcZxYSZelKcc,https://api.spotify.com/v1/audio-analysis/6JV2JOEocMgcZxYSZelKcc,236002,4
99,"Sola (Remix) [feat. Daddy Yankee, Wisin, Farruko, Zion & Lennox]",Anuel AA,719881,https://open.spotify.com/track/5q2JbCNi4FcnglgPfxcV65,5q2JbCNi4FcnglgPfxcV65,0.639,0.869,11,-4.024,1,0.147,0.27,0,0.0802,0.767,169.801,audio_features,5q2JbCNi4FcnglgPfxcV65,spotify:track:5q2JbCNi4FcnglgPfxcV65,https://api.spotify.com/v1/tracks/5q2JbCNi4FcnglgPfxcV65,https://api.spotify.com/v1/audio-analysis/5q2JbCNi4FcnglgPfxcV65,307910,4
100,Hey Ma (with Pitbull & J Balvin feat. Camila Cabello) - Spanish Version,Pitbull,717384,https://open.spotify.com/track/2Vdub5mY4lad7w64bFPUez,2Vdub5mY4lad7w64bFPUez,0.489,0.962,0,-2.597,1,0.215,0.0277,6.18e-06,0.128,0.518,104.563,audio_features,2Vdub5mY4lad7w64bFPUez,spotify:track:2Vdub5mY4lad7w64bFPUez,https://api.spotify.com/v1/tracks/2Vdub5mY4lad7w64bFPUez,https://api.spotify.com/v1/audio-analysis/2Vdub5mY4lad7w64bFPUez,194942,4
101,Side To Side,Ariana Grande,716774,https://open.spotify.com/track/4pLwZjInHj3SimIyN9SnOz,4pLwZjInHj3SimIyN9SnOz,0.648,0.738,6,-5.883,0,0.247,0.0408,0,0.292,0.603,159.145,audio_features,4pLwZjInHj3SimIyN9SnOz,spotify:track:4pLwZjInHj3SimIyN9SnOz,https://api.spotify.com/v1/tracks/4pLwZjInHj3SimIyN9SnOz,https://api.spotify.com/v1/audio-analysis/4pLwZjInHj3SimIyN9SnOz,226160,4
102,My Way,Calvin Harris,713736,https://open.spotify.com/track/1vvNmPOiUuyCbgWmtc6yfm,1vvNmPOiUuyCbgWmtc6yfm,0.819,0.913,4,-3.059,0,0.0427,0.0935,3.72e-05,0.161,0.536,119.989,audio_features,1vvNmPOiUuyCbgWmtc6yfm,spotify:track:1vvNmPOiUuyCbgWmtc6yfm,https://api.spotify.com/v1/tracks/1vvNmPOiUuyCbgWmtc6yfm,https://api.spotify.com/v1/audio-analysis/1vvNmPOiUuyCbgWmtc6yfm,219160,4
103,goosebumps,Travis Scott,705089,https://open.spotify.com/track/6gBFPUFcJLzWGx4lenP6h2,6gBFPUFcJLzWGx4lenP6h2,0.841,0.728,7,-3.37,1,0.0484,0.0847,0,0.149,0.43,130.049,audio_features,6gBFPUFcJLzWGx4lenP6h2,spotify:track:6gBFPUFcJLzWGx4lenP6h2,https://api.spotify.com/v1/tracks/6gBFPUFcJLzWGx4lenP6h2,https://api.spotify.com/v1/audio-analysis/6gBFPUFcJLzWGx4lenP6h2,243837,4
104,All Night (feat. Knox Fortune),Chance the Rapper,700500,https://open.spotify.com/track/60xaS8mYBKUW4VQQ666N0T,60xaS8mYBKUW4VQQ666N0T,0.704,0.777,2,-5.729,1,0.195,0.0358,0,0.151,0.392,111.921,audio_features,60xaS8mYBKUW4VQQ666N0T,spotify:track:60xaS8mYBKUW4VQQ666N0T,https://api.spotify.com/v1/tracks/60xaS8mYBKUW4VQQ666N0T,https://api.spotify.com/v1/audio-analysis/60xaS8mYBKUW4VQQ666N0T,141542,4
105,4422,Drake,696166,https://open.spotify.com/track/2fkeWbM6iqTw7oGHTYm2lw,2fkeWbM6iqTw7oGHTYm2lw,0.609,0.229,11,-12.36,0,0.0333,0.558,0.0413,0.113,0.19,111.887,audio_features,2fkeWbM6iqTw7oGHTYm2lw,spotify:track:2fkeWbM6iqTw7oGHTYm2lw,https://api.spotify.com/v1/tracks/2fkeWbM6iqTw7oGHTYm2lw,https://api.spotify.com/v1/audio-analysis/2fkeWbM6iqTw7oGHTYm2lw,186293,4
106,Nancy Mulligan,Ed Sheeran,687789,https://open.spotify.com/track/35QZaWQRkmnAVqBF1TLCxQ,35QZaWQRkmnAVqBF1TLCxQ,0.68,0.852,7,-4.35,1,0.0349,0.117,0,0.0866,0.858,101.993,audio_features,35QZaWQRkmnAVqBF1TLCxQ,spotify:track:35QZaWQRkmnAVqBF1TLCxQ,https://api.spotify.com/v1/tracks/35QZaWQRkmnAVqBF1TLCxQ,https://api.spotify.com/v1/audio-analysis/35QZaWQRkmnAVqBF1TLCxQ,179787,4
107,Bad Things (with Camila Cabello),Machine Gun Kelly,676012,https://open.spotify.com/track/1PSBzsahR2AKwLJgx8ehBj,1PSBzsahR2AKwLJgx8ehBj,0.697,0.691,2,-4.757,1,0.146,0.214,0,0.185,0.305,137.853,audio_features,1PSBzsahR2AKwLJgx8ehBj,spotify:track:1PSBzsahR2AKwLJgx8ehBj,https://api.spotify.com/v1/tracks/1PSBzsahR2AKwLJgx8ehBj,https://api.spotify.com/v1/audio-analysis/1PSBzsahR2AKwLJgx8ehBj,239293,4
108,Treat You Better,Shawn Mendes,675978,https://open.spotify.com/track/4Hf7WnR761jpxPr5D46Bcd,4Hf7WnR761jpxPr5D46Bcd,0.624,0.803,10,-4.105,0,0.246,0.123,0,0.114,0.821,166.018,audio_features,4Hf7WnR761jpxPr5D46Bcd,spotify:track:4Hf7WnR761jpxPr5D46Bcd,https://api.spotify.com/v1/tracks/4Hf7WnR761jpxPr5D46Bcd,https://api.spotify.com/v1/audio-analysis/4Hf7WnR761jpxPr5D46Bcd,187973,4
109,Me llamas (feat. Maluma) - Remix,Piso 21,671558,https://open.spotify.com/track/5hEM0JchdVzQ5PwvSfITeX,5hEM0JchdVzQ5PwvSfITeX,0.76,0.838,7,-3.828,0,0.0529,0.547,1.3e-06,0.0664,0.745,93.05,audio_features,5hEM0JchdVzQ5PwvSfITeX,spotify:track:5hEM0JchdVzQ5PwvSfITeX,https://api.spotify.com/v1/tracks/5hEM0JchdVzQ5PwvSfITeX,https://api.spotify.com/v1/audio-analysis/5hEM0JchdVzQ5PwvSfITeX,210323,4
110,Redbone,Childish Gambino,665046,https://open.spotify.com/track/3kxfsdsCpFgN412fpnW85Y,3kxfsdsCpFgN412fpnW85Y,0.745,0.356,1,-10.425,1,0.0941,0.172,0.00943,0.123,0.607,160.033,audio_features,3kxfsdsCpFgN412fpnW85Y,spotify:track:3kxfsdsCpFgN412fpnW85Y,https://api.spotify.com/v1/tracks/3kxfsdsCpFgN412fpnW85Y,https://api.spotify.com/v1/audio-analysis/3kxfsdsCpFgN412fpnW85Y,326933,4
111,Safari,J Balvin,664508,https://open.spotify.com/track/6rQSrBHf7HlZjtcMZ4S4bO,6rQSrBHf7HlZjtcMZ4S4bO,0.508,0.687,0,-4.361,1,0.326,0.551,3.41e-06,0.126,0.555,180.044,audio_features,6rQSrBHf7HlZjtcMZ4S4bO,spotify:track:6rQSrBHf7HlZjtcMZ4S4bO,https://api.spotify.com/v1/tracks/6rQSrBHf7HlZjtcMZ4S4bO,https://api.spotify.com/v1/audio-analysis/6rQSrBHf7HlZjtcMZ4S4bO,205600,4
112,Jorja Interlude,Drake,656773,https://open.spotify.com/track/13e6f8t7RKXuxZ0JdaaJRG,13e6f8t7RKXuxZ0JdaaJRG,0.735,0.373,11,-10.478,1,0.104,0.762,0.00202,0.288,0.237,123.081,audio_features,13e6f8t7RKXuxZ0JdaaJRG,spotify:track:13e6f8t7RKXuxZ0JdaaJRG,https://api.spotify.com/v1/tracks/13e6f8t7RKXuxZ0JdaaJRG,https://api.spotify.com/v1/audio-analysis/13e6f8t7RKXuxZ0JdaaJRG,107673,4
113,Heathens,Twenty One Pilots,654644,https://open.spotify.com/track/6i0V12jOa3mr6uu4WYhUBr,6i0V12jOa3mr6uu4WYhUBr,0.732,0.396,4,-9.348,0,0.0286,0.0841,3.58e-05,0.105,0.548,90.024,audio_features,6i0V12jOa3mr6uu4WYhUBr,spotify:track:6i0V12jOa3mr6uu4WYhUBr,https://api.spotify.com/v1/tracks/6i0V12jOa3mr6uu4WYhUBr,https://api.spotify.com/v1/audio-analysis/6i0V12jOa3mr6uu4WYhUBr,195920,4
114,"Ay Mi Dios (feat. Pitbull, Yandel & Chacal)",IAmChino,653860,https://open.spotify.com/track/6stYbAJgTszHAHZMPxWWCY,6stYbAJgTszHAHZMPxWWCY,0.761,0.829,0,-3.203,0,0.0681,0.167,0,0.189,0.813,92.033,audio_features,6stYbAJgTszHAHZMPxWWCY,spotify:track:6stYbAJgTszHAHZMPxWWCY,https://api.spotify.com/v1/tracks/6stYbAJgTszHAHZMPxWWCY,https://api.spotify.com/v1/audio-analysis/6stYbAJgTszHAHZMPxWWCY,252003,4
115,Photograph,Ed Sheeran,647821,https://open.spotify.com/track/6fxVffaTuwjgEk5h9QyRjy,6fxVffaTuwjgEk5h9QyRjy,0.614,0.379,4,-10.48,1,0.0476,0.607,0.000464,0.0986,0.201,107.989,audio_features,6fxVffaTuwjgEk5h9QyRjy,spotify:track:6fxVffaTuwjgEk5h9QyRjy,https://api.spotify.com/v1/tracks/6fxVffaTuwjgEk5h9QyRjy,https://api.spotify.com/v1/audio-analysis/6fxVffaTuwjgEk5h9QyRjy,258987,4
116,No Promises (feat. Demi Lovato),Cheat Codes,645871,https://open.spotify.com/track/1louJpMmzEicAn7lzDalPW,1louJpMmzEicAn7lzDalPW,0.741,0.667,10,-5.445,1,0.134,0.0575,0,0.106,0.595,112.956,audio_features,1louJpMmzEicAn7lzDalPW,spotify:track:1louJpMmzEicAn7lzDalPW,https://api.spotify.com/v1/tracks/1louJpMmzEicAn7lzDalPW,https://api.spotify.com/v1/audio-analysis/1louJpMmzEicAn7lzDalPW,223504,4
117,Rolex,Ayo & Teo,644016,https://open.spotify.com/track/0pSBuHjILhNEo55xK1zrRt,0pSBuHjILhNEo55xK1zrRt,0.804,0.886,1,-2.512,1,0.04,0.0837,0,0.266,0.789,144.946,audio_features,0pSBuHjILhNEo55xK1zrRt,spotify:track:0pSBuHjILhNEo55xK1zrRt,https://api.spotify.com/v1/tracks/0pSBuHjILhNEo55xK1zrRt,https://api.spotify.com/v1/audio-analysis/0pSBuHjILhNEo55xK1zrRt,238587,4
118,I Took A Pill In Ibiza - Seeb Remix,Mike Posner,642703,https://open.spotify.com/track/17Fd6Yb7mSbinKG8LoWfFl,17Fd6Yb7mSbinKG8LoWfFl,0.663,0.713,7,-6.647,0,0.112,0.0353,7.68e-06,0.0843,0.69,101.965,audio_features,17Fd6Yb7mSbinKG8LoWfFl,spotify:track:17Fd6Yb7mSbinKG8LoWfFl,https://api.spotify.com/v1/tracks/17Fd6Yb7mSbinKG8LoWfFl,https://api.spotify.com/v1/audio-analysis/17Fd6Yb7mSbinKG8LoWfFl,197933,4
119,Hearts Don't Break Around Here,Ed Sheeran,640983,https://open.spotify.com/track/2dfHh7ECGxfNqZTQno09Vk,2dfHh7ECGxfNqZTQno09Vk,0.604,0.366,7,-7.881,1,0.0267,0.719,0,0.162,0.181,105.177,audio_features,2dfHh7ECGxfNqZTQno09Vk,spotify:track:2dfHh7ECGxfNqZTQno09Vk,https://api.spotify.com/v1/tracks/2dfHh7ECGxfNqZTQno09Vk,https://api.spotify.com/v1/audio-analysis/2dfHh7ECGxfNqZTQno09Vk,248413,3
120,Good Life (with G-Eazy & Kehlani),G-Eazy,640257,https://open.spotify.com/track/1Eck97uRMlprKOOJN9oO1E,1Eck97uRMlprKOOJN9oO1E,0.565,0.771,1,-5.22,1,0.213,0.00464,0,0.0568,0.573,168.385,audio_features,1Eck97uRMlprKOOJN9oO1E,spotify:track:1Eck97uRMlprKOOJN9oO1E,https://api.spotify.com/v1/tracks/1Eck97uRMlprKOOJN9oO1E,https://api.spotify.com/v1/audio-analysis/1Eck97uRMlprKOOJN9oO1E,225526,4
121,Mercy,Shawn Mendes,638671,https://open.spotify.com/track/4TZy1wLyHec06pwgFYDh1a,4TZy1wLyHec06pwgFYDh1a,0.469,0.68,11,-4.921,0,0.117,0.137,0,0.11,0.374,147.734,audio_features,4TZy1wLyHec06pwgFYDh1a,spotify:track:4TZy1wLyHec06pwgFYDh1a,https://api.spotify.com/v1/tracks/4TZy1wLyHec06pwgFYDh1a,https://api.spotify.com/v1/audio-analysis/4TZy1wLyHec06pwgFYDh1a,208733,4
122,Vente Pa' Ca (feat. Maluma),Ricky Martin,630458,https://open.spotify.com/track/7DM4BPaS7uofFul3ywMe46,7DM4BPaS7uofFul3ywMe46,0.663,0.92,11,-4.07,0,0.226,0.00431,1.69e-05,0.101,0.533,99.935,audio_features,7DM4BPaS7uofFul3ywMe46,spotify:track:7DM4BPaS7uofFul3ywMe46,https://api.spotify.com/v1/tracks/7DM4BPaS7uofFul3ywMe46,https://api.spotify.com/v1/audio-analysis/7DM4BPaS7uofFul3ywMe46,259196,4
123,Do Not Disturb,Drake,627831,https://open.spotify.com/track/2KvHC9z14GSl4YpkNMX384,2KvHC9z14GSl4YpkNMX384,0.618,0.693,7,-5.943,0,0.45,0.246,0,0.112,0.454,170.982,audio_features,2KvHC9z14GSl4YpkNMX384,spotify:track:2KvHC9z14GSl4YpkNMX384,https://api.spotify.com/v1/tracks/2KvHC9z14GSl4YpkNMX384,https://api.spotify.com/v1/audio-analysis/2KvHC9z14GSl4YpkNMX384,283551,4
124,Black Beatles,Rae Sremmurd,623175,https://open.spotify.com/track/6fujklziTHa8uoM5OQSfIo,6fujklziTHa8uoM5OQSfIo,0.794,0.632,0,-6.163,1,0.0649,0.142,0,0.128,0.355,145.926,audio_features,6fujklziTHa8uoM5OQSfIo,spotify:track:6fujklziTHa8uoM5OQSfIo,https://api.spotify.com/v1/tracks/6fujklziTHa8uoM5OQSfIo,https://api.spotify.com/v1/audio-analysis/6fujklziTHa8uoM5OQSfIo,291893,4
125,Human,Rag'n'Bone Man,615834,https://open.spotify.com/track/58zsLZPvfflaiIbNWoA22O,58zsLZPvfflaiIbNWoA22O,0.602,0.707,11,-4.097,1,0.302,0.393,0,0.165,0.554,75.09,audio_features,58zsLZPvfflaiIbNWoA22O,spotify:track:58zsLZPvfflaiIbNWoA22O,https://api.spotify.com/v1/tracks/58zsLZPvfflaiIbNWoA22O,https://api.spotify.com/v1/audio-analysis/58zsLZPvfflaiIbNWoA22O,200187,4
126,We Don't Talk Anymore (feat. Selena Gomez),Charlie Puth,615789,https://open.spotify.com/track/68EMU2RD1ECNeOeJ5qAXCV,68EMU2RD1ECNeOeJ5qAXCV,0.728,0.563,1,-8.053,0,0.134,0.621,0,0.179,0.352,100.017,audio_features,68EMU2RD1ECNeOeJ5qAXCV,spotify:track:68EMU2RD1ECNeOeJ5qAXCV,https://api.spotify.com/v1/tracks/68EMU2RD1ECNeOeJ5qAXCV,https://api.spotify.com/v1/audio-analysis/68EMU2RD1ECNeOeJ5qAXCV,217707,4
127,All We Know,The Chainsmokers,615138,https://open.spotify.com/track/2rizacJSyD9S1IQUxUxnsK,2rizacJSyD9S1IQUxUxnsK,0.662,0.586,0,-8.821,1,0.0307,0.097,0.00272,0.115,0.296,90.0,audio_features,2rizacJSyD9S1IQUxUxnsK,spotify:track:2rizacJSyD9S1IQUxUxnsK,https://api.spotify.com/v1/tracks/2rizacJSyD9S1IQUxUxnsK,https://api.spotify.com/v1/audio-analysis/2rizacJSyD9S1IQUxUxnsK,194080,4
128,Moves,Big Sean,614817,https://open.spotify.com/track/0Fv5N0cHBsl4bzCbollCAS,0Fv5N0cHBsl4bzCbollCAS,0.812,0.522,2,-5.287,1,0.257,0.0433,0,0.154,0.38,75.524,audio_features,0Fv5N0cHBsl4bzCbollCAS,spotify:track:0Fv5N0cHBsl4bzCbollCAS,https://api.spotify.com/v1/tracks/0Fv5N0cHBsl4bzCbollCAS,https://api.spotify.com/v1/audio-analysis/0Fv5N0cHBsl4bzCbollCAS,142907,4
129,At My Best (feat. Hailee Steinfeld),Machine Gun Kelly,611186,https://open.spotify.com/track/77lGafvlU68CeHgB2pkHC9,77lGafvlU68CeHgB2pkHC9,0.524,0.772,7,-6.696,0,0.152,0.00273,0.000169,0.224,0.237,169.855,audio_features,77lGafvlU68CeHgB2pkHC9,spotify:track:77lGafvlU68CeHgB2pkHC9,https://api.spotify.com/v1/tracks/77lGafvlU68CeHgB2pkHC9,https://api.spotify.com/v1/audio-analysis/77lGafvlU68CeHgB2pkHC9,199973,4
130,Thinking out Loud,Ed Sheeran,607706,https://open.spotify.com/track/1Slwb6dOYkBlWal1PGtnNg,1Slwb6dOYkBlWal1PGtnNg,0.781,0.445,2,-6.061,1,0.0295,0.474,0,0.184,0.591,78.998,audio_features,1Slwb6dOYkBlWal1PGtnNg,spotify:track:1Slwb6dOYkBlWal1PGtnNg,https://api.spotify.com/v1/tracks/1Slwb6dOYkBlWal1PGtnNg,https://api.spotify.com/v1/audio-analysis/1Slwb6dOYkBlWal1PGtnNg,281560,4
131,Caroline,Aminé,603583,https://open.spotify.com/track/5GFDrUTLGJix84sNhjCG0g,5GFDrUTLGJix84sNhjCG0g,0.945,0.394,10,-8.571,1,0.492,0.303,0,0.131,0.743,120.058,audio_features,5GFDrUTLGJix84sNhjCG0g,spotify:track:5GFDrUTLGJix84sNhjCG0g,https://api.spotify.com/v1/tracks/5GFDrUTLGJix84sNhjCG0g,https://api.spotify.com/v1/audio-analysis/5GFDrUTLGJix84sNhjCG0g,209747,4
132,Be the One,Dua Lipa,602635,https://open.spotify.com/track/7FCfMXYTIiQ9b4hDYs4Iol,7FCfMXYTIiQ9b4hDYs4Iol,0.661,0.651,7,-3.771,0,0.0499,0.117,1.32e-05,0.056,0.368,87.46,audio_features,7FCfMXYTIiQ9b4hDYs4Iol,spotify:track:7FCfMXYTIiQ9b4hDYs4Iol,https://api.spotify.com/v1/tracks/7FCfMXYTIiQ9b4hDYs4Iol,https://api.spotify.com/v1/audio-analysis/7FCfMXYTIiQ9b4hDYs4Iol,202915,4
133,Shed a Light,Robin Schulz,597678,https://open.spotify.com/track/1cG0umU5TKStygKsPFZ9pY,1cG0umU5TKStygKsPFZ9pY,0.483,0.787,8,-5.244,1,0.102,0.112,0,0.257,0.58,122.058,audio_features,1cG0umU5TKStygKsPFZ9pY,spotify:track:1cG0umU5TKStygKsPFZ9pY,https://api.spotify.com/v1/tracks/1cG0umU5TKStygKsPFZ9pY,https://api.spotify.com/v1/audio-analysis/1cG0umU5TKStygKsPFZ9pY,191379,4
134,Eraser,Ed Sheeran,593273,https://open.spotify.com/track/7oolFzHipTMg2nL7shhdz2,7oolFzHipTMg2nL7shhdz2,0.64,0.812,8,-5.647,0,0.0834,0.086,0,0.0509,0.914,86.013,audio_features,7oolFzHipTMg2nL7shhdz2,spotify:track:7oolFzHipTMg2nL7shhdz2,https://api.spotify.com/v1/tracks/7oolFzHipTMg2nL7shhdz2,https://api.spotify.com/v1/audio-analysis/7oolFzHipTMg2nL7shhdz2,227427,4
135,Cheap Thrills,Sia,592102,https://open.spotify.com/track/27SdWb2rFzO6GWiYDBTD9j,27SdWb2rFzO6GWiYDBTD9j,0.628,0.698,6,-5.608,0,0.105,0.0472,0.00143,0.0907,0.732,89.976,audio_features,27SdWb2rFzO6GWiYDBTD9j,spotify:track:27SdWb2rFzO6GWiYDBTD9j,https://api.spotify.com/v1/tracks/27SdWb2rFzO6GWiYDBTD9j,https://api.spotify.com/v1/audio-analysis/27SdWb2rFzO6GWiYDBTD9j,211667,4
136,Stressed Out,Twenty One Pilots,587328,https://open.spotify.com/track/3CRDbSIZ4r5MsZ0YwxuEkn,3CRDbSIZ4r5MsZ0YwxuEkn,0.734,0.637,4,-5.677,0,0.141,0.0462,2.29e-05,0.0602,0.648,169.977,audio_features,3CRDbSIZ4r5MsZ0YwxuEkn,spotify:track:3CRDbSIZ4r5MsZ0YwxuEkn,https://api.spotify.com/v1/tracks/3CRDbSIZ4r5MsZ0YwxuEkn,https://api.spotify.com/v1/audio-analysis/3CRDbSIZ4r5MsZ0YwxuEkn,202333,4
137,Scars To Your Beautiful,Alessia Cara,586519,https://open.spotify.com/track/0prNGof3XqfTvNDxHonvdK,0prNGof3XqfTvNDxHonvdK,0.573,0.739,0,-5.74,1,0.129,0.0285,0,0.111,0.451,97.085,audio_features,0prNGof3XqfTvNDxHonvdK,spotify:track:0prNGof3XqfTvNDxHonvdK,https://api.spotify.com/v1/tracks/0prNGof3XqfTvNDxHonvdK,https://api.spotify.com/v1/audio-analysis/0prNGof3XqfTvNDxHonvdK,230227,4
138,The Other,Lauv,582100,https://open.spotify.com/track/1lntL1cI2UIWlxjL5QiN8g,1lntL1cI2UIWlxjL5QiN8g,0.38,0.553,7,-6.621,1,0.0653,0.421,2.63e-06,0.0788,0.384,179.629,audio_features,1lntL1cI2UIWlxjL5QiN8g,spotify:track:1lntL1cI2UIWlxjL5QiN8g,https://api.spotify.com/v1/tracks/1lntL1cI2UIWlxjL5QiN8g,https://api.spotify.com/v1/audio-analysis/1lntL1cI2UIWlxjL5QiN8g,189333,4
139,Sooner Or Later,Aaron Carter,580364,https://open.spotify.com/track/6wV12xIUb8oFY7lBy4KuQe,6wV12xIUb8oFY7lBy4KuQe,0.737,0.729,5,-6.817,0,0.0354,0.127,2.16e-05,0.077,0.436,111.937,audio_features,6wV12xIUb8oFY7lBy4KuQe,spotify:track:6wV12xIUb8oFY7lBy4KuQe,https://api.spotify.com/v1/tracks/6wV12xIUb8oFY7lBy4KuQe,https://api.spotify.com/v1/audio-analysis/6wV12xIUb8oFY7lBy4KuQe,212564,4
140,Skin,Rag'n'Bone Man,579021,https://open.spotify.com/track/6y2Kaz9QI01XBKJ8mTb7Pf,6y2Kaz9QI01XBKJ8mTb7Pf,0.565,0.745,0,-7.733,1,0.31,0.265,0,0.147,0.352,170.654,audio_features,6y2Kaz9QI01XBKJ8mTb7Pf,spotify:track:6y2Kaz9QI01XBKJ8mTb7Pf,https://api.spotify.com/v1/tracks/6y2Kaz9QI01XBKJ8mTb7Pf,https://api.spotify.com/v1/audio-analysis/6y2Kaz9QI01XBKJ8mTb7Pf,239627,4
141,Down,Marian Hill,576418,https://open.spotify.com/track/2dqLk7ezV15LEJEwUmEbXB,2dqLk7ezV15LEJEwUmEbXB,0.593,0.362,0,-14.701,0,0.273,0.684,0.00294,0.125,0.0522,169.998,audio_features,2dqLk7ezV15LEJEwUmEbXB,spotify:track:2dqLk7ezV15LEJEwUmEbXB,https://api.spotify.com/v1/tracks/2dqLk7ezV15LEJEwUmEbXB,https://api.spotify.com/v1/audio-analysis/2dqLk7ezV15LEJEwUmEbXB,197773,4
142,Love Yourself,Justin Bieber,575378,https://open.spotify.com/track/3hB5DgAiMAQ4DzYbsMq1IT,3hB5DgAiMAQ4DzYbsMq1IT,0.609,0.378,4,-9.828,1,0.438,0.835,0,0.28,0.515,100.418,audio_features,3hB5DgAiMAQ4DzYbsMq1IT,spotify:track:3hB5DgAiMAQ4DzYbsMq1IT,https://api.spotify.com/v1/tracks/3hB5DgAiMAQ4DzYbsMq1IT,https://api.spotify.com/v1/audio-analysis/3hB5DgAiMAQ4DzYbsMq1IT,233720,4
143,Ice Melts,Drake,572865,https://open.spotify.com/track/7bJ4mu7MHa3rHiNyKjOoSl,7bJ4mu7MHa3rHiNyKjOoSl,0.813,0.551,6,-7.605,0,0.353,0.08,0,0.386,0.598,124.957,audio_features,7bJ4mu7MHa3rHiNyKjOoSl,spotify:track:7bJ4mu7MHa3rHiNyKjOoSl,https://api.spotify.com/v1/tracks/7bJ4mu7MHa3rHiNyKjOoSl,https://api.spotify.com/v1/audio-analysis/7bJ4mu7MHa3rHiNyKjOoSl,250770,4
144,Sunset Lover,Petit Biscuit,571722,https://open.spotify.com/track/0hNduWmlWmEmuwEFcYvRu1,0hNduWmlWmEmuwEFcYvRu1,0.783,0.467,6,-9.474,1,0.0503,0.729,0.809,0.109,0.236,90.838,audio_features,0hNduWmlWmEmuwEFcYvRu1,spotify:track:0hNduWmlWmEmuwEFcYvRu1,https://api.spotify.com/v1/tracks/0hNduWmlWmEmuwEFcYvRu1,https://api.spotify.com/v1/audio-analysis/0hNduWmlWmEmuwEFcYvRu1,237793,4
145,This Is What You Came For (feat. Rihanna),Calvin Harris,571501,https://open.spotify.com/track/0azC730Exh71aQlOt9Zj3y,0azC730Exh71aQlOt9Zj3y,0.63,0.928,9,-2.787,0,0.0331,0.199,0.124,0.148,0.465,123.963,audio_features,0azC730Exh71aQlOt9Zj3y,spotify:track:0azC730Exh71aQlOt9Zj3y,https://api.spotify.com/v1/tracks/0azC730Exh71aQlOt9Zj3y,https://api.spotify.com/v1/audio-analysis/0azC730Exh71aQlOt9Zj3y,222160,4
146,Ride,Twenty One Pilots,567630,https://open.spotify.com/track/2Z8WuEywRWYTKe1NybPQEW,2Z8WuEywRWYTKe1NybPQEW,0.645,0.713,6,-5.355,1,0.0393,0.00835,0,0.113,0.566,74.989,audio_features,2Z8WuEywRWYTKe1NybPQEW,spotify:track:2Z8WuEywRWYTKe1NybPQEW,https://api.spotify.com/v1/tracks/2Z8WuEywRWYTKe1NybPQEW,https://api.spotify.com/v1/audio-analysis/2Z8WuEywRWYTKe1NybPQEW,214507,4
147,Perfect Strangers,Jonas Blue,567503,https://open.spotify.com/track/1CUVN2kn7mW5FjkqXTR2W1,1CUVN2kn7mW5FjkqXTR2W1,0.742,0.819,1,-5.307,1,0.0487,0.372,0,0.277,0.709,117.986,audio_features,1CUVN2kn7mW5FjkqXTR2W1,spotify:track:1CUVN2kn7mW5FjkqXTR2W1,https://api.spotify.com/v1/tracks/1CUVN2kn7mW5FjkqXTR2W1,https://api.spotify.com/v1/audio-analysis/1CUVN2kn7mW5FjkqXTR2W1,196613,4
148,Faded,Alan Walker,567392,https://open.spotify.com/track/7gHs73wELdeycvS48JfIos,7gHs73wELdeycvS48JfIos,0.589,0.651,6,-5.097,1,0.0306,0.0291,3.2e-06,0.111,0.166,90.011,audio_features,7gHs73wELdeycvS48JfIos,spotify:track:7gHs73wELdeycvS48JfIos,https://api.spotify.com/v1/tracks/7gHs73wELdeycvS48JfIos,https://api.spotify.com/v1/audio-analysis/7gHs73wELdeycvS48JfIos,212627,4
149,Water Under the Bridge,Adele,563117,https://open.spotify.com/track/4vb4mFvYsr2h6enhjJsq9Y,4vb4mFvYsr2h6enhjJsq9Y,0.596,0.838,5,-6.52,0,0.0704,0.0189,1.54e-05,0.108,0.472,94.982,audio_features,4vb4mFvYsr2h6enhjJsq9Y,spotify:track:4vb4mFvYsr2h6enhjJsq9Y,https://api.spotify.com/v1/tracks/4vb4mFvYsr2h6enhjJsq9Y,https://api.spotify.com/v1/audio-analysis/4vb4mFvYsr2h6enhjJsq9Y,240427,4
150,Bibia Be Ye Ye,Ed Sheeran,560752,https://open.spotify.com/track/6SznMYPQJHzr3IwsAHLId2,6SznMYPQJHzr3IwsAHLId2,0.738,0.677,7,-5.121,1,0.0824,0.52,0,0.133,0.882,127.067,audio_features,6SznMYPQJHzr3IwsAHLId2,spotify:track:6SznMYPQJHzr3IwsAHLId2,https://api.spotify.com/v1/tracks/6SznMYPQJHzr3IwsAHLId2,https://api.spotify.com/v1/audio-analysis/6SznMYPQJHzr3IwsAHLId2,176747,4
151,Work from Home (feat. Ty Dolla $ign),Fifth Harmony,555812,https://open.spotify.com/track/4tCtwWceOPWzenK2HAIJSb,4tCtwWceOPWzenK2HAIJSb,0.803,0.585,8,-5.861,1,0.0432,0.103,3.94e-06,0.0644,0.593,105.017,audio_features,4tCtwWceOPWzenK2HAIJSb,spotify:track:4tCtwWceOPWzenK2HAIJSb,https://api.spotify.com/v1/tracks/4tCtwWceOPWzenK2HAIJSb,https://api.spotify.com/v1/audio-analysis/4tCtwWceOPWzenK2HAIJSb,214480,4
152,美女と野獣,Ariana Grande,553715,https://open.spotify.com/track/1KT0xdIjm7t053xByACrrg,1KT0xdIjm7t053xByACrrg,0.512,0.532,6,-6.821,1,0.0266,0.126,0,0.103,0.283,81.353,audio_features,1KT0xdIjm7t053xByACrrg,spotify:track:1KT0xdIjm7t053xByACrrg,https://api.spotify.com/v1/tracks/1KT0xdIjm7t053xByACrrg,https://api.spotify.com/v1/audio-analysis/1KT0xdIjm7t053xByACrrg,227928,4
153,Broccoli (feat. Lil Yachty),Shelley FKA DRAM,552434,https://open.spotify.com/track/7yyRTcZmCiyzzJlNzGC9Ol,7yyRTcZmCiyzzJlNzGC9Ol,0.886,0.525,8,-7.39,1,0.131,0.236,0,0.057,0.708,145.99,audio_features,7yyRTcZmCiyzzJlNzGC9Ol,spotify:track:7yyRTcZmCiyzzJlNzGC9Ol,https://api.spotify.com/v1/tracks/7yyRTcZmCiyzzJlNzGC9Ol,https://api.spotify.com/v1/audio-analysis/7yyRTcZmCiyzzJlNzGC9Ol,225205,4
154,Party Monster,The Weeknd,547777,https://open.spotify.com/track/4F7A0DXBrmUAkp32uenhZt,4F7A0DXBrmUAkp32uenhZt,0.573,0.63,1,-8.389,1,0.105,0.189,2.31e-05,0.259,0.218,77.525,audio_features,4F7A0DXBrmUAkp32uenhZt,spotify:track:4F7A0DXBrmUAkp32uenhZt,https://api.spotify.com/v1/tracks/4F7A0DXBrmUAkp32uenhZt,https://api.spotify.com/v1/audio-analysis/4F7A0DXBrmUAkp32uenhZt,249213,4
155,Versace on the Floor,Bruno Mars,544130,https://open.spotify.com/track/0kN8xEmgMW9mh7UmDYHlJP,0kN8xEmgMW9mh7UmDYHlJP,0.578,0.574,2,-6.209,1,0.0454,0.196,0,0.083,0.301,174.152,audio_features,0kN8xEmgMW9mh7UmDYHlJP,spotify:track:0kN8xEmgMW9mh7UmDYHlJP,https://api.spotify.com/v1/tracks/0kN8xEmgMW9mh7UmDYHlJP,https://api.spotify.com/v1/audio-analysis/0kN8xEmgMW9mh7UmDYHlJP,261240,4
156,Alone,Alan Walker,543340,https://open.spotify.com/track/0JiVRyTJcJnmlwCZ854K4p,0JiVRyTJcJnmlwCZ854K4p,0.676,0.929,10,-3.194,1,0.0458,0.186,0.000405,0.121,0.157,97.019,audio_features,0JiVRyTJcJnmlwCZ854K4p,spotify:track:0JiVRyTJcJnmlwCZ854K4p,https://api.spotify.com/v1/tracks/0JiVRyTJcJnmlwCZ854K4p,https://api.spotify.com/v1/audio-analysis/0JiVRyTJcJnmlwCZ854K4p,161200,4
157,Alguien Robo,Sebastian Yatra,543324,https://open.spotify.com/track/5i50gKdLAjjIr7UxRT5IVy,5i50gKdLAjjIr7UxRT5IVy,0.745,0.921,0,-2.674,1,0.082,0.0897,0,0.178,0.651,92.973,audio_features,5i50gKdLAjjIr7UxRT5IVy,spotify:track:5i50gKdLAjjIr7UxRT5IVy,https://api.spotify.com/v1/tracks/5i50gKdLAjjIr7UxRT5IVy,https://api.spotify.com/v1/audio-analysis/5i50gKdLAjjIr7UxRT5IVy,223613,4
158,Vacaciones,Wisin,540411,https://open.spotify.com/track/3dQDid3IUNhZy1OehIfYfE,3dQDid3IUNhZy1OehIfYfE,0.772,0.909,6,-3.225,0,0.166,0.256,0,0.255,0.694,96.031,audio_features,3dQDid3IUNhZy1OehIfYfE,spotify:track:3dQDid3IUNhZy1OehIfYfE,https://api.spotify.com/v1/tracks/3dQDid3IUNhZy1OehIfYfE,https://api.spotify.com/v1/audio-analysis/3dQDid3IUNhZy1OehIfYfE,238800,4
159,Thumbs,Sabrina Carpenter,539294,https://open.spotify.com/track/3UjJP4ludb74a29P5EHEIo,3UjJP4ludb74a29P5EHEIo,0.721,0.722,8,-3.56,1,0.0577,0.025,0,0.0889,0.112,135.118,audio_features,3UjJP4ludb74a29P5EHEIo,spotify:track:3UjJP4ludb74a29P5EHEIo,https://api.spotify.com/v1/tracks/3UjJP4ludb74a29P5EHEIo,https://api.spotify.com/v1/audio-analysis/3UjJP4ludb74a29P5EHEIo,216467,4
160,Skepta Interlude,Drake,531710,https://open.spotify.com/track/2dfqS3MRtbLZSZA1IL8xY5,2dfqS3MRtbLZSZA1IL8xY5,0.745,0.822,7,-6.354,1,0.252,0.0103,4.2e-06,0.155,0.415,86.733,audio_features,2dfqS3MRtbLZSZA1IL8xY5,spotify:track:2dfqS3MRtbLZSZA1IL8xY5,https://api.spotify.com/v1/tracks/2dfqS3MRtbLZSZA1IL8xY5,https://api.spotify.com/v1/audio-analysis/2dfqS3MRtbLZSZA1IL8xY5,143214,5
161,Sorry,Justin Bieber,528214,https://open.spotify.com/track/69bp2EbF7Q2rqc5N3ylezZ,69bp2EbF7Q2rqc5N3ylezZ,0.654,0.76,0,-3.669,0,0.045,0.0797,0,0.299,0.41,99.945,audio_features,69bp2EbF7Q2rqc5N3ylezZ,spotify:track:69bp2EbF7Q2rqc5N3ylezZ,https://api.spotify.com/v1/tracks/69bp2EbF7Q2rqc5N3ylezZ,https://api.spotify.com/v1/audio-analysis/69bp2EbF7Q2rqc5N3ylezZ,200787,4
162,Te Quiero Pa´Mi,Don Omar,525353,https://open.spotify.com/track/3BY2mafsbsoKGqS380Xnuz,3BY2mafsbsoKGqS380Xnuz,0.761,0.82,1,-4.003,1,0.0623,0.125,2.1e-05,0.183,0.619,88.997,audio_features,3BY2mafsbsoKGqS380Xnuz,spotify:track:3BY2mafsbsoKGqS380Xnuz,https://api.spotify.com/v1/tracks/3BY2mafsbsoKGqS380Xnuz,https://api.spotify.com/v1/audio-analysis/3BY2mafsbsoKGqS380Xnuz,211627,4
163,Save Myself,Ed Sheeran,522793,https://open.spotify.com/track/6TIU9Ehmi6dMzZK73Ym4yj,6TIU9Ehmi6dMzZK73Ym4yj,0.552,0.29,10,-5.617,1,0.0448,0.85,0,0.227,0.481,78.842,audio_features,6TIU9Ehmi6dMzZK73Ym4yj,spotify:track:6TIU9Ehmi6dMzZK73Ym4yj,https://api.spotify.com/v1/tracks/6TIU9Ehmi6dMzZK73Ym4yj,https://api.spotify.com/v1/audio-analysis/6TIU9Ehmi6dMzZK73Ym4yj,247107,4
164,No Lie,Sean Paul,521844,https://open.spotify.com/track/3cFsmM51N5zMAuu1nNY4Tw,3cFsmM51N5zMAuu1nNY4Tw,0.741,0.891,7,-2.824,1,0.119,0.0437,0,0.256,0.449,102.002,audio_features,3cFsmM51N5zMAuu1nNY4Tw,spotify:track:3cFsmM51N5zMAuu1nNY4Tw,https://api.spotify.com/v1/tracks/3cFsmM51N5zMAuu1nNY4Tw,https://api.spotify.com/v1/audio-analysis/3cFsmM51N5zMAuu1nNY4Tw,221176,4
165,TG4M,Zara Larsson,520893,https://open.spotify.com/track/4uoumbAMEMaKdtiv763jKz,4uoumbAMEMaKdtiv763jKz,0.667,0.648,3,-6.398,0,0.0626,0.0235,1.52e-05,0.0427,0.589,95.031,audio_features,4uoumbAMEMaKdtiv763jKz,spotify:track:4uoumbAMEMaKdtiv763jKz,https://api.spotify.com/v1/tracks/4uoumbAMEMaKdtiv763jKz,https://api.spotify.com/v1/audio-analysis/4uoumbAMEMaKdtiv763jKz,172893,4
166,Lush Life,Zara Larsson,516582,https://open.spotify.com/track/1rIKgCH4H52lrvDcz50hS8,1rIKgCH4H52lrvDcz50hS8,0.694,0.712,7,-3.923,0,0.046,0.133,0,0.211,0.799,98.022,audio_features,1rIKgCH4H52lrvDcz50hS8,spotify:track:1rIKgCH4H52lrvDcz50hS8,https://api.spotify.com/v1/tracks/1rIKgCH4H52lrvDcz50hS8,https://api.spotify.com/v1/audio-analysis/1rIKgCH4H52lrvDcz50hS8,201122,4
167,Ciao Adios,Anne-Marie,510712,https://open.spotify.com/track/3EfugazgSddQvzZpkof5I4,3EfugazgSddQvzZpkof5I4,0.698,0.882,4,-3.078,0,0.0863,0.127,0,0.15,0.445,106.083,audio_features,3EfugazgSddQvzZpkof5I4,spotify:track:3EfugazgSddQvzZpkof5I4,https://api.spotify.com/v1/tracks/3EfugazgSddQvzZpkof5I4,https://api.spotify.com/v1/audio-analysis/3EfugazgSddQvzZpkof5I4,200105,4
168,Can't Have Everything,Drake,509487,https://open.spotify.com/track/5f5r2N4Lp9WoULWPH9zp2W,5f5r2N4Lp9WoULWPH9zp2W,0.856,0.572,1,-8.429,1,0.373,0.0136,1.55e-06,0.121,0.454,82.445,audio_features,5f5r2N4Lp9WoULWPH9zp2W,spotify:track:5f5r2N4Lp9WoULWPH9zp2W,https://api.spotify.com/v1/tracks/5f5r2N4Lp9WoULWPH9zp2W,https://api.spotify.com/v1/audio-analysis/5f5r2N4Lp9WoULWPH9zp2W,228438,4
169,Traicionera,Sebastian Yatra,505318,https://open.spotify.com/track/5J1c3M4EldCfNxXwrwt8mT,5J1c3M4EldCfNxXwrwt8mT,0.776,0.669,11,-4.933,1,0.0638,0.142,0,0.219,0.661,91.012,audio_features,5J1c3M4EldCfNxXwrwt8mT,spotify:track:5J1c3M4EldCfNxXwrwt8mT,https://api.spotify.com/v1/tracks/5J1c3M4EldCfNxXwrwt8mT,https://api.spotify.com/v1/audio-analysis/5J1c3M4EldCfNxXwrwt8mT,228467,4
170,Deja vu,Prince Royce,495677,https://open.spotify.com/track/46HdsiK0uR26B2dY9QPzda,46HdsiK0uR26B2dY9QPzda,0.732,0.801,9,-3.859,1,0.0327,0.39,0,0.31,0.824,123.981,audio_features,46HdsiK0uR26B2dY9QPzda,spotify:track:46HdsiK0uR26B2dY9QPzda,https://api.spotify.com/v1/tracks/46HdsiK0uR26B2dY9QPzda,https://api.spotify.com/v1/audio-analysis/46HdsiK0uR26B2dY9QPzda,196480,4
171,Panda,Desiigner,489442,https://open.spotify.com/track/5OOkp4U9P9oL23maHFHL1h,5OOkp4U9P9oL23maHFHL1h,0.576,0.766,10,-4.943,0,0.449,0.028,1.68e-06,0.366,0.236,144.833,audio_features,5OOkp4U9P9oL23maHFHL1h,spotify:track:5OOkp4U9P9oL23maHFHL1h,https://api.spotify.com/v1/tracks/5OOkp4U9P9oL23maHFHL1h,https://api.spotify.com/v1/audio-analysis/5OOkp4U9P9oL23maHFHL1h,246761,4
172,This Girl (Kungs Vs. Cookin' On 3 Burners),Kungs,488233,https://open.spotify.com/track/0tICYNayWWhH9GPeFrfjfD,0tICYNayWWhH9GPeFrfjfD,0.793,0.729,0,-4.77,0,0.0394,0.08,3.1e-05,0.317,0.488,121.972,audio_features,0tICYNayWWhH9GPeFrfjfD,spotify:track:0tICYNayWWhH9GPeFrfjfD,https://api.spotify.com/v1/tracks/0tICYNayWWhH9GPeFrfjfD,https://api.spotify.com/v1/audio-analysis/0tICYNayWWhH9GPeFrfjfD,195547,4
173,By Your Side,Jonas Blue,487447,https://open.spotify.com/track/1D3ODoXHBLpdxolZRHWV1j,1D3ODoXHBLpdxolZRHWV1j,0.696,0.743,6,-3.838,1,0.0331,0.0778,0,0.0581,0.644,122.978,audio_features,1D3ODoXHBLpdxolZRHWV1j,spotify:track:1D3ODoXHBLpdxolZRHWV1j,https://api.spotify.com/v1/tracks/1D3ODoXHBLpdxolZRHWV1j,https://api.spotify.com/v1/audio-analysis/1D3ODoXHBLpdxolZRHWV1j,201254,4
174,Lights Down Low,MAX,483910,https://open.spotify.com/track/1sYSP7gKa5kdKIfhANfori,1sYSP7gKa5kdKIfhANfori,0.623,0.493,5,-7.727,0,0.0338,0.0632,0,0.104,0.594,81.019,audio_features,1sYSP7gKa5kdKIfhANfori,spotify:track:1sYSP7gKa5kdKIfhANfori,https://api.spotify.com/v1/tracks/1sYSP7gKa5kdKIfhANfori,https://api.spotify.com/v1/audio-analysis/1sYSP7gKa5kdKIfhANfori,223847,4
175,Nothings Into Somethings,Drake,481304,https://open.spotify.com/track/6MbH1QiphMCPTqVEVC7UYi,6MbH1QiphMCPTqVEVC7UYi,0.766,0.234,11,-7.544,0,0.159,0.332,0.00156,0.358,0.256,96.882,audio_features,6MbH1QiphMCPTqVEVC7UYi,spotify:track:6MbH1QiphMCPTqVEVC7UYi,https://api.spotify.com/v1/tracks/6MbH1QiphMCPTqVEVC7UYi,https://api.spotify.com/v1/audio-analysis/6MbH1QiphMCPTqVEVC7UYi,153725,4
176,Gyal You A Party Animal - Remix,Charly Black,481079,https://open.spotify.com/track/1AkTW13ysu0AJrwuM6UY0I,1AkTW13ysu0AJrwuM6UY0I,0.723,0.889,0,-4.017,1,0.0939,0.0673,0,0.363,0.701,101.032,audio_features,1AkTW13ysu0AJrwuM6UY0I,spotify:track:1AkTW13ysu0AJrwuM6UY0I,https://api.spotify.com/v1/tracks/1AkTW13ysu0AJrwuM6UY0I,https://api.spotify.com/v1/audio-analysis/1AkTW13ysu0AJrwuM6UY0I,224320,4
177,Glow,Drake,480287,https://open.spotify.com/track/28irpKCCK9nn9DZSik2zEx,28irpKCCK9nn9DZSik2zEx,0.688,0.384,9,-8.824,0,0.375,0.2,0,0.708,0.432,162.098,audio_features,28irpKCCK9nn9DZSik2zEx,spotify:track:28irpKCCK9nn9DZSik2zEx,https://api.spotify.com/v1/tracks/28irpKCCK9nn9DZSik2zEx,https://api.spotify.com/v1/audio-analysis/28irpKCCK9nn9DZSik2zEx,206120,4
178,Light It Up (feat. Nyla & Fuse ODG) - Remix,Major Lazer,479200,https://open.spotify.com/track/0L7loeTIg6akW84aEQZpCT,0L7loeTIg6akW84aEQZpCT,0.746,0.877,9,-3.782,0,0.0666,0.0375,0.000833,0.233,0.751,107.985,audio_features,0L7loeTIg6akW84aEQZpCT,spotify:track:0L7loeTIg6akW84aEQZpCT,https://api.spotify.com/v1/tracks/0L7loeTIg6akW84aEQZpCT,https://api.spotify.com/v1/audio-analysis/0L7loeTIg6akW84aEQZpCT,166138,4
179,No Problem (feat. Lil Wayne & 2 Chainz),Chance the Rapper,478204,https://open.spotify.com/track/0v9Wz8o0BT8DU38R4ddjeH,0v9Wz8o0BT8DU38R4ddjeH,0.652,0.795,11,-5.192,0,0.174,0.156,0,0.123,0.788,135.018,audio_features,0v9Wz8o0BT8DU38R4ddjeH,spotify:track:0v9Wz8o0BT8DU38R4ddjeH,https://api.spotify.com/v1/tracks/0v9Wz8o0BT8DU38R4ddjeH,https://api.spotify.com/v1/audio-analysis/0v9Wz8o0BT8DU38R4ddjeH,304607,4
180,"Sucker for Pain (with Wiz Khalifa, Imagine Dragons, Logic & Ty Dolla $ign feat. X Ambassadors)",Lil Wayne,476354,https://open.spotify.com/track/4dASQiO1Eoo3RJvt74FtXB,4dASQiO1Eoo3RJvt74FtXB,0.502,0.786,9,-4.378,0,0.317,0.255,0,0.65,0.739,169.021,audio_features,4dASQiO1Eoo3RJvt74FtXB,spotify:track:4dASQiO1Eoo3RJvt74FtXB,https://api.spotify.com/v1/tracks/4dASQiO1Eoo3RJvt74FtXB,https://api.spotify.com/v1/audio-analysis/4dASQiO1Eoo3RJvt74FtXB,243491,4
181,"i hate u, i love u (feat. olivia o'brien)",gnash,476336,https://open.spotify.com/track/7vRriwrloYVaoAe3a9wJHe,7vRriwrloYVaoAe3a9wJHe,0.492,0.275,6,-13.4,0,0.3,0.687,0,0.101,0.18,92.6,audio_features,7vRriwrloYVaoAe3a9wJHe,spotify:track:7vRriwrloYVaoAe3a9wJHe,https://api.spotify.com/v1/tracks/7vRriwrloYVaoAe3a9wJHe,https://api.spotify.com/v1/audio-analysis/7vRriwrloYVaoAe3a9wJHe,251034,4
182,7 Years,Lukas Graham,475611,https://open.spotify.com/track/7129iqBafaphfc3WPCGC0L,7129iqBafaphfc3WPCGC0L,0.742,0.479,10,-5.83,1,0.0551,0.29,0,0.391,0.346,119.951,audio_features,7129iqBafaphfc3WPCGC0L,spotify:track:7129iqBafaphfc3WPCGC0L,https://api.spotify.com/v1/tracks/7129iqBafaphfc3WPCGC0L,https://api.spotify.com/v1/audio-analysis/7129iqBafaphfc3WPCGC0L,237300,4
183,Lean On (feat. MØ & DJ Snake),Major Lazer,471467,https://open.spotify.com/track/4WjH9Bzt3kx7z8kl0awxh4,4WjH9Bzt3kx7z8kl0awxh4,0.723,0.809,7,-3.081,0,0.0625,0.00346,0.00123,0.565,0.274,98.007,audio_features,4WjH9Bzt3kx7z8kl0awxh4,spotify:track:4WjH9Bzt3kx7z8kl0awxh4,https://api.spotify.com/v1/tracks/4WjH9Bzt3kx7z8kl0awxh4,https://api.spotify.com/v1/audio-analysis/4WjH9Bzt3kx7z8kl0awxh4,176561,4
184,Million Reasons,Lady Gaga,468473,https://open.spotify.com/track/50PWlIBU7PlGGwzgN8TiFJ,50PWlIBU7PlGGwzgN8TiFJ,0.668,0.449,0,-7.897,1,0.0451,0.477,0,0.107,0.154,129.889,audio_features,50PWlIBU7PlGGwzgN8TiFJ,spotify:track:50PWlIBU7PlGGwzgN8TiFJ,https://api.spotify.com/v1/tracks/50PWlIBU7PlGGwzgN8TiFJ,https://api.spotify.com/v1/audio-analysis/50PWlIBU7PlGGwzgN8TiFJ,205280,4
185,I Would Like,Zara Larsson,466161,https://open.spotify.com/track/4Q4jmPHwu0wrJvqrld0FQ6,4Q4jmPHwu0wrJvqrld0FQ6,0.486,0.713,2,-3.949,0,0.0524,0.0853,0,0.0839,0.297,121.028,audio_features,4Q4jmPHwu0wrJvqrld0FQ6,spotify:track:4Q4jmPHwu0wrJvqrld0FQ6,https://api.spotify.com/v1/tracks/4Q4jmPHwu0wrJvqrld0FQ6,https://api.spotify.com/v1/audio-analysis/4Q4jmPHwu0wrJvqrld0FQ6,226720,4
186,Too Good,Drake,462761,https://open.spotify.com/track/11KJSRSgaDxqydKYiD2Jew,11KJSRSgaDxqydKYiD2Jew,0.804,0.648,7,-7.805,1,0.117,0.0573,3.49e-05,0.102,0.392,117.983,audio_features,11KJSRSgaDxqydKYiD2Jew,spotify:track:11KJSRSgaDxqydKYiD2Jew,https://api.spotify.com/v1/tracks/11KJSRSgaDxqydKYiD2Jew,https://api.spotify.com/v1/audio-analysis/11KJSRSgaDxqydKYiD2Jew,263373,4
187,Cake By The Ocean,DNCE,462531,https://open.spotify.com/track/2aFiaMXmWsM3Vj72F9ksBl,2aFiaMXmWsM3Vj72F9ksBl,0.774,0.764,4,-5.445,0,0.0518,0.156,0,0.0383,0.912,118.997,audio_features,2aFiaMXmWsM3Vj72F9ksBl,spotify:track:2aFiaMXmWsM3Vj72F9ksBl,https://api.spotify.com/v1/tracks/2aFiaMXmWsM3Vj72F9ksBl,https://api.spotify.com/v1/audio-analysis/2aFiaMXmWsM3Vj72F9ksBl,219147,4
188,La Bicicleta,Carlos Vives,461265,https://open.spotify.com/track/0sXvAOmXgjR2QUqLK1MltU,0sXvAOmXgjR2QUqLK1MltU,0.736,0.964,0,-2.147,1,0.129,0.198,2.32e-06,0.336,0.953,179.935,audio_features,0sXvAOmXgjR2QUqLK1MltU,spotify:track:0sXvAOmXgjR2QUqLK1MltU,https://api.spotify.com/v1/tracks/0sXvAOmXgjR2QUqLK1MltU,https://api.spotify.com/v1/audio-analysis/0sXvAOmXgjR2QUqLK1MltU,227707,4
189,The Scientist,Coldplay,459601,https://open.spotify.com/track/75JFxkI2RXiU7L9VXzMkle,75JFxkI2RXiU7L9VXzMkle,0.557,0.442,5,-7.224,1,0.0243,0.731,1.46e-05,0.11,0.213,146.277,audio_features,75JFxkI2RXiU7L9VXzMkle,spotify:track:75JFxkI2RXiU7L9VXzMkle,https://api.spotify.com/v1/tracks/75JFxkI2RXiU7L9VXzMkle,https://api.spotify.com/v1/audio-analysis/75JFxkI2RXiU7L9VXzMkle,309600,4
190,Lose You,Drake,459244,https://open.spotify.com/track/2Na0z2gfN67Rzf0vp74Wi3,2Na0z2gfN67Rzf0vp74Wi3,0.526,0.583,4,-9.172,1,0.376,0.699,0,0.372,0.378,89.837,audio_features,2Na0z2gfN67Rzf0vp74Wi3,spotify:track:2Na0z2gfN67Rzf0vp74Wi3,https://api.spotify.com/v1/tracks/2Na0z2gfN67Rzf0vp74Wi3,https://api.spotify.com/v1/audio-analysis/2Na0z2gfN67Rzf0vp74Wi3,305374,4
191,I Love You,Axwell /\ Ingrosso,458316,https://open.spotify.com/track/11Fo4dAH31K7UZHGqCkCmE,11Fo4dAH31K7UZHGqCkCmE,0.654,0.859,0,-4.321,1,0.166,0.336,0,0.0947,0.704,114.87,audio_features,11Fo4dAH31K7UZHGqCkCmE,spotify:track:11Fo4dAH31K7UZHGqCkCmE,https://api.spotify.com/v1/tracks/11Fo4dAH31K7UZHGqCkCmE,https://api.spotify.com/v1/audio-analysis/11Fo4dAH31K7UZHGqCkCmE,191000,4
192,Dile Que Tu Me Quieres,Ozuna,455868,https://open.spotify.com/track/20ZAJdsKB5IGbGj4ilRt2o,20ZAJdsKB5IGbGj4ilRt2o,0.721,0.687,1,-6.682,1,0.0782,0.0998,0,0.0679,0.825,175.914,audio_features,20ZAJdsKB5IGbGj4ilRt2o,spotify:track:20ZAJdsKB5IGbGj4ilRt2o,https://api.spotify.com/v1/tracks/20ZAJdsKB5IGbGj4ilRt2o,https://api.spotify.com/v1/audio-analysis/20ZAJdsKB5IGbGj4ilRt2o,226400,4
193,Light My Body Up (feat. Nicki Minaj & Lil Wayne),David Guetta,455814,https://open.spotify.com/track/3vgNmjuRDnGLxUFGCLkwpm,3vgNmjuRDnGLxUFGCLkwpm,0.699,0.66,6,-7.013,0,0.0861,0.00365,0,0.139,0.689,145.937,audio_features,3vgNmjuRDnGLxUFGCLkwpm,spotify:track:3vgNmjuRDnGLxUFGCLkwpm,https://api.spotify.com/v1/tracks/3vgNmjuRDnGLxUFGCLkwpm,https://api.spotify.com/v1/audio-analysis/3vgNmjuRDnGLxUFGCLkwpm,225616,4
194,Love,Lana Del Rey,455171,https://open.spotify.com/track/0n2bvWvMwr0gbjcuTm92eW,0n2bvWvMwr0gbjcuTm92eW,0.322,0.352,10,-10.986,1,0.0309,0.455,0.00333,0.11,0.266,70.429,audio_features,0n2bvWvMwr0gbjcuTm92eW,spotify:track:0n2bvWvMwr0gbjcuTm92eW,https://api.spotify.com/v1/tracks/0n2bvWvMwr0gbjcuTm92eW,https://api.spotify.com/v1/audio-analysis/0n2bvWvMwr0gbjcuTm92eW,278360,3
195,Pretty Girl - Cheat Codes X CADE Remix,Maggie Lindemann,453592,https://open.spotify.com/track/1NDxZ7cFAo481dtYWdrUnR,1NDxZ7cFAo481dtYWdrUnR,0.703,0.868,7,-4.661,0,0.0291,0.15,0.132,0.104,0.733,121.03,audio_features,1NDxZ7cFAo481dtYWdrUnR,spotify:track:1NDxZ7cFAo481dtYWdrUnR,https://api.spotify.com/v1/tracks/1NDxZ7cFAo481dtYWdrUnR,https://api.spotify.com/v1/audio-analysis/1NDxZ7cFAo481dtYWdrUnR,193613,4
196,X (feat. Future),21 Savage,447153,https://open.spotify.com/track/6fwdbPMwP1zVStm8FybmkO,6fwdbPMwP1zVStm8FybmkO,0.835,0.413,1,-9.81,1,0.396,0.373,0.00133,0.101,0.111,149.004,audio_features,6fwdbPMwP1zVStm8FybmkO,spotify:track:6fwdbPMwP1zVStm8FybmkO,https://api.spotify.com/v1/tracks/6fwdbPMwP1zVStm8FybmkO,https://api.spotify.com/v1/audio-analysis/6fwdbPMwP1zVStm8FybmkO,258880,4
197,Controlla,Drake,446381,https://open.spotify.com/track/6F609ICg9Spjrw1epsAnpa,6F609ICg9Spjrw1epsAnpa,0.607,0.476,10,-11.076,0,0.249,0.0773,0,0.113,0.347,122.976,audio_features,6F609ICg9Spjrw1epsAnpa,spotify:track:6F609ICg9Spjrw1epsAnpa,https://api.spotify.com/v1/tracks/6F609ICg9Spjrw1epsAnpa,https://api.spotify.com/v1/audio-analysis/6F609ICg9Spjrw1epsAnpa,245227,5
198,No Frauds,Nicki Minaj,445465,https://open.spotify.com/track/7KcGEssn7BnJdTgildK5y0,7KcGEssn7BnJdTgildK5y0,0.867,0.558,1,-6.975,1,0.258,0.0884,4.05e-06,0.541,0.432,139.061,audio_features,7KcGEssn7BnJdTgildK5y0,spotify:track:7KcGEssn7BnJdTgildK5y0,https://api.spotify.com/v1/tracks/7KcGEssn7BnJdTgildK5y0,https://api.spotify.com/v1/audio-analysis/7KcGEssn7BnJdTgildK5y0,272453,4
199,Fresh Eyes,Andy Grammer,436767,https://open.spotify.com/track/4nMlau89VAjmV7agkl7OY3,4nMlau89VAjmV7agkl7OY3,0.822,0.544,0,-6.797,1,0.0332,0.562,2.4e-05,0.144,0.861,122.047,audio_features,4nMlau89VAjmV7agkl7OY3,spotify:track:4nMlau89VAjmV7agkl7OY3,https://api.spotify.com/v1/tracks/4nMlau89VAjmV7agkl7OY3,https://api.spotify.com/v1/audio-analysis/4nMlau89VAjmV7agkl7OY3,198001,4
200,Into You,Ariana Grande,436578,https://open.spotify.com/track/7yHEDfrJNd0zWOfXwydNH0,7yHEDfrJNd0zWOfXwydNH0,0.636,0.727,9,-5.852,1,0.106,0.0161,1.12e-06,0.151,0.358,107.988,audio_features,7yHEDfrJNd0zWOfXwydNH0,spotify:track:7yHEDfrJNd0zWOfXwydNH0,https://api.spotify.com/v1/tracks/7yHEDfrJNd0zWOfXwydNH0,https://api.spotify.com/v1/audio-analysis/7yHEDfrJNd0zWOfXwydNH0,244453,4
