Position,Track Name,Artist,Streams,URL,trackID,danceability,energy,key,loudness,mode,speechiness,acousticness,instrumentalness,liveness,valence,tempo,type,id,uri,track_href,analysis_url,duration_ms,time_signature
1,Shape of You,Ed Sheeran,6583478,https://open.spotify.com/track/7qiZfU4dY1lWllzX7mPBI3,7qiZfU4dY1lWllzX7mPBI3,0.825,0.652,1,-3.183,0,0.0802,0.581,0,0.0931,0.931,95.977,audio_features,7qiZfU4dY1lWllzX7mPBI3,spotify:track:7qiZfU4dY1lWllzX7mPBI3,https://api.spotify.com/v1/tracks/7qiZfU4dY1lWllzX7mPBI3,https://api.spotify.com/v1/audio-analysis/7qiZfU4dY1lWllzX7mPBI3,233713,4
2,Something Just Like This,The Chainsmokers,3949869,https://open.spotify.com/track/6RUKPb4LETWmmr3iAEQktW,6RUKPb4LETWmmr3iAEQktW,0.617,0.635,11,-6.769,0,0.0317,0.0498,1.44e-05,0.164,0.446,103.019,audio_features,6RUKPb4LETWmmr3iAEQktW,spotify:track:6RUKPb4LETWmmr3iAEQktW,https://api.spotify.com/v1/tracks/6RUKPb4LETWmmr3iAEQktW,https://api.spotify.com/v1/audio-analysis/6RUKPb4LETWmmr3iAEQktW,247160,4
3,It Ain't Me (with Selena Gomez),Kygo,3823181,https://open.spotify.com/track/3eR23VReFzcdmS7TYCrhCe,3eR23VReFzcdmS7TYCrhCe,0.64,0.533,0,-6.596,1,0.0706,0.119,0,0.0864,0.515,99.968,audio_features,3eR23VReFzcdmS7TYCrhCe,spotify:track:3eR23VReFzcdmS7TYCrhCe,https://api.spotify.com/v1/tracks/3eR23VReFzcdmS7TYCrhCe,https://api.spotify.com/v1/audio-analysis/3eR23VReFzcdmS7TYCrhCe,220781,4
4,"I Don’t Wanna Live Forever (Fifty Shades Darker) - From ""Fifty Shades Darker (Original Motion Picture Soundtrack)""",ZAYN,3565795,https://open.spotify.com/track/3NdDpSvN911VPGivFlV5d0,3NdDpSvN911VPGivFlV5d0,0.735,0.451,0,-8.374,1,0.0585,0.0631,1.3e-05,0.325,0.0862,117.973,audio_features,3NdDpSvN911VPGivFlV5d0,spotify:track:3NdDpSvN911VPGivFlV5d0,https://api.spotify.com/v1/tracks/3NdDpSvN911VPGivFlV5d0,https://api.spotify.com/v1/audio-analysis/3NdDpSvN911VPGivFlV5d0,245200,4
5,Paris,The Chainsmokers,3345711,https://open.spotify.com/track/72jbDTw1piOOj770jWNeaG,72jbDTw1piOOj770jWNeaG,0.653,0.658,2,-6.428,1,0.0304,0.0215,1.66e-06,0.0939,0.219,99.99,audio_features,72jbDTw1piOOj770jWNeaG,spotify:track:72jbDTw1piOOj770jWNeaG,https://api.spotify.com/v1/tracks/72jbDTw1piOOj770jWNeaG,https://api.spotify.com/v1/audio-analysis/72jbDTw1piOOj770jWNeaG,221507,4
6,Despacito (Featuring Daddy Yankee),Luis Fonsi,3276346,https://open.spotify.com/track/4aWmUDTfIPGksMNLV2rQP2,4aWmUDTfIPGksMNLV2rQP2,0.66,0.786,2,-4.757,1,0.17,0.209,0,0.112,0.846,177.833,audio_features,4aWmUDTfIPGksMNLV2rQP2,spotify:track:4aWmUDTfIPGksMNLV2rQP2,https://api.spotify.com/v1/tracks/4aWmUDTfIPGksMNLV2rQP2,https://api.spotify.com/v1/audio-analysis/4aWmUDTfIPGksMNLV2rQP2,228200,4
7,Scared to Be Lonely,Martin Garrix,2815367,https://open.spotify.com/track/3ebXMykcMXOcLeJ9xZ17XH,3ebXMykcMXOcLeJ9xZ17XH,0.584,0.54,1,-7.786,0,0.0576,0.0895,0,0.261,0.195,137.972,audio_features,3ebXMykcMXOcLeJ9xZ17XH,spotify:track:3ebXMykcMXOcLeJ9xZ17XH,https://api.spotify.com/v1/tracks/3ebXMykcMXOcLeJ9xZ17XH,https://api.spotify.com/v1/audio-analysis/3ebXMykcMXOcLeJ9xZ17XH,220883,4
8,Chained To The Rhythm,Katy Perry,2665133,https://open.spotify.com/track/6520aj0B4FSKGVuKNsOCOi,6520aj0B4FSKGVuKNsOCOi,0.448,0.801,0,-5.363,1,0.165,0.0733,0,0.146,0.462,189.798,audio_features,6520aj0B4FSKGVuKNsOCOi,spotify:track:6520aj0B4FSKGVuKNsOCOi,https://api.spotify.com/v1/tracks/6520aj0B4FSKGVuKNsOCOi,https://api.spotify.com/v1/audio-analysis/6520aj0B4FSKGVuKNsOCOi,237734,4
9,Rockabye (feat. Sean Paul & Anne-Marie),Clean Bandit,2376167,https://open.spotify.com/track/5knuzwU65gJK7IF5yJsuaW,5knuzwU65gJK7IF5yJsuaW,0.72,0.763,9,-4.068,0,0.0523,0.406,0,0.18,0.742,101.965,audio_features,5knuzwU65gJK7IF5yJsuaW,spotify:track:5knuzwU65gJK7IF5yJsuaW,https://api.spotify.com/v1/tracks/5knuzwU65gJK7IF5yJsuaW,https://api.spotify.com/v1/audio-analysis/5knuzwU65gJK7IF5yJsuaW,251088,4
10,Castle on the Hill,Ed Sheeran,2343988,https://open.spotify.com/track/6PCUP3dWmTjcTtXY02oFdT,6PCUP3dWmTjcTtXY02oFdT,0.461,0.834,2,-4.868,1,0.0989,0.0232,1.14e-05,0.14,0.471,135.007,audio_features,6PCUP3dWmTjcTtXY02oFdT,spotify:track:6PCUP3dWmTjcTtXY02oFdT,https://api.spotify.com/v1/tracks/6PCUP3dWmTjcTtXY02oFdT,https://api.spotify.com/v1/audio-analysis/6PCUP3dWmTjcTtXY02oFdT,261154,4
11,Issues,Julia Michaels,2271335,https://open.spotify.com/track/1sXUWdKx03aP9Gmzft58rt,1sXUWdKx03aP9Gmzft58rt,0.683,0.427,8,-6.827,1,0.0777,0.368,0,0.0604,0.426,113.634,audio_features,1sXUWdKx03aP9Gmzft58rt,spotify:track:1sXUWdKx03aP9Gmzft58rt,https://api.spotify.com/v1/tracks/1sXUWdKx03aP9Gmzft58rt,https://api.spotify.com/v1/audio-analysis/1sXUWdKx03aP9Gmzft58rt,176347,4
12,I Feel It Coming,The Weeknd,2157368,https://open.spotify.com/track/5GXAXm5YOmYT0kL5jHvYBt,5GXAXm5YOmYT0kL5jHvYBt,0.773,0.819,0,-5.946,0,0.118,0.426,0,0.0679,0.585,92.99,audio_features,5GXAXm5YOmYT0kL5jHvYBt,spotify:track:5GXAXm5YOmYT0kL5jHvYBt,https://api.spotify.com/v1/tracks/5GXAXm5YOmYT0kL5jHvYBt,https://api.spotify.com/v1/audio-analysis/5GXAXm5YOmYT0kL5jHvYBt,269187,4
13,Say You Won't Let Go,James Arthur,2079398,https://open.spotify.com/track/5uCax9HTNlzGybIStD3vDh,5uCax9HTNlzGybIStD3vDh,0.358,0.557,10,-7.398,1,0.059,0.695,0,0.0902,0.494,85.043,audio_features,5uCax9HTNlzGybIStD3vDh,spotify:track:5uCax9HTNlzGybIStD3vDh,https://api.spotify.com/v1/tracks/5uCax9HTNlzGybIStD3vDh,https://api.spotify.com/v1/audio-analysis/5uCax9HTNlzGybIStD3vDh,211467,4
14,Closer,The Chainsmokers,2063975,https://open.spotify.com/track/7BKLCZ1jbUBVqRi2FVlTVw,7BKLCZ1jbUBVqRi2FVlTVw,0.748,0.524,8,-5.599,1,0.0338,0.414,0,0.111,0.661,95.01,audio_features,7BKLCZ1jbUBVqRi2FVlTVw,spotify:track:7BKLCZ1jbUBVqRi2FVlTVw,https://api.spotify.com/v1/tracks/7BKLCZ1jbUBVqRi2FVlTVw,https://api.spotify.com/v1/audio-analysis/7BKLCZ1jbUBVqRi2FVlTVw,244960,4
15,Starboy,The Weeknd,2002979,https://open.spotify.com/track/5aAx2yezTd8zXrkmtKl66Z,5aAx2yezTd8zXrkmtKl66Z,0.681,0.594,7,-7.028,1,0.282,0.165,3.49e-06,0.134,0.535,186.054,audio_features,5aAx2yezTd8zXrkmtKl66Z,spotify:track:5aAx2yezTd8zXrkmtKl66Z,https://api.spotify.com/v1/tracks/5aAx2yezTd8zXrkmtKl66Z,https://api.spotify.com/v1/audio-analysis/5aAx2yezTd8zXrkmtKl66Z,230453,4
16,Call On Me - Ryan Riback Extended Remix,Starley,1978207,https://open.spotify.com/track/78rIJddV4X0HkNAInEcYde,78rIJddV4X0HkNAInEcYde,0.67,0.838,0,-4.031,1,0.0362,0.0604,0.000611,0.159,0.717,104.998,audio_features,78rIJddV4X0HkNAInEcYde,spotify:track:78rIJddV4X0HkNAInEcYde,https://api.spotify.com/v1/tracks/78rIJddV4X0HkNAInEcYde,https://api.spotify.com/v1/audio-analysis/78rIJddV4X0HkNAInEcYde,222041,4
17,That's What I Like,Bruno Mars,1955523,https://open.spotify.com/track/0KKkJNfGyhkQ5aFogxQAPU,0KKkJNfGyhkQ5aFogxQAPU,0.853,0.56,1,-4.961,1,0.0406,0.013,0,0.0944,0.86,134.066,audio_features,0KKkJNfGyhkQ5aFogxQAPU,spotify:track:0KKkJNfGyhkQ5aFogxQAPU,https://api.spotify.com/v1/tracks/0KKkJNfGyhkQ5aFogxQAPU,https://api.spotify.com/v1/audio-analysis/0KKkJNfGyhkQ5aFogxQAPU,206693,4
18,Bad and Boujee (feat. Lil Uzi Vert),Migos,1936658,https://open.spotify.com/track/4Km5HrUvYTaSUfiSGPJeQR,4Km5HrUvYTaSUfiSGPJeQR,0.927,0.665,11,-5.313,1,0.244,0.061,0,0.123,0.175,127.076,audio_features,4Km5HrUvYTaSUfiSGPJeQR,spotify:track:4Km5HrUvYTaSUfiSGPJeQR,https://api.spotify.com/v1/tracks/4Km5HrUvYTaSUfiSGPJeQR,https://api.spotify.com/v1/audio-analysis/4Km5HrUvYTaSUfiSGPJeQR,343150,4
19,Believer,Imagine Dragons,1839730,https://open.spotify.com/track/0CcQNd8CINkwQfe1RDtGV6,0CcQNd8CINkwQfe1RDtGV6,0.779,0.787,10,-4.305,0,0.108,0.0524,0,0.14,0.708,124.982,audio_features,0CcQNd8CINkwQfe1RDtGV6,spotify:track:0CcQNd8CINkwQfe1RDtGV6,https://api.spotify.com/v1/tracks/0CcQNd8CINkwQfe1RDtGV6,https://api.spotify.com/v1/audio-analysis/0CcQNd8CINkwQfe1RDtGV6,204347,4
20,Slide (feat. Frank Ocean & Migos),Calvin Harris,1796496,https://open.spotify.com/track/7tr2za8SQg2CI8EDgrdtNl,7tr2za8SQg2CI8EDgrdtNl,0.736,0.795,1,-3.299,0,0.0545,0.498,1.21e-06,0.254,0.511,104.066,audio_features,7tr2za8SQg2CI8EDgrdtNl,spotify:track:7tr2za8SQg2CI8EDgrdtNl,https://api.spotify.com/v1/tracks/7tr2za8SQg2CI8EDgrdtNl,https://api.spotify.com/v1/audio-analysis/7tr2za8SQg2CI8EDgrdtNl,230813,4
21,Cold,Maroon 5,1712514,https://open.spotify.com/track/5NNlUMcOEOdoOIwwaWXv0k,5NNlUMcOEOdoOIwwaWXv0k,0.703,0.715,9,-6.285,0,0.114,0.139,0,0.0456,0.497,99.924,audio_features,5NNlUMcOEOdoOIwwaWXv0k,spotify:track:5NNlUMcOEOdoOIwwaWXv0k,https://api.spotify.com/v1/tracks/5NNlUMcOEOdoOIwwaWXv0k,https://api.spotify.com/v1/audio-analysis/5NNlUMcOEOdoOIwwaWXv0k,234308,4
22,Run Up (feat. PARTYNEXTDOOR & Nicki Minaj),Major Lazer,1704601,https://open.spotify.com/track/0fg8CqpjdojMyXLNzM2PaJ,0fg8CqpjdojMyXLNzM2PaJ,0.803,0.743,1,-3.602,0,0.0681,0.105,2.12e-06,0.099,0.674,108.005,audio_features,0fg8CqpjdojMyXLNzM2PaJ,spotify:track:0fg8CqpjdojMyXLNzM2PaJ,https://api.spotify.com/v1/tracks/0fg8CqpjdojMyXLNzM2PaJ,https://api.spotify.com/v1/audio-analysis/0fg8CqpjdojMyXLNzM2PaJ,203180,4
23,Chantaje (feat. Maluma),Shakira,1699809,https://open.spotify.com/track/6mICuAdrwEjh6Y6lroV2Kg,6mICuAdrwEjh6Y6lroV2Kg,0.852,0.773,8,-2.921,0,0.0776,0.187,3.05e-05,0.159,0.907,102.034,audio_features,6mICuAdrwEjh6Y6lroV2Kg,spotify:track:6mICuAdrwEjh6Y6lroV2Kg,https://api.spotify.com/v1/tracks/6mICuAdrwEjh6Y6lroV2Kg,https://api.spotify.com/v1/audio-analysis/6mICuAdrwEjh6Y6lroV2Kg,195840,4
24,iSpy (feat. Lil Yachty),KYLE,1670670,https://open.spotify.com/track/2EEeOnHehOozLq4aS0n6SL,2EEeOnHehOozLq4aS0n6SL,0.746,0.653,7,-6.745,1,0.289,0.378,0,0.229,0.672,75.016,audio_features,2EEeOnHehOozLq4aS0n6SL,spotify:track:2EEeOnHehOozLq4aS0n6SL,https://api.spotify.com/v1/tracks/2EEeOnHehOozLq4aS0n6SL,https://api.spotify.com/v1/audio-analysis/2EEeOnHehOozLq4aS0n6SL,253107,4
25,"How Far I'll Go - From ""Moana""",Alessia Cara,1661113,https://open.spotify.com/track/5hYTyyh2odQKphUbMqc5gN,5hYTyyh2odQKphUbMqc5gN,0.314,0.555,9,-9.601,1,0.37,0.157,0.000108,0.067,0.159,179.666,audio_features,5hYTyyh2odQKphUbMqc5gN,spotify:track:5hYTyyh2odQKphUbMqc5gN,https://api.spotify.com/v1/tracks/5hYTyyh2odQKphUbMqc5gN,https://api.spotify.com/v1/audio-analysis/5hYTyyh2odQKphUbMqc5gN,175517,4
26,Just Hold On,Steve Aoki,1579698,https://open.spotify.com/track/3EmmCZoqpWOTY1g2GBwJoR,3EmmCZoqpWOTY1g2GBwJoR,0.647,0.932,11,-3.515,1,0.0824,0.00383,1.5e-06,0.0574,0.374,114.991,audio_features,3EmmCZoqpWOTY1g2GBwJoR,spotify:track:3EmmCZoqpWOTY1g2GBwJoR,https://api.spotify.com/v1/tracks/3EmmCZoqpWOTY1g2GBwJoR,https://api.spotify.com/v1/audio-analysis/3EmmCZoqpWOTY1g2GBwJoR,198774,4
27,Bad Things (with Camila Cabello),Machine Gun Kelly,1523379,https://open.spotify.com/track/1PSBzsahR2AKwLJgx8ehBj,1PSBzsahR2AKwLJgx8ehBj,0.697,0.691,2,-4.757,1,0.146,0.214,0,0.185,0.305,137.853,audio_features,1PSBzsahR2AKwLJgx8ehBj,spotify:track:1PSBzsahR2AKwLJgx8ehBj,https://api.spotify.com/v1/tracks/1PSBzsahR2AKwLJgx8ehBj,https://api.spotify.com/v1/audio-analysis/1PSBzsahR2AKwLJgx8ehBj,239293,4
28,Stay (with Alessia Cara),Zedd,1508692,https://open.spotify.com/track/0dA2Mk56wEzDgegdC6R17g,0dA2Mk56wEzDgegdC6R17g,0.679,0.634,5,-5.024,0,0.0654,0.232,0,0.115,0.498,102.013,audio_features,0dA2Mk56wEzDgegdC6R17g,spotify:track:0dA2Mk56wEzDgegdC6R17g,https://api.spotify.com/v1/tracks/0dA2Mk56wEzDgegdC6R17g,https://api.spotify.com/v1/audio-analysis/0dA2Mk56wEzDgegdC6R17g,210091,4
29,Weak,AJR,1481624,https://open.spotify.com/track/3E2Zh20GDCR9B1EYjfXWyv,3E2Zh20GDCR9B1EYjfXWyv,0.673,0.637,5,-4.518,1,0.0429,0.137,0,0.184,0.678,123.98,audio_features,3E2Zh20GDCR9B1EYjfXWyv,spotify:track:3E2Zh20GDCR9B1EYjfXWyv,https://api.spotify.com/v1/tracks/3E2Zh20GDCR9B1EYjfXWyv,https://api.spotify.com/v1/audio-analysis/3E2Zh20GDCR9B1EYjfXWyv,201160,4
30,Solo Dance,Martin Jensen,1481431,https://open.spotify.com/track/6HUnnBwYZqcED1eQztxMBN,6HUnnBwYZqcED1eQztxMBN,0.744,0.836,6,-2.396,0,0.0507,0.0435,0,0.194,0.36,114.965,audio_features,6HUnnBwYZqcED1eQztxMBN,spotify:track:6HUnnBwYZqcED1eQztxMBN,https://api.spotify.com/v1/tracks/6HUnnBwYZqcED1eQztxMBN,https://api.spotify.com/v1/audio-analysis/6HUnnBwYZqcED1eQztxMBN,174933,4
31,Fake Love,Drake,1454496,https://open.spotify.com/track/343YBumqHu19cGoGARUTsd,343YBumqHu19cGoGARUTsd,0.928,0.481,9,-9.35,0,0.287,0.105,0,0.176,0.613,134.007,audio_features,343YBumqHu19cGoGARUTsd,spotify:track:343YBumqHu19cGoGARUTsd,https://api.spotify.com/v1/tracks/343YBumqHu19cGoGARUTsd,https://api.spotify.com/v1/audio-analysis/343YBumqHu19cGoGARUTsd,210937,4
32,Let Me Love You,DJ Snake,1443675,https://open.spotify.com/track/4pdPtRcBmOSQDlJ3Fk945m,4pdPtRcBmOSQDlJ3Fk945m,0.476,0.718,8,-5.309,1,0.0576,0.0784,1.02e-05,0.122,0.142,199.864,audio_features,4pdPtRcBmOSQDlJ3Fk945m,spotify:track:4pdPtRcBmOSQDlJ3Fk945m,https://api.spotify.com/v1/tracks/4pdPtRcBmOSQDlJ3Fk945m,https://api.spotify.com/v1/audio-analysis/4pdPtRcBmOSQDlJ3Fk945m,205947,4
33,All Night,The Vamps,1438872,https://open.spotify.com/track/1yNyoWWWikbLhwIGWjZuDW,1yNyoWWWikbLhwIGWjZuDW,0.563,0.775,8,-6.433,1,0.0366,0.00251,0,0.326,0.458,144.945,audio_features,1yNyoWWWikbLhwIGWjZuDW,spotify:track:1yNyoWWWikbLhwIGWjZuDW,https://api.spotify.com/v1/tracks/1yNyoWWWikbLhwIGWjZuDW,https://api.spotify.com/v1/audio-analysis/1yNyoWWWikbLhwIGWjZuDW,197793,4
34,Bounce Back,Big Sean,1438613,https://open.spotify.com/track/0SGkqnVQo9KPytSri1H6cF,0SGkqnVQo9KPytSri1H6cF,0.78,0.575,1,-5.628,0,0.139,0.106,0,0.129,0.273,81.502,audio_features,0SGkqnVQo9KPytSri1H6cF,spotify:track:0SGkqnVQo9KPytSri1H6cF,https://api.spotify.com/v1/tracks/0SGkqnVQo9KPytSri1H6cF,https://api.spotify.com/v1/audio-analysis/0SGkqnVQo9KPytSri1H6cF,222360,4
35,All Time Low,Jon Bellion,1436590,https://open.spotify.com/track/1CnPYaKxTVb4LWOtiGOm0m,1CnPYaKxTVb4LWOtiGOm0m,0.617,0.567,0,-4.188,1,0.0828,0.0584,0,0.0933,0.505,90.246,audio_features,1CnPYaKxTVb4LWOtiGOm0m,spotify:track:1CnPYaKxTVb4LWOtiGOm0m,https://api.spotify.com/v1/tracks/1CnPYaKxTVb4LWOtiGOm0m,https://api.spotify.com/v1/audio-analysis/1CnPYaKxTVb4LWOtiGOm0m,217603,4
36,Don't Wanna Know,Maroon 5,1399890,https://open.spotify.com/track/5MFzQMkrl1FOOng9tq6R9r,5MFzQMkrl1FOOng9tq6R9r,0.783,0.623,7,-6.126,1,0.08,0.338,0,0.0975,0.447,100.048,audio_features,5MFzQMkrl1FOOng9tq6R9r,spotify:track:5MFzQMkrl1FOOng9tq6R9r,https://api.spotify.com/v1/tracks/5MFzQMkrl1FOOng9tq6R9r,https://api.spotify.com/v1/audio-analysis/5MFzQMkrl1FOOng9tq6R9r,214480,4
37,24K Magic,Bruno Mars,1393641,https://open.spotify.com/track/6b8Be6ljOzmkOmFslEb23P,6b8Be6ljOzmkOmFslEb23P,0.818,0.803,1,-4.282,1,0.0797,0.034,0,0.153,0.632,106.97,audio_features,6b8Be6ljOzmkOmFslEb23P,spotify:track:6b8Be6ljOzmkOmFslEb23P,https://api.spotify.com/v1/tracks/6b8Be6ljOzmkOmFslEb23P,https://api.spotify.com/v1/audio-analysis/6b8Be6ljOzmkOmFslEb23P,225983,4
38,El Amante,Nicky Jam,1350718,https://open.spotify.com/track/3umS4y3uQDkqekNjVpiRUs,3umS4y3uQDkqekNjVpiRUs,0.683,0.691,8,-5.535,1,0.0432,0.243,0,0.14,0.732,179.91,audio_features,3umS4y3uQDkqekNjVpiRUs,spotify:track:3umS4y3uQDkqekNjVpiRUs,https://api.spotify.com/v1/tracks/3umS4y3uQDkqekNjVpiRUs,https://api.spotify.com/v1/audio-analysis/3umS4y3uQDkqekNjVpiRUs,219507,4
39,One Dance,Drake,1280103,https://open.spotify.com/track/1xznGGDReH1oQq0xzbwXa3,1xznGGDReH1oQq0xzbwXa3,0.791,0.619,1,-5.886,1,0.0532,0.00784,0.00423,0.351,0.371,103.989,audio_features,1xznGGDReH1oQq0xzbwXa3,spotify:track:1xznGGDReH1oQq0xzbwXa3,https://api.spotify.com/v1/tracks/1xznGGDReH1oQq0xzbwXa3,https://api.spotify.com/v1/audio-analysis/1xznGGDReH1oQq0xzbwXa3,173987,4
40,Reggaetón Lento (Bailemos),CNCO,1255525,https://open.spotify.com/track/3AEZUABDXNtecAOSC1qTfo,3AEZUABDXNtecAOSC1qTfo,0.761,0.838,4,-3.073,0,0.0502,0.4,0,0.176,0.71,93.974,audio_features,3AEZUABDXNtecAOSC1qTfo,spotify:track:3AEZUABDXNtecAOSC1qTfo,https://api.spotify.com/v1/tracks/3AEZUABDXNtecAOSC1qTfo,https://api.spotify.com/v1/audio-analysis/3AEZUABDXNtecAOSC1qTfo,222560,4
41,Congratulations,Post Malone,1247632,https://open.spotify.com/track/3a1lNhkSLSkpJE4MSHpDu9,3a1lNhkSLSkpJE4MSHpDu9,0.63,0.804,6,-4.183,1,0.0363,0.215,0,0.253,0.492,123.146,audio_features,3a1lNhkSLSkpJE4MSHpDu9,spotify:track:3a1lNhkSLSkpJE4MSHpDu9,https://api.spotify.com/v1/tracks/3a1lNhkSLSkpJE4MSHpDu9,https://api.spotify.com/v1/audio-analysis/3a1lNhkSLSkpJE4MSHpDu9,220293,4
42,Shed a Light,Robin Schulz,1202126,https://open.spotify.com/track/1cG0umU5TKStygKsPFZ9pY,1cG0umU5TKStygKsPFZ9pY,0.483,0.787,8,-5.244,1,0.102,0.112,0,0.257,0.58,122.058,audio_features,1cG0umU5TKStygKsPFZ9pY,spotify:track:1cG0umU5TKStygKsPFZ9pY,https://api.spotify.com/v1/tracks/1cG0umU5TKStygKsPFZ9pY,https://api.spotify.com/v1/audio-analysis/1cG0umU5TKStygKsPFZ9pY,191379,4
43,Don't Leave,Snakehips,1178481,https://open.spotify.com/track/0Zx8khUcEfCFK2AEoIhC92,0Zx8khUcEfCFK2AEoIhC92,0.657,0.703,1,-3.402,1,0.0753,0.222,0,0.256,0.338,122.381,audio_features,0Zx8khUcEfCFK2AEoIhC92,spotify:track:0Zx8khUcEfCFK2AEoIhC92,https://api.spotify.com/v1/tracks/0Zx8khUcEfCFK2AEoIhC92,https://api.spotify.com/v1/audio-analysis/0Zx8khUcEfCFK2AEoIhC92,214693,4
44,Cold Water (feat. Justin Bieber & MØ),Major Lazer,1110942,https://open.spotify.com/track/6DNtNfH8hXkqOX1sjqmI7p,6DNtNfH8hXkqOX1sjqmI7p,0.608,0.798,6,-5.092,0,0.0432,0.0736,0,0.156,0.501,92.943,audio_features,6DNtNfH8hXkqOX1sjqmI7p,spotify:track:6DNtNfH8hXkqOX1sjqmI7p,https://api.spotify.com/v1/tracks/6DNtNfH8hXkqOX1sjqmI7p,https://api.spotify.com/v1/audio-analysis/6DNtNfH8hXkqOX1sjqmI7p,185352,4
45,Hear Me Now,Alok,1105106,https://open.spotify.com/track/1a5Yu5L18qNxVhXx38njON,1a5Yu5L18qNxVhXx38njON,0.788,0.43,11,-7.757,1,0.0419,0.537,0.00261,0.0936,0.461,121.996,audio_features,1a5Yu5L18qNxVhXx38njON,spotify:track:1a5Yu5L18qNxVhXx38njON,https://api.spotify.com/v1/tracks/1a5Yu5L18qNxVhXx38njON,https://api.spotify.com/v1/audio-analysis/1a5Yu5L18qNxVhXx38njON,192846,4
46,In the Name of Love,Martin Garrix,1092955,https://open.spotify.com/track/04DwTuZ2VBdJCCC5TROn7L,04DwTuZ2VBdJCCC5TROn7L,0.49,0.485,4,-6.237,0,0.0406,0.0592,0,0.337,0.196,133.889,audio_features,04DwTuZ2VBdJCCC5TROn7L,spotify:track:04DwTuZ2VBdJCCC5TROn7L,https://api.spotify.com/v1/tracks/04DwTuZ2VBdJCCC5TROn7L,https://api.spotify.com/v1/audio-analysis/04DwTuZ2VBdJCCC5TROn7L,195840,4
47,Now and Later,Sage The Gemini,1073923,https://open.spotify.com/track/43jBqV3j3Xi1g6wO0bhIMd,43jBqV3j3Xi1g6wO0bhIMd,0.781,0.57,11,-5.874,0,0.188,0.273,0,0.196,0.858,107.059,audio_features,43jBqV3j3Xi1g6wO0bhIMd,spotify:track:43jBqV3j3Xi1g6wO0bhIMd,https://api.spotify.com/v1/tracks/43jBqV3j3Xi1g6wO0bhIMd,https://api.spotify.com/v1/audio-analysis/43jBqV3j3Xi1g6wO0bhIMd,193181,4
48,You Don't Know Me - Radio Edit,Jax Jones,1051509,https://open.spotify.com/track/00lNx0OcTJrS3MKHcB80HY,00lNx0OcTJrS3MKHcB80HY,0.876,0.669,11,-6.054,0,0.138,0.163,0,0.185,0.682,124.007,audio_features,00lNx0OcTJrS3MKHcB80HY,spotify:track:00lNx0OcTJrS3MKHcB80HY,https://api.spotify.com/v1/tracks/00lNx0OcTJrS3MKHcB80HY,https://api.spotify.com/v1/audio-analysis/00lNx0OcTJrS3MKHcB80HY,213947,4
49,Side To Side,Ariana Grande,1048184,https://open.spotify.com/track/4pLwZjInHj3SimIyN9SnOz,4pLwZjInHj3SimIyN9SnOz,0.648,0.738,6,-5.883,0,0.247,0.0408,0,0.292,0.603,159.145,audio_features,4pLwZjInHj3SimIyN9SnOz,spotify:track:4pLwZjInHj3SimIyN9SnOz,https://api.spotify.com/v1/tracks/4pLwZjInHj3SimIyN9SnOz,https://api.spotify.com/v1/audio-analysis/4pLwZjInHj3SimIyN9SnOz,226160,4
50,Love,Lana Del Rey,960257,https://open.spotify.com/track/0n2bvWvMwr0gbjcuTm92eW,0n2bvWvMwr0gbjcuTm92eW,0.322,0.352,10,-10.986,1,0.0309,0.455,0.00333,0.11,0.266,70.429,audio_features,0n2bvWvMwr0gbjcuTm92eW,spotify:track:0n2bvWvMwr0gbjcuTm92eW,https://api.spotify.com/v1/tracks/0n2bvWvMwr0gbjcuTm92eW,https://api.spotify.com/v1/audio-analysis/0n2bvWvMwr0gbjcuTm92eW,278360,3
51,T-Shirt,Migos,948706,https://open.spotify.com/track/7KOlJ92bu51cltsD9KU5I7,7KOlJ92bu51cltsD9KU5I7,0.865,0.687,10,-3.744,0,0.217,0.242,0,0.158,0.486,139.023,audio_features,7KOlJ92bu51cltsD9KU5I7,spotify:track:7KOlJ92bu51cltsD9KU5I7,https://api.spotify.com/v1/tracks/7KOlJ92bu51cltsD9KU5I7,https://api.spotify.com/v1/audio-analysis/7KOlJ92bu51cltsD9KU5I7,242407,4
52,Tunnel Vision,Kodak Black,948186,https://open.spotify.com/track/4Q3N4Ct4zCuIHuZ65E3BD4,4Q3N4Ct4zCuIHuZ65E3BD4,0.497,0.489,11,-7.724,0,0.294,0.0576,9.91e-05,0.122,0.231,171.853,audio_features,4Q3N4Ct4zCuIHuZ65E3BD4,spotify:track:4Q3N4Ct4zCuIHuZ65E3BD4,https://api.spotify.com/v1/tracks/4Q3N4Ct4zCuIHuZ65E3BD4,https://api.spotify.com/v1/audio-analysis/4Q3N4Ct4zCuIHuZ65E3BD4,268187,4
53,How Would You Feel (Paean),Ed Sheeran,938169,https://open.spotify.com/track/6PJ8FF6UR8FZXfEvpHkIVN,6PJ8FF6UR8FZXfEvpHkIVN,0.617,0.439,9,-5.63,1,0.0269,0.424,0,0.127,0.242,139.979,audio_features,6PJ8FF6UR8FZXfEvpHkIVN,spotify:track:6PJ8FF6UR8FZXfEvpHkIVN,https://api.spotify.com/v1/tracks/6PJ8FF6UR8FZXfEvpHkIVN,https://api.spotify.com/v1/audio-analysis/6PJ8FF6UR8FZXfEvpHkIVN,280533,4
54,Black Beatles,Rae Sremmurd,928999,https://open.spotify.com/track/6fujklziTHa8uoM5OQSfIo,6fujklziTHa8uoM5OQSfIo,0.794,0.632,0,-6.163,1,0.0649,0.142,0,0.128,0.355,145.926,audio_features,6fujklziTHa8uoM5OQSfIo,spotify:track:6fujklziTHa8uoM5OQSfIo,https://api.spotify.com/v1/tracks/6fujklziTHa8uoM5OQSfIo,https://api.spotify.com/v1/audio-analysis/6fujklziTHa8uoM5OQSfIo,291893,4
55,Otra vez (feat. J Balvin),Zion & Lennox,915877,https://open.spotify.com/track/3QwBODjSEzelZyVjxPOHdq,3QwBODjSEzelZyVjxPOHdq,0.832,0.772,10,-5.429,1,0.1,0.0559,0.000486,0.44,0.704,96.016,audio_features,3QwBODjSEzelZyVjxPOHdq,spotify:track:3QwBODjSEzelZyVjxPOHdq,https://api.spotify.com/v1/tracks/3QwBODjSEzelZyVjxPOHdq,https://api.spotify.com/v1/audio-analysis/3QwBODjSEzelZyVjxPOHdq,209453,4
56,I Got You,Bebe Rexha,901415,https://open.spotify.com/track/1FUViuNSldssMIawrOXF2i,1FUViuNSldssMIawrOXF2i,0.609,0.887,9,-4.749,0,0.0507,0.0504,4.76e-06,0.09,0.316,97.99,audio_features,1FUViuNSldssMIawrOXF2i,spotify:track:1FUViuNSldssMIawrOXF2i,https://api.spotify.com/v1/tracks/1FUViuNSldssMIawrOXF2i,https://api.spotify.com/v1/audio-analysis/1FUViuNSldssMIawrOXF2i,191812,4
57,I Would Like,Zara Larsson,878400,https://open.spotify.com/track/4Q4jmPHwu0wrJvqrld0FQ6,4Q4jmPHwu0wrJvqrld0FQ6,0.486,0.713,2,-3.949,0,0.0524,0.0853,0,0.0839,0.297,121.028,audio_features,4Q4jmPHwu0wrJvqrld0FQ6,spotify:track:4Q4jmPHwu0wrJvqrld0FQ6,https://api.spotify.com/v1/tracks/4Q4jmPHwu0wrJvqrld0FQ6,https://api.spotify.com/v1/audio-analysis/4Q4jmPHwu0wrJvqrld0FQ6,226720,4
58,Sunset Lover,Petit Biscuit,877078,https://open.spotify.com/track/0hNduWmlWmEmuwEFcYvRu1,0hNduWmlWmEmuwEFcYvRu1,0.783,0.467,6,-9.474,1,0.0503,0.729,0.809,0.109,0.236,90.838,audio_features,0hNduWmlWmEmuwEFcYvRu1,spotify:track:0hNduWmlWmEmuwEFcYvRu1,https://api.spotify.com/v1/tracks/0hNduWmlWmEmuwEFcYvRu1,https://api.spotify.com/v1/audio-analysis/0hNduWmlWmEmuwEFcYvRu1,237793,4
59,Starving,Hailee Steinfeld,867577,https://open.spotify.com/track/1qOLh0tI7trd1zdDKxYZTe,1qOLh0tI7trd1zdDKxYZTe,0.636,0.633,4,-4.23,1,0.126,0.371,0,0.102,0.512,99.721,audio_features,1qOLh0tI7trd1zdDKxYZTe,spotify:track:1qOLh0tI7trd1zdDKxYZTe,https://api.spotify.com/v1/tracks/1qOLh0tI7trd1zdDKxYZTe,https://api.spotify.com/v1/audio-analysis/1qOLh0tI7trd1zdDKxYZTe,181880,4
60,My Way,Calvin Harris,853940,https://open.spotify.com/track/1vvNmPOiUuyCbgWmtc6yfm,1vvNmPOiUuyCbgWmtc6yfm,0.819,0.913,4,-3.059,0,0.0427,0.0935,3.72e-05,0.161,0.536,119.989,audio_features,1vvNmPOiUuyCbgWmtc6yfm,spotify:track:1vvNmPOiUuyCbgWmtc6yfm,https://api.spotify.com/v1/tracks/1vvNmPOiUuyCbgWmtc6yfm,https://api.spotify.com/v1/audio-analysis/1vvNmPOiUuyCbgWmtc6yfm,219160,4
61,SUBEME LA RADIO (feat. Descemer Bueno & Zion & Lennox),Enrique Iglesias,829702,https://open.spotify.com/track/7nKBxz47S9SD79N086fuhn,7nKBxz47S9SD79N086fuhn,0.684,0.823,9,-3.297,0,0.0773,0.0744,0,0.111,0.647,91.048,audio_features,7nKBxz47S9SD79N086fuhn,spotify:track:7nKBxz47S9SD79N086fuhn,https://api.spotify.com/v1/tracks/7nKBxz47S9SD79N086fuhn,https://api.spotify.com/v1/audio-analysis/7nKBxz47S9SD79N086fuhn,208163,4
62,Water Under the Bridge,Adele,825329,https://open.spotify.com/track/4vb4mFvYsr2h6enhjJsq9Y,4vb4mFvYsr2h6enhjJsq9Y,0.596,0.838,5,-6.52,0,0.0704,0.0189,1.54e-05,0.108,0.472,94.982,audio_features,4vb4mFvYsr2h6enhjJsq9Y,spotify:track:4vb4mFvYsr2h6enhjJsq9Y,https://api.spotify.com/v1/tracks/4vb4mFvYsr2h6enhjJsq9Y,https://api.spotify.com/v1/audio-analysis/4vb4mFvYsr2h6enhjJsq9Y,240427,4
63,Safari,J Balvin,823721,https://open.spotify.com/track/6rQSrBHf7HlZjtcMZ4S4bO,6rQSrBHf7HlZjtcMZ4S4bO,0.508,0.687,0,-4.361,1,0.326,0.551,3.41e-06,0.126,0.555,180.044,audio_features,6rQSrBHf7HlZjtcMZ4S4bO,spotify:track:6rQSrBHf7HlZjtcMZ4S4bO,https://api.spotify.com/v1/tracks/6rQSrBHf7HlZjtcMZ4S4bO,https://api.spotify.com/v1/audio-analysis/6rQSrBHf7HlZjtcMZ4S4bO,205600,4
64,Human,Rag'n'Bone Man,815512,https://open.spotify.com/track/58zsLZPvfflaiIbNWoA22O,58zsLZPvfflaiIbNWoA22O,0.602,0.707,11,-4.097,1,0.302,0.393,0,0.165,0.554,75.09,audio_features,58zsLZPvfflaiIbNWoA22O,spotify:track:58zsLZPvfflaiIbNWoA22O,https://api.spotify.com/v1/tracks/58zsLZPvfflaiIbNWoA22O,https://api.spotify.com/v1/audio-analysis/58zsLZPvfflaiIbNWoA22O,200187,4
65,Caroline,Aminé,800414,https://open.spotify.com/track/5GFDrUTLGJix84sNhjCG0g,5GFDrUTLGJix84sNhjCG0g,0.945,0.394,10,-8.571,1,0.492,0.303,0,0.131,0.743,120.058,audio_features,5GFDrUTLGJix84sNhjCG0g,spotify:track:5GFDrUTLGJix84sNhjCG0g,https://api.spotify.com/v1/tracks/5GFDrUTLGJix84sNhjCG0g,https://api.spotify.com/v1/audio-analysis/5GFDrUTLGJix84sNhjCG0g,209747,4
66,Alone,Alan Walker,793322,https://open.spotify.com/track/0JiVRyTJcJnmlwCZ854K4p,0JiVRyTJcJnmlwCZ854K4p,0.676,0.929,10,-3.194,1,0.0458,0.186,0.000405,0.121,0.157,97.019,audio_features,0JiVRyTJcJnmlwCZ854K4p,spotify:track:0JiVRyTJcJnmlwCZ854K4p,https://api.spotify.com/v1/tracks/0JiVRyTJcJnmlwCZ854K4p,https://api.spotify.com/v1/audio-analysis/0JiVRyTJcJnmlwCZ854K4p,161200,4
67,Body Like A Back Road,Sam Hunt,790363,https://open.spotify.com/track/7mldq42yDuxiUNn08nvzHO,7mldq42yDuxiUNn08nvzHO,0.732,0.458,5,-7.225,1,0.0311,0.447,0,0.136,0.661,98.938,audio_features,7mldq42yDuxiUNn08nvzHO,spotify:track:7mldq42yDuxiUNn08nvzHO,https://api.spotify.com/v1/tracks/7mldq42yDuxiUNn08nvzHO,https://api.spotify.com/v1/audio-analysis/7mldq42yDuxiUNn08nvzHO,165387,4
68,Mask Off,Future,783468,https://open.spotify.com/track/3rOSwuTsUlJp0Pu0MkN8r8,3rOSwuTsUlJp0Pu0MkN8r8,0.833,0.434,2,-8.795,1,0.431,0.0102,0.0219,0.165,0.281,150.062,audio_features,3rOSwuTsUlJp0Pu0MkN8r8,spotify:track:3rOSwuTsUlJp0Pu0MkN8r8,https://api.spotify.com/v1/tracks/3rOSwuTsUlJp0Pu0MkN8r8,https://api.spotify.com/v1/audio-analysis/3rOSwuTsUlJp0Pu0MkN8r8,204600,4
69,"CAN'T STOP THE FEELING! (Original Song from DreamWorks Animation's ""TROLLS"")",Justin Timberlake,782470,https://open.spotify.com/track/6JV2JOEocMgcZxYSZelKcc,6JV2JOEocMgcZxYSZelKcc,0.667,0.83,0,-5.715,1,0.0749,0.0123,0,0.191,0.701,113.03,audio_features,6JV2JOEocMgcZxYSZelKcc,spotify:track:6JV2JOEocMgcZxYSZelKcc,https://api.spotify.com/v1/tracks/6JV2JOEocMgcZxYSZelKcc,https://api.spotify.com/v1/audio-analysis/6JV2JOEocMgcZxYSZelKcc,236002,4
70,Heathens,Twenty One Pilots,776986,https://open.spotify.com/track/6i0V12jOa3mr6uu4WYhUBr,6i0V12jOa3mr6uu4WYhUBr,0.732,0.396,4,-9.348,0,0.0286,0.0841,3.58e-05,0.105,0.548,90.024,audio_features,6i0V12jOa3mr6uu4WYhUBr,spotify:track:6i0V12jOa3mr6uu4WYhUBr,https://api.spotify.com/v1/tracks/6i0V12jOa3mr6uu4WYhUBr,https://api.spotify.com/v1/audio-analysis/6i0V12jOa3mr6uu4WYhUBr,195920,4
71,Swang,Rae Sremmurd,774499,https://open.spotify.com/track/6mapJIPnQ23RTAevUoE0DL,6mapJIPnQ23RTAevUoE0DL,0.681,0.314,8,-9.319,1,0.0581,0.2,9.82e-06,0.1,0.166,139.992,audio_features,6mapJIPnQ23RTAevUoE0DL,spotify:track:6mapJIPnQ23RTAevUoE0DL,https://api.spotify.com/v1/tracks/6mapJIPnQ23RTAevUoE0DL,https://api.spotify.com/v1/audio-analysis/6mapJIPnQ23RTAevUoE0DL,208120,4
72,It's Gotta Be You,Isaiah Firebrace,761914,https://open.spotify.com/track/6cAKeFFYW2aClZSUyvqAEW,6cAKeFFYW2aClZSUyvqAEW,0.422,0.745,8,-4.632,1,0.0378,0.221,0,0.0981,0.588,95.487,audio_features,6cAKeFFYW2aClZSUyvqAEW,spotify:track:6cAKeFFYW2aClZSUyvqAEW,https://api.spotify.com/v1/tracks/6cAKeFFYW2aClZSUyvqAEW,https://api.spotify.com/v1/audio-analysis/6cAKeFFYW2aClZSUyvqAEW,193447,4
73,Treat You Better,Shawn Mendes,757730,https://open.spotify.com/track/4Hf7WnR761jpxPr5D46Bcd,4Hf7WnR761jpxPr5D46Bcd,0.624,0.803,10,-4.105,0,0.246,0.123,0,0.114,0.821,166.018,audio_features,4Hf7WnR761jpxPr5D46Bcd,spotify:track:4Hf7WnR761jpxPr5D46Bcd,https://api.spotify.com/v1/tracks/4Hf7WnR761jpxPr5D46Bcd,https://api.spotify.com/v1/audio-analysis/4Hf7WnR761jpxPr5D46Bcd,187973,4
74,Touch,Little Mix,751863,https://open.spotify.com/track/5Ua3GXyHwiSfpNTMjq6m2z,5Ua3GXyHwiSfpNTMjq6m2z,0.607,0.718,4,-4.095,1,0.0978,0.032,0,0.403,0.551,101.821,audio_features,5Ua3GXyHwiSfpNTMjq6m2z,spotify:track:5Ua3GXyHwiSfpNTMjq6m2z,https://api.spotify.com/v1/tracks/5Ua3GXyHwiSfpNTMjq6m2z,https://api.spotify.com/v1/audio-analysis/5Ua3GXyHwiSfpNTMjq6m2z,213307,4
75,Mercy,Shawn Mendes,751535,https://open.spotify.com/track/4TZy1wLyHec06pwgFYDh1a,4TZy1wLyHec06pwgFYDh1a,0.469,0.68,11,-4.921,0,0.117,0.137,0,0.11,0.374,147.734,audio_features,4TZy1wLyHec06pwgFYDh1a,spotify:track:4TZy1wLyHec06pwgFYDh1a,https://api.spotify.com/v1/tracks/4TZy1wLyHec06pwgFYDh1a,https://api.spotify.com/v1/audio-analysis/4TZy1wLyHec06pwgFYDh1a,208733,4
76,Don't Let Me Down (feat. Daya),The Chainsmokers,748541,https://open.spotify.com/track/0QsvXIfqM0zZoerQfsI9lm,0QsvXIfqM0zZoerQfsI9lm,0.542,0.859,11,-5.651,1,0.197,0.16,0.00466,0.137,0.403,159.797,audio_features,0QsvXIfqM0zZoerQfsI9lm,spotify:track:0QsvXIfqM0zZoerQfsI9lm,https://api.spotify.com/v1/tracks/0QsvXIfqM0zZoerQfsI9lm,https://api.spotify.com/v1/audio-analysis/0QsvXIfqM0zZoerQfsI9lm,208053,4
77,Comin Out Strong (feat. The Weeknd),Future,742725,https://open.spotify.com/track/3mRcWCyteY2133a7xVMrYw,3mRcWCyteY2133a7xVMrYw,0.628,0.481,1,-7.775,1,0.475,0.29,0,0.118,0.33,108.761,audio_features,3mRcWCyteY2133a7xVMrYw,spotify:track:3mRcWCyteY2133a7xVMrYw,https://api.spotify.com/v1/tracks/3mRcWCyteY2133a7xVMrYw,https://api.spotify.com/v1/audio-analysis/3mRcWCyteY2133a7xVMrYw,254370,5
78,Photograph,Ed Sheeran,733772,https://open.spotify.com/track/6fxVffaTuwjgEk5h9QyRjy,6fxVffaTuwjgEk5h9QyRjy,0.614,0.379,4,-10.48,1,0.0476,0.607,0.000464,0.0986,0.201,107.989,audio_features,6fxVffaTuwjgEk5h9QyRjy,spotify:track:6fxVffaTuwjgEk5h9QyRjy,https://api.spotify.com/v1/tracks/6fxVffaTuwjgEk5h9QyRjy,https://api.spotify.com/v1/audio-analysis/6fxVffaTuwjgEk5h9QyRjy,258987,4
79,History,Olivia Holt,727055,https://open.spotify.com/track/0WCEaydwN65cvwaW8aqptF,0WCEaydwN65cvwaW8aqptF,0.76,0.63,1,-6.752,1,0.0582,0.096,0,0.113,0.502,100.977,audio_features,0WCEaydwN65cvwaW8aqptF,spotify:track:0WCEaydwN65cvwaW8aqptF,https://api.spotify.com/v1/tracks/0WCEaydwN65cvwaW8aqptF,https://api.spotify.com/v1/audio-analysis/0WCEaydwN65cvwaW8aqptF,203992,4
80,Vente Pa' Ca (feat. Maluma),Ricky Martin,723120,https://open.spotify.com/track/7DM4BPaS7uofFul3ywMe46,7DM4BPaS7uofFul3ywMe46,0.663,0.92,11,-4.07,0,0.226,0.00431,1.69e-05,0.101,0.533,99.935,audio_features,7DM4BPaS7uofFul3ywMe46,spotify:track:7DM4BPaS7uofFul3ywMe46,https://api.spotify.com/v1/tracks/7DM4BPaS7uofFul3ywMe46,https://api.spotify.com/v1/audio-analysis/7DM4BPaS7uofFul3ywMe46,259196,4
81,Scars To Your Beautiful,Alessia Cara,700359,https://open.spotify.com/track/0prNGof3XqfTvNDxHonvdK,0prNGof3XqfTvNDxHonvdK,0.573,0.739,0,-5.74,1,0.129,0.0285,0,0.111,0.451,97.085,audio_features,0prNGof3XqfTvNDxHonvdK,spotify:track:0prNGof3XqfTvNDxHonvdK,https://api.spotify.com/v1/tracks/0prNGof3XqfTvNDxHonvdK,https://api.spotify.com/v1/audio-analysis/0prNGof3XqfTvNDxHonvdK,230227,4
82,September Song,JP Cooper,694797,https://open.spotify.com/track/0FuTx2s3YH1ppmtiM6l0zI,0FuTx2s3YH1ppmtiM6l0zI,0.623,0.654,0,-5.675,0,0.0372,0.0545,0,0.0838,0.401,95.921,audio_features,0FuTx2s3YH1ppmtiM6l0zI,spotify:track:0FuTx2s3YH1ppmtiM6l0zI,https://api.spotify.com/v1/tracks/0FuTx2s3YH1ppmtiM6l0zI,https://api.spotify.com/v1/audio-analysis/0FuTx2s3YH1ppmtiM6l0zI,220291,4
83,Selfish (feat. Rihanna),Future,694701,https://open.spotify.com/track/2Ce5IyMlVRVvN997ZJjJJA,2Ce5IyMlVRVvN997ZJjJJA,0.415,0.369,8,-10.044,1,0.0741,0.0303,7.64e-06,0.383,0.0913,95.746,audio_features,2Ce5IyMlVRVvN997ZJjJJA,spotify:track:2Ce5IyMlVRVvN997ZJjJJA,https://api.spotify.com/v1/tracks/2Ce5IyMlVRVvN997ZJjJJA,https://api.spotify.com/v1/audio-analysis/2Ce5IyMlVRVvN997ZJjJJA,251423,4
84,All We Know,The Chainsmokers,694497,https://open.spotify.com/track/2rizacJSyD9S1IQUxUxnsK,2rizacJSyD9S1IQUxUxnsK,0.662,0.586,0,-8.821,1,0.0307,0.097,0.00272,0.115,0.296,90.0,audio_features,2rizacJSyD9S1IQUxUxnsK,spotify:track:2rizacJSyD9S1IQUxUxnsK,https://api.spotify.com/v1/tracks/2rizacJSyD9S1IQUxUxnsK,https://api.spotify.com/v1/audio-analysis/2rizacJSyD9S1IQUxUxnsK,194080,4
85,Party Monster,The Weeknd,694133,https://open.spotify.com/track/4F7A0DXBrmUAkp32uenhZt,4F7A0DXBrmUAkp32uenhZt,0.573,0.63,1,-8.389,1,0.105,0.189,2.31e-05,0.259,0.218,77.525,audio_features,4F7A0DXBrmUAkp32uenhZt,spotify:track:4F7A0DXBrmUAkp32uenhZt,https://api.spotify.com/v1/tracks/4F7A0DXBrmUAkp32uenhZt,https://api.spotify.com/v1/audio-analysis/4F7A0DXBrmUAkp32uenhZt,249213,4
86,Broccoli (feat. Lil Yachty),Shelley FKA DRAM,691093,https://open.spotify.com/track/7yyRTcZmCiyzzJlNzGC9Ol,7yyRTcZmCiyzzJlNzGC9Ol,0.886,0.525,8,-7.39,1,0.131,0.236,0,0.057,0.708,145.99,audio_features,7yyRTcZmCiyzzJlNzGC9Ol,spotify:track:7yyRTcZmCiyzzJlNzGC9Ol,https://api.spotify.com/v1/tracks/7yyRTcZmCiyzzJlNzGC9Ol,https://api.spotify.com/v1/audio-analysis/7yyRTcZmCiyzzJlNzGC9Ol,225205,4
87,Thinking out Loud,Ed Sheeran,680758,https://open.spotify.com/track/1Slwb6dOYkBlWal1PGtnNg,1Slwb6dOYkBlWal1PGtnNg,0.781,0.445,2,-6.061,1,0.0295,0.474,0,0.184,0.591,78.998,audio_features,1Slwb6dOYkBlWal1PGtnNg,spotify:track:1Slwb6dOYkBlWal1PGtnNg,https://api.spotify.com/v1/tracks/1Slwb6dOYkBlWal1PGtnNg,https://api.spotify.com/v1/audio-analysis/1Slwb6dOYkBlWal1PGtnNg,281560,4
88,Vacaciones,Wisin,671101,https://open.spotify.com/track/3dQDid3IUNhZy1OehIfYfE,3dQDid3IUNhZy1OehIfYfE,0.772,0.909,6,-3.225,0,0.166,0.256,0,0.255,0.694,96.031,audio_features,3dQDid3IUNhZy1OehIfYfE,spotify:track:3dQDid3IUNhZy1OehIfYfE,https://api.spotify.com/v1/tracks/3dQDid3IUNhZy1OehIfYfE,https://api.spotify.com/v1/audio-analysis/3dQDid3IUNhZy1OehIfYfE,238800,4
89,"Ay Mi Dios (feat. Pitbull, Yandel & Chacal)",IAmChino,667024,https://open.spotify.com/track/6stYbAJgTszHAHZMPxWWCY,6stYbAJgTszHAHZMPxWWCY,0.761,0.829,0,-3.203,0,0.0681,0.167,0,0.189,0.813,92.033,audio_features,6stYbAJgTszHAHZMPxWWCY,spotify:track:6stYbAJgTszHAHZMPxWWCY,https://api.spotify.com/v1/tracks/6stYbAJgTszHAHZMPxWWCY,https://api.spotify.com/v1/audio-analysis/6stYbAJgTszHAHZMPxWWCY,252003,4
90,La Rompe Corazones,Daddy Yankee,666572,https://open.spotify.com/track/4okba5wu9mMLXx79DXLKi3,4okba5wu9mMLXx79DXLKi3,0.685,0.859,5,-2.595,0,0.0553,0.116,0,0.317,0.891,176.018,audio_features,4okba5wu9mMLXx79DXLKi3,spotify:track:4okba5wu9mMLXx79DXLKi3,https://api.spotify.com/v1/tracks/4okba5wu9mMLXx79DXLKi3,https://api.spotify.com/v1/audio-analysis/4okba5wu9mMLXx79DXLKi3,204520,4
91,Me llamas (feat. Maluma) - Remix,Piso 21,663920,https://open.spotify.com/track/5hEM0JchdVzQ5PwvSfITeX,5hEM0JchdVzQ5PwvSfITeX,0.76,0.838,7,-3.828,0,0.0529,0.547,1.3e-06,0.0664,0.745,93.05,audio_features,5hEM0JchdVzQ5PwvSfITeX,spotify:track:5hEM0JchdVzQ5PwvSfITeX,https://api.spotify.com/v1/tracks/5hEM0JchdVzQ5PwvSfITeX,https://api.spotify.com/v1/audio-analysis/5hEM0JchdVzQ5PwvSfITeX,210323,4
92,I Took A Pill In Ibiza - Seeb Remix,Mike Posner,640463,https://open.spotify.com/track/17Fd6Yb7mSbinKG8LoWfFl,17Fd6Yb7mSbinKG8LoWfFl,0.663,0.713,7,-6.647,0,0.112,0.0353,7.68e-06,0.0843,0.69,101.965,audio_features,17Fd6Yb7mSbinKG8LoWfFl,spotify:track:17Fd6Yb7mSbinKG8LoWfFl,https://api.spotify.com/v1/tracks/17Fd6Yb7mSbinKG8LoWfFl,https://api.spotify.com/v1/audio-analysis/17Fd6Yb7mSbinKG8LoWfFl,197933,4
93,"Sola (Remix) [feat. Daddy Yankee, Wisin, Farruko, Zion & Lennox]",Anuel AA,632821,https://open.spotify.com/track/5q2JbCNi4FcnglgPfxcV65,5q2JbCNi4FcnglgPfxcV65,0.639,0.869,11,-4.024,1,0.147,0.27,0,0.0802,0.767,169.801,audio_features,5q2JbCNi4FcnglgPfxcV65,spotify:track:5q2JbCNi4FcnglgPfxcV65,https://api.spotify.com/v1/tracks/5q2JbCNi4FcnglgPfxcV65,https://api.spotify.com/v1/audio-analysis/5q2JbCNi4FcnglgPfxcV65,307910,4
94,Make Me (Cry),Noah Cyrus,631867,https://open.spotify.com/track/2BrzlUj1u1CtvaJDGIKpsP,2BrzlUj1u1CtvaJDGIKpsP,0.588,0.471,0,-7.287,1,0.0577,0.592,0.00146,0.0733,0.209,152.881,audio_features,2BrzlUj1u1CtvaJDGIKpsP,spotify:track:2BrzlUj1u1CtvaJDGIKpsP,https://api.spotify.com/v1/tracks/2BrzlUj1u1CtvaJDGIKpsP,https://api.spotify.com/v1/audio-analysis/2BrzlUj1u1CtvaJDGIKpsP,242081,4
95,Moves,Big Sean,627207,https://open.spotify.com/track/0Fv5N0cHBsl4bzCbollCAS,0Fv5N0cHBsl4bzCbollCAS,0.812,0.522,2,-5.287,1,0.257,0.0433,0,0.154,0.38,75.524,audio_features,0Fv5N0cHBsl4bzCbollCAS,spotify:track:0Fv5N0cHBsl4bzCbollCAS,https://api.spotify.com/v1/tracks/0Fv5N0cHBsl4bzCbollCAS,https://api.spotify.com/v1/audio-analysis/0Fv5N0cHBsl4bzCbollCAS,142907,4
96,We Don't Talk Anymore (feat. Selena Gomez),Charlie Puth,624847,https://open.spotify.com/track/68EMU2RD1ECNeOeJ5qAXCV,68EMU2RD1ECNeOeJ5qAXCV,0.728,0.563,1,-8.053,0,0.134,0.621,0,0.179,0.352,100.017,audio_features,68EMU2RD1ECNeOeJ5qAXCV,spotify:track:68EMU2RD1ECNeOeJ5qAXCV,https://api.spotify.com/v1/tracks/68EMU2RD1ECNeOeJ5qAXCV,https://api.spotify.com/v1/audio-analysis/68EMU2RD1ECNeOeJ5qAXCV,217707,4
97,By Your Side,Jonas Blue,622552,https://open.spotify.com/track/1D3ODoXHBLpdxolZRHWV1j,1D3ODoXHBLpdxolZRHWV1j,0.696,0.743,6,-3.838,1,0.0331,0.0778,0,0.0581,0.644,122.978,audio_features,1D3ODoXHBLpdxolZRHWV1j,spotify:track:1D3ODoXHBLpdxolZRHWV1j,https://api.spotify.com/v1/tracks/1D3ODoXHBLpdxolZRHWV1j,https://api.spotify.com/v1/audio-analysis/1D3ODoXHBLpdxolZRHWV1j,201254,4
98,Versace on the Floor,Bruno Mars,617108,https://open.spotify.com/track/0kN8xEmgMW9mh7UmDYHlJP,0kN8xEmgMW9mh7UmDYHlJP,0.578,0.574,2,-6.209,1,0.0454,0.196,0,0.083,0.301,174.152,audio_features,0kN8xEmgMW9mh7UmDYHlJP,spotify:track:0kN8xEmgMW9mh7UmDYHlJP,https://api.spotify.com/v1/tracks/0kN8xEmgMW9mh7UmDYHlJP,https://api.spotify.com/v1/audio-analysis/0kN8xEmgMW9mh7UmDYHlJP,261240,4
99,Stressed Out,Twenty One Pilots,616264,https://open.spotify.com/track/3CRDbSIZ4r5MsZ0YwxuEkn,3CRDbSIZ4r5MsZ0YwxuEkn,0.734,0.637,4,-5.677,0,0.141,0.0462,2.29e-05,0.0602,0.648,169.977,audio_features,3CRDbSIZ4r5MsZ0YwxuEkn,spotify:track:3CRDbSIZ4r5MsZ0YwxuEkn,https://api.spotify.com/v1/tracks/3CRDbSIZ4r5MsZ0YwxuEkn,https://api.spotify.com/v1/audio-analysis/3CRDbSIZ4r5MsZ0YwxuEkn,202333,4
100,Ride,Twenty One Pilots,611884,https://open.spotify.com/track/2Z8WuEywRWYTKe1NybPQEW,2Z8WuEywRWYTKe1NybPQEW,0.645,0.713,6,-5.355,1,0.0393,0.00835,0,0.113,0.566,74.989,audio_features,2Z8WuEywRWYTKe1NybPQEW,spotify:track:2Z8WuEywRWYTKe1NybPQEW,https://api.spotify.com/v1/tracks/2Z8WuEywRWYTKe1NybPQEW,https://api.spotify.com/v1/audio-analysis/2Z8WuEywRWYTKe1NybPQEW,214507,4
101,Love Me Now,John Legend,610144,https://open.spotify.com/track/6nxQdXa1uAL0rY72wPZu89,6nxQdXa1uAL0rY72wPZu89,0.488,0.762,8,-3.842,1,0.0865,0.591,0,0.0763,0.709,123.889,audio_features,6nxQdXa1uAL0rY72wPZu89,spotify:track:6nxQdXa1uAL0rY72wPZu89,https://api.spotify.com/v1/tracks/6nxQdXa1uAL0rY72wPZu89,https://api.spotify.com/v1/audio-analysis/6nxQdXa1uAL0rY72wPZu89,210293,4
102,Skin,Rag'n'Bone Man,607594,https://open.spotify.com/track/6y2Kaz9QI01XBKJ8mTb7Pf,6y2Kaz9QI01XBKJ8mTb7Pf,0.565,0.745,0,-7.733,1,0.31,0.265,0,0.147,0.352,170.654,audio_features,6y2Kaz9QI01XBKJ8mTb7Pf,spotify:track:6y2Kaz9QI01XBKJ8mTb7Pf,https://api.spotify.com/v1/tracks/6y2Kaz9QI01XBKJ8mTb7Pf,https://api.spotify.com/v1/audio-analysis/6y2Kaz9QI01XBKJ8mTb7Pf,239627,4
103,Cake - Challenge Version,Flo Rida,604637,https://open.spotify.com/track/6t2ubAB4iSYOuIpRAOGd4t,6t2ubAB4iSYOuIpRAOGd4t,0.786,0.854,2,-4.247,1,0.0523,0.0729,1.63e-06,0.179,0.687,105.078,audio_features,6t2ubAB4iSYOuIpRAOGd4t,spotify:track:6t2ubAB4iSYOuIpRAOGd4t,https://api.spotify.com/v1/tracks/6t2ubAB4iSYOuIpRAOGd4t,https://api.spotify.com/v1/audio-analysis/6t2ubAB4iSYOuIpRAOGd4t,157165,4
104,The Other,Lauv,604560,https://open.spotify.com/track/1lntL1cI2UIWlxjL5QiN8g,1lntL1cI2UIWlxjL5QiN8g,0.38,0.553,7,-6.621,1,0.0653,0.421,2.63e-06,0.0788,0.384,179.629,audio_features,1lntL1cI2UIWlxjL5QiN8g,spotify:track:1lntL1cI2UIWlxjL5QiN8g,https://api.spotify.com/v1/tracks/1lntL1cI2UIWlxjL5QiN8g,https://api.spotify.com/v1/audio-analysis/1lntL1cI2UIWlxjL5QiN8g,189333,4
105,Romantic - NOTD Remix,Stanaj,594311,https://open.spotify.com/track/3SGWp9fJCzgK0WcpcKSQdy,3SGWp9fJCzgK0WcpcKSQdy,0.746,0.631,8,-7.968,0,0.231,0.218,0,0.222,0.342,104.047,audio_features,3SGWp9fJCzgK0WcpcKSQdy,spotify:track:3SGWp9fJCzgK0WcpcKSQdy,https://api.spotify.com/v1/tracks/3SGWp9fJCzgK0WcpcKSQdy,https://api.spotify.com/v1/audio-analysis/3SGWp9fJCzgK0WcpcKSQdy,184840,4
106,Redbone,Childish Gambino,593196,https://open.spotify.com/track/3kxfsdsCpFgN412fpnW85Y,3kxfsdsCpFgN412fpnW85Y,0.745,0.356,1,-10.425,1,0.0941,0.172,0.00943,0.123,0.607,160.033,audio_features,3kxfsdsCpFgN412fpnW85Y,spotify:track:3kxfsdsCpFgN412fpnW85Y,https://api.spotify.com/v1/tracks/3kxfsdsCpFgN412fpnW85Y,https://api.spotify.com/v1/audio-analysis/3kxfsdsCpFgN412fpnW85Y,326933,4
107,Sooner Or Later,Aaron Carter,581460,https://open.spotify.com/track/6wV12xIUb8oFY7lBy4KuQe,6wV12xIUb8oFY7lBy4KuQe,0.737,0.729,5,-6.817,0,0.0354,0.127,2.16e-05,0.077,0.436,111.937,audio_features,6wV12xIUb8oFY7lBy4KuQe,spotify:track:6wV12xIUb8oFY7lBy4KuQe,https://api.spotify.com/v1/tracks/6wV12xIUb8oFY7lBy4KuQe,https://api.spotify.com/v1/audio-analysis/6wV12xIUb8oFY7lBy4KuQe,212564,4
108,goosebumps,Travis Scott,574057,https://open.spotify.com/track/6gBFPUFcJLzWGx4lenP6h2,6gBFPUFcJLzWGx4lenP6h2,0.841,0.728,7,-3.37,1,0.0484,0.0847,0,0.149,0.43,130.049,audio_features,6gBFPUFcJLzWGx4lenP6h2,spotify:track:6gBFPUFcJLzWGx4lenP6h2,https://api.spotify.com/v1/tracks/6gBFPUFcJLzWGx4lenP6h2,https://api.spotify.com/v1/audio-analysis/6gBFPUFcJLzWGx4lenP6h2,243837,4
109,No Problem (feat. Lil Wayne & 2 Chainz),Chance the Rapper,573744,https://open.spotify.com/track/0v9Wz8o0BT8DU38R4ddjeH,0v9Wz8o0BT8DU38R4ddjeH,0.652,0.795,11,-5.192,0,0.174,0.156,0,0.123,0.788,135.018,audio_features,0v9Wz8o0BT8DU38R4ddjeH,spotify:track:0v9Wz8o0BT8DU38R4ddjeH,https://api.spotify.com/v1/tracks/0v9Wz8o0BT8DU38R4ddjeH,https://api.spotify.com/v1/audio-analysis/0v9Wz8o0BT8DU38R4ddjeH,304607,4
110,Faded,Alan Walker,573131,https://open.spotify.com/track/7gHs73wELdeycvS48JfIos,7gHs73wELdeycvS48JfIos,0.589,0.651,6,-5.097,1,0.0306,0.0291,3.2e-06,0.111,0.166,90.011,audio_features,7gHs73wELdeycvS48JfIos,spotify:track:7gHs73wELdeycvS48JfIos,https://api.spotify.com/v1/tracks/7gHs73wELdeycvS48JfIos,https://api.spotify.com/v1/audio-analysis/7gHs73wELdeycvS48JfIos,212627,4
111,Some Kind Of Drug (feat. Marc E. Bassy),G-Eazy,569792,https://open.spotify.com/track/1Bqxj0aH5KewYHKUg1IdrF,1Bqxj0aH5KewYHKUg1IdrF,0.586,0.525,0,-8.968,1,0.498,0.0705,0,0.0729,0.491,126.51,audio_features,1Bqxj0aH5KewYHKUg1IdrF,spotify:track:1Bqxj0aH5KewYHKUg1IdrF,https://api.spotify.com/v1/tracks/1Bqxj0aH5KewYHKUg1IdrF,https://api.spotify.com/v1/audio-analysis/1Bqxj0aH5KewYHKUg1IdrF,222467,4
112,Perfect Strangers,Jonas Blue,562992,https://open.spotify.com/track/1CUVN2kn7mW5FjkqXTR2W1,1CUVN2kn7mW5FjkqXTR2W1,0.742,0.819,1,-5.307,1,0.0487,0.372,0,0.277,0.709,117.986,audio_features,1CUVN2kn7mW5FjkqXTR2W1,spotify:track:1CUVN2kn7mW5FjkqXTR2W1,https://api.spotify.com/v1/tracks/1CUVN2kn7mW5FjkqXTR2W1,https://api.spotify.com/v1/audio-analysis/1CUVN2kn7mW5FjkqXTR2W1,196613,4
113,Me Rehúso,Danny Ocean,560326,https://open.spotify.com/track/6De0lHrwBfPfrhorm9q1Xl,6De0lHrwBfPfrhorm9q1Xl,0.744,0.804,1,-6.327,1,0.0677,0.0231,0,0.0494,0.426,104.823,audio_features,6De0lHrwBfPfrhorm9q1Xl,spotify:track:6De0lHrwBfPfrhorm9q1Xl,https://api.spotify.com/v1/tracks/6De0lHrwBfPfrhorm9q1Xl,https://api.spotify.com/v1/audio-analysis/6De0lHrwBfPfrhorm9q1Xl,205715,4
114,Cheap Thrills,Sia,556031,https://open.spotify.com/track/27SdWb2rFzO6GWiYDBTD9j,27SdWb2rFzO6GWiYDBTD9j,0.628,0.698,6,-5.608,0,0.105,0.0472,0.00143,0.0907,0.732,89.976,audio_features,27SdWb2rFzO6GWiYDBTD9j,spotify:track:27SdWb2rFzO6GWiYDBTD9j,https://api.spotify.com/v1/tracks/27SdWb2rFzO6GWiYDBTD9j,https://api.spotify.com/v1/audio-analysis/27SdWb2rFzO6GWiYDBTD9j,211667,4
115,Love Yourself,Justin Bieber,555432,https://open.spotify.com/track/3hB5DgAiMAQ4DzYbsMq1IT,3hB5DgAiMAQ4DzYbsMq1IT,0.609,0.378,4,-9.828,1,0.438,0.835,0,0.28,0.515,100.418,audio_features,3hB5DgAiMAQ4DzYbsMq1IT,spotify:track:3hB5DgAiMAQ4DzYbsMq1IT,https://api.spotify.com/v1/tracks/3hB5DgAiMAQ4DzYbsMq1IT,https://api.spotify.com/v1/audio-analysis/3hB5DgAiMAQ4DzYbsMq1IT,233720,4
116,X (feat. Future),21 Savage,553252,https://open.spotify.com/track/6fwdbPMwP1zVStm8FybmkO,6fwdbPMwP1zVStm8FybmkO,0.835,0.413,1,-9.81,1,0.396,0.373,0.00133,0.101,0.111,149.004,audio_features,6fwdbPMwP1zVStm8FybmkO,spotify:track:6fwdbPMwP1zVStm8FybmkO,https://api.spotify.com/v1/tracks/6fwdbPMwP1zVStm8FybmkO,https://api.spotify.com/v1/audio-analysis/6fwdbPMwP1zVStm8FybmkO,258880,4
117,La Bicicleta,Carlos Vives,551925,https://open.spotify.com/track/0sXvAOmXgjR2QUqLK1MltU,0sXvAOmXgjR2QUqLK1MltU,0.736,0.964,0,-2.147,1,0.129,0.198,2.32e-06,0.336,0.953,179.935,audio_features,0sXvAOmXgjR2QUqLK1MltU,spotify:track:0sXvAOmXgjR2QUqLK1MltU,https://api.spotify.com/v1/tracks/0sXvAOmXgjR2QUqLK1MltU,https://api.spotify.com/v1/audio-analysis/0sXvAOmXgjR2QUqLK1MltU,227707,4
118,Sexual,NEIKED,551919,https://open.spotify.com/track/3AsAuGTaDQzavZZThyYlop,3AsAuGTaDQzavZZThyYlop,0.803,0.569,2,-7.392,1,0.0739,0.0623,0,0.083,0.809,107.986,audio_features,3AsAuGTaDQzavZZThyYlop,spotify:track:3AsAuGTaDQzavZZThyYlop,https://api.spotify.com/v1/tracks/3AsAuGTaDQzavZZThyYlop,https://api.spotify.com/v1/audio-analysis/3AsAuGTaDQzavZZThyYlop,188889,4
119,Be the One,Dua Lipa,551405,https://open.spotify.com/track/7FCfMXYTIiQ9b4hDYs4Iol,7FCfMXYTIiQ9b4hDYs4Iol,0.661,0.651,7,-3.771,0,0.0499,0.117,1.32e-05,0.056,0.368,87.46,audio_features,7FCfMXYTIiQ9b4hDYs4Iol,spotify:track:7FCfMXYTIiQ9b4hDYs4Iol,https://api.spotify.com/v1/tracks/7FCfMXYTIiQ9b4hDYs4Iol,https://api.spotify.com/v1/audio-analysis/7FCfMXYTIiQ9b4hDYs4Iol,202915,4
120,Dile Que Tu Me Quieres,Ozuna,549937,https://open.spotify.com/track/20ZAJdsKB5IGbGj4ilRt2o,20ZAJdsKB5IGbGj4ilRt2o,0.721,0.687,1,-6.682,1,0.0782,0.0998,0,0.0679,0.825,175.914,audio_features,20ZAJdsKB5IGbGj4ilRt2o,spotify:track:20ZAJdsKB5IGbGj4ilRt2o,https://api.spotify.com/v1/tracks/20ZAJdsKB5IGbGj4ilRt2o,https://api.spotify.com/v1/audio-analysis/20ZAJdsKB5IGbGj4ilRt2o,226400,4
121,Oceans Away,A R I Z O N A,549711,https://open.spotify.com/track/6A8dnC0xkiuWN4BshmTB2I,6A8dnC0xkiuWN4BshmTB2I,0.617,0.642,8,-8.624,1,0.0334,0.13,0.157,0.0929,0.221,105.885,audio_features,6A8dnC0xkiuWN4BshmTB2I,spotify:track:6A8dnC0xkiuWN4BshmTB2I,https://api.spotify.com/v1/tracks/6A8dnC0xkiuWN4BshmTB2I,https://api.spotify.com/v1/audio-analysis/6A8dnC0xkiuWN4BshmTB2I,194013,4
122,No Lie,Sean Paul,546533,https://open.spotify.com/track/3cFsmM51N5zMAuu1nNY4Tw,3cFsmM51N5zMAuu1nNY4Tw,0.741,0.891,7,-2.824,1,0.119,0.0437,0,0.256,0.449,102.002,audio_features,3cFsmM51N5zMAuu1nNY4Tw,spotify:track:3cFsmM51N5zMAuu1nNY4Tw,https://api.spotify.com/v1/tracks/3cFsmM51N5zMAuu1nNY4Tw,https://api.spotify.com/v1/audio-analysis/3cFsmM51N5zMAuu1nNY4Tw,221176,4
123,Panda,Desiigner,545121,https://open.spotify.com/track/5OOkp4U9P9oL23maHFHL1h,5OOkp4U9P9oL23maHFHL1h,0.576,0.766,10,-4.943,0,0.449,0.028,1.68e-06,0.366,0.236,144.833,audio_features,5OOkp4U9P9oL23maHFHL1h,spotify:track:5OOkp4U9P9oL23maHFHL1h,https://api.spotify.com/v1/tracks/5OOkp4U9P9oL23maHFHL1h,https://api.spotify.com/v1/audio-analysis/5OOkp4U9P9oL23maHFHL1h,246761,4
124,No Heart,21 Savage,543048,https://open.spotify.com/track/4gmmRb6bZJffOOiww1JGTO,4gmmRb6bZJffOOiww1JGTO,0.906,0.444,4,-8.692,0,0.384,0.136,6.44e-05,0.173,0.678,140.063,audio_features,4gmmRb6bZJffOOiww1JGTO,spotify:track:4gmmRb6bZJffOOiww1JGTO,https://api.spotify.com/v1/tracks/4gmmRb6bZJffOOiww1JGTO,https://api.spotify.com/v1/audio-analysis/4gmmRb6bZJffOOiww1JGTO,235040,4
125,This Is What You Came For (feat. Rihanna),Calvin Harris,542593,https://open.spotify.com/track/0azC730Exh71aQlOt9Zj3y,0azC730Exh71aQlOt9Zj3y,0.63,0.928,9,-2.787,0,0.0331,0.199,0.124,0.148,0.465,123.963,audio_features,0azC730Exh71aQlOt9Zj3y,spotify:track:0azC730Exh71aQlOt9Zj3y,https://api.spotify.com/v1/tracks/0azC730Exh71aQlOt9Zj3y,https://api.spotify.com/v1/audio-analysis/0azC730Exh71aQlOt9Zj3y,222160,4
126,Too Good,Drake,538938,https://open.spotify.com/track/11KJSRSgaDxqydKYiD2Jew,11KJSRSgaDxqydKYiD2Jew,0.804,0.648,7,-7.805,1,0.117,0.0573,3.49e-05,0.102,0.392,117.983,audio_features,11KJSRSgaDxqydKYiD2Jew,spotify:track:11KJSRSgaDxqydKYiD2Jew,https://api.spotify.com/v1/tracks/11KJSRSgaDxqydKYiD2Jew,https://api.spotify.com/v1/audio-analysis/11KJSRSgaDxqydKYiD2Jew,263373,4
127,Shooting Stars,Bag Raiders,537116,https://open.spotify.com/track/0UeYCHOETPfai02uskjJ3x,0UeYCHOETPfai02uskjJ3x,0.636,0.72,11,-6.195,1,0.0432,0.0893,0.0178,0.0868,0.425,124.944,audio_features,0UeYCHOETPfai02uskjJ3x,spotify:track:0UeYCHOETPfai02uskjJ3x,https://api.spotify.com/v1/tracks/0UeYCHOETPfai02uskjJ3x,https://api.spotify.com/v1/audio-analysis/0UeYCHOETPfai02uskjJ3x,235813,4
128,Traicionera,Sebastian Yatra,535993,https://open.spotify.com/track/5J1c3M4EldCfNxXwrwt8mT,5J1c3M4EldCfNxXwrwt8mT,0.776,0.669,11,-4.933,1,0.0638,0.142,0,0.219,0.661,91.012,audio_features,5J1c3M4EldCfNxXwrwt8mT,spotify:track:5J1c3M4EldCfNxXwrwt8mT,https://api.spotify.com/v1/tracks/5J1c3M4EldCfNxXwrwt8mT,https://api.spotify.com/v1/audio-analysis/5J1c3M4EldCfNxXwrwt8mT,228467,4
129,Love On The Brain,Rihanna,530962,https://open.spotify.com/track/2aksifNn5ph8igDOkPBA02,2aksifNn5ph8igDOkPBA02,0.509,0.637,4,-4.83,0,0.0471,0.0717,1.08e-05,0.0789,0.378,172.006,audio_features,2aksifNn5ph8igDOkPBA02,spotify:track:2aksifNn5ph8igDOkPBA02,https://api.spotify.com/v1/tracks/2aksifNn5ph8igDOkPBA02,https://api.spotify.com/v1/audio-analysis/2aksifNn5ph8igDOkPBA02,224000,3
130,Work from Home (feat. Ty Dolla $ign),Fifth Harmony,530446,https://open.spotify.com/track/4tCtwWceOPWzenK2HAIJSb,4tCtwWceOPWzenK2HAIJSb,0.803,0.585,8,-5.861,1,0.0432,0.103,3.94e-06,0.0644,0.593,105.017,audio_features,4tCtwWceOPWzenK2HAIJSb,spotify:track:4tCtwWceOPWzenK2HAIJSb,https://api.spotify.com/v1/tracks/4tCtwWceOPWzenK2HAIJSb,https://api.spotify.com/v1/audio-analysis/4tCtwWceOPWzenK2HAIJSb,214480,4
131,Sorry,Justin Bieber,528296,https://open.spotify.com/track/69bp2EbF7Q2rqc5N3ylezZ,69bp2EbF7Q2rqc5N3ylezZ,0.654,0.76,0,-3.669,0,0.045,0.0797,0,0.299,0.41,99.945,audio_features,69bp2EbF7Q2rqc5N3ylezZ,spotify:track:69bp2EbF7Q2rqc5N3ylezZ,https://api.spotify.com/v1/tracks/69bp2EbF7Q2rqc5N3ylezZ,https://api.spotify.com/v1/audio-analysis/69bp2EbF7Q2rqc5N3ylezZ,200787,4
132,The Greatest (feat. Kendrick Lamar),Sia,528069,https://open.spotify.com/track/7xHWNBFm6ObGEQPaUxHuKO,7xHWNBFm6ObGEQPaUxHuKO,0.668,0.725,1,-6.127,1,0.266,0.0102,0.000479,0.0561,0.729,191.944,audio_features,7xHWNBFm6ObGEQPaUxHuKO,spotify:track:7xHWNBFm6ObGEQPaUxHuKO,https://api.spotify.com/v1/tracks/7xHWNBFm6ObGEQPaUxHuKO,https://api.spotify.com/v1/audio-analysis/7xHWNBFm6ObGEQPaUxHuKO,210227,4
133,Gyal You A Party Animal - Remix,Charly Black,519863,https://open.spotify.com/track/1AkTW13ysu0AJrwuM6UY0I,1AkTW13ysu0AJrwuM6UY0I,0.723,0.889,0,-4.017,1,0.0939,0.0673,0,0.363,0.701,101.032,audio_features,1AkTW13ysu0AJrwuM6UY0I,spotify:track:1AkTW13ysu0AJrwuM6UY0I,https://api.spotify.com/v1/tracks/1AkTW13ysu0AJrwuM6UY0I,https://api.spotify.com/v1/audio-analysis/1AkTW13ysu0AJrwuM6UY0I,224320,4
134,Down,Marian Hill,519106,https://open.spotify.com/track/2dqLk7ezV15LEJEwUmEbXB,2dqLk7ezV15LEJEwUmEbXB,0.593,0.362,0,-14.701,0,0.273,0.684,0.00294,0.125,0.0522,169.998,audio_features,2dqLk7ezV15LEJEwUmEbXB,spotify:track:2dqLk7ezV15LEJEwUmEbXB,https://api.spotify.com/v1/tracks/2dqLk7ezV15LEJEwUmEbXB,https://api.spotify.com/v1/audio-analysis/2dqLk7ezV15LEJEwUmEbXB,197773,4
135,"Sucker for Pain (with Wiz Khalifa, Imagine Dragons, Logic & Ty Dolla $ign feat. X Ambassadors)",Lil Wayne,510337,https://open.spotify.com/track/4dASQiO1Eoo3RJvt74FtXB,4dASQiO1Eoo3RJvt74FtXB,0.502,0.786,9,-4.378,0,0.317,0.255,0,0.65,0.739,169.021,audio_features,4dASQiO1Eoo3RJvt74FtXB,spotify:track:4dASQiO1Eoo3RJvt74FtXB,https://api.spotify.com/v1/tracks/4dASQiO1Eoo3RJvt74FtXB,https://api.spotify.com/v1/audio-analysis/4dASQiO1Eoo3RJvt74FtXB,243491,4
136,Million Reasons,Lady Gaga,510314,https://open.spotify.com/track/50PWlIBU7PlGGwzgN8TiFJ,50PWlIBU7PlGGwzgN8TiFJ,0.668,0.449,0,-7.897,1,0.0451,0.477,0,0.107,0.154,129.889,audio_features,50PWlIBU7PlGGwzgN8TiFJ,spotify:track:50PWlIBU7PlGGwzgN8TiFJ,https://api.spotify.com/v1/tracks/50PWlIBU7PlGGwzgN8TiFJ,https://api.spotify.com/v1/audio-analysis/50PWlIBU7PlGGwzgN8TiFJ,205280,4
137,"i hate u, i love u (feat. olivia o'brien)",gnash,506084,https://open.spotify.com/track/7vRriwrloYVaoAe3a9wJHe,7vRriwrloYVaoAe3a9wJHe,0.492,0.275,6,-13.4,0,0.3,0.687,0,0.101,0.18,92.6,audio_features,7vRriwrloYVaoAe3a9wJHe,spotify:track:7vRriwrloYVaoAe3a9wJHe,https://api.spotify.com/v1/tracks/7vRriwrloYVaoAe3a9wJHe,https://api.spotify.com/v1/audio-analysis/7vRriwrloYVaoAe3a9wJHe,251034,4
138,Big For Your Boots,Stormzy,500459,https://open.spotify.com/track/3uMB82o0qa7erhiZBW9KQC,3uMB82o0qa7erhiZBW9KQC,0.515,0.902,6,-4.729,0,0.383,0.0313,0,0.093,0.628,174.589,audio_features,3uMB82o0qa7erhiZBW9KQC,spotify:track:3uMB82o0qa7erhiZBW9KQC,https://api.spotify.com/v1/tracks/3uMB82o0qa7erhiZBW9KQC,https://api.spotify.com/v1/audio-analysis/3uMB82o0qa7erhiZBW9KQC,238419,5
139,Lot to Learn,Luke Christopher,496655,https://open.spotify.com/track/3TRFq09DUgYj1mug6RRqJW,3TRFq09DUgYj1mug6RRqJW,0.405,0.846,6,-3.57,1,0.195,0.0948,0,0.0666,0.602,82.232,audio_features,3TRFq09DUgYj1mug6RRqJW,spotify:track:3TRFq09DUgYj1mug6RRqJW,https://api.spotify.com/v1/tracks/3TRFq09DUgYj1mug6RRqJW,https://api.spotify.com/v1/audio-analysis/3TRFq09DUgYj1mug6RRqJW,248337,4
140,Reminder,The Weeknd,491527,https://open.spotify.com/track/37F0uwRSrdzkBiuj0D5UHI,37F0uwRSrdzkBiuj0D5UHI,0.706,0.505,8,-6.923,1,0.193,0.142,0,0.164,0.388,160.053,audio_features,37F0uwRSrdzkBiuj0D5UHI,spotify:track:37F0uwRSrdzkBiuj0D5UHI,https://api.spotify.com/v1/tracks/37F0uwRSrdzkBiuj0D5UHI,https://api.spotify.com/v1/audio-analysis/37F0uwRSrdzkBiuj0D5UHI,218880,4
141,Both (feat. Drake),Gucci Mane,491185,https://open.spotify.com/track/5tFep7dXGd7vEJ668wTPux,5tFep7dXGd7vEJ668wTPux,0.85,0.405,7,-7.509,0,0.225,0.119,0.000118,0.0707,0.344,139.976,audio_features,5tFep7dXGd7vEJ668wTPux,spotify:track:5tFep7dXGd7vEJ668wTPux,https://api.spotify.com/v1/tracks/5tFep7dXGd7vEJ668wTPux,https://api.spotify.com/v1/audio-analysis/5tFep7dXGd7vEJ668wTPux,190312,4
142,Fresh Eyes,Andy Grammer,488963,https://open.spotify.com/track/4nMlau89VAjmV7agkl7OY3,4nMlau89VAjmV7agkl7OY3,0.822,0.544,0,-6.797,1,0.0332,0.562,2.4e-05,0.144,0.861,122.047,audio_features,4nMlau89VAjmV7agkl7OY3,spotify:track:4nMlau89VAjmV7agkl7OY3,https://api.spotify.com/v1/tracks/4nMlau89VAjmV7agkl7OY3,https://api.spotify.com/v1/audio-analysis/4nMlau89VAjmV7agkl7OY3,198001,4
143,Te Quiero Pa´Mi,Don Omar,486094,https://open.spotify.com/track/3BY2mafsbsoKGqS380Xnuz,3BY2mafsbsoKGqS380Xnuz,0.761,0.82,1,-4.003,1,0.0623,0.125,2.1e-05,0.183,0.619,88.997,audio_features,3BY2mafsbsoKGqS380Xnuz,spotify:track:3BY2mafsbsoKGqS380Xnuz,https://api.spotify.com/v1/tracks/3BY2mafsbsoKGqS380Xnuz,https://api.spotify.com/v1/audio-analysis/3BY2mafsbsoKGqS380Xnuz,211627,4
144,Deja Vu,J. Cole,482750,https://open.spotify.com/track/6I6NX6tjGsxFAsIfGzY9lJ,6I6NX6tjGsxFAsIfGzY9lJ,0.657,0.421,9,-11.378,1,0.412,0.352,0.000218,0.187,0.181,174.063,audio_features,6I6NX6tjGsxFAsIfGzY9lJ,spotify:track:6I6NX6tjGsxFAsIfGzY9lJ,https://api.spotify.com/v1/tracks/6I6NX6tjGsxFAsIfGzY9lJ,https://api.spotify.com/v1/audio-analysis/6I6NX6tjGsxFAsIfGzY9lJ,264747,4
145,Capsize,FRENSHIP,480078,https://open.spotify.com/track/2XMTqoHHSH0lvuXrvIEdco,2XMTqoHHSH0lvuXrvIEdco,0.683,0.708,5,-6.244,0,0.0305,0.0398,0.155,0.686,0.355,92.991,audio_features,2XMTqoHHSH0lvuXrvIEdco,spotify:track:2XMTqoHHSH0lvuXrvIEdco,https://api.spotify.com/v1/tracks/2XMTqoHHSH0lvuXrvIEdco,https://api.spotify.com/v1/audio-analysis/2XMTqoHHSH0lvuXrvIEdco,237707,4
146,Tuesday,Burak Yeter,477238,https://open.spotify.com/track/7abpmGpF7PGep2rDU68GBR,7abpmGpF7PGep2rDU68GBR,0.841,0.639,9,-6.052,0,0.0688,0.0156,0.0654,0.0545,0.675,99.002,audio_features,7abpmGpF7PGep2rDU68GBR,spotify:track:7abpmGpF7PGep2rDU68GBR,https://api.spotify.com/v1/tracks/7abpmGpF7PGep2rDU68GBR,https://api.spotify.com/v1/audio-analysis/7abpmGpF7PGep2rDU68GBR,241875,4
147,"Helium - From ""Fifty Shades Darker (Original Motion Picture Soundtrack)""",Sia,476846,https://open.spotify.com/track/5fc6rQgAKiLutfUYWQ6QnJ,5fc6rQgAKiLutfUYWQ6QnJ,0.409,0.413,4,-6.722,1,0.0296,0.461,0,0.0765,0.13,137.02,audio_features,5fc6rQgAKiLutfUYWQ6QnJ,spotify:track:5fc6rQgAKiLutfUYWQ6QnJ,https://api.spotify.com/v1/tracks/5fc6rQgAKiLutfUYWQ6QnJ,https://api.spotify.com/v1/audio-analysis/5fc6rQgAKiLutfUYWQ6QnJ,252320,4
148,Controlla,Drake,475040,https://open.spotify.com/track/6F609ICg9Spjrw1epsAnpa,6F609ICg9Spjrw1epsAnpa,0.607,0.476,10,-11.076,0,0.249,0.0773,0,0.113,0.347,122.976,audio_features,6F609ICg9Spjrw1epsAnpa,spotify:track:6F609ICg9Spjrw1epsAnpa,https://api.spotify.com/v1/tracks/6F609ICg9Spjrw1epsAnpa,https://api.spotify.com/v1/audio-analysis/6F609ICg9Spjrw1epsAnpa,245227,5
149,7 Years,Lukas Graham,473703,https://open.spotify.com/track/7129iqBafaphfc3WPCGC0L,7129iqBafaphfc3WPCGC0L,0.742,0.479,10,-5.83,1,0.0551,0.29,0,0.391,0.346,119.951,audio_features,7129iqBafaphfc3WPCGC0L,spotify:track:7129iqBafaphfc3WPCGC0L,https://api.spotify.com/v1/tracks/7129iqBafaphfc3WPCGC0L,https://api.spotify.com/v1/audio-analysis/7129iqBafaphfc3WPCGC0L,237300,4
150,Work,Rihanna,460383,https://open.spotify.com/track/14WWzenpaEgQZlqPq2nk4v,14WWzenpaEgQZlqPq2nk4v,0.725,0.534,11,-6.238,1,0.0946,0.0752,0,0.0919,0.558,91.974,audio_features,14WWzenpaEgQZlqPq2nk4v,spotify:track:14WWzenpaEgQZlqPq2nk4v,https://api.spotify.com/v1/tracks/14WWzenpaEgQZlqPq2nk4v,https://api.spotify.com/v1/audio-analysis/14WWzenpaEgQZlqPq2nk4v,219320,4
151,Shaky Shaky,Daddy Yankee,457601,https://open.spotify.com/track/58IL315gMSTD37DOZPJ2hf,58IL315gMSTD37DOZPJ2hf,0.899,0.626,6,-4.228,0,0.292,0.076,0,0.0631,0.873,88.007,audio_features,58IL315gMSTD37DOZPJ2hf,spotify:track:58IL315gMSTD37DOZPJ2hf,https://api.spotify.com/v1/tracks/58IL315gMSTD37DOZPJ2hf,https://api.spotify.com/v1/audio-analysis/58IL315gMSTD37DOZPJ2hf,234320,4
152,Andas En Mi Cabeza,Chino & Nacho,456684,https://open.spotify.com/track/5mey7CLLuFToM2P68Qu1gF,5mey7CLLuFToM2P68Qu1gF,0.68,0.954,9,-1.823,1,0.119,0.0244,0,0.112,0.521,104.029,audio_features,5mey7CLLuFToM2P68Qu1gF,spotify:track:5mey7CLLuFToM2P68Qu1gF,https://api.spotify.com/v1/tracks/5mey7CLLuFToM2P68Qu1gF,https://api.spotify.com/v1/audio-analysis/5mey7CLLuFToM2P68Qu1gF,247493,4
153,This Girl (Kungs Vs. Cookin' On 3 Burners),Kungs,456624,https://open.spotify.com/track/0tICYNayWWhH9GPeFrfjfD,0tICYNayWWhH9GPeFrfjfD,0.793,0.729,0,-4.77,0,0.0394,0.08,3.1e-05,0.317,0.488,121.972,audio_features,0tICYNayWWhH9GPeFrfjfD,spotify:track:0tICYNayWWhH9GPeFrfjfD,https://api.spotify.com/v1/tracks/0tICYNayWWhH9GPeFrfjfD,https://api.spotify.com/v1/audio-analysis/0tICYNayWWhH9GPeFrfjfD,195547,4
154,Shout Out to My Ex,Little Mix,455830,https://open.spotify.com/track/0YHUITU3w6ws1v8ehT264g,0YHUITU3w6ws1v8ehT264g,0.774,0.739,0,-4.022,1,0.0952,0.0316,5.95e-06,0.119,0.823,126.002,audio_features,0YHUITU3w6ws1v8ehT264g,spotify:track:0YHUITU3w6ws1v8ehT264g,https://api.spotify.com/v1/tracks/0YHUITU3w6ws1v8ehT264g,https://api.spotify.com/v1/audio-analysis/0YHUITU3w6ws1v8ehT264g,246240,4
155,Sneakin’,Drake,455795,https://open.spotify.com/track/4ckuS4Nj4FZ7i3Def3Br8W,4ckuS4Nj4FZ7i3Def3Br8W,0.806,0.558,8,-6.538,1,0.172,0.00496,1.45e-06,0.16,0.26,85.011,audio_features,4ckuS4Nj4FZ7i3Def3Br8W,spotify:track:4ckuS4Nj4FZ7i3Def3Br8W,https://api.spotify.com/v1/tracks/4ckuS4Nj4FZ7i3Def3Br8W,https://api.spotify.com/v1/audio-analysis/4ckuS4Nj4FZ7i3Def3Br8W,251333,4
156,No Favors,Big Sean,454924,https://open.spotify.com/track/1MksGqIztTT6M9R1ErKVs8,1MksGqIztTT6M9R1ErKVs8,0.482,0.781,11,-5.334,1,0.411,0.629,2.87e-06,0.413,0.336,57.967,audio_features,1MksGqIztTT6M9R1ErKVs8,spotify:track:1MksGqIztTT6M9R1ErKVs8,https://api.spotify.com/v1/tracks/1MksGqIztTT6M9R1ErKVs8,https://api.spotify.com/v1/audio-analysis/1MksGqIztTT6M9R1ErKVs8,325840,5
157,Location,Khalid,452991,https://open.spotify.com/track/152lZdxL1OR0ZMW6KquMif,152lZdxL1OR0ZMW6KquMif,0.736,0.449,1,-11.462,0,0.425,0.33,0.000162,0.0898,0.326,80.126,audio_features,152lZdxL1OR0ZMW6KquMif,spotify:track:152lZdxL1OR0ZMW6KquMif,https://api.spotify.com/v1/tracks/152lZdxL1OR0ZMW6KquMif,https://api.spotify.com/v1/audio-analysis/152lZdxL1OR0ZMW6KquMif,219080,4
158,Needed Me,Rihanna,452213,https://open.spotify.com/track/1Tt4sE4pXi57mTD1GCzsqm,1Tt4sE4pXi57mTD1GCzsqm,0.671,0.314,5,-8.091,0,0.244,0.11,0,0.0825,0.296,110.898,audio_features,1Tt4sE4pXi57mTD1GCzsqm,spotify:track:1Tt4sE4pXi57mTD1GCzsqm,https://api.spotify.com/v1/tracks/1Tt4sE4pXi57mTD1GCzsqm,https://api.spotify.com/v1/audio-analysis/1Tt4sE4pXi57mTD1GCzsqm,191600,4
159,Chill Bill (feat. J. Davi$ & Spooks),Rob $tone,449337,https://open.spotify.com/track/5uDASfU19gDxSjW8cnCaBp,5uDASfU19gDxSjW8cnCaBp,0.886,0.427,6,-10.028,1,0.145,0.0312,0.00099,0.0906,0.23,108.034,audio_features,5uDASfU19gDxSjW8cnCaBp,spotify:track:5uDASfU19gDxSjW8cnCaBp,https://api.spotify.com/v1/tracks/5uDASfU19gDxSjW8cnCaBp,https://api.spotify.com/v1/audio-analysis/5uDASfU19gDxSjW8cnCaBp,177184,4
160,DUELE EL CORAZON (feat. Wisin),Enrique Iglesias,442555,https://open.spotify.com/track/6YZdkObH88npeKrrkb8Ggf,6YZdkObH88npeKrrkb8Ggf,0.724,0.904,8,-3.354,0,0.0966,0.0786,0,0.226,0.846,90.999,audio_features,6YZdkObH88npeKrrkb8Ggf,spotify:track:6YZdkObH88npeKrrkb8Ggf,https://api.spotify.com/v1/tracks/6YZdkObH88npeKrrkb8Ggf,https://api.spotify.com/v1/audio-analysis/6YZdkObH88npeKrrkb8Ggf,200813,4
161,Cake By The Ocean,DNCE,440092,https://open.spotify.com/track/2aFiaMXmWsM3Vj72F9ksBl,2aFiaMXmWsM3Vj72F9ksBl,0.774,0.764,4,-5.445,0,0.0518,0.156,0,0.0383,0.912,118.997,audio_features,2aFiaMXmWsM3Vj72F9ksBl,spotify:track:2aFiaMXmWsM3Vj72F9ksBl,https://api.spotify.com/v1/tracks/2aFiaMXmWsM3Vj72F9ksBl,https://api.spotify.com/v1/audio-analysis/2aFiaMXmWsM3Vj72F9ksBl,219147,4
162,Look at Me!,XXXTENTACION,436473,https://open.spotify.com/track/2oUuLLKS8WbF7ELJcwbqms,2oUuLLKS8WbF7ELJcwbqms,0.728,0.735,1,-3.961,1,0.307,0.043,0,0.34,0.225,139.128,audio_features,2oUuLLKS8WbF7ELJcwbqms,spotify:track:2oUuLLKS8WbF7ELJcwbqms,https://api.spotify.com/v1/tracks/2oUuLLKS8WbF7ELJcwbqms,https://api.spotify.com/v1/audio-analysis/2oUuLLKS8WbF7ELJcwbqms,151041,4
163,Thumbs,Sabrina Carpenter,429236,https://open.spotify.com/track/3UjJP4ludb74a29P5EHEIo,3UjJP4ludb74a29P5EHEIo,0.721,0.722,8,-3.56,1,0.0577,0.025,0,0.0889,0.112,135.118,audio_features,3UjJP4ludb74a29P5EHEIo,spotify:track:3UjJP4ludb74a29P5EHEIo,https://api.spotify.com/v1/tracks/3UjJP4ludb74a29P5EHEIo,https://api.spotify.com/v1/audio-analysis/3UjJP4ludb74a29P5EHEIo,216467,4
164,Hello,Adele,427140,https://open.spotify.com/track/4sPmO7WMQUAf45kwMOtONw,4sPmO7WMQUAf45kwMOtONw,0.481,0.451,5,-6.095,0,0.0347,0.336,0,0.0872,0.289,157.966,audio_features,4sPmO7WMQUAf45kwMOtONw,spotify:track:4sPmO7WMQUAf45kwMOtONw,https://api.spotify.com/v1/tracks/4sPmO7WMQUAf45kwMOtONw,https://api.spotify.com/v1/audio-analysis/4sPmO7WMQUAf45kwMOtONw,295493,4
165,"City Of Stars - From ""La La Land"" Soundtrack",Ryan Gosling,426814,https://open.spotify.com/track/0LtVx5vsq9nfpGsWgjUin6,0LtVx5vsq9nfpGsWgjUin6,0.483,0.121,2,-15.133,0,0.0349,0.91,0,0.0885,0.419,106.032,audio_features,0LtVx5vsq9nfpGsWgjUin6,spotify:track:0LtVx5vsq9nfpGsWgjUin6,https://api.spotify.com/v1/tracks/0LtVx5vsq9nfpGsWgjUin6,https://api.spotify.com/v1/audio-analysis/0LtVx5vsq9nfpGsWgjUin6,149720,4
166,Swalla (feat. Nicki Minaj & Ty Dolla $ign),Jason Derulo,426287,https://open.spotify.com/track/6kex4EBAj0WHXDKZMEJaaF,6kex4EBAj0WHXDKZMEJaaF,0.696,0.817,1,-3.862,1,0.109,0.075,0,0.187,0.782,98.064,audio_features,6kex4EBAj0WHXDKZMEJaaF,spotify:track:6kex4EBAj0WHXDKZMEJaaF,https://api.spotify.com/v1/tracks/6kex4EBAj0WHXDKZMEJaaF,https://api.spotify.com/v1/audio-analysis/6kex4EBAj0WHXDKZMEJaaF,216409,4
167,Send My Love (To Your New Lover),Adele,421436,https://open.spotify.com/track/4BHzQ9C00ceJxfG16AlNWb,4BHzQ9C00ceJxfG16AlNWb,0.69,0.524,6,-8.39,0,0.103,0.0415,3.16e-06,0.17,0.562,164.023,audio_features,4BHzQ9C00ceJxfG16AlNWb,spotify:track:4BHzQ9C00ceJxfG16AlNWb,https://api.spotify.com/v1/tracks/4BHzQ9C00ceJxfG16AlNWb,https://api.spotify.com/v1/audio-analysis/4BHzQ9C00ceJxfG16AlNWb,223080,4
168,"Lose Yourself - From ""8 Mile"" Soundtrack",Eminem,421310,https://open.spotify.com/track/5Z01UMMf7V1o0MzF86s6WJ,5Z01UMMf7V1o0MzF86s6WJ,0.692,0.744,2,-4.565,1,0.257,0.00868,0.000423,0.359,0.0612,171.374,audio_features,5Z01UMMf7V1o0MzF86s6WJ,spotify:track:5Z01UMMf7V1o0MzF86s6WJ,https://api.spotify.com/v1/tracks/5Z01UMMf7V1o0MzF86s6WJ,https://api.spotify.com/v1/audio-analysis/5Z01UMMf7V1o0MzF86s6WJ,326467,4
169,Let It Go,James Bay,420902,https://open.spotify.com/track/13HVjjWUZFaWilh2QUJKsP,13HVjjWUZFaWilh2QUJKsP,0.546,0.311,1,-10.396,1,0.0288,0.818,1.65e-05,0.107,0.246,147.464,audio_features,13HVjjWUZFaWilh2QUJKsP,spotify:track:13HVjjWUZFaWilh2QUJKsP,https://api.spotify.com/v1/tracks/13HVjjWUZFaWilh2QUJKsP,https://api.spotify.com/v1/audio-analysis/13HVjjWUZFaWilh2QUJKsP,260533,4
170,Lean On (feat. MØ & DJ Snake),Major Lazer,420598,https://open.spotify.com/track/4WjH9Bzt3kx7z8kl0awxh4,4WjH9Bzt3kx7z8kl0awxh4,0.723,0.809,7,-3.081,0,0.0625,0.00346,0.00123,0.565,0.274,98.007,audio_features,4WjH9Bzt3kx7z8kl0awxh4,spotify:track:4WjH9Bzt3kx7z8kl0awxh4,https://api.spotify.com/v1/tracks/4WjH9Bzt3kx7z8kl0awxh4,https://api.spotify.com/v1/audio-analysis/4WjH9Bzt3kx7z8kl0awxh4,176561,4
171,Into You,Ariana Grande,419512,https://open.spotify.com/track/7yHEDfrJNd0zWOfXwydNH0,7yHEDfrJNd0zWOfXwydNH0,0.636,0.727,9,-5.852,1,0.106,0.0161,1.12e-06,0.151,0.358,107.988,audio_features,7yHEDfrJNd0zWOfXwydNH0,spotify:track:7yHEDfrJNd0zWOfXwydNH0,https://api.spotify.com/v1/tracks/7yHEDfrJNd0zWOfXwydNH0,https://api.spotify.com/v1/audio-analysis/7yHEDfrJNd0zWOfXwydNH0,244453,4
172,Heavy (feat. Kiiara),Linkin Park,419248,https://open.spotify.com/track/104buTcnP2AsxqB7U1FIZ4,104buTcnP2AsxqB7U1FIZ4,0.59,0.671,9,-6.098,1,0.0706,0.0484,0,0.0604,0.438,149.982,audio_features,104buTcnP2AsxqB7U1FIZ4,spotify:track:104buTcnP2AsxqB7U1FIZ4,https://api.spotify.com/v1/tracks/104buTcnP2AsxqB7U1FIZ4,https://api.spotify.com/v1/audio-analysis/104buTcnP2AsxqB7U1FIZ4,169801,4
173,pick up the phone,Young Thug,419029,https://open.spotify.com/track/20dP2DaMHIAmwWAbp7peSr,20dP2DaMHIAmwWAbp7peSr,0.711,0.739,7,-3.804,0,0.129,0.114,0,0.226,0.43,136.919,audio_features,20dP2DaMHIAmwWAbp7peSr,spotify:track:20dP2DaMHIAmwWAbp7peSr,https://api.spotify.com/v1/tracks/20dP2DaMHIAmwWAbp7peSr,https://api.spotify.com/v1/audio-analysis/20dP2DaMHIAmwWAbp7peSr,252256,4
174,This Town,Niall Horan,417147,https://open.spotify.com/track/5nA67Y0XX9JipZwYxX7Gl7,5nA67Y0XX9JipZwYxX7Gl7,0.687,0.409,9,-7.751,1,0.0311,0.71,0,0.126,0.16,111.861,audio_features,5nA67Y0XX9JipZwYxX7Gl7,spotify:track:5nA67Y0XX9JipZwYxX7Gl7,https://api.spotify.com/v1/tracks/5nA67Y0XX9JipZwYxX7Gl7,https://api.spotify.com/v1/audio-analysis/5nA67Y0XX9JipZwYxX7Gl7,232600,4
175,Borro Cassette,Maluma,416511,https://open.spotify.com/track/6DUdDIRgLqCGq1DwkNWQTN,6DUdDIRgLqCGq1DwkNWQTN,0.73,0.701,5,-5.885,0,0.106,0.132,0,0.151,0.785,175.95,audio_features,6DUdDIRgLqCGq1DwkNWQTN,spotify:track:6DUdDIRgLqCGq1DwkNWQTN,https://api.spotify.com/v1/tracks/6DUdDIRgLqCGq1DwkNWQTN,https://api.spotify.com/v1/audio-analysis/6DUdDIRgLqCGq1DwkNWQTN,207307,4
176,White Iverson,Post Malone,416004,https://open.spotify.com/track/6eT7xZZlB2mwyzJ2sUKG6w,6eT7xZZlB2mwyzJ2sUKG6w,0.675,0.562,7,-7.678,1,0.0352,0.233,0,0.0816,0.309,130.098,audio_features,6eT7xZZlB2mwyzJ2sUKG6w,spotify:track:6eT7xZZlB2mwyzJ2sUKG6w,https://api.spotify.com/v1/tracks/6eT7xZZlB2mwyzJ2sUKG6w,https://api.spotify.com/v1/audio-analysis/6eT7xZZlB2mwyzJ2sUKG6w,256533,4
177,Low Life (feat. The Weeknd),Future,416001,https://open.spotify.com/track/7EiZI6JVHllARrX9PUvAdX,7EiZI6JVHllARrX9PUvAdX,0.722,0.331,8,-7.789,1,0.0725,0.337,0.283,0.146,0.102,143.974,audio_features,7EiZI6JVHllARrX9PUvAdX,spotify:track:7EiZI6JVHllARrX9PUvAdX,https://api.spotify.com/v1/tracks/7EiZI6JVHllARrX9PUvAdX,https://api.spotify.com/v1/audio-analysis/7EiZI6JVHllARrX9PUvAdX,313547,4
178,PILLOWTALK,ZAYN,409053,https://open.spotify.com/track/0PDUDa38GO8lMxLCRc4lL1,0PDUDa38GO8lMxLCRc4lL1,0.584,0.7,11,-4.275,1,0.0456,0.117,0,0.0939,0.438,124.944,audio_features,0PDUDa38GO8lMxLCRc4lL1,spotify:track:0PDUDa38GO8lMxLCRc4lL1,https://api.spotify.com/v1/tracks/0PDUDa38GO8lMxLCRc4lL1,https://api.spotify.com/v1/audio-analysis/0PDUDa38GO8lMxLCRc4lL1,202747,4
179,Light It Up (feat. Nyla & Fuse ODG) - Remix,Major Lazer,407385,https://open.spotify.com/track/0L7loeTIg6akW84aEQZpCT,0L7loeTIg6akW84aEQZpCT,0.746,0.877,9,-3.782,0,0.0666,0.0375,0.000833,0.233,0.751,107.985,audio_features,0L7loeTIg6akW84aEQZpCT,spotify:track:0L7loeTIg6akW84aEQZpCT,https://api.spotify.com/v1/tracks/0L7loeTIg6akW84aEQZpCT,https://api.spotify.com/v1/audio-analysis/0L7loeTIg6akW84aEQZpCT,166138,4
180,The Mack,Nevada,405867,https://open.spotify.com/track/7aV2mflaASUmGhCErm7kBO,7aV2mflaASUmGhCErm7kBO,0.707,0.883,0,-4.281,1,0.0602,0.0707,0,0.23,0.541,106.031,audio_features,7aV2mflaASUmGhCErm7kBO,spotify:track:7aV2mflaASUmGhCErm7kBO,https://api.spotify.com/v1/tracks/7aV2mflaASUmGhCErm7kBO,https://api.spotify.com/v1/audio-analysis/7aV2mflaASUmGhCErm7kBO,167038,4
181,Stitches,Shawn Mendes,404585,https://open.spotify.com/track/1WP1r7fuvRqZRnUaTi2I1Q,1WP1r7fuvRqZRnUaTi2I1Q,0.746,0.754,1,-6.681,1,0.067,0.0152,0,0.0486,0.764,149.882,audio_features,1WP1r7fuvRqZRnUaTi2I1Q,spotify:track:1WP1r7fuvRqZRnUaTi2I1Q,https://api.spotify.com/v1/tracks/1WP1r7fuvRqZRnUaTi2I1Q,https://api.spotify.com/v1/audio-analysis/1WP1r7fuvRqZRnUaTi2I1Q,206880,4
182,Chillax (feat. Ky-Mani Marley),Farruko,402329,https://open.spotify.com/track/1lxswgIpzV6HhENRvkflES,1lxswgIpzV6HhENRvkflES,0.827,0.646,1,-4.727,0,0.0766,0.0724,0,0.247,0.512,92.057,audio_features,1lxswgIpzV6HhENRvkflES,spotify:track:1lxswgIpzV6HhENRvkflES,https://api.spotify.com/v1/tracks/1lxswgIpzV6HhENRvkflES,https://api.spotify.com/v1/audio-analysis/1lxswgIpzV6HhENRvkflES,197840,4
183,No Role Modelz,J. Cole,400803,https://open.spotify.com/track/62vpWI1CHwFy7tMIcSStl8,62vpWI1CHwFy7tMIcSStl8,0.692,0.521,10,-8.465,0,0.33,0.301,0,0.0565,0.463,100.45,audio_features,62vpWI1CHwFy7tMIcSStl8,spotify:track:62vpWI1CHwFy7tMIcSStl8,https://api.spotify.com/v1/tracks/62vpWI1CHwFy7tMIcSStl8,https://api.spotify.com/v1/audio-analysis/62vpWI1CHwFy7tMIcSStl8,292987,4
184,Let Her Go,Passenger,396701,https://open.spotify.com/track/2jyjhRf6DVbMPU5zxagN2h,2jyjhRf6DVbMPU5zxagN2h,0.509,0.538,7,-7.335,1,0.0572,0.385,0,0.104,0.244,75.089,audio_features,2jyjhRf6DVbMPU5zxagN2h,spotify:track:2jyjhRf6DVbMPU5zxagN2h,https://api.spotify.com/v1/tracks/2jyjhRf6DVbMPU5zxagN2h,https://api.spotify.com/v1/audio-analysis/2jyjhRf6DVbMPU5zxagN2h,252867,4
185,I Love You,Axwell /\ Ingrosso,394875,https://open.spotify.com/track/11Fo4dAH31K7UZHGqCkCmE,11Fo4dAH31K7UZHGqCkCmE,0.654,0.859,0,-4.321,1,0.166,0.336,0,0.0947,0.704,114.87,audio_features,11Fo4dAH31K7UZHGqCkCmE,spotify:track:11Fo4dAH31K7UZHGqCkCmE,https://api.spotify.com/v1/tracks/11Fo4dAH31K7UZHGqCkCmE,https://api.spotify.com/v1/audio-analysis/11Fo4dAH31K7UZHGqCkCmE,191000,4
186,Slippery (feat. Gucci Mane),Migos,389568,https://open.spotify.com/track/6p8NuHm8uCGnn2Dtbtf7zE,6p8NuHm8uCGnn2Dtbtf7zE,0.92,0.674,1,-5.662,0,0.264,0.307,0,0.104,0.741,141.967,audio_features,6p8NuHm8uCGnn2Dtbtf7zE,spotify:track:6p8NuHm8uCGnn2Dtbtf7zE,https://api.spotify.com/v1/tracks/6p8NuHm8uCGnn2Dtbtf7zE,https://api.spotify.com/v1/audio-analysis/6p8NuHm8uCGnn2Dtbtf7zE,304041,4
187,Rolex,Ayo & Teo,389487,https://open.spotify.com/track/0pSBuHjILhNEo55xK1zrRt,0pSBuHjILhNEo55xK1zrRt,0.804,0.886,1,-2.512,1,0.04,0.0837,0,0.266,0.789,144.946,audio_features,0pSBuHjILhNEo55xK1zrRt,spotify:track:0pSBuHjILhNEo55xK1zrRt,https://api.spotify.com/v1/tracks/0pSBuHjILhNEo55xK1zrRt,https://api.spotify.com/v1/audio-analysis/0pSBuHjILhNEo55xK1zrRt,238587,4
188,Some Way,NAV,387555,https://open.spotify.com/track/7zxRMhXxJMQCeDDg0rKAVo,7zxRMhXxJMQCeDDg0rKAVo,0.744,0.715,0,-6.103,1,0.351,0.101,0,0.0919,0.34,154.962,audio_features,7zxRMhXxJMQCeDDg0rKAVo,spotify:track:7zxRMhXxJMQCeDDg0rKAVo,https://api.spotify.com/v1/tracks/7zxRMhXxJMQCeDDg0rKAVo,https://api.spotify.com/v1/audio-analysis/7zxRMhXxJMQCeDDg0rKAVo,179773,4
189,The Hills,The Weeknd,387392,https://open.spotify.com/track/25khomWgBVamSdKw7hzm3l,25khomWgBVamSdKw7hzm3l,0.356,0.567,0,-7.011,0,0.0798,0.0861,0,0.137,0.109,135.553,audio_features,25khomWgBVamSdKw7hzm3l,spotify:track:25khomWgBVamSdKw7hzm3l,https://api.spotify.com/v1/tracks/25khomWgBVamSdKw7hzm3l,https://api.spotify.com/v1/audio-analysis/25khomWgBVamSdKw7hzm3l,242253,5
190,Roses (feat. ROZES),The Chainsmokers,387165,https://open.spotify.com/track/6O6M7pJLABmfBRoGZMu76Y,6O6M7pJLABmfBRoGZMu76Y,0.716,0.806,4,-7.602,1,0.0466,0.0361,0.00413,0.244,0.347,100.033,audio_features,6O6M7pJLABmfBRoGZMu76Y,spotify:track:6O6M7pJLABmfBRoGZMu76Y,https://api.spotify.com/v1/tracks/6O6M7pJLABmfBRoGZMu76Y,https://api.spotify.com/v1/audio-analysis/6O6M7pJLABmfBRoGZMu76Y,225800,4
191,All of Me,John Legend,385054,https://open.spotify.com/track/2q6tgiA9tpb6DMguABwCWE,2q6tgiA9tpb6DMguABwCWE,0.422,0.264,8,-7.064,1,0.0322,0.922,0,0.132,0.331,119.93,audio_features,2q6tgiA9tpb6DMguABwCWE,spotify:track:2q6tgiA9tpb6DMguABwCWE,https://api.spotify.com/v1/tracks/2q6tgiA9tpb6DMguABwCWE,https://api.spotify.com/v1/audio-analysis/2q6tgiA9tpb6DMguABwCWE,269560,4
192,Hymn for the Weekend - Seeb Remix,Coldplay,382936,https://open.spotify.com/track/1OAiWI2oPmglaOiv9fdioU,1OAiWI2oPmglaOiv9fdioU,0.564,0.849,0,-3.516,0,0.0517,0.00868,4.68e-06,0.12,0.427,102.028,audio_features,1OAiWI2oPmglaOiv9fdioU,spotify:track:1OAiWI2oPmglaOiv9fdioU,https://api.spotify.com/v1/tracks/1OAiWI2oPmglaOiv9fdioU,https://api.spotify.com/v1/audio-analysis/1OAiWI2oPmglaOiv9fdioU,212647,4
193,Fast Car,Jonas Blue,382799,https://open.spotify.com/track/6OZh916QF8XNunWaP97WEZ,6OZh916QF8XNunWaP97WEZ,0.459,0.587,9,-6.983,1,0.0785,0.453,0,0.307,0.581,113.901,audio_features,6OZh916QF8XNunWaP97WEZ,spotify:track:6OZh916QF8XNunWaP97WEZ,https://api.spotify.com/v1/tracks/6OZh916QF8XNunWaP97WEZ,https://api.spotify.com/v1/audio-analysis/6OZh916QF8XNunWaP97WEZ,212424,4
194,Rent Money,Future,382618,https://open.spotify.com/track/4Zxdw0Hno7YDu0IzvY76Qo,4Zxdw0Hno7YDu0IzvY76Qo,0.694,0.493,1,-8.581,1,0.373,0.0331,2.04e-06,0.431,0.313,166.457,audio_features,4Zxdw0Hno7YDu0IzvY76Qo,spotify:track:4Zxdw0Hno7YDu0IzvY76Qo,https://api.spotify.com/v1/tracks/4Zxdw0Hno7YDu0IzvY76Qo,https://api.spotify.com/v1/audio-analysis/4Zxdw0Hno7YDu0IzvY76Qo,265366,4
195,"Cuatro Babys (feat. Trap Capos, Noriel, Bryant Myers & Juhn)",Maluma,382432,https://open.spotify.com/track/0JoHqmlqE0W0i9prt6kcHR,0JoHqmlqE0W0i9prt6kcHR,0.772,0.547,6,-6.373,0,0.0541,0.0983,4.35e-06,0.107,0.0957,130.099,audio_features,0JoHqmlqE0W0i9prt6kcHR,spotify:track:0JoHqmlqE0W0i9prt6kcHR,https://api.spotify.com/v1/tracks/0JoHqmlqE0W0i9prt6kcHR,https://api.spotify.com/v1/audio-analysis/0JoHqmlqE0W0i9prt6kcHR,278107,4
196,Steady 1234 (feat. Jasmine Thompson & Skizzy Mars),Vice,380473,https://open.spotify.com/track/40UroIGvsMPLPBYwH8rMNA,40UroIGvsMPLPBYwH8rMNA,0.779,0.671,9,-5.829,1,0.0814,0.153,1.12e-05,0.115,0.718,104.953,audio_features,40UroIGvsMPLPBYwH8rMNA,spotify:track:40UroIGvsMPLPBYwH8rMNA,https://api.spotify.com/v1/tracks/40UroIGvsMPLPBYwH8rMNA,https://api.spotify.com/v1/audio-analysis/40UroIGvsMPLPBYwH8rMNA,177095,4
197,"Me, Myself & I",G-Eazy,380389,https://open.spotify.com/track/40YcuQysJ0KlGQTeGUosTC,40YcuQysJ0KlGQTeGUosTC,0.757,0.672,0,-6.524,0,0.0955,0.0186,0,0.158,0.382,111.996,audio_features,40YcuQysJ0KlGQTeGUosTC,spotify:track:40YcuQysJ0KlGQTeGUosTC,https://api.spotify.com/v1/tracks/40YcuQysJ0KlGQTeGUosTC,https://api.spotify.com/v1/audio-analysis/40YcuQysJ0KlGQTeGUosTC,251467,4
198,Love$ick,Mura Masa,379563,https://open.spotify.com/track/5v9N8Rx3QsFvr50cxyQcA3,5v9N8Rx3QsFvr50cxyQcA3,0.665,0.771,1,-5.124,0,0.14,0.126,0.00449,0.27,0.732,88.835,audio_features,5v9N8Rx3QsFvr50cxyQcA3,spotify:track:5v9N8Rx3QsFvr50cxyQcA3,https://api.spotify.com/v1/tracks/5v9N8Rx3QsFvr50cxyQcA3,https://api.spotify.com/v1/audio-analysis/5v9N8Rx3QsFvr50cxyQcA3,192160,4
199,Lush Life,Zara Larsson,378590,https://open.spotify.com/track/1rIKgCH4H52lrvDcz50hS8,1rIKgCH4H52lrvDcz50hS8,0.694,0.712,7,-3.923,0,0.046,0.133,0,0.211,0.799,98.022,audio_features,1rIKgCH4H52lrvDcz50hS8,spotify:track:1rIKgCH4H52lrvDcz50hS8,https://api.spotify.com/v1/tracks/1rIKgCH4H52lrvDcz50hS8,https://api.spotify.com/v1/audio-analysis/1rIKgCH4H52lrvDcz50hS8,201122,4
200,Lights Down Low,MAX,378308,https://open.spotify.com/track/1sYSP7gKa5kdKIfhANfori,1sYSP7gKa5kdKIfhANfori,0.623,0.493,5,-7.727,0,0.0338,0.0632,0,0.104,0.594,81.019,audio_features,1sYSP7gKa5kdKIfhANfori,spotify:track:1sYSP7gKa5kdKIfhANfori,https://api.spotify.com/v1/tracks/1sYSP7gKa5kdKIfhANfori,https://api.spotify.com/v1/audio-analysis/1sYSP7gKa5kdKIfhANfori,223847,4
