Position,Track Name,Artist,Streams,URL,trackID,danceability,energy,key,loudness,mode,speechiness,acousticness,instrumentalness,liveness,valence,tempo,type,id,uri,track_href,analysis_url,duration_ms,time_signature
1,Despacito - Remix,Luis Fonsi,7045859,https://open.spotify.com/track/5CtI0qwDJkDQGwXD1H1cLb,5CtI0qwDJkDQGwXD1H1cLb,0.694,0.815,2,-4.328,1,0.12,0.229,0,0.0924,0.813,88.931,audio_features,5CtI0qwDJkDQGwXD1H1cLb,spotify:track:5CtI0qwDJkDQGwXD1H1cLb,https://api.spotify.com/v1/tracks/5CtI0qwDJkDQGwXD1H1cLb,https://api.spotify.com/v1/audio-analysis/5CtI0qwDJkDQGwXD1H1cLb,228827,4
2,I'm the One,DJ Khaled,5784154,https://open.spotify.com/track/72Q0FQQo32KJloivv5xge2,72Q0FQQo32KJloivv5xge2,0.599,0.667,7,-4.267,1,0.0367,0.0533,0,0.134,0.817,80.984,audio_features,72Q0FQQo32KJloivv5xge2,spotify:track:72Q0FQQo32KJloivv5xge2,https://api.spotify.com/v1/tracks/72Q0FQQo32KJloivv5xge2,https://api.spotify.com/v1/audio-analysis/72Q0FQQo32KJloivv5xge2,288877,4
3,Shape of You,Ed Sheeran,4855405,https://open.spotify.com/track/7qiZfU4dY1lWllzX7mPBI3,7qiZfU4dY1lWllzX7mPBI3,0.825,0.652,1,-3.183,0,0.0802,0.581,0,0.0931,0.931,95.977,audio_features,7qiZfU4dY1lWllzX7mPBI3,spotify:track:7qiZfU4dY1lWllzX7mPBI3,https://api.spotify.com/v1/tracks/7qiZfU4dY1lWllzX7mPBI3,https://api.spotify.com/v1/audio-analysis/7qiZfU4dY1lWllzX7mPBI3,233713,4
4,HUMBLE.,Kendrick Lamar,4418367,https://open.spotify.com/track/7KXjTSCq5nL1LoYtL7XAwS,7KXjTSCq5nL1LoYtL7XAwS,0.908,0.621,1,-6.638,0,0.102,0.000282,5.39e-05,0.0958,0.421,150.011,audio_features,7KXjTSCq5nL1LoYtL7XAwS,spotify:track:7KXjTSCq5nL1LoYtL7XAwS,https://api.spotify.com/v1/tracks/7KXjTSCq5nL1LoYtL7XAwS,https://api.spotify.com/v1/audio-analysis/7KXjTSCq5nL1LoYtL7XAwS,177000,4
5,Something Just Like This,The Chainsmokers,3346499,https://open.spotify.com/track/6RUKPb4LETWmmr3iAEQktW,6RUKPb4LETWmmr3iAEQktW,0.617,0.635,11,-6.769,0,0.0317,0.0498,1.44e-05,0.164,0.446,103.019,audio_features,6RUKPb4LETWmmr3iAEQktW,spotify:track:6RUKPb4LETWmmr3iAEQktW,https://api.spotify.com/v1/tracks/6RUKPb4LETWmmr3iAEQktW,https://api.spotify.com/v1/audio-analysis/6RUKPb4LETWmmr3iAEQktW,247160,4
6,Mask Off,Future,3207234,https://open.spotify.com/track/3rOSwuTsUlJp0Pu0MkN8r8,3rOSwuTsUlJp0Pu0MkN8r8,0.833,0.434,2,-8.795,1,0.431,0.0102,0.0219,0.165,0.281,150.062,audio_features,3rOSwuTsUlJp0Pu0MkN8r8,spotify:track:3rOSwuTsUlJp0Pu0MkN8r8,https://api.spotify.com/v1/tracks/3rOSwuTsUlJp0Pu0MkN8r8,https://api.spotify.com/v1/audio-analysis/3rOSwuTsUlJp0Pu0MkN8r8,204600,4
7,It Ain't Me (with Selena Gomez),Kygo,3190227,https://open.spotify.com/track/3eR23VReFzcdmS7TYCrhCe,3eR23VReFzcdmS7TYCrhCe,0.64,0.533,0,-6.596,1,0.0706,0.119,0,0.0864,0.515,99.968,audio_features,3eR23VReFzcdmS7TYCrhCe,spotify:track:3eR23VReFzcdmS7TYCrhCe,https://api.spotify.com/v1/tracks/3eR23VReFzcdmS7TYCrhCe,https://api.spotify.com/v1/audio-analysis/3eR23VReFzcdmS7TYCrhCe,220781,4
8,Stay (with Alessia Cara),Zedd,3106026,https://open.spotify.com/track/0dA2Mk56wEzDgegdC6R17g,0dA2Mk56wEzDgegdC6R17g,0.679,0.634,5,-5.024,0,0.0654,0.232,0,0.115,0.498,102.013,audio_features,0dA2Mk56wEzDgegdC6R17g,spotify:track:0dA2Mk56wEzDgegdC6R17g,https://api.spotify.com/v1/tracks/0dA2Mk56wEzDgegdC6R17g,https://api.spotify.com/v1/audio-analysis/0dA2Mk56wEzDgegdC6R17g,210091,4
9,That's What I Like,Bruno Mars,2992639,https://open.spotify.com/track/0KKkJNfGyhkQ5aFogxQAPU,0KKkJNfGyhkQ5aFogxQAPU,0.853,0.56,1,-4.961,1,0.0406,0.013,0,0.0944,0.86,134.066,audio_features,0KKkJNfGyhkQ5aFogxQAPU,spotify:track:0KKkJNfGyhkQ5aFogxQAPU,https://api.spotify.com/v1/tracks/0KKkJNfGyhkQ5aFogxQAPU,https://api.spotify.com/v1/audio-analysis/0KKkJNfGyhkQ5aFogxQAPU,206693,4
10,Symphony (feat. Zara Larsson),Clean Bandit,2884657,https://open.spotify.com/track/1x5sYLZiu9r5E43kMlt9f8,1x5sYLZiu9r5E43kMlt9f8,0.707,0.629,0,-4.581,0,0.0563,0.259,1.6e-05,0.138,0.457,122.863,audio_features,1x5sYLZiu9r5E43kMlt9f8,spotify:track:1x5sYLZiu9r5E43kMlt9f8,https://api.spotify.com/v1/tracks/1x5sYLZiu9r5E43kMlt9f8,https://api.spotify.com/v1/audio-analysis/1x5sYLZiu9r5E43kMlt9f8,212459,4
11,Swalla (feat. Nicki Minaj & Ty Dolla $ign),Jason Derulo,2862986,https://open.spotify.com/track/6kex4EBAj0WHXDKZMEJaaF,6kex4EBAj0WHXDKZMEJaaF,0.696,0.817,1,-3.862,1,0.109,0.075,0,0.187,0.782,98.064,audio_features,6kex4EBAj0WHXDKZMEJaaF,spotify:track:6kex4EBAj0WHXDKZMEJaaF,https://api.spotify.com/v1/tracks/6kex4EBAj0WHXDKZMEJaaF,https://api.spotify.com/v1/audio-analysis/6kex4EBAj0WHXDKZMEJaaF,216409,4
12,Despacito (Featuring Daddy Yankee),Luis Fonsi,2856626,https://open.spotify.com/track/4aWmUDTfIPGksMNLV2rQP2,4aWmUDTfIPGksMNLV2rQP2,0.66,0.786,2,-4.757,1,0.17,0.209,0,0.112,0.846,177.833,audio_features,4aWmUDTfIPGksMNLV2rQP2,spotify:track:4aWmUDTfIPGksMNLV2rQP2,https://api.spotify.com/v1/tracks/4aWmUDTfIPGksMNLV2rQP2,https://api.spotify.com/v1/audio-analysis/4aWmUDTfIPGksMNLV2rQP2,228200,4
13,Passionfruit,Drake,2762794,https://open.spotify.com/track/7hDc8b7IXETo14hHIHdnhd,7hDc8b7IXETo14hHIHdnhd,0.809,0.463,11,-11.377,1,0.0396,0.256,0.085,0.109,0.364,111.98,audio_features,7hDc8b7IXETo14hHIHdnhd,spotify:track:7hDc8b7IXETo14hHIHdnhd,https://api.spotify.com/v1/tracks/7hDc8b7IXETo14hHIHdnhd,https://api.spotify.com/v1/audio-analysis/7hDc8b7IXETo14hHIHdnhd,298941,4
14,There's Nothing Holdin' Me Back,Shawn Mendes,2747284,https://open.spotify.com/track/79cuOz3SPQTuFrp8WgftAu,79cuOz3SPQTuFrp8WgftAu,0.857,0.8,2,-4.035,1,0.0583,0.381,0,0.0913,0.966,121.996,audio_features,79cuOz3SPQTuFrp8WgftAu,spotify:track:79cuOz3SPQTuFrp8WgftAu,https://api.spotify.com/v1/tracks/79cuOz3SPQTuFrp8WgftAu,https://api.spotify.com/v1/audio-analysis/79cuOz3SPQTuFrp8WgftAu,199440,4
15,DNA.,Kendrick Lamar,2394898,https://open.spotify.com/track/6HZILIRieu8S0iqY8kIKhj,6HZILIRieu8S0iqY8kIKhj,0.638,0.523,1,-6.664,1,0.357,0.00454,0,0.0842,0.422,139.913,audio_features,6HZILIRieu8S0iqY8kIKhj,spotify:track:6HZILIRieu8S0iqY8kIKhj,https://api.spotify.com/v1/tracks/6HZILIRieu8S0iqY8kIKhj,https://api.spotify.com/v1/audio-analysis/6HZILIRieu8S0iqY8kIKhj,185947,4
16,XO TOUR Llif3,Lil Uzi Vert,2322090,https://open.spotify.com/track/2eMwDehkIC1j68U6FA3Eiq,2eMwDehkIC1j68U6FA3Eiq,0.732,0.75,11,-6.366,0,0.231,0.00264,0,0.109,0.401,155.096,audio_features,2eMwDehkIC1j68U6FA3Eiq,spotify:track:2eMwDehkIC1j68U6FA3Eiq,https://api.spotify.com/v1/tracks/2eMwDehkIC1j68U6FA3Eiq,https://api.spotify.com/v1/audio-analysis/2eMwDehkIC1j68U6FA3Eiq,182707,4
17,Felices los 4,Maluma,2305660,https://open.spotify.com/track/0qYTZCo5Bwh1nsUFGZP3zn,0qYTZCo5Bwh1nsUFGZP3zn,0.755,0.789,5,-4.502,1,0.146,0.231,0,0.351,0.737,93.973,audio_features,0qYTZCo5Bwh1nsUFGZP3zn,spotify:track:0qYTZCo5Bwh1nsUFGZP3zn,https://api.spotify.com/v1/tracks/0qYTZCo5Bwh1nsUFGZP3zn,https://api.spotify.com/v1/audio-analysis/0qYTZCo5Bwh1nsUFGZP3zn,229849,4
18,Attention,Charlie Puth,2296373,https://open.spotify.com/track/4iLqG9SeJSnt0cSPICSjxv,4iLqG9SeJSnt0cSPICSjxv,0.774,0.626,3,-4.432,0,0.0432,0.0969,3.12e-05,0.0848,0.777,100.041,audio_features,4iLqG9SeJSnt0cSPICSjxv,spotify:track:4iLqG9SeJSnt0cSPICSjxv,https://api.spotify.com/v1/tracks/4iLqG9SeJSnt0cSPICSjxv,https://api.spotify.com/v1/audio-analysis/4iLqG9SeJSnt0cSPICSjxv,211475,4
19,First Time,Kygo,2276664,https://open.spotify.com/track/2Gl0FzuLxflY6nPifJp5Dr,2Gl0FzuLxflY6nPifJp5Dr,0.633,0.592,0,-7.245,0,0.112,0.197,0,0.099,0.679,90.066,audio_features,2Gl0FzuLxflY6nPifJp5Dr,spotify:track:2Gl0FzuLxflY6nPifJp5Dr,https://api.spotify.com/v1/tracks/2Gl0FzuLxflY6nPifJp5Dr,https://api.spotify.com/v1/audio-analysis/2Gl0FzuLxflY6nPifJp5Dr,193511,4
20,Unforgettable,French Montana,2243209,https://open.spotify.com/track/1F2HXIJrE2Xn81OzT2zZvW,1F2HXIJrE2Xn81OzT2zZvW,0.726,0.769,6,-5.043,1,0.123,0.0293,0.0101,0.104,0.733,97.985,audio_features,1F2HXIJrE2Xn81OzT2zZvW,spotify:track:1F2HXIJrE2Xn81OzT2zZvW,https://api.spotify.com/v1/tracks/1F2HXIJrE2Xn81OzT2zZvW,https://api.spotify.com/v1/audio-analysis/1F2HXIJrE2Xn81OzT2zZvW,233833,4
21,Slide (feat. Frank Ocean & Migos),Calvin Harris,2230650,https://open.spotify.com/track/6gpcs5eMhJwax4mIfKDYQk,6gpcs5eMhJwax4mIfKDYQk,0.736,0.795,1,-3.299,0,0.0545,0.498,1.21e-06,0.254,0.511,104.066,audio_features,6gpcs5eMhJwax4mIfKDYQk,spotify:track:6gpcs5eMhJwax4mIfKDYQk,https://api.spotify.com/v1/tracks/6gpcs5eMhJwax4mIfKDYQk,https://api.spotify.com/v1/audio-analysis/6gpcs5eMhJwax4mIfKDYQk,230813,4
22,Issues,Julia Michaels,2174944,https://open.spotify.com/track/1sXUWdKx03aP9Gmzft58rt,1sXUWdKx03aP9Gmzft58rt,0.683,0.427,8,-6.827,1,0.0777,0.368,0,0.0604,0.426,113.634,audio_features,1sXUWdKx03aP9Gmzft58rt,spotify:track:1sXUWdKx03aP9Gmzft58rt,https://api.spotify.com/v1/tracks/1sXUWdKx03aP9Gmzft58rt,https://api.spotify.com/v1/audio-analysis/1sXUWdKx03aP9Gmzft58rt,176347,4
23,Scared to Be Lonely,Martin Garrix,2151211,https://open.spotify.com/track/0KR2W3St74th8z3LS94Ffh,0KR2W3St74th8z3LS94Ffh,0.568,0.583,1,-6.81,0,0.0636,0.0741,0,0.396,0.196,137.865,audio_features,0KR2W3St74th8z3LS94Ffh,spotify:track:0KR2W3St74th8z3LS94Ffh,https://api.spotify.com/v1/tracks/0KR2W3St74th8z3LS94Ffh,https://api.spotify.com/v1/audio-analysis/0KR2W3St74th8z3LS94Ffh,220253,4
24,Galway Girl,Ed Sheeran,2121777,https://open.spotify.com/track/0afhq8XCExXpqazXczTSve,0afhq8XCExXpqazXczTSve,0.624,0.876,9,-3.374,1,0.1,0.0735,0,0.327,0.781,99.943,audio_features,0afhq8XCExXpqazXczTSve,spotify:track:0afhq8XCExXpqazXczTSve,https://api.spotify.com/v1/tracks/0afhq8XCExXpqazXczTSve,https://api.spotify.com/v1/audio-analysis/0afhq8XCExXpqazXczTSve,170827,4
25,1-800-273-8255,Logic,1986668,https://open.spotify.com/track/5tz69p7tJuGPeMGwNTxYuV,5tz69p7tJuGPeMGwNTxYuV,0.62,0.574,5,-7.788,0,0.0479,0.569,0,0.19,0.357,100.023,audio_features,5tz69p7tJuGPeMGwNTxYuV,spotify:track:5tz69p7tJuGPeMGwNTxYuV,https://api.spotify.com/v1/tracks/5tz69p7tJuGPeMGwNTxYuV,https://api.spotify.com/v1/audio-analysis/5tz69p7tJuGPeMGwNTxYuV,250173,4
26,Sign of the Times,Harry Styles,1968779,https://open.spotify.com/track/5ELRkzdzz0HvGpMDlfZHkV,5ELRkzdzz0HvGpMDlfZHkV,0.518,0.575,5,-4.616,1,0.0302,0.0259,0,0.109,0.209,120.019,audio_features,5ELRkzdzz0HvGpMDlfZHkV,spotify:track:5ELRkzdzz0HvGpMDlfZHkV,https://api.spotify.com/v1/tracks/5ELRkzdzz0HvGpMDlfZHkV,https://api.spotify.com/v1/audio-analysis/5ELRkzdzz0HvGpMDlfZHkV,340707,4
27,iSpy (feat. Lil Yachty),KYLE,1907239,https://open.spotify.com/track/2EEeOnHehOozLq4aS0n6SL,2EEeOnHehOozLq4aS0n6SL,0.746,0.653,7,-6.745,1,0.289,0.378,0,0.229,0.672,75.016,audio_features,2EEeOnHehOozLq4aS0n6SL,spotify:track:2EEeOnHehOozLq4aS0n6SL,https://api.spotify.com/v1/tracks/2EEeOnHehOozLq4aS0n6SL,https://api.spotify.com/v1/audio-analysis/2EEeOnHehOozLq4aS0n6SL,253107,4
28,Congratulations,Post Malone,1829936,https://open.spotify.com/track/3a1lNhkSLSkpJE4MSHpDu9,3a1lNhkSLSkpJE4MSHpDu9,0.63,0.804,6,-4.183,1,0.0363,0.215,0,0.253,0.492,123.146,audio_features,3a1lNhkSLSkpJE4MSHpDu9,spotify:track:3a1lNhkSLSkpJE4MSHpDu9,https://api.spotify.com/v1/tracks/3a1lNhkSLSkpJE4MSHpDu9,https://api.spotify.com/v1/audio-analysis/3a1lNhkSLSkpJE4MSHpDu9,220293,4
29,Me Rehúso,Danny Ocean,1738853,https://open.spotify.com/track/6Zosz8w6CmdGMZM6p4JlbQ,6Zosz8w6CmdGMZM6p4JlbQ,0.746,0.794,1,-6.331,1,0.0698,0.0258,0,0.0497,0.447,104.827,audio_features,6Zosz8w6CmdGMZM6p4JlbQ,spotify:track:6Zosz8w6CmdGMZM6p4JlbQ,https://api.spotify.com/v1/tracks/6Zosz8w6CmdGMZM6p4JlbQ,https://api.spotify.com/v1/audio-analysis/6Zosz8w6CmdGMZM6p4JlbQ,205741,4
30,SUBEME LA RADIO (feat. Descemer Bueno & Zion & Lennox),Enrique Iglesias,1736636,https://open.spotify.com/track/7nKBxz47S9SD79N086fuhn,7nKBxz47S9SD79N086fuhn,0.684,0.823,9,-3.297,0,0.0773,0.0744,0,0.111,0.647,91.048,audio_features,7nKBxz47S9SD79N086fuhn,spotify:track:7nKBxz47S9SD79N086fuhn,https://api.spotify.com/v1/tracks/7nKBxz47S9SD79N086fuhn,https://api.spotify.com/v1/audio-analysis/7nKBxz47S9SD79N086fuhn,208163,4
31,Good Life (with G-Eazy & Kehlani),G-Eazy,1733485,https://open.spotify.com/track/1Eck97uRMlprKOOJN9oO1E,1Eck97uRMlprKOOJN9oO1E,0.565,0.771,1,-5.22,1,0.213,0.00464,0,0.0568,0.573,168.385,audio_features,1Eck97uRMlprKOOJN9oO1E,spotify:track:1Eck97uRMlprKOOJN9oO1E,https://api.spotify.com/v1/tracks/1Eck97uRMlprKOOJN9oO1E,https://api.spotify.com/v1/audio-analysis/1Eck97uRMlprKOOJN9oO1E,225526,4
32,No Promises (feat. Demi Lovato),Cheat Codes,1712902,https://open.spotify.com/track/1louJpMmzEicAn7lzDalPW,1louJpMmzEicAn7lzDalPW,0.741,0.667,10,-5.445,1,0.134,0.0575,0,0.106,0.595,112.956,audio_features,1louJpMmzEicAn7lzDalPW,spotify:track:1louJpMmzEicAn7lzDalPW,https://api.spotify.com/v1/tracks/1louJpMmzEicAn7lzDalPW,https://api.spotify.com/v1/audio-analysis/1louJpMmzEicAn7lzDalPW,223504,4
33,Paris,The Chainsmokers,1702897,https://open.spotify.com/track/72jbDTw1piOOj770jWNeaG,72jbDTw1piOOj770jWNeaG,0.653,0.658,2,-6.428,1,0.0304,0.0215,1.66e-06,0.0939,0.219,99.99,audio_features,72jbDTw1piOOj770jWNeaG,spotify:track:72jbDTw1piOOj770jWNeaG,https://api.spotify.com/v1/tracks/72jbDTw1piOOj770jWNeaG,https://api.spotify.com/v1/audio-analysis/72jbDTw1piOOj770jWNeaG,221507,4
34,The Cure,Lady Gaga,1670637,https://open.spotify.com/track/51PIvodunv6NmX5250zxAh,51PIvodunv6NmX5250zxAh,0.696,0.503,8,-4.842,1,0.0356,0.0745,0,0.0869,0.559,99.977,audio_features,51PIvodunv6NmX5250zxAh,spotify:track:51PIvodunv6NmX5250zxAh,https://api.spotify.com/v1/tracks/51PIvodunv6NmX5250zxAh,https://api.spotify.com/v1/audio-analysis/51PIvodunv6NmX5250zxAh,211364,4
35,Now Or Never,Halsey,1614775,https://open.spotify.com/track/1mDGDb2fUmUMdqV3tb8VKQ,1mDGDb2fUmUMdqV3tb8VKQ,0.67,0.585,6,-4.861,0,0.0354,0.107,1.11e-06,0.131,0.447,110.03,audio_features,1mDGDb2fUmUMdqV3tb8VKQ,spotify:track:1mDGDb2fUmUMdqV3tb8VKQ,https://api.spotify.com/v1/tracks/1mDGDb2fUmUMdqV3tb8VKQ,https://api.spotify.com/v1/audio-analysis/1mDGDb2fUmUMdqV3tb8VKQ,214802,4
36,Cold,Maroon 5,1598006,https://open.spotify.com/track/5NNlUMcOEOdoOIwwaWXv0k,5NNlUMcOEOdoOIwwaWXv0k,0.703,0.715,9,-6.285,0,0.114,0.139,0,0.0456,0.497,99.924,audio_features,5NNlUMcOEOdoOIwwaWXv0k,spotify:track:5NNlUMcOEOdoOIwwaWXv0k,https://api.spotify.com/v1/tracks/5NNlUMcOEOdoOIwwaWXv0k,https://api.spotify.com/v1/audio-analysis/5NNlUMcOEOdoOIwwaWXv0k,234308,4
37,Call On Me - Ryan Riback Extended Remix,Starley,1596604,https://open.spotify.com/track/78rIJddV4X0HkNAInEcYde,78rIJddV4X0HkNAInEcYde,0.67,0.838,0,-4.031,1,0.0362,0.0604,0.000611,0.159,0.717,104.998,audio_features,78rIJddV4X0HkNAInEcYde,spotify:track:78rIJddV4X0HkNAInEcYde,https://api.spotify.com/v1/tracks/78rIJddV4X0HkNAInEcYde,https://api.spotify.com/v1/audio-analysis/78rIJddV4X0HkNAInEcYde,222041,4
38,Pretty Girl - Cheat Codes X CADE Remix,Maggie Lindemann,1551180,https://open.spotify.com/track/39IsH7B5byx8NRlEKlZVg9,39IsH7B5byx8NRlEKlZVg9,0.703,0.868,7,-4.661,0,0.0291,0.15,0.132,0.104,0.733,121.03,audio_features,39IsH7B5byx8NRlEKlZVg9,spotify:track:39IsH7B5byx8NRlEKlZVg9,https://api.spotify.com/v1/tracks/39IsH7B5byx8NRlEKlZVg9,https://api.spotify.com/v1/audio-analysis/39IsH7B5byx8NRlEKlZVg9,193613,4
39,Rockabye (feat. Sean Paul & Anne-Marie),Clean Bandit,1539127,https://open.spotify.com/track/5knuzwU65gJK7IF5yJsuaW,5knuzwU65gJK7IF5yJsuaW,0.72,0.763,9,-4.068,0,0.0523,0.406,0,0.18,0.742,101.965,audio_features,5knuzwU65gJK7IF5yJsuaW,spotify:track:5knuzwU65gJK7IF5yJsuaW,https://api.spotify.com/v1/tracks/5knuzwU65gJK7IF5yJsuaW,https://api.spotify.com/v1/audio-analysis/5knuzwU65gJK7IF5yJsuaW,251088,4
40,Location,Khalid,1534641,https://open.spotify.com/track/152lZdxL1OR0ZMW6KquMif,152lZdxL1OR0ZMW6KquMif,0.736,0.449,1,-11.462,0,0.425,0.33,0.000162,0.0898,0.326,80.126,audio_features,152lZdxL1OR0ZMW6KquMif,spotify:track:152lZdxL1OR0ZMW6KquMif,https://api.spotify.com/v1/tracks/152lZdxL1OR0ZMW6KquMif,https://api.spotify.com/v1/audio-analysis/152lZdxL1OR0ZMW6KquMif,219080,4
41,Believer,Imagine Dragons,1527554,https://open.spotify.com/track/6VRghJeP6I0w1KxkdWFfIh,6VRghJeP6I0w1KxkdWFfIh,0.77,0.787,10,-4.402,0,0.113,0.0482,0,0.108,0.699,125.013,audio_features,6VRghJeP6I0w1KxkdWFfIh,spotify:track:6VRghJeP6I0w1KxkdWFfIh,https://api.spotify.com/v1/tracks/6VRghJeP6I0w1KxkdWFfIh,https://api.spotify.com/v1/audio-analysis/6VRghJeP6I0w1KxkdWFfIh,203782,4
42,"I Don’t Wanna Live Forever (Fifty Shades Darker) - From ""Fifty Shades Darker (Original Motion Picture Soundtrack)""",ZAYN,1524364,https://open.spotify.com/track/3NdDpSvN911VPGivFlV5d0,3NdDpSvN911VPGivFlV5d0,0.735,0.451,0,-8.374,1,0.0585,0.0631,1.3e-05,0.325,0.0862,117.973,audio_features,3NdDpSvN911VPGivFlV5d0,spotify:track:3NdDpSvN911VPGivFlV5d0,https://api.spotify.com/v1/tracks/3NdDpSvN911VPGivFlV5d0,https://api.spotify.com/v1/audio-analysis/3NdDpSvN911VPGivFlV5d0,245200,4
43,LOVE. FEAT. ZACARI.,Kendrick Lamar,1467389,https://open.spotify.com/track/6PGoSes0D9eUDeeAafB2As,6PGoSes0D9eUDeeAafB2As,0.8,0.585,10,-7.343,1,0.0924,0.264,0,0.153,0.779,126.058,audio_features,6PGoSes0D9eUDeeAafB2As,spotify:track:6PGoSes0D9eUDeeAafB2As,https://api.spotify.com/v1/tracks/6PGoSes0D9eUDeeAafB2As,https://api.spotify.com/v1/audio-analysis/6PGoSes0D9eUDeeAafB2As,213400,4
44,LOYALTY. FEAT. RIHANNA.,Kendrick Lamar,1439130,https://open.spotify.com/track/6SwRhMLwNqEi6alNPVG00n,6SwRhMLwNqEi6alNPVG00n,0.658,0.535,9,-8.983,0,0.0573,0.0265,0,0.2,0.419,110.684,audio_features,6SwRhMLwNqEi6alNPVG00n,spotify:track:6SwRhMLwNqEi6alNPVG00n,https://api.spotify.com/v1/tracks/6SwRhMLwNqEi6alNPVG00n,https://api.spotify.com/v1/audio-analysis/6SwRhMLwNqEi6alNPVG00n,227360,4
45,I Feel It Coming,The Weeknd,1437626,https://open.spotify.com/track/5GXAXm5YOmYT0kL5jHvYBt,5GXAXm5YOmYT0kL5jHvYBt,0.773,0.819,0,-5.946,0,0.118,0.426,0,0.0679,0.585,92.99,audio_features,5GXAXm5YOmYT0kL5jHvYBt,spotify:track:5GXAXm5YOmYT0kL5jHvYBt,https://api.spotify.com/v1/tracks/5GXAXm5YOmYT0kL5jHvYBt,https://api.spotify.com/v1/audio-analysis/5GXAXm5YOmYT0kL5jHvYBt,269187,4
46,You Don't Know Me - Radio Edit,Jax Jones,1416678,https://open.spotify.com/track/4WrS6vezaPwOafKJmHqMEU,4WrS6vezaPwOafKJmHqMEU,0.887,0.669,11,-6.058,0,0.144,0.16,0,0.181,0.661,123.967,audio_features,4WrS6vezaPwOafKJmHqMEU,spotify:track:4WrS6vezaPwOafKJmHqMEU,https://api.spotify.com/v1/tracks/4WrS6vezaPwOafKJmHqMEU,https://api.spotify.com/v1/audio-analysis/4WrS6vezaPwOafKJmHqMEU,211935,4
47,Say You Won't Let Go,James Arthur,1400665,https://open.spotify.com/track/5uCax9HTNlzGybIStD3vDh,5uCax9HTNlzGybIStD3vDh,0.358,0.557,10,-7.398,1,0.059,0.695,0,0.0902,0.494,85.043,audio_features,5uCax9HTNlzGybIStD3vDh,spotify:track:5uCax9HTNlzGybIStD3vDh,https://api.spotify.com/v1/tracks/5uCax9HTNlzGybIStD3vDh,https://api.spotify.com/v1/audio-analysis/5uCax9HTNlzGybIStD3vDh,211467,4
48,Solo Dance,Martin Jensen,1361389,https://open.spotify.com/track/6HUnnBwYZqcED1eQztxMBN,6HUnnBwYZqcED1eQztxMBN,0.744,0.836,6,-2.396,0,0.0507,0.0435,0,0.194,0.36,114.965,audio_features,6HUnnBwYZqcED1eQztxMBN,spotify:track:6HUnnBwYZqcED1eQztxMBN,https://api.spotify.com/v1/tracks/6HUnnBwYZqcED1eQztxMBN,https://api.spotify.com/v1/audio-analysis/6HUnnBwYZqcED1eQztxMBN,174933,4
49,El Amante,Nicky Jam,1331784,https://open.spotify.com/track/3umS4y3uQDkqekNjVpiRUs,3umS4y3uQDkqekNjVpiRUs,0.683,0.691,8,-5.535,1,0.0432,0.243,0,0.14,0.732,179.91,audio_features,3umS4y3uQDkqekNjVpiRUs,spotify:track:3umS4y3uQDkqekNjVpiRUs,https://api.spotify.com/v1/tracks/3umS4y3uQDkqekNjVpiRUs,https://api.spotify.com/v1/audio-analysis/3umS4y3uQDkqekNjVpiRUs,219507,4
50,ELEMENT.,Kendrick Lamar,1321796,https://open.spotify.com/track/1EaKU4dMbesXXd3BrLCtYG,1EaKU4dMbesXXd3BrLCtYG,0.748,0.705,4,-4.547,0,0.485,0.204,0,0.246,0.483,189.891,audio_features,1EaKU4dMbesXXd3BrLCtYG,spotify:track:1EaKU4dMbesXXd3BrLCtYG,https://api.spotify.com/v1/tracks/1EaKU4dMbesXXd3BrLCtYG,https://api.spotify.com/v1/audio-analysis/1EaKU4dMbesXXd3BrLCtYG,208733,4
51,Thunder,Imagine Dragons,1321618,https://open.spotify.com/track/56lBX2WHqfGuoeZxZvUnVj,56lBX2WHqfGuoeZxZvUnVj,0.601,0.834,0,-3.78,1,0.0455,0.00502,0.15,0.121,0.249,167.879,audio_features,56lBX2WHqfGuoeZxZvUnVj,spotify:track:56lBX2WHqfGuoeZxZvUnVj,https://api.spotify.com/v1/tracks/56lBX2WHqfGuoeZxZvUnVj,https://api.spotify.com/v1/audio-analysis/56lBX2WHqfGuoeZxZvUnVj,187761,4
52,Portland,Drake,1256387,https://open.spotify.com/track/2bjwRfXMk4uRgOD9IBYl9h,2bjwRfXMk4uRgOD9IBYl9h,0.925,0.443,1,-8.216,1,0.264,0.0172,0,0.276,0.35,136.078,audio_features,2bjwRfXMk4uRgOD9IBYl9h,spotify:track:2bjwRfXMk4uRgOD9IBYl9h,https://api.spotify.com/v1/tracks/2bjwRfXMk4uRgOD9IBYl9h,https://api.spotify.com/v1/audio-analysis/2bjwRfXMk4uRgOD9IBYl9h,236615,4
53,The Night We Met,Lord Huron,1236521,https://open.spotify.com/track/6mORGLOz79w6VsCRLWYYuK,6mORGLOz79w6VsCRLWYYuK,0.443,0.369,9,-9.514,1,0.0441,0.969,0.277,0.638,0.0989,174.107,audio_features,6mORGLOz79w6VsCRLWYYuK,spotify:track:6mORGLOz79w6VsCRLWYYuK,https://api.spotify.com/v1/tracks/6mORGLOz79w6VsCRLWYYuK,https://api.spotify.com/v1/audio-analysis/6mORGLOz79w6VsCRLWYYuK,208212,3
54,Closer,The Chainsmokers,1169381,https://open.spotify.com/track/7BKLCZ1jbUBVqRi2FVlTVw,7BKLCZ1jbUBVqRi2FVlTVw,0.748,0.524,8,-5.599,1,0.0338,0.414,0,0.111,0.661,95.01,audio_features,7BKLCZ1jbUBVqRi2FVlTVw,spotify:track:7BKLCZ1jbUBVqRi2FVlTVw,https://api.spotify.com/v1/tracks/7BKLCZ1jbUBVqRi2FVlTVw,https://api.spotify.com/v1/audio-analysis/7BKLCZ1jbUBVqRi2FVlTVw,244960,4
55,Escápate Conmigo,Wisin,1168359,https://open.spotify.com/track/2cnKEkpVUSV4wnjQiTWfH6,2cnKEkpVUSV4wnjQiTWfH6,0.747,0.864,8,-3.181,0,0.0599,0.0245,4.46e-05,0.0853,0.754,92.028,audio_features,2cnKEkpVUSV4wnjQiTWfH6,spotify:track:2cnKEkpVUSV4wnjQiTWfH6,https://api.spotify.com/v1/tracks/2cnKEkpVUSV4wnjQiTWfH6,https://api.spotify.com/v1/audio-analysis/2cnKEkpVUSV4wnjQiTWfH6,232787,4
56,Castle on the Hill,Ed Sheeran,1153451,https://open.spotify.com/track/6PCUP3dWmTjcTtXY02oFdT,6PCUP3dWmTjcTtXY02oFdT,0.461,0.834,2,-4.868,1,0.0989,0.0232,1.14e-05,0.14,0.471,135.007,audio_features,6PCUP3dWmTjcTtXY02oFdT,spotify:track:6PCUP3dWmTjcTtXY02oFdT,https://api.spotify.com/v1/tracks/6PCUP3dWmTjcTtXY02oFdT,https://api.spotify.com/v1/audio-analysis/6PCUP3dWmTjcTtXY02oFdT,261154,4
57,Still Got Time (feat. PARTYNEXTDOOR),ZAYN,1139891,https://open.spotify.com/track/000xQL6tZNLJzIrtIgxqSl,000xQL6tZNLJzIrtIgxqSl,0.748,0.627,7,-6.029,1,0.0639,0.131,0,0.0852,0.524,120.963,audio_features,000xQL6tZNLJzIrtIgxqSl,spotify:track:000xQL6tZNLJzIrtIgxqSl,https://api.spotify.com/v1/tracks/000xQL6tZNLJzIrtIgxqSl,https://api.spotify.com/v1/audio-analysis/000xQL6tZNLJzIrtIgxqSl,188491,4
58,Tunnel Vision,Kodak Black,1129573,https://open.spotify.com/track/4Q3N4Ct4zCuIHuZ65E3BD4,4Q3N4Ct4zCuIHuZ65E3BD4,0.497,0.489,11,-7.724,0,0.294,0.0576,9.91e-05,0.122,0.231,171.853,audio_features,4Q3N4Ct4zCuIHuZ65E3BD4,spotify:track:4Q3N4Ct4zCuIHuZ65E3BD4,https://api.spotify.com/v1/tracks/4Q3N4Ct4zCuIHuZ65E3BD4,https://api.spotify.com/v1/audio-analysis/4Q3N4Ct4zCuIHuZ65E3BD4,268187,4
59,Ahora Dice,Chris Jeday,1123505,https://open.spotify.com/track/22eADXu8DfOAUEDw4vU8qy,22eADXu8DfOAUEDw4vU8qy,0.708,0.693,6,-5.516,1,0.138,0.246,0,0.129,0.427,143.965,audio_features,22eADXu8DfOAUEDw4vU8qy,spotify:track:22eADXu8DfOAUEDw4vU8qy,https://api.spotify.com/v1/tracks/22eADXu8DfOAUEDw4vU8qy,https://api.spotify.com/v1/audio-analysis/22eADXu8DfOAUEDw4vU8qy,271080,4
60,Slow Hands,Niall Horan,1107496,https://open.spotify.com/track/167NczpNbRF7oWakJaY3Hh,167NczpNbRF7oWakJaY3Hh,0.728,0.426,0,-6.69,1,0.0509,0.0142,0,0.0546,0.844,85.908,audio_features,167NczpNbRF7oWakJaY3Hh,spotify:track:167NczpNbRF7oWakJaY3Hh,https://api.spotify.com/v1/tracks/167NczpNbRF7oWakJaY3Hh,https://api.spotify.com/v1/audio-analysis/167NczpNbRF7oWakJaY3Hh,188174,4
61,Chantaje,Shakira,1086393,https://open.spotify.com/track/1WniHvhq9zTkny0WvGXX8o,1WniHvhq9zTkny0WvGXX8o,0.859,0.756,8,-3.36,0,0.0643,0.168,4.65e-05,0.163,0.91,102.033,audio_features,1WniHvhq9zTkny0WvGXX8o,spotify:track:1WniHvhq9zTkny0WvGXX8o,https://api.spotify.com/v1/tracks/1WniHvhq9zTkny0WvGXX8o,https://api.spotify.com/v1/audio-analysis/1WniHvhq9zTkny0WvGXX8o,195613,4
62,Starboy,The Weeknd,1084174,https://open.spotify.com/track/5aAx2yezTd8zXrkmtKl66Z,5aAx2yezTd8zXrkmtKl66Z,0.681,0.594,7,-7.028,1,0.282,0.165,3.49e-06,0.134,0.535,186.054,audio_features,5aAx2yezTd8zXrkmtKl66Z,spotify:track:5aAx2yezTd8zXrkmtKl66Z,https://api.spotify.com/v1/tracks/5aAx2yezTd8zXrkmtKl66Z,https://api.spotify.com/v1/audio-analysis/5aAx2yezTd8zXrkmtKl66Z,230453,4
63,Hey Ma (with Pitbull & J Balvin feat. Camila Cabello) - Spanish Version,Pitbull,1081841,https://open.spotify.com/track/2Vdub5mY4lad7w64bFPUez,2Vdub5mY4lad7w64bFPUez,0.489,0.962,0,-2.597,1,0.215,0.0277,6.18e-06,0.128,0.518,104.563,audio_features,2Vdub5mY4lad7w64bFPUez,spotify:track:2Vdub5mY4lad7w64bFPUez,https://api.spotify.com/v1/tracks/2Vdub5mY4lad7w64bFPUez,https://api.spotify.com/v1/audio-analysis/2Vdub5mY4lad7w64bFPUez,194942,4
64,Tuesday,Burak Yeter,1070004,https://open.spotify.com/track/5c4tB0saSkNHX5CyDosuF7,5c4tB0saSkNHX5CyDosuF7,0.841,0.639,9,-6.052,0,0.0688,0.0156,0.0654,0.0545,0.675,99.002,audio_features,5c4tB0saSkNHX5CyDosuF7,spotify:track:5c4tB0saSkNHX5CyDosuF7,https://api.spotify.com/v1/tracks/5c4tB0saSkNHX5CyDosuF7,https://api.spotify.com/v1/audio-analysis/5c4tB0saSkNHX5CyDosuF7,241875,4
65,Run Up (feat. PARTYNEXTDOOR & Nicki Minaj),Major Lazer,1043084,https://open.spotify.com/track/0fg8CqpjdojMyXLNzM2PaJ,0fg8CqpjdojMyXLNzM2PaJ,0.803,0.743,1,-3.602,0,0.0681,0.105,2.12e-06,0.099,0.674,108.005,audio_features,0fg8CqpjdojMyXLNzM2PaJ,spotify:track:0fg8CqpjdojMyXLNzM2PaJ,https://api.spotify.com/v1/tracks/0fg8CqpjdojMyXLNzM2PaJ,https://api.spotify.com/v1/audio-analysis/0fg8CqpjdojMyXLNzM2PaJ,203180,4
66,Selfish (feat. Rihanna),Future,1035208,https://open.spotify.com/track/2Ce5IyMlVRVvN997ZJjJJA,2Ce5IyMlVRVvN997ZJjJJA,0.415,0.369,8,-10.044,1,0.0741,0.0303,7.64e-06,0.383,0.0913,95.746,audio_features,2Ce5IyMlVRVvN997ZJjJJA,spotify:track:2Ce5IyMlVRVvN997ZJjJJA,https://api.spotify.com/v1/tracks/2Ce5IyMlVRVvN997ZJjJJA,https://api.spotify.com/v1/audio-analysis/2Ce5IyMlVRVvN997ZJjJJA,251423,4
67,Chained To The Rhythm,Katy Perry,1026273,https://open.spotify.com/track/5ndfVSDyPq90jaIUhNPeby,5ndfVSDyPq90jaIUhNPeby,0.446,0.793,0,-5.365,1,0.156,0.089,0,0.211,0.47,189.891,audio_features,5ndfVSDyPq90jaIUhNPeby,spotify:track:5ndfVSDyPq90jaIUhNPeby,https://api.spotify.com/v1/tracks/5ndfVSDyPq90jaIUhNPeby,https://api.spotify.com/v1/audio-analysis/5ndfVSDyPq90jaIUhNPeby,237915,4
68,goosebumps,Travis Scott,1014170,https://open.spotify.com/track/6gBFPUFcJLzWGx4lenP6h2,6gBFPUFcJLzWGx4lenP6h2,0.841,0.728,7,-3.37,1,0.0484,0.0847,0,0.149,0.43,130.049,audio_features,6gBFPUFcJLzWGx4lenP6h2,spotify:track:6gBFPUFcJLzWGx4lenP6h2,https://api.spotify.com/v1/tracks/6gBFPUFcJLzWGx4lenP6h2,https://api.spotify.com/v1/audio-analysis/6gBFPUFcJLzWGx4lenP6h2,243837,4
69,Perfect,Ed Sheeran,995236,https://open.spotify.com/track/0tgVpDi06FyKpA1z0VMD4v,0tgVpDi06FyKpA1z0VMD4v,0.599,0.448,8,-6.312,1,0.0232,0.163,0,0.106,0.168,95.05,audio_features,0tgVpDi06FyKpA1z0VMD4v,spotify:track:0tgVpDi06FyKpA1z0VMD4v,https://api.spotify.com/v1/tracks/0tgVpDi06FyKpA1z0VMD4v,https://api.spotify.com/v1/audio-analysis/0tgVpDi06FyKpA1z0VMD4v,263400,3
70,Bon Appétit,Katy Perry,986432,https://open.spotify.com/track/14oOKFGuXu8DqvOe1W8vao,14oOKFGuXu8DqvOe1W8vao,0.797,0.791,6,-5.799,1,0.0626,0.115,6e-05,0.144,0.516,106.044,audio_features,14oOKFGuXu8DqvOe1W8vao,spotify:track:14oOKFGuXu8DqvOe1W8vao,https://api.spotify.com/v1/tracks/14oOKFGuXu8DqvOe1W8vao,https://api.spotify.com/v1/audio-analysis/14oOKFGuXu8DqvOe1W8vao,227292,4
71,Bad and Boujee (feat. Lil Uzi Vert),Migos,969754,https://open.spotify.com/track/4Km5HrUvYTaSUfiSGPJeQR,4Km5HrUvYTaSUfiSGPJeQR,0.927,0.665,11,-5.313,1,0.244,0.061,0,0.123,0.175,127.076,audio_features,4Km5HrUvYTaSUfiSGPJeQR,spotify:track:4Km5HrUvYTaSUfiSGPJeQR,https://api.spotify.com/v1/tracks/4Km5HrUvYTaSUfiSGPJeQR,https://api.spotify.com/v1/audio-analysis/4Km5HrUvYTaSUfiSGPJeQR,343150,4
72,The One,The Chainsmokers,966326,https://open.spotify.com/track/0wfbD5rAksdXUzRvMfM3x5,0wfbD5rAksdXUzRvMfM3x5,0.76,0.303,2,-11.362,1,0.0284,0.238,8.09e-06,0.294,0.15,99.991,audio_features,0wfbD5rAksdXUzRvMfM3x5,spotify:track:0wfbD5rAksdXUzRvMfM3x5,https://api.spotify.com/v1/tracks/0wfbD5rAksdXUzRvMfM3x5,https://api.spotify.com/v1/audio-analysis/0wfbD5rAksdXUzRvMfM3x5,177573,4
73,One Dance,Drake,961971,https://open.spotify.com/track/1xznGGDReH1oQq0xzbwXa3,1xznGGDReH1oQq0xzbwXa3,0.791,0.619,1,-5.886,1,0.0532,0.00784,0.00423,0.351,0.371,103.989,audio_features,1xznGGDReH1oQq0xzbwXa3,spotify:track:1xznGGDReH1oQq0xzbwXa3,https://api.spotify.com/v1/tracks/1xznGGDReH1oQq0xzbwXa3,https://api.spotify.com/v1/audio-analysis/1xznGGDReH1oQq0xzbwXa3,173987,4
74,Sigo Extrañándote,J Balvin,959235,https://open.spotify.com/track/6qDF4wWL49CAVbgT7yuHl8,6qDF4wWL49CAVbgT7yuHl8,0.889,0.853,9,-4.26,1,0.241,0.154,0.000107,0.205,0.922,93.022,audio_features,6qDF4wWL49CAVbgT7yuHl8,spotify:track:6qDF4wWL49CAVbgT7yuHl8,https://api.spotify.com/v1/tracks/6qDF4wWL49CAVbgT7yuHl8,https://api.spotify.com/v1/audio-analysis/6qDF4wWL49CAVbgT7yuHl8,201280,4
75,Fake Love,Drake,931457,https://open.spotify.com/track/343YBumqHu19cGoGARUTsd,343YBumqHu19cGoGARUTsd,0.928,0.481,9,-9.35,0,0.287,0.105,0,0.176,0.613,134.007,audio_features,343YBumqHu19cGoGARUTsd,spotify:track:343YBumqHu19cGoGARUTsd,https://api.spotify.com/v1/tracks/343YBumqHu19cGoGARUTsd,https://api.spotify.com/v1/audio-analysis/343YBumqHu19cGoGARUTsd,210937,4
76,Touch,Little Mix,931313,https://open.spotify.com/track/5Ua3GXyHwiSfpNTMjq6m2z,5Ua3GXyHwiSfpNTMjq6m2z,0.607,0.718,4,-4.095,1,0.0978,0.032,0,0.403,0.551,101.821,audio_features,5Ua3GXyHwiSfpNTMjq6m2z,spotify:track:5Ua3GXyHwiSfpNTMjq6m2z,https://api.spotify.com/v1/tracks/5Ua3GXyHwiSfpNTMjq6m2z,https://api.spotify.com/v1/audio-analysis/5Ua3GXyHwiSfpNTMjq6m2z,213307,4
77,September Song,JP Cooper,929982,https://open.spotify.com/track/0FuTx2s3YH1ppmtiM6l0zI,0FuTx2s3YH1ppmtiM6l0zI,0.623,0.654,0,-5.675,0,0.0372,0.0545,0,0.0838,0.401,95.921,audio_features,0FuTx2s3YH1ppmtiM6l0zI,spotify:track:0FuTx2s3YH1ppmtiM6l0zI,https://api.spotify.com/v1/tracks/0FuTx2s3YH1ppmtiM6l0zI,https://api.spotify.com/v1/audio-analysis/0FuTx2s3YH1ppmtiM6l0zI,220291,4
78,Most Girls,Hailee Steinfeld,929468,https://open.spotify.com/track/2mfUa8bLs2s5N4VaqJZ4lZ,2mfUa8bLs2s5N4VaqJZ4lZ,0.755,0.57,9,-7.132,1,0.0888,0.0416,0,0.0891,0.406,102.991,audio_features,2mfUa8bLs2s5N4VaqJZ4lZ,spotify:track:2mfUa8bLs2s5N4VaqJZ4lZ,https://api.spotify.com/v1/tracks/2mfUa8bLs2s5N4VaqJZ4lZ,https://api.spotify.com/v1/audio-analysis/2mfUa8bLs2s5N4VaqJZ4lZ,204400,4
79,Green Light,Lorde,925122,https://open.spotify.com/track/1WC5UN1U79gJlxGLYDGIO7,1WC5UN1U79gJlxGLYDGIO7,0.61,0.712,9,-7.808,1,0.0776,0.0147,1.12e-05,0.0843,0.283,128.921,audio_features,1WC5UN1U79gJlxGLYDGIO7,spotify:track:1WC5UN1U79gJlxGLYDGIO7,https://api.spotify.com/v1/tracks/1WC5UN1U79gJlxGLYDGIO7,https://api.spotify.com/v1/audio-analysis/1WC5UN1U79gJlxGLYDGIO7,234662,4
80,Bounce Back,Big Sean,908796,https://open.spotify.com/track/0SGkqnVQo9KPytSri1H6cF,0SGkqnVQo9KPytSri1H6cF,0.78,0.575,1,-5.628,0,0.139,0.106,0,0.129,0.273,81.502,audio_features,0SGkqnVQo9KPytSri1H6cF,spotify:track:0SGkqnVQo9KPytSri1H6cF,https://api.spotify.com/v1/tracks/0SGkqnVQo9KPytSri1H6cF,https://api.spotify.com/v1/audio-analysis/0SGkqnVQo9KPytSri1H6cF,222360,4
81,Body Like A Back Road,Sam Hunt,888790,https://open.spotify.com/track/7mldq42yDuxiUNn08nvzHO,7mldq42yDuxiUNn08nvzHO,0.732,0.458,5,-7.225,1,0.0311,0.447,0,0.136,0.661,98.938,audio_features,7mldq42yDuxiUNn08nvzHO,spotify:track:7mldq42yDuxiUNn08nvzHO,https://api.spotify.com/v1/tracks/7mldq42yDuxiUNn08nvzHO,https://api.spotify.com/v1/audio-analysis/7mldq42yDuxiUNn08nvzHO,165387,4
82,Let Me Love You,DJ Snake,880444,https://open.spotify.com/track/4pdPtRcBmOSQDlJ3Fk945m,4pdPtRcBmOSQDlJ3Fk945m,0.476,0.718,8,-5.309,1,0.0576,0.0784,1.02e-05,0.122,0.142,199.864,audio_features,4pdPtRcBmOSQDlJ3Fk945m,spotify:track:4pdPtRcBmOSQDlJ3Fk945m,https://api.spotify.com/v1/tracks/4pdPtRcBmOSQDlJ3Fk945m,https://api.spotify.com/v1/audio-analysis/4pdPtRcBmOSQDlJ3Fk945m,205947,4
83,Otra vez (feat. J Balvin),Zion & Lennox,862217,https://open.spotify.com/track/3QwBODjSEzelZyVjxPOHdq,3QwBODjSEzelZyVjxPOHdq,0.832,0.772,10,-5.429,1,0.1,0.0559,0.000486,0.44,0.704,96.016,audio_features,3QwBODjSEzelZyVjxPOHdq,spotify:track:3QwBODjSEzelZyVjxPOHdq,https://api.spotify.com/v1/tracks/3QwBODjSEzelZyVjxPOHdq,https://api.spotify.com/v1/audio-analysis/3QwBODjSEzelZyVjxPOHdq,209453,4
84,do re mi,blackbear,854351,https://open.spotify.com/track/6CUBgX8bXC5YQCkdgRHqyg,6CUBgX8bXC5YQCkdgRHqyg,0.745,0.595,8,-6.35,1,0.0486,0.00483,1.13e-05,0.125,0.169,110.966,audio_features,6CUBgX8bXC5YQCkdgRHqyg,spotify:track:6CUBgX8bXC5YQCkdgRHqyg,https://api.spotify.com/v1/tracks/6CUBgX8bXC5YQCkdgRHqyg,https://api.spotify.com/v1/audio-analysis/6CUBgX8bXC5YQCkdgRHqyg,212027,3
85,Weak,AJR,847705,https://open.spotify.com/track/6OuV4vfyb8v3vGGGksqyKf,6OuV4vfyb8v3vGGGksqyKf,0.672,0.642,5,-4.552,1,0.0461,0.127,0,0.137,0.656,123.984,audio_features,6OuV4vfyb8v3vGGGksqyKf,spotify:track:6OuV4vfyb8v3vGGGksqyKf,https://api.spotify.com/v1/tracks/6OuV4vfyb8v3vGGGksqyKf,https://api.spotify.com/v1/audio-analysis/6OuV4vfyb8v3vGGGksqyKf,202194,4
86,Everybody,Logic,844374,https://open.spotify.com/track/7cGFbx7MP0H23iHZTZpqMM,7cGFbx7MP0H23iHZTZpqMM,0.885,0.94,1,-5.908,1,0.0913,0.161,0,0.0675,0.773,110.005,audio_features,7cGFbx7MP0H23iHZTZpqMM,spotify:track:7cGFbx7MP0H23iHZTZpqMM,https://api.spotify.com/v1/tracks/7cGFbx7MP0H23iHZTZpqMM,https://api.spotify.com/v1/audio-analysis/7cGFbx7MP0H23iHZTZpqMM,162347,4
87,T-Shirt,Migos,837410,https://open.spotify.com/track/7KOlJ92bu51cltsD9KU5I7,7KOlJ92bu51cltsD9KU5I7,0.865,0.687,10,-3.744,0,0.217,0.242,0,0.158,0.486,139.023,audio_features,7KOlJ92bu51cltsD9KU5I7,spotify:track:7KOlJ92bu51cltsD9KU5I7,https://api.spotify.com/v1/tracks/7KOlJ92bu51cltsD9KU5I7,https://api.spotify.com/v1/audio-analysis/7KOlJ92bu51cltsD9KU5I7,242407,4
88,Starving,Hailee Steinfeld,832634,https://open.spotify.com/track/1qOLh0tI7trd1zdDKxYZTe,1qOLh0tI7trd1zdDKxYZTe,0.636,0.633,4,-4.23,1,0.126,0.371,0,0.102,0.512,99.721,audio_features,1qOLh0tI7trd1zdDKxYZTe,spotify:track:1qOLh0tI7trd1zdDKxYZTe,https://api.spotify.com/v1/tracks/1qOLh0tI7trd1zdDKxYZTe,https://api.spotify.com/v1/audio-analysis/1qOLh0tI7trd1zdDKxYZTe,181880,4
89,La Rompe Corazones,Daddy Yankee,828733,https://open.spotify.com/track/4okba5wu9mMLXx79DXLKi3,4okba5wu9mMLXx79DXLKi3,0.685,0.859,5,-2.595,0,0.0553,0.116,0,0.317,0.891,176.018,audio_features,4okba5wu9mMLXx79DXLKi3,spotify:track:4okba5wu9mMLXx79DXLKi3,https://api.spotify.com/v1/tracks/4okba5wu9mMLXx79DXLKi3,https://api.spotify.com/v1/audio-analysis/4okba5wu9mMLXx79DXLKi3,204520,4
90,24K Magic,Bruno Mars,815867,https://open.spotify.com/track/6b8Be6ljOzmkOmFslEb23P,6b8Be6ljOzmkOmFslEb23P,0.818,0.803,1,-4.282,1,0.0797,0.034,0,0.153,0.632,106.97,audio_features,6b8Be6ljOzmkOmFslEb23P,spotify:track:6b8Be6ljOzmkOmFslEb23P,https://api.spotify.com/v1/tracks/6b8Be6ljOzmkOmFslEb23P,https://api.spotify.com/v1/audio-analysis/6b8Be6ljOzmkOmFslEb23P,225983,4
91,Happier,Ed Sheeran,811499,https://open.spotify.com/track/2RttW7RAu5nOAfq6YFvApB,2RttW7RAu5nOAfq6YFvApB,0.522,0.385,0,-7.355,1,0.0288,0.536,0,0.135,0.236,89.792,audio_features,2RttW7RAu5nOAfq6YFvApB,spotify:track:2RttW7RAu5nOAfq6YFvApB,https://api.spotify.com/v1/tracks/2RttW7RAu5nOAfq6YFvApB,https://api.spotify.com/v1/audio-analysis/2RttW7RAu5nOAfq6YFvApB,207520,4
92,Hey DJ,CNCO,798271,https://open.spotify.com/track/209gZgcfLq2aUuu51vOWBl,209gZgcfLq2aUuu51vOWBl,0.792,0.819,5,-5.418,1,0.0867,0.0309,0,0.389,0.433,89.98,audio_features,209gZgcfLq2aUuu51vOWBl,spotify:track:209gZgcfLq2aUuu51vOWBl,https://api.spotify.com/v1/tracks/209gZgcfLq2aUuu51vOWBl,https://api.spotify.com/v1/audio-analysis/209gZgcfLq2aUuu51vOWBl,205520,4
93,Look At Me!,XXXTENTACION,797295,https://open.spotify.com/track/7floNISpH8VF4z4459Qo18,7floNISpH8VF4z4459Qo18,0.763,0.726,1,-6.405,1,0.282,0.259,0,0.0976,0.349,139.059,audio_features,7floNISpH8VF4z4459Qo18,spotify:track:7floNISpH8VF4z4459Qo18,https://api.spotify.com/v1/tracks/7floNISpH8VF4z4459Qo18,https://api.spotify.com/v1/audio-analysis/7floNISpH8VF4z4459Qo18,126346,4
94,Slippery (feat. Gucci Mane),Migos,784979,https://open.spotify.com/track/6p8NuHm8uCGnn2Dtbtf7zE,6p8NuHm8uCGnn2Dtbtf7zE,0.92,0.674,1,-5.662,0,0.264,0.307,0,0.104,0.741,141.967,audio_features,6p8NuHm8uCGnn2Dtbtf7zE,spotify:track:6p8NuHm8uCGnn2Dtbtf7zE,https://api.spotify.com/v1/tracks/6p8NuHm8uCGnn2Dtbtf7zE,https://api.spotify.com/v1/audio-analysis/6p8NuHm8uCGnn2Dtbtf7zE,304041,4
95,Gyalchester,Drake,783254,https://open.spotify.com/track/6UjfByV1lDLW0SOVQA4NAi,6UjfByV1lDLW0SOVQA4NAi,0.877,0.391,1,-8.196,1,0.063,0.0317,0.000502,0.0945,0.122,131.018,audio_features,6UjfByV1lDLW0SOVQA4NAi,spotify:track:6UjfByV1lDLW0SOVQA4NAi,https://api.spotify.com/v1/tracks/6UjfByV1lDLW0SOVQA4NAi,https://api.spotify.com/v1/audio-analysis/6UjfByV1lDLW0SOVQA4NAi,189230,4
96,"Sola (Remix) [feat. Daddy Yankee, Wisin, Farruko, Zion & Lennox]",Anuel AA,778476,https://open.spotify.com/track/5q2JbCNi4FcnglgPfxcV65,5q2JbCNi4FcnglgPfxcV65,0.639,0.869,11,-4.024,1,0.147,0.27,0,0.0802,0.767,169.801,audio_features,5q2JbCNi4FcnglgPfxcV65,spotify:track:5q2JbCNi4FcnglgPfxcV65,https://api.spotify.com/v1/tracks/5q2JbCNi4FcnglgPfxcV65,https://api.spotify.com/v1/audio-analysis/5q2JbCNi4FcnglgPfxcV65,307910,4
97,Reggaetón Lento (Bailemos),CNCO,768095,https://open.spotify.com/track/3AEZUABDXNtecAOSC1qTfo,3AEZUABDXNtecAOSC1qTfo,0.761,0.838,4,-3.073,0,0.0502,0.4,0,0.176,0.71,93.974,audio_features,3AEZUABDXNtecAOSC1qTfo,spotify:track:3AEZUABDXNtecAOSC1qTfo,https://api.spotify.com/v1/tracks/3AEZUABDXNtecAOSC1qTfo,https://api.spotify.com/v1/audio-analysis/3AEZUABDXNtecAOSC1qTfo,222560,4
98,Drowning (feat. Kodak Black),A Boogie Wit da Hoodie,763146,https://open.spotify.com/track/3LnOF5n1GOs01siYZXzS3p,3LnOF5n1GOs01siYZXzS3p,0.839,0.81,5,-5.274,0,0.0568,0.501,0,0.117,0.814,129.014,audio_features,3LnOF5n1GOs01siYZXzS3p,spotify:track:3LnOF5n1GOs01siYZXzS3p,https://api.spotify.com/v1/tracks/3LnOF5n1GOs01siYZXzS3p,https://api.spotify.com/v1/audio-analysis/3LnOF5n1GOs01siYZXzS3p,209269,4
99,Redbone,Childish Gambino,762676,https://open.spotify.com/track/3kxfsdsCpFgN412fpnW85Y,3kxfsdsCpFgN412fpnW85Y,0.745,0.356,1,-10.425,1,0.0941,0.172,0.00943,0.123,0.607,160.033,audio_features,3kxfsdsCpFgN412fpnW85Y,spotify:track:3kxfsdsCpFgN412fpnW85Y,https://api.spotify.com/v1/tracks/3kxfsdsCpFgN412fpnW85Y,https://api.spotify.com/v1/audio-analysis/3kxfsdsCpFgN412fpnW85Y,326933,4
100,"How Far I'll Go - From ""Moana""",Alessia Cara,760978,https://open.spotify.com/track/5hYTyyh2odQKphUbMqc5gN,5hYTyyh2odQKphUbMqc5gN,0.314,0.555,9,-9.601,1,0.37,0.157,0.000108,0.067,0.159,179.666,audio_features,5hYTyyh2odQKphUbMqc5gN,spotify:track:5hYTyyh2odQKphUbMqc5gN,https://api.spotify.com/v1/tracks/5hYTyyh2odQKphUbMqc5gN,https://api.spotify.com/v1/audio-analysis/5hYTyyh2odQKphUbMqc5gN,175517,4
101,Whippin (feat. Felix Snow),Kiiara,752845,https://open.spotify.com/track/3QWjljChcOMkRDYSzF33Qr,3QWjljChcOMkRDYSzF33Qr,0.87,0.502,5,-7.497,0,0.0549,0.549,0.00356,0.0916,0.673,82.53,audio_features,3QWjljChcOMkRDYSzF33Qr,spotify:track:3QWjljChcOMkRDYSzF33Qr,https://api.spotify.com/v1/tracks/3QWjljChcOMkRDYSzF33Qr,https://api.spotify.com/v1/audio-analysis/3QWjljChcOMkRDYSzF33Qr,160597,4
102,Ciao Adios,Anne-Marie,731926,https://open.spotify.com/track/3EfugazgSddQvzZpkof5I4,3EfugazgSddQvzZpkof5I4,0.698,0.882,4,-3.078,0,0.0863,0.127,0,0.15,0.445,106.083,audio_features,3EfugazgSddQvzZpkof5I4,spotify:track:3EfugazgSddQvzZpkof5I4,https://api.spotify.com/v1/tracks/3EfugazgSddQvzZpkof5I4,https://api.spotify.com/v1/audio-analysis/3EfugazgSddQvzZpkof5I4,200105,4
103,Don't Let Me Down (feat. Daya),The Chainsmokers,728734,https://open.spotify.com/track/0QsvXIfqM0zZoerQfsI9lm,0QsvXIfqM0zZoerQfsI9lm,0.542,0.859,11,-5.651,1,0.197,0.16,0.00466,0.137,0.403,159.797,audio_features,0QsvXIfqM0zZoerQfsI9lm,spotify:track:0QsvXIfqM0zZoerQfsI9lm,https://api.spotify.com/v1/tracks/0QsvXIfqM0zZoerQfsI9lm,https://api.spotify.com/v1/audio-analysis/0QsvXIfqM0zZoerQfsI9lm,208053,4
104,Quit (feat. Ariana Grande),Cashmere Cat,724879,https://open.spotify.com/track/4Q5yMlwAfAoitqg4r9oZHN,4Q5yMlwAfAoitqg4r9oZHN,0.365,0.413,0,-7.369,0,0.0507,0.103,3.13e-05,0.103,0.125,84.746,audio_features,4Q5yMlwAfAoitqg4r9oZHN,spotify:track:4Q5yMlwAfAoitqg4r9oZHN,https://api.spotify.com/v1/tracks/4Q5yMlwAfAoitqg4r9oZHN,https://api.spotify.com/v1/audio-analysis/4Q5yMlwAfAoitqg4r9oZHN,258188,3
105,XXX. FEAT. U2.,Kendrick Lamar,721050,https://open.spotify.com/track/4iYRa2btalAzPZoSYfROqF,4iYRa2btalAzPZoSYfROqF,0.568,0.619,1,-6.899,1,0.414,0.138,1.67e-06,0.11,0.293,170.115,audio_features,4iYRa2btalAzPZoSYfROqF,spotify:track:4iYRa2btalAzPZoSYfROqF,https://api.spotify.com/v1/tracks/4iYRa2btalAzPZoSYfROqF,https://api.spotify.com/v1/audio-analysis/4iYRa2btalAzPZoSYfROqF,254200,4
106,Swang,Rae Sremmurd,710910,https://open.spotify.com/track/6mapJIPnQ23RTAevUoE0DL,6mapJIPnQ23RTAevUoE0DL,0.681,0.314,8,-9.319,1,0.0581,0.2,9.82e-06,0.1,0.166,139.992,audio_features,6mapJIPnQ23RTAevUoE0DL,spotify:track:6mapJIPnQ23RTAevUoE0DL,https://api.spotify.com/v1/tracks/6mapJIPnQ23RTAevUoE0DL,https://api.spotify.com/v1/audio-analysis/6mapJIPnQ23RTAevUoE0DL,208120,4
107,Me llamas (feat. Maluma) - Remix,Piso 21,707624,https://open.spotify.com/track/5hEM0JchdVzQ5PwvSfITeX,5hEM0JchdVzQ5PwvSfITeX,0.76,0.838,7,-3.828,0,0.0529,0.547,1.3e-06,0.0664,0.745,93.05,audio_features,5hEM0JchdVzQ5PwvSfITeX,spotify:track:5hEM0JchdVzQ5PwvSfITeX,https://api.spotify.com/v1/tracks/5hEM0JchdVzQ5PwvSfITeX,https://api.spotify.com/v1/audio-analysis/5hEM0JchdVzQ5PwvSfITeX,210323,4
108,Don't Wanna Know,Maroon 5,698411,https://open.spotify.com/track/5MFzQMkrl1FOOng9tq6R9r,5MFzQMkrl1FOOng9tq6R9r,0.783,0.623,7,-6.126,1,0.08,0.338,0,0.0975,0.447,100.048,audio_features,5MFzQMkrl1FOOng9tq6R9r,spotify:track:5MFzQMkrl1FOOng9tq6R9r,https://api.spotify.com/v1/tracks/5MFzQMkrl1FOOng9tq6R9r,https://api.spotify.com/v1/audio-analysis/5MFzQMkrl1FOOng9tq6R9r,214480,4
109,Hear Me Now,Alok,695262,https://open.spotify.com/track/1a5Yu5L18qNxVhXx38njON,1a5Yu5L18qNxVhXx38njON,0.788,0.43,11,-7.757,1,0.0419,0.537,0.00261,0.0936,0.461,121.996,audio_features,1a5Yu5L18qNxVhXx38njON,spotify:track:1a5Yu5L18qNxVhXx38njON,https://api.spotify.com/v1/tracks/1a5Yu5L18qNxVhXx38njON,https://api.spotify.com/v1/audio-analysis/1a5Yu5L18qNxVhXx38njON,192846,4
110,Sweet Creature,Harry Styles,679949,https://open.spotify.com/track/13sXuI5RjMHm7dz7O3spYs,13sXuI5RjMHm7dz7O3spYs,0.427,0.262,7,-8.541,1,0.0276,0.746,0,0.068,0.228,104.085,audio_features,13sXuI5RjMHm7dz7O3spYs,spotify:track:13sXuI5RjMHm7dz7O3spYs,https://api.spotify.com/v1/tracks/13sXuI5RjMHm7dz7O3spYs,https://api.spotify.com/v1/audio-analysis/13sXuI5RjMHm7dz7O3spYs,224867,4
111,Me Enamoré,Shakira,679475,https://open.spotify.com/track/4m5A5meIueOcDBpbqGvkQB,4m5A5meIueOcDBpbqGvkQB,0.711,0.875,5,-2.211,1,0.104,0.211,0.000198,0.0862,0.922,103.637,audio_features,4m5A5meIueOcDBpbqGvkQB,spotify:track:4m5A5meIueOcDBpbqGvkQB,https://api.spotify.com/v1/tracks/4m5A5meIueOcDBpbqGvkQB,https://api.spotify.com/v1/audio-analysis/4m5A5meIueOcDBpbqGvkQB,225813,4
112,Photograph,Ed Sheeran,659595,https://open.spotify.com/track/6fxVffaTuwjgEk5h9QyRjy,6fxVffaTuwjgEk5h9QyRjy,0.614,0.379,4,-10.48,1,0.0476,0.607,0.000464,0.0986,0.201,107.989,audio_features,6fxVffaTuwjgEk5h9QyRjy,spotify:track:6fxVffaTuwjgEk5h9QyRjy,https://api.spotify.com/v1/tracks/6fxVffaTuwjgEk5h9QyRjy,https://api.spotify.com/v1/audio-analysis/6fxVffaTuwjgEk5h9QyRjy,258987,4
113,Dive,Ed Sheeran,657037,https://open.spotify.com/track/51ChrwmUPDJvedPQnIU8Ls,51ChrwmUPDJvedPQnIU8Ls,0.761,0.386,4,-6.158,1,0.0399,0.355,0,0.0953,0.526,134.943,audio_features,51ChrwmUPDJvedPQnIU8Ls,spotify:track:51ChrwmUPDJvedPQnIU8Ls,https://api.spotify.com/v1/tracks/51ChrwmUPDJvedPQnIU8Ls,https://api.spotify.com/v1/audio-analysis/51ChrwmUPDJvedPQnIU8Ls,238440,3
114,Tu Foto,Ozuna,651379,https://open.spotify.com/track/0Szp49tpFasIjX04Mcsydp,0Szp49tpFasIjX04Mcsydp,0.735,0.482,7,-9.21,1,0.0508,0.205,0.000194,0.0894,0.795,175.907,audio_features,0Szp49tpFasIjX04Mcsydp,spotify:track:0Szp49tpFasIjX04Mcsydp,https://api.spotify.com/v1/tracks/0Szp49tpFasIjX04Mcsydp,https://api.spotify.com/v1/audio-analysis/0Szp49tpFasIjX04Mcsydp,193118,4
115,In the Name of Love,Martin Garrix,645751,https://open.spotify.com/track/04DwTuZ2VBdJCCC5TROn7L,04DwTuZ2VBdJCCC5TROn7L,0.49,0.485,4,-6.237,0,0.0406,0.0592,0,0.337,0.196,133.889,audio_features,04DwTuZ2VBdJCCC5TROn7L,spotify:track:04DwTuZ2VBdJCCC5TROn7L,https://api.spotify.com/v1/tracks/04DwTuZ2VBdJCCC5TROn7L,https://api.spotify.com/v1/audio-analysis/04DwTuZ2VBdJCCC5TROn7L,195840,4
116,All Time Low,Jon Bellion,643180,https://open.spotify.com/track/1CnPYaKxTVb4LWOtiGOm0m,1CnPYaKxTVb4LWOtiGOm0m,0.617,0.567,0,-4.188,1,0.0828,0.0584,0,0.0933,0.505,90.246,audio_features,1CnPYaKxTVb4LWOtiGOm0m,spotify:track:1CnPYaKxTVb4LWOtiGOm0m,https://api.spotify.com/v1/tracks/1CnPYaKxTVb4LWOtiGOm0m,https://api.spotify.com/v1/audio-analysis/1CnPYaKxTVb4LWOtiGOm0m,217603,4
117,I Took A Pill In Ibiza - Seeb Remix,Mike Posner,641674,https://open.spotify.com/track/17Fd6Yb7mSbinKG8LoWfFl,17Fd6Yb7mSbinKG8LoWfFl,0.663,0.713,7,-6.647,0,0.112,0.0353,7.68e-06,0.0843,0.69,101.965,audio_features,17Fd6Yb7mSbinKG8LoWfFl,spotify:track:17Fd6Yb7mSbinKG8LoWfFl,https://api.spotify.com/v1/tracks/17Fd6Yb7mSbinKG8LoWfFl,https://api.spotify.com/v1/audio-analysis/17Fd6Yb7mSbinKG8LoWfFl,197933,4
118,Cold Water (feat. Justin Bieber & MØ),Major Lazer,639470,https://open.spotify.com/track/6DNtNfH8hXkqOX1sjqmI7p,6DNtNfH8hXkqOX1sjqmI7p,0.608,0.798,6,-5.092,0,0.0432,0.0736,0,0.156,0.501,92.943,audio_features,6DNtNfH8hXkqOX1sjqmI7p,spotify:track:6DNtNfH8hXkqOX1sjqmI7p,https://api.spotify.com/v1/tracks/6DNtNfH8hXkqOX1sjqmI7p,https://api.spotify.com/v1/audio-analysis/6DNtNfH8hXkqOX1sjqmI7p,185352,4
119,YAH.,Kendrick Lamar,636186,https://open.spotify.com/track/4BHSjbYylfOH5WAGusDyni,4BHSjbYylfOH5WAGusDyni,0.67,0.7,1,-7.893,1,0.196,0.576,5.34e-06,0.226,0.648,69.986,audio_features,4BHSjbYylfOH5WAGusDyni,spotify:track:4BHSjbYylfOH5WAGusDyni,https://api.spotify.com/v1/tracks/4BHSjbYylfOH5WAGusDyni,https://api.spotify.com/v1/audio-analysis/4BHSjbYylfOH5WAGusDyni,160293,4
120,"CAN'T STOP THE FEELING! (Original Song from DreamWorks Animation's ""TROLLS"")",Justin Timberlake,632022,https://open.spotify.com/track/6JV2JOEocMgcZxYSZelKcc,6JV2JOEocMgcZxYSZelKcc,0.667,0.83,0,-5.715,1,0.0749,0.0123,0,0.191,0.701,113.03,audio_features,6JV2JOEocMgcZxYSZelKcc,spotify:track:6JV2JOEocMgcZxYSZelKcc,https://api.spotify.com/v1/tracks/6JV2JOEocMgcZxYSZelKcc,https://api.spotify.com/v1/audio-analysis/6JV2JOEocMgcZxYSZelKcc,236002,4
121,Treat You Better,Shawn Mendes,630391,https://open.spotify.com/track/4Hf7WnR761jpxPr5D46Bcd,4Hf7WnR761jpxPr5D46Bcd,0.624,0.803,10,-4.105,0,0.246,0.123,0,0.114,0.821,166.018,audio_features,4Hf7WnR761jpxPr5D46Bcd,spotify:track:4Hf7WnR761jpxPr5D46Bcd,https://api.spotify.com/v1/tracks/4Hf7WnR761jpxPr5D46Bcd,https://api.spotify.com/v1/audio-analysis/4Hf7WnR761jpxPr5D46Bcd,187973,4
122,Side To Side,Ariana Grande,630193,https://open.spotify.com/track/4pLwZjInHj3SimIyN9SnOz,4pLwZjInHj3SimIyN9SnOz,0.648,0.738,6,-5.883,0,0.247,0.0408,0,0.292,0.603,159.145,audio_features,4pLwZjInHj3SimIyN9SnOz,spotify:track:4pLwZjInHj3SimIyN9SnOz,https://api.spotify.com/v1/tracks/4pLwZjInHj3SimIyN9SnOz,https://api.spotify.com/v1/audio-analysis/4pLwZjInHj3SimIyN9SnOz,226160,4
123,Vente Pa' Ca (feat. Maluma),Ricky Martin,623037,https://open.spotify.com/track/7DM4BPaS7uofFul3ywMe46,7DM4BPaS7uofFul3ywMe46,0.663,0.92,11,-4.07,0,0.226,0.00431,1.69e-05,0.101,0.533,99.935,audio_features,7DM4BPaS7uofFul3ywMe46,spotify:track:7DM4BPaS7uofFul3ywMe46,https://api.spotify.com/v1/tracks/7DM4BPaS7uofFul3ywMe46,https://api.spotify.com/v1/audio-analysis/7DM4BPaS7uofFul3ywMe46,259196,4
124,Black SpiderMan,Logic,616691,https://open.spotify.com/track/7BKUWh5sdtdS17crohRe4L,7BKUWh5sdtdS17crohRe4L,0.611,0.867,1,-5.298,1,0.0896,0.11,0.000105,0.346,0.336,140.032,audio_features,7BKUWh5sdtdS17crohRe4L,spotify:track:7BKUWh5sdtdS17crohRe4L,https://api.spotify.com/v1/tracks/7BKUWh5sdtdS17crohRe4L,https://api.spotify.com/v1/audio-analysis/7BKUWh5sdtdS17crohRe4L,331267,4
125,Bad Bitch (feat. Ty Dolla $ign),Bebe Rexha,616318,https://open.spotify.com/track/4ZJPwET9Jrgpkqi4Vo3Yg8,4ZJPwET9Jrgpkqi4Vo3Yg8,0.656,0.615,5,-6.252,1,0.0539,0.0283,0,0.234,0.366,139.91,audio_features,4ZJPwET9Jrgpkqi4Vo3Yg8,spotify:track:4ZJPwET9Jrgpkqi4Vo3Yg8,https://api.spotify.com/v1/tracks/4ZJPwET9Jrgpkqi4Vo3Yg8,https://api.spotify.com/v1/audio-analysis/4ZJPwET9Jrgpkqi4Vo3Yg8,197253,4
126,We Don't Talk Anymore (feat. Selena Gomez),Charlie Puth,609905,https://open.spotify.com/track/68EMU2RD1ECNeOeJ5qAXCV,68EMU2RD1ECNeOeJ5qAXCV,0.728,0.563,1,-8.053,0,0.134,0.621,0,0.179,0.352,100.017,audio_features,68EMU2RD1ECNeOeJ5qAXCV,spotify:track:68EMU2RD1ECNeOeJ5qAXCV,https://api.spotify.com/v1/tracks/68EMU2RD1ECNeOeJ5qAXCV,https://api.spotify.com/v1/audio-analysis/68EMU2RD1ECNeOeJ5qAXCV,217707,4
127,PRIDE.,Kendrick Lamar,595064,https://open.spotify.com/track/6IZvVAP7VPPnsGX6bvgkqg,6IZvVAP7VPPnsGX6bvgkqg,0.665,0.535,4,-7.056,0,0.0572,0.0786,1.68e-05,0.154,0.37,138.842,audio_features,6IZvVAP7VPPnsGX6bvgkqg,spotify:track:6IZvVAP7VPPnsGX6bvgkqg,https://api.spotify.com/v1/tracks/6IZvVAP7VPPnsGX6bvgkqg,https://api.spotify.com/v1/audio-analysis/6IZvVAP7VPPnsGX6bvgkqg,275253,4
128,Rolex,Ayo & Teo,593634,https://open.spotify.com/track/0pSBuHjILhNEo55xK1zrRt,0pSBuHjILhNEo55xK1zrRt,0.804,0.886,1,-2.512,1,0.04,0.0837,0,0.266,0.789,144.946,audio_features,0pSBuHjILhNEo55xK1zrRt,spotify:track:0pSBuHjILhNEo55xK1zrRt,https://api.spotify.com/v1/tracks/0pSBuHjILhNEo55xK1zrRt,https://api.spotify.com/v1/audio-analysis/0pSBuHjILhNEo55xK1zrRt,238587,4
129,LUST.,Kendrick Lamar,590938,https://open.spotify.com/track/06FCvd7rrRcF3DdvWH5Isp,06FCvd7rrRcF3DdvWH5Isp,0.678,0.562,3,-9.197,0,0.508,0.193,0,0.104,0.566,94.241,audio_features,06FCvd7rrRcF3DdvWH5Isp,spotify:track:06FCvd7rrRcF3DdvWH5Isp,https://api.spotify.com/v1/tracks/06FCvd7rrRcF3DdvWH5Isp,https://api.spotify.com/v1/audio-analysis/06FCvd7rrRcF3DdvWH5Isp,307880,4
130,Lust for Life (with The Weeknd),Lana Del Rey,587441,https://open.spotify.com/track/5LYQSNHZxEA880URXFHg6h,5LYQSNHZxEA880URXFHg6h,0.499,0.676,0,-8.618,0,0.0582,0.588,0.00484,0.358,0.295,99.979,audio_features,5LYQSNHZxEA880URXFHg6h,spotify:track:5LYQSNHZxEA880URXFHg6h,https://api.spotify.com/v1/tracks/5LYQSNHZxEA880URXFHg6h,https://api.spotify.com/v1/audio-analysis/5LYQSNHZxEA880URXFHg6h,264011,4
131,Obsession (feat. Jon Bellion),Vice,582089,https://open.spotify.com/track/542Xd5qDeLBvgXZXhfW7LE,542Xd5qDeLBvgXZXhfW7LE,0.741,0.559,10,-7.775,1,0.03,0.00728,0.000971,0.21,0.466,101.999,audio_features,542Xd5qDeLBvgXZXhfW7LE,spotify:track:542Xd5qDeLBvgXZXhfW7LE,https://api.spotify.com/v1/tracks/542Xd5qDeLBvgXZXhfW7LE,https://api.spotify.com/v1/audio-analysis/542Xd5qDeLBvgXZXhfW7LE,221983,4
132,Break Up Every Night,The Chainsmokers,579264,https://open.spotify.com/track/6cPyTS0Kk2sc4xQwC93kOg,6cPyTS0Kk2sc4xQwC93kOg,0.624,0.806,1,-5.957,1,0.0437,0.00411,0,0.0872,0.528,149.999,audio_features,6cPyTS0Kk2sc4xQwC93kOg,spotify:track:6cPyTS0Kk2sc4xQwC93kOg,https://api.spotify.com/v1/tracks/6cPyTS0Kk2sc4xQwC93kOg,https://api.spotify.com/v1/audio-analysis/6cPyTS0Kk2sc4xQwC93kOg,207520,4
133,Mercy,Shawn Mendes,575562,https://open.spotify.com/track/4TZy1wLyHec06pwgFYDh1a,4TZy1wLyHec06pwgFYDh1a,0.469,0.68,11,-4.921,0,0.117,0.137,0,0.11,0.374,147.734,audio_features,4TZy1wLyHec06pwgFYDh1a,spotify:track:4TZy1wLyHec06pwgFYDh1a,https://api.spotify.com/v1/tracks/4TZy1wLyHec06pwgFYDh1a,https://api.spotify.com/v1/audio-analysis/4TZy1wLyHec06pwgFYDh1a,208733,4
134,All Night,The Vamps,574310,https://open.spotify.com/track/1yNyoWWWikbLhwIGWjZuDW,1yNyoWWWikbLhwIGWjZuDW,0.563,0.775,8,-6.433,1,0.0366,0.00251,0,0.326,0.458,144.945,audio_features,1yNyoWWWikbLhwIGWjZuDW,spotify:track:1yNyoWWWikbLhwIGWjZuDW,https://api.spotify.com/v1/tracks/1yNyoWWWikbLhwIGWjZuDW,https://api.spotify.com/v1/audio-analysis/1yNyoWWWikbLhwIGWjZuDW,197793,4
135,Hard Times,Paramore,573420,https://open.spotify.com/track/5hHudNsfZXmdgefWxAX2LG,5hHudNsfZXmdgefWxAX2LG,0.695,0.818,5,-5.379,0,0.0334,0.00647,4.87e-06,0.0219,0.916,119.965,audio_features,5hHudNsfZXmdgefWxAX2LG,spotify:track:5hHudNsfZXmdgefWxAX2LG,https://api.spotify.com/v1/tracks/5hHudNsfZXmdgefWxAX2LG,https://api.spotify.com/v1/audio-analysis/5hHudNsfZXmdgefWxAX2LG,182693,4
136,Thinking out Loud,Ed Sheeran,571636,https://open.spotify.com/track/1Slwb6dOYkBlWal1PGtnNg,1Slwb6dOYkBlWal1PGtnNg,0.781,0.445,2,-6.061,1,0.0295,0.474,0,0.184,0.591,78.998,audio_features,1Slwb6dOYkBlWal1PGtnNg,spotify:track:1Slwb6dOYkBlWal1PGtnNg,https://api.spotify.com/v1/tracks/1Slwb6dOYkBlWal1PGtnNg,https://api.spotify.com/v1/audio-analysis/1Slwb6dOYkBlWal1PGtnNg,281560,4
137,Heathens,Twenty One Pilots,571225,https://open.spotify.com/track/6i0V12jOa3mr6uu4WYhUBr,6i0V12jOa3mr6uu4WYhUBr,0.732,0.396,4,-9.348,0,0.0286,0.0841,3.58e-05,0.105,0.548,90.024,audio_features,6i0V12jOa3mr6uu4WYhUBr,spotify:track:6i0V12jOa3mr6uu4WYhUBr,https://api.spotify.com/v1/tracks/6i0V12jOa3mr6uu4WYhUBr,https://api.spotify.com/v1/audio-analysis/6i0V12jOa3mr6uu4WYhUBr,195920,4
138,Alguien Robo,Sebastian Yatra,571029,https://open.spotify.com/track/5i50gKdLAjjIr7UxRT5IVy,5i50gKdLAjjIr7UxRT5IVy,0.745,0.921,0,-2.674,1,0.082,0.0897,0,0.178,0.651,92.973,audio_features,5i50gKdLAjjIr7UxRT5IVy,spotify:track:5i50gKdLAjjIr7UxRT5IVy,https://api.spotify.com/v1/tracks/5i50gKdLAjjIr7UxRT5IVy,https://api.spotify.com/v1/audio-analysis/5i50gKdLAjjIr7UxRT5IVy,223613,4
139,FEEL.,Kendrick Lamar,567142,https://open.spotify.com/track/2LTlO3NuNVN70lp2ZbVswF,2LTlO3NuNVN70lp2ZbVswF,0.746,0.798,0,-8.382,1,0.349,0.137,0,0.139,0.553,109.968,audio_features,2LTlO3NuNVN70lp2ZbVswF,spotify:track:2LTlO3NuNVN70lp2ZbVswF,https://api.spotify.com/v1/tracks/2LTlO3NuNVN70lp2ZbVswF,https://api.spotify.com/v1/audio-analysis/2LTlO3NuNVN70lp2ZbVswF,214827,4
140,Safari,J Balvin,566071,https://open.spotify.com/track/6rQSrBHf7HlZjtcMZ4S4bO,6rQSrBHf7HlZjtcMZ4S4bO,0.508,0.687,0,-4.361,1,0.326,0.551,3.41e-06,0.126,0.555,180.044,audio_features,6rQSrBHf7HlZjtcMZ4S4bO,spotify:track:6rQSrBHf7HlZjtcMZ4S4bO,https://api.spotify.com/v1/tracks/6rQSrBHf7HlZjtcMZ4S4bO,https://api.spotify.com/v1/audio-analysis/6rQSrBHf7HlZjtcMZ4S4bO,205600,4
141,Love On The Brain,Rihanna,561872,https://open.spotify.com/track/2aksifNn5ph8igDOkPBA02,2aksifNn5ph8igDOkPBA02,0.509,0.637,4,-4.83,0,0.0471,0.0717,1.08e-05,0.0789,0.378,172.006,audio_features,2aksifNn5ph8igDOkPBA02,spotify:track:2aksifNn5ph8igDOkPBA02,https://api.spotify.com/v1/tracks/2aksifNn5ph8igDOkPBA02,https://api.spotify.com/v1/audio-analysis/2aksifNn5ph8igDOkPBA02,224000,3
142,Love Yourself,Justin Bieber,551804,https://open.spotify.com/track/3hB5DgAiMAQ4DzYbsMq1IT,3hB5DgAiMAQ4DzYbsMq1IT,0.609,0.378,4,-9.828,1,0.438,0.835,0,0.28,0.515,100.418,audio_features,3hB5DgAiMAQ4DzYbsMq1IT,spotify:track:3hB5DgAiMAQ4DzYbsMq1IT,https://api.spotify.com/v1/tracks/3hB5DgAiMAQ4DzYbsMq1IT,https://api.spotify.com/v1/audio-analysis/3hB5DgAiMAQ4DzYbsMq1IT,233720,4
143,"Ay Mi Dios (feat. Pitbull, Yandel & Chacal)",IAmChino,551764,https://open.spotify.com/track/6stYbAJgTszHAHZMPxWWCY,6stYbAJgTszHAHZMPxWWCY,0.761,0.829,0,-3.203,0,0.0681,0.167,0,0.189,0.813,92.033,audio_features,6stYbAJgTszHAHZMPxWWCY,spotify:track:6stYbAJgTszHAHZMPxWWCY,https://api.spotify.com/v1/tracks/6stYbAJgTszHAHZMPxWWCY,https://api.spotify.com/v1/audio-analysis/6stYbAJgTszHAHZMPxWWCY,252003,4
144,Work from Home (feat. Ty Dolla $ign),Fifth Harmony,551132,https://open.spotify.com/track/4tCtwWceOPWzenK2HAIJSb,4tCtwWceOPWzenK2HAIJSb,0.803,0.585,8,-5.861,1,0.0432,0.103,3.94e-06,0.0644,0.593,105.017,audio_features,4tCtwWceOPWzenK2HAIJSb,spotify:track:4tCtwWceOPWzenK2HAIJSb,https://api.spotify.com/v1/tracks/4tCtwWceOPWzenK2HAIJSb,https://api.spotify.com/v1/audio-analysis/4tCtwWceOPWzenK2HAIJSb,214480,4
145,At My Best (feat. Hailee Steinfeld),Machine Gun Kelly,549489,https://open.spotify.com/track/5DEp4UmhxN7OLnYQacWZhh,5DEp4UmhxN7OLnYQacWZhh,0.531,0.786,5,-6.661,1,0.243,0.00222,0.000316,0.132,0.244,169.892,audio_features,5DEp4UmhxN7OLnYQacWZhh,spotify:track:5DEp4UmhxN7OLnYQacWZhh,https://api.spotify.com/v1/tracks/5DEp4UmhxN7OLnYQacWZhh,https://api.spotify.com/v1/audio-analysis/5DEp4UmhxN7OLnYQacWZhh,200733,4
146,What Do I Know?,Ed Sheeran,548941,https://open.spotify.com/track/2pJZ1v8HezrAoZ0Fhzby92,2pJZ1v8HezrAoZ0Fhzby92,0.838,0.492,1,-5.69,0,0.038,0.251,0,0.262,0.895,115.092,audio_features,2pJZ1v8HezrAoZ0Fhzby92,spotify:track:2pJZ1v8HezrAoZ0Fhzby92,https://api.spotify.com/v1/tracks/2pJZ1v8HezrAoZ0Fhzby92,https://api.spotify.com/v1/audio-analysis/2pJZ1v8HezrAoZ0Fhzby92,237333,4
147,Human,Rag'n'Bone Man,547514,https://open.spotify.com/track/58zsLZPvfflaiIbNWoA22O,58zsLZPvfflaiIbNWoA22O,0.602,0.707,11,-4.097,1,0.302,0.393,0,0.165,0.554,75.09,audio_features,58zsLZPvfflaiIbNWoA22O,spotify:track:58zsLZPvfflaiIbNWoA22O,https://api.spotify.com/v1/tracks/58zsLZPvfflaiIbNWoA22O,https://api.spotify.com/v1/audio-analysis/58zsLZPvfflaiIbNWoA22O,200187,4
148,Skin,Rag'n'Bone Man,546121,https://open.spotify.com/track/6y2Kaz9QI01XBKJ8mTb7Pf,6y2Kaz9QI01XBKJ8mTb7Pf,0.565,0.745,0,-7.733,1,0.31,0.265,0,0.147,0.352,170.654,audio_features,6y2Kaz9QI01XBKJ8mTb7Pf,spotify:track:6y2Kaz9QI01XBKJ8mTb7Pf,https://api.spotify.com/v1/tracks/6y2Kaz9QI01XBKJ8mTb7Pf,https://api.spotify.com/v1/audio-analysis/6y2Kaz9QI01XBKJ8mTb7Pf,239627,4
149,Blem,Drake,545171,https://open.spotify.com/track/2XlHu0HcujBCkWMdIAvrqt,2XlHu0HcujBCkWMdIAvrqt,0.726,0.535,7,-7.804,0,0.0476,0.0533,1.38e-05,0.0984,0.375,98.067,audio_features,2XlHu0HcujBCkWMdIAvrqt,spotify:track:2XlHu0HcujBCkWMdIAvrqt,https://api.spotify.com/v1/tracks/2XlHu0HcujBCkWMdIAvrqt,https://api.spotify.com/v1/audio-analysis/2XlHu0HcujBCkWMdIAvrqt,216558,4
150,Mama,Jonas Blue,541793,https://open.spotify.com/track/4xlrALxuaCf9yZBHJeTSG6,4xlrALxuaCf9yZBHJeTSG6,0.741,0.79,11,-4.086,0,0.0469,0.113,0,0.0542,0.528,104.043,audio_features,4xlrALxuaCf9yZBHJeTSG6,spotify:track:4xlrALxuaCf9yZBHJeTSG6,https://api.spotify.com/v1/tracks/4xlrALxuaCf9yZBHJeTSG6,https://api.spotify.com/v1/audio-analysis/4xlrALxuaCf9yZBHJeTSG6,184134,4
151,Cheap Thrills,Sia,540477,https://open.spotify.com/track/27SdWb2rFzO6GWiYDBTD9j,27SdWb2rFzO6GWiYDBTD9j,0.628,0.698,6,-5.608,0,0.105,0.0472,0.00143,0.0907,0.732,89.976,audio_features,27SdWb2rFzO6GWiYDBTD9j,spotify:track:27SdWb2rFzO6GWiYDBTD9j,https://api.spotify.com/v1/tracks/27SdWb2rFzO6GWiYDBTD9j,https://api.spotify.com/v1/audio-analysis/27SdWb2rFzO6GWiYDBTD9j,211667,4
152,Faded,Alan Walker,539025,https://open.spotify.com/track/7gHs73wELdeycvS48JfIos,7gHs73wELdeycvS48JfIos,0.589,0.651,6,-5.097,1,0.0306,0.0291,3.2e-06,0.111,0.166,90.011,audio_features,7gHs73wELdeycvS48JfIos,spotify:track:7gHs73wELdeycvS48JfIos,https://api.spotify.com/v1/tracks/7gHs73wELdeycvS48JfIos,https://api.spotify.com/v1/audio-analysis/7gHs73wELdeycvS48JfIos,212627,4
153,Vacaciones,Wisin,537609,https://open.spotify.com/track/3dQDid3IUNhZy1OehIfYfE,3dQDid3IUNhZy1OehIfYfE,0.772,0.909,6,-3.225,0,0.166,0.256,0,0.255,0.694,96.031,audio_features,3dQDid3IUNhZy1OehIfYfE,spotify:track:3dQDid3IUNhZy1OehIfYfE,https://api.spotify.com/v1/tracks/3dQDid3IUNhZy1OehIfYfE,https://api.spotify.com/v1/audio-analysis/3dQDid3IUNhZy1OehIfYfE,238800,4
154,Stressed Out,Twenty One Pilots,537317,https://open.spotify.com/track/3CRDbSIZ4r5MsZ0YwxuEkn,3CRDbSIZ4r5MsZ0YwxuEkn,0.734,0.637,4,-5.677,0,0.141,0.0462,2.29e-05,0.0602,0.648,169.977,audio_features,3CRDbSIZ4r5MsZ0YwxuEkn,spotify:track:3CRDbSIZ4r5MsZ0YwxuEkn,https://api.spotify.com/v1/tracks/3CRDbSIZ4r5MsZ0YwxuEkn,https://api.spotify.com/v1/audio-analysis/3CRDbSIZ4r5MsZ0YwxuEkn,202333,4
155,White Iverson,Post Malone,536484,https://open.spotify.com/track/6eT7xZZlB2mwyzJ2sUKG6w,6eT7xZZlB2mwyzJ2sUKG6w,0.675,0.562,7,-7.678,1,0.0352,0.233,0,0.0816,0.309,130.098,audio_features,6eT7xZZlB2mwyzJ2sUKG6w,spotify:track:6eT7xZZlB2mwyzJ2sUKG6w,https://api.spotify.com/v1/tracks/6eT7xZZlB2mwyzJ2sUKG6w,https://api.spotify.com/v1/audio-analysis/6eT7xZZlB2mwyzJ2sUKG6w,256533,4
156,Just Hold On,Steve Aoki,532224,https://open.spotify.com/track/3EmmCZoqpWOTY1g2GBwJoR,3EmmCZoqpWOTY1g2GBwJoR,0.647,0.932,11,-3.515,1,0.0824,0.00383,1.5e-06,0.0574,0.374,114.991,audio_features,3EmmCZoqpWOTY1g2GBwJoR,spotify:track:3EmmCZoqpWOTY1g2GBwJoR,https://api.spotify.com/v1/tracks/3EmmCZoqpWOTY1g2GBwJoR,https://api.spotify.com/v1/audio-analysis/3EmmCZoqpWOTY1g2GBwJoR,198774,4
157,Te Quiero Pa´Mi,Don Omar,531720,https://open.spotify.com/track/3BY2mafsbsoKGqS380Xnuz,3BY2mafsbsoKGqS380Xnuz,0.761,0.82,1,-4.003,1,0.0623,0.125,2.1e-05,0.183,0.619,88.997,audio_features,3BY2mafsbsoKGqS380Xnuz,spotify:track:3BY2mafsbsoKGqS380Xnuz,https://api.spotify.com/v1/tracks/3BY2mafsbsoKGqS380Xnuz,https://api.spotify.com/v1/audio-analysis/3BY2mafsbsoKGqS380Xnuz,211627,4
158,TG4M,Zara Larsson,530975,https://open.spotify.com/track/4uoumbAMEMaKdtiv763jKz,4uoumbAMEMaKdtiv763jKz,0.667,0.648,3,-6.398,0,0.0626,0.0235,1.52e-05,0.0427,0.589,95.031,audio_features,4uoumbAMEMaKdtiv763jKz,spotify:track:4uoumbAMEMaKdtiv763jKz,https://api.spotify.com/v1/tracks/4uoumbAMEMaKdtiv763jKz,https://api.spotify.com/v1/audio-analysis/4uoumbAMEMaKdtiv763jKz,172893,4
159,Magnolia,Playboi Carti,526911,https://open.spotify.com/track/1e1JKLEDKP7hEQzJfNAgPl,1e1JKLEDKP7hEQzJfNAgPl,0.791,0.582,11,-7.323,0,0.286,0.0114,0,0.35,0.443,162.991,audio_features,1e1JKLEDKP7hEQzJfNAgPl,spotify:track:1e1JKLEDKP7hEQzJfNAgPl,https://api.spotify.com/v1/tracks/1e1JKLEDKP7hEQzJfNAgPl,https://api.spotify.com/v1/audio-analysis/1e1JKLEDKP7hEQzJfNAgPl,181812,4
160,My Way,Calvin Harris,517426,https://open.spotify.com/track/1vvNmPOiUuyCbgWmtc6yfm,1vvNmPOiUuyCbgWmtc6yfm,0.819,0.913,4,-3.059,0,0.0427,0.0935,3.72e-05,0.161,0.536,119.989,audio_features,1vvNmPOiUuyCbgWmtc6yfm,spotify:track:1vvNmPOiUuyCbgWmtc6yfm,https://api.spotify.com/v1/tracks/1vvNmPOiUuyCbgWmtc6yfm,https://api.spotify.com/v1/audio-analysis/1vvNmPOiUuyCbgWmtc6yfm,219160,4
161,New Man,Ed Sheeran,515805,https://open.spotify.com/track/5HDPtsnyb3maFmPL8LLUTG,5HDPtsnyb3maFmPL8LLUTG,0.78,0.745,7,-3.97,1,0.145,0.0559,0,0.0595,0.862,94.026,audio_features,5HDPtsnyb3maFmPL8LLUTG,spotify:track:5HDPtsnyb3maFmPL8LLUTG,https://api.spotify.com/v1/tracks/5HDPtsnyb3maFmPL8LLUTG,https://api.spotify.com/v1/audio-analysis/5HDPtsnyb3maFmPL8LLUTG,189280,4
162,wokeuplikethis*,Playboi Carti,515478,https://open.spotify.com/track/59J5nzL1KniFHnU120dQzt,59J5nzL1KniFHnU120dQzt,0.785,0.62,8,-6.667,1,0.254,0.0138,0,0.15,0.478,78.477,audio_features,59J5nzL1KniFHnU120dQzt,spotify:track:59J5nzL1KniFHnU120dQzt,https://api.spotify.com/v1/tracks/59J5nzL1KniFHnU120dQzt,https://api.spotify.com/v1/audio-analysis/59J5nzL1KniFHnU120dQzt,235535,4
163,Sorry,Justin Bieber,514305,https://open.spotify.com/track/69bp2EbF7Q2rqc5N3ylezZ,69bp2EbF7Q2rqc5N3ylezZ,0.654,0.76,0,-3.669,0,0.045,0.0797,0,0.299,0.41,99.945,audio_features,69bp2EbF7Q2rqc5N3ylezZ,spotify:track:69bp2EbF7Q2rqc5N3ylezZ,https://api.spotify.com/v1/tracks/69bp2EbF7Q2rqc5N3ylezZ,https://api.spotify.com/v1/audio-analysis/69bp2EbF7Q2rqc5N3ylezZ,200787,4
164,Broccoli (feat. Lil Yachty),Shelley FKA DRAM,511439,https://open.spotify.com/track/7yyRTcZmCiyzzJlNzGC9Ol,7yyRTcZmCiyzzJlNzGC9Ol,0.886,0.525,8,-7.39,1,0.131,0.236,0,0.057,0.708,145.99,audio_features,7yyRTcZmCiyzzJlNzGC9Ol,spotify:track:7yyRTcZmCiyzzJlNzGC9Ol,https://api.spotify.com/v1/tracks/7yyRTcZmCiyzzJlNzGC9Ol,https://api.spotify.com/v1/audio-analysis/7yyRTcZmCiyzzJlNzGC9Ol,225205,4
165,Black Beatles,Rae Sremmurd,510516,https://open.spotify.com/track/6fujklziTHa8uoM5OQSfIo,6fujklziTHa8uoM5OQSfIo,0.794,0.632,0,-6.163,1,0.0649,0.142,0,0.128,0.355,145.926,audio_features,6fujklziTHa8uoM5OQSfIo,spotify:track:6fujklziTHa8uoM5OQSfIo,https://api.spotify.com/v1/tracks/6fujklziTHa8uoM5OQSfIo,https://api.spotify.com/v1/audio-analysis/6fujklziTHa8uoM5OQSfIo,291893,4
166,Scars To Your Beautiful,Alessia Cara,509631,https://open.spotify.com/track/0prNGof3XqfTvNDxHonvdK,0prNGof3XqfTvNDxHonvdK,0.573,0.739,0,-5.74,1,0.129,0.0285,0,0.111,0.451,97.085,audio_features,0prNGof3XqfTvNDxHonvdK,spotify:track:0prNGof3XqfTvNDxHonvdK,https://api.spotify.com/v1/tracks/0prNGof3XqfTvNDxHonvdK,https://api.spotify.com/v1/audio-analysis/0prNGof3XqfTvNDxHonvdK,230227,4
167,This Is What You Came For (feat. Rihanna),Calvin Harris,507782,https://open.spotify.com/track/0azC730Exh71aQlOt9Zj3y,0azC730Exh71aQlOt9Zj3y,0.63,0.928,9,-2.787,0,0.0331,0.199,0.124,0.148,0.465,123.963,audio_features,0azC730Exh71aQlOt9Zj3y,spotify:track:0azC730Exh71aQlOt9Zj3y,https://api.spotify.com/v1/tracks/0azC730Exh71aQlOt9Zj3y,https://api.spotify.com/v1/audio-analysis/0azC730Exh71aQlOt9Zj3y,222160,4
168,Ride,Twenty One Pilots,502684,https://open.spotify.com/track/2Z8WuEywRWYTKe1NybPQEW,2Z8WuEywRWYTKe1NybPQEW,0.645,0.713,6,-5.355,1,0.0393,0.00835,0,0.113,0.566,74.989,audio_features,2Z8WuEywRWYTKe1NybPQEW,spotify:track:2Z8WuEywRWYTKe1NybPQEW,https://api.spotify.com/v1/tracks/2Z8WuEywRWYTKe1NybPQEW,https://api.spotify.com/v1/audio-analysis/2Z8WuEywRWYTKe1NybPQEW,214507,4
169,Traicionera,Sebastian Yatra,501426,https://open.spotify.com/track/5J1c3M4EldCfNxXwrwt8mT,5J1c3M4EldCfNxXwrwt8mT,0.776,0.669,11,-4.933,1,0.0638,0.142,0,0.219,0.661,91.012,audio_features,5J1c3M4EldCfNxXwrwt8mT,spotify:track:5J1c3M4EldCfNxXwrwt8mT,https://api.spotify.com/v1/tracks/5J1c3M4EldCfNxXwrwt8mT,https://api.spotify.com/v1/audio-analysis/5J1c3M4EldCfNxXwrwt8mT,228467,4
170,Perfect Strangers,Jonas Blue,495751,https://open.spotify.com/track/1CUVN2kn7mW5FjkqXTR2W1,1CUVN2kn7mW5FjkqXTR2W1,0.742,0.819,1,-5.307,1,0.0487,0.372,0,0.277,0.709,117.986,audio_features,1CUVN2kn7mW5FjkqXTR2W1,spotify:track:1CUVN2kn7mW5FjkqXTR2W1,https://api.spotify.com/v1/tracks/1CUVN2kn7mW5FjkqXTR2W1,https://api.spotify.com/v1/audio-analysis/1CUVN2kn7mW5FjkqXTR2W1,196613,4
171,Up,NAV,493684,https://open.spotify.com/track/5qbcsZMwL0x46sX7VO37Ye,5qbcsZMwL0x46sX7VO37Ye,0.66,0.491,8,-6.645,0,0.101,0.0338,0,0.101,0.376,154.132,audio_features,5qbcsZMwL0x46sX7VO37Ye,spotify:track:5qbcsZMwL0x46sX7VO37Ye,https://api.spotify.com/v1/tracks/5qbcsZMwL0x46sX7VO37Ye,https://api.spotify.com/v1/audio-analysis/5qbcsZMwL0x46sX7VO37Ye,199520,4
172,Get Right Witcha,Migos,488704,https://open.spotify.com/track/76Y0gxtTxN0FyDCYh5qYQj,76Y0gxtTxN0FyDCYh5qYQj,0.95,0.743,10,-5.861,0,0.238,0.0646,1.19e-05,0.103,0.62,136.98,audio_features,76Y0gxtTxN0FyDCYh5qYQj,spotify:track:76Y0gxtTxN0FyDCYh5qYQj,https://api.spotify.com/v1/tracks/76Y0gxtTxN0FyDCYh5qYQj,https://api.spotify.com/v1/audio-analysis/76Y0gxtTxN0FyDCYh5qYQj,257546,4
173,Si Tú La Ves (feat. Wisin),Nicky Jam,486073,https://open.spotify.com/track/4yN6xPLopmTLvc27pO9LIE,4yN6xPLopmTLvc27pO9LIE,0.685,0.731,5,-5.119,0,0.093,0.204,0,0.0722,0.786,177.912,audio_features,4yN6xPLopmTLvc27pO9LIE,spotify:track:4yN6xPLopmTLvc27pO9LIE,https://api.spotify.com/v1/tracks/4yN6xPLopmTLvc27pO9LIE,https://api.spotify.com/v1/audio-analysis/4yN6xPLopmTLvc27pO9LIE,221027,4
174,No More Sad Songs,Little Mix,485755,https://open.spotify.com/track/5ZnJsoJGkQ5K15W7Rcr5JO,5ZnJsoJGkQ5K15W7Rcr5JO,0.709,0.782,7,-3.526,0,0.0469,0.0771,4.71e-06,0.302,0.728,102.032,audio_features,5ZnJsoJGkQ5K15W7Rcr5JO,spotify:track:5ZnJsoJGkQ5K15W7Rcr5JO,https://api.spotify.com/v1/tracks/5ZnJsoJGkQ5K15W7Rcr5JO,https://api.spotify.com/v1/audio-analysis/5ZnJsoJGkQ5K15W7Rcr5JO,225253,4
175,GOD.,Kendrick Lamar,480315,https://open.spotify.com/track/5p3NP9mQblDsVJLdfNZJ3I,5p3NP9mQblDsVJLdfNZJ3I,0.706,0.557,0,-5.8,1,0.0813,0.0347,0,0.276,0.205,132.98,audio_features,5p3NP9mQblDsVJLdfNZJ3I,spotify:track:5p3NP9mQblDsVJLdfNZJ3I,https://api.spotify.com/v1/tracks/5p3NP9mQblDsVJLdfNZJ3I,https://api.spotify.com/v1/audio-analysis/5p3NP9mQblDsVJLdfNZJ3I,248827,4
176,Lights Down Low,MAX,479240,https://open.spotify.com/track/1sYSP7gKa5kdKIfhANfori,1sYSP7gKa5kdKIfhANfori,0.623,0.493,5,-7.727,0,0.0338,0.0632,0,0.104,0.594,81.019,audio_features,1sYSP7gKa5kdKIfhANfori,spotify:track:1sYSP7gKa5kdKIfhANfori,https://api.spotify.com/v1/tracks/1sYSP7gKa5kdKIfhANfori,https://api.spotify.com/v1/audio-analysis/1sYSP7gKa5kdKIfhANfori,223847,4
177,Lumbra,Cali Y El Dandee,476060,https://open.spotify.com/track/6VHdcVbiKLYYOcMbIqBcuK,6VHdcVbiKLYYOcMbIqBcuK,0.724,0.84,0,-3.581,1,0.0392,0.053,0,0.727,0.835,92.01,audio_features,6VHdcVbiKLYYOcMbIqBcuK,spotify:track:6VHdcVbiKLYYOcMbIqBcuK,https://api.spotify.com/v1/tracks/6VHdcVbiKLYYOcMbIqBcuK,https://api.spotify.com/v1/audio-analysis/6VHdcVbiKLYYOcMbIqBcuK,197087,4
178,Supermarket Flowers,Ed Sheeran,472029,https://open.spotify.com/track/4VuS959DSpr82t3qBqCrWG,4VuS959DSpr82t3qBqCrWG,0.589,0.242,6,-10.517,1,0.0442,0.914,0,0.0887,0.257,89.749,audio_features,4VuS959DSpr82t3qBqCrWG,spotify:track:4VuS959DSpr82t3qBqCrWG,https://api.spotify.com/v1/tracks/4VuS959DSpr82t3qBqCrWG,https://api.spotify.com/v1/audio-analysis/4VuS959DSpr82t3qBqCrWG,221107,4
179,FEAR.,Kendrick Lamar,470516,https://open.spotify.com/track/23luOrEVHMfoX0AhfbQuS6,23luOrEVHMfoX0AhfbQuS6,0.588,0.479,1,-7.039,1,0.281,0.604,7.2e-06,0.527,0.434,150.414,audio_features,23luOrEVHMfoX0AhfbQuS6,spotify:track:23luOrEVHMfoX0AhfbQuS6,https://api.spotify.com/v1/tracks/23luOrEVHMfoX0AhfbQuS6,https://api.spotify.com/v1/audio-analysis/23luOrEVHMfoX0AhfbQuS6,460573,4
180,Panda,Desiigner,468199,https://open.spotify.com/track/5YEOzOojehCqxGQCcQiyR4,5YEOzOojehCqxGQCcQiyR4,0.576,0.766,10,-4.943,0,0.449,0.028,1.68e-06,0.366,0.236,144.833,audio_features,5YEOzOojehCqxGQCcQiyR4,spotify:track:5YEOzOojehCqxGQCcQiyR4,https://api.spotify.com/v1/tracks/5YEOzOojehCqxGQCcQiyR4,https://api.spotify.com/v1/audio-analysis/5YEOzOojehCqxGQCcQiyR4,246761,4
181,Bad Things - With Camila Cabello,Machine Gun Kelly,467351,https://open.spotify.com/track/6H2TKJ9KJfcq6MRmw2cF20,6H2TKJ9KJfcq6MRmw2cF20,0.689,0.692,2,-4.756,1,0.133,0.229,0,0.184,0.285,137.832,audio_features,6H2TKJ9KJfcq6MRmw2cF20,spotify:track:6H2TKJ9KJfcq6MRmw2cF20,https://api.spotify.com/v1/tracks/6H2TKJ9KJfcq6MRmw2cF20,https://api.spotify.com/v1/audio-analysis/6H2TKJ9KJfcq6MRmw2cF20,239280,4
182,7 Years,Lukas Graham,466148,https://open.spotify.com/track/7129iqBafaphfc3WPCGC0L,7129iqBafaphfc3WPCGC0L,0.742,0.479,10,-5.83,1,0.0551,0.29,0,0.391,0.346,119.951,audio_features,7129iqBafaphfc3WPCGC0L,spotify:track:7129iqBafaphfc3WPCGC0L,https://api.spotify.com/v1/tracks/7129iqBafaphfc3WPCGC0L,https://api.spotify.com/v1/audio-analysis/7129iqBafaphfc3WPCGC0L,237300,4
183,Lean On (feat. MØ & DJ Snake),Major Lazer,464755,https://open.spotify.com/track/4WjH9Bzt3kx7z8kl0awxh4,4WjH9Bzt3kx7z8kl0awxh4,0.723,0.809,7,-3.081,0,0.0625,0.00346,0.00123,0.565,0.274,98.007,audio_features,4WjH9Bzt3kx7z8kl0awxh4,spotify:track:4WjH9Bzt3kx7z8kl0awxh4,https://api.spotify.com/v1/tracks/4WjH9Bzt3kx7z8kl0awxh4,https://api.spotify.com/v1/audio-analysis/4WjH9Bzt3kx7z8kl0awxh4,176561,4
184,"Lose Yourself - From ""8 Mile"" Soundtrack",Eminem,464510,https://open.spotify.com/track/5Z01UMMf7V1o0MzF86s6WJ,5Z01UMMf7V1o0MzF86s6WJ,0.692,0.744,2,-4.565,1,0.257,0.00868,0.000423,0.359,0.0612,171.374,audio_features,5Z01UMMf7V1o0MzF86s6WJ,spotify:track:5Z01UMMf7V1o0MzF86s6WJ,https://api.spotify.com/v1/tracks/5Z01UMMf7V1o0MzF86s6WJ,https://api.spotify.com/v1/audio-analysis/5Z01UMMf7V1o0MzF86s6WJ,326467,4
185,Nights With You,MØ,461730,https://open.spotify.com/track/5q5gzmbBS5yQzos2BvVr1t,5q5gzmbBS5yQzos2BvVr1t,0.763,0.671,1,-4.029,0,0.1,0.401,1.16e-05,0.375,0.602,120.06,audio_features,5q5gzmbBS5yQzos2BvVr1t,spotify:track:5q5gzmbBS5yQzos2BvVr1t,https://api.spotify.com/v1/tracks/5q5gzmbBS5yQzos2BvVr1t,https://api.spotify.com/v1/audio-analysis/5q5gzmbBS5yQzos2BvVr1t,197495,4
186,"Sucker for Pain (with Wiz Khalifa, Imagine Dragons, Logic & Ty Dolla $ign feat. X Ambassadors)",Lil Wayne,452483,https://open.spotify.com/track/4dASQiO1Eoo3RJvt74FtXB,4dASQiO1Eoo3RJvt74FtXB,0.502,0.786,9,-4.378,0,0.317,0.255,0,0.65,0.739,169.021,audio_features,4dASQiO1Eoo3RJvt74FtXB,spotify:track:4dASQiO1Eoo3RJvt74FtXB,https://api.spotify.com/v1/tracks/4dASQiO1Eoo3RJvt74FtXB,https://api.spotify.com/v1/audio-analysis/4dASQiO1Eoo3RJvt74FtXB,243491,4
187,Báilame,Nacho,452196,https://open.spotify.com/track/7lRsNbdOGykkMAgsqs4R1C,7lRsNbdOGykkMAgsqs4R1C,0.817,0.869,6,-4.791,1,0.18,0.163,0.00226,0.0497,0.561,96.029,audio_features,7lRsNbdOGykkMAgsqs4R1C,spotify:track:7lRsNbdOGykkMAgsqs4R1C,https://api.spotify.com/v1/tracks/7lRsNbdOGykkMAgsqs4R1C,https://api.spotify.com/v1/audio-analysis/7lRsNbdOGykkMAgsqs4R1C,207200,4
188,Cake By The Ocean,DNCE,451102,https://open.spotify.com/track/2aFiaMXmWsM3Vj72F9ksBl,2aFiaMXmWsM3Vj72F9ksBl,0.774,0.764,4,-5.445,0,0.0518,0.156,0,0.0383,0.912,118.997,audio_features,2aFiaMXmWsM3Vj72F9ksBl,spotify:track:2aFiaMXmWsM3Vj72F9ksBl,https://api.spotify.com/v1/tracks/2aFiaMXmWsM3Vj72F9ksBl,https://api.spotify.com/v1/audio-analysis/2aFiaMXmWsM3Vj72F9ksBl,219147,4
189,Mr. Blue Sky,Electric Light Orchestra,450827,https://open.spotify.com/track/2RlgNHKcydI9sayD2Df2xp,2RlgNHKcydI9sayD2Df2xp,0.388,0.338,10,-10.054,1,0.0328,0.652,3.72e-06,0.248,0.477,177.784,audio_features,2RlgNHKcydI9sayD2Df2xp,spotify:track:2RlgNHKcydI9sayD2Df2xp,https://api.spotify.com/v1/tracks/2RlgNHKcydI9sayD2Df2xp,https://api.spotify.com/v1/audio-analysis/2RlgNHKcydI9sayD2Df2xp,303373,4
190,Caroline,Aminé,449686,https://open.spotify.com/track/5GFDrUTLGJix84sNhjCG0g,5GFDrUTLGJix84sNhjCG0g,0.945,0.394,10,-8.571,1,0.492,0.303,0,0.131,0.743,120.058,audio_features,5GFDrUTLGJix84sNhjCG0g,spotify:track:5GFDrUTLGJix84sNhjCG0g,https://api.spotify.com/v1/tracks/5GFDrUTLGJix84sNhjCG0g,https://api.spotify.com/v1/audio-analysis/5GFDrUTLGJix84sNhjCG0g,209747,4
191,This Girl (Kungs Vs. Cookin' On 3 Burners),Kungs,448585,https://open.spotify.com/track/0tICYNayWWhH9GPeFrfjfD,0tICYNayWWhH9GPeFrfjfD,0.793,0.729,0,-4.77,0,0.0394,0.08,3.1e-05,0.317,0.488,121.972,audio_features,0tICYNayWWhH9GPeFrfjfD,spotify:track:0tICYNayWWhH9GPeFrfjfD,https://api.spotify.com/v1/tracks/0tICYNayWWhH9GPeFrfjfD,https://api.spotify.com/v1/audio-analysis/0tICYNayWWhH9GPeFrfjfD,195547,4
192,Versace on the Floor,Bruno Mars,445931,https://open.spotify.com/track/0kN8xEmgMW9mh7UmDYHlJP,0kN8xEmgMW9mh7UmDYHlJP,0.578,0.574,2,-6.209,1,0.0454,0.196,0,0.083,0.301,174.152,audio_features,0kN8xEmgMW9mh7UmDYHlJP,spotify:track:0kN8xEmgMW9mh7UmDYHlJP,https://api.spotify.com/v1/tracks/0kN8xEmgMW9mh7UmDYHlJP,https://api.spotify.com/v1/audio-analysis/0kN8xEmgMW9mh7UmDYHlJP,261240,4
193,"i hate u, i love u (feat. olivia o'brien)",gnash,444657,https://open.spotify.com/track/7vRriwrloYVaoAe3a9wJHe,7vRriwrloYVaoAe3a9wJHe,0.492,0.275,6,-13.4,0,0.3,0.687,0,0.101,0.18,92.6,audio_features,7vRriwrloYVaoAe3a9wJHe,spotify:track:7vRriwrloYVaoAe3a9wJHe,https://api.spotify.com/v1/tracks/7vRriwrloYVaoAe3a9wJHe,https://api.spotify.com/v1/audio-analysis/7vRriwrloYVaoAe3a9wJHe,251034,4
194,Barcelona,Ed Sheeran,441961,https://open.spotify.com/track/3Lfiu5sZ4M4B6JaKMBc0FU,3Lfiu5sZ4M4B6JaKMBc0FU,0.747,0.76,1,-4.294,1,0.187,0.448,0,0.153,0.682,99.975,audio_features,3Lfiu5sZ4M4B6JaKMBc0FU,spotify:track:3Lfiu5sZ4M4B6JaKMBc0FU,https://api.spotify.com/v1/tracks/3Lfiu5sZ4M4B6JaKMBc0FU,https://api.spotify.com/v1/audio-analysis/3Lfiu5sZ4M4B6JaKMBc0FU,191147,4
195,I Got You,Bebe Rexha,440928,https://open.spotify.com/track/1FUViuNSldssMIawrOXF2i,1FUViuNSldssMIawrOXF2i,0.609,0.887,9,-4.749,0,0.0507,0.0504,4.76e-06,0.09,0.316,97.99,audio_features,1FUViuNSldssMIawrOXF2i,spotify:track:1FUViuNSldssMIawrOXF2i,https://api.spotify.com/v1/tracks/1FUViuNSldssMIawrOXF2i,https://api.spotify.com/v1/audio-analysis/1FUViuNSldssMIawrOXF2i,191812,4
196,La Bicicleta,Carlos Vives,440428,https://open.spotify.com/track/43it4kot08akLzFIEMhXNN,43it4kot08akLzFIEMhXNN,0.746,0.961,0,-2.243,1,0.13,0.206,1.84e-06,0.329,0.951,179.984,audio_features,43it4kot08akLzFIEMhXNN,spotify:track:43it4kot08akLzFIEMhXNN,https://api.spotify.com/v1/tracks/43it4kot08akLzFIEMhXNN,https://api.spotify.com/v1/audio-analysis/43it4kot08akLzFIEMhXNN,227457,4
197,"Heatstroke (feat. Young Thug, Pharrell Williams & Ariana Grande)",Calvin Harris,440427,https://open.spotify.com/track/1N90cV79gbBgO0bOs74Y0t,1N90cV79gbBgO0bOs74Y0t,0.786,0.735,0,-4.502,0,0.0495,0.362,0,0.176,0.747,110.124,audio_features,1N90cV79gbBgO0bOs74Y0t,spotify:track:1N90cV79gbBgO0bOs74Y0t,https://api.spotify.com/v1/tracks/1N90cV79gbBgO0bOs74Y0t,https://api.spotify.com/v1/audio-analysis/1N90cV79gbBgO0bOs74Y0t,229640,4
198,Confess,Logic,440074,https://open.spotify.com/track/58kwvMXeOlsvzPqUlyj75Y,58kwvMXeOlsvzPqUlyj75Y,0.74,0.971,0,-2.81,1,0.0884,0.301,0.0016,0.156,0.528,122.952,audio_features,58kwvMXeOlsvzPqUlyj75Y,spotify:track:58kwvMXeOlsvzPqUlyj75Y,https://api.spotify.com/v1/tracks/58kwvMXeOlsvzPqUlyj75Y,https://api.spotify.com/v1/audio-analysis/58kwvMXeOlsvzPqUlyj75Y,343027,4
199,Shed a Light,Robin Schulz,439540,https://open.spotify.com/track/1cG0umU5TKStygKsPFZ9pY,1cG0umU5TKStygKsPFZ9pY,0.483,0.787,8,-5.244,1,0.102,0.112,0,0.257,0.58,122.058,audio_features,1cG0umU5TKStygKsPFZ9pY,spotify:track:1cG0umU5TKStygKsPFZ9pY,https://api.spotify.com/v1/tracks/1cG0umU5TKStygKsPFZ9pY,https://api.spotify.com/v1/audio-analysis/1cG0umU5TKStygKsPFZ9pY,191379,4
200,Killing Spree,Logic,439429,https://open.spotify.com/track/6OQea06z3cbOqYgG2O6eOZ,6OQea06z3cbOqYgG2O6eOZ,0.856,0.757,1,-5.782,0,0.145,0.029,0,0.105,0.191,124.069,audio_features,6OQea06z3cbOqYgG2O6eOZ,spotify:track:6OQea06z3cbOqYgG2O6eOZ,https://api.spotify.com/v1/tracks/6OQea06z3cbOqYgG2O6eOZ,https://api.spotify.com/v1/audio-analysis/6OQea06z3cbOqYgG2O6eOZ,206613,4
