Position,Track Name,Artist,Streams,URL,trackID,danceability,energy,key,loudness,mode,speechiness,acousticness,instrumentalness,liveness,valence,tempo,type,id,uri,track_href,analysis_url,duration_ms,time_signature
1,rockstar,Post Malone,5755610,https://open.spotify.com/track/7wGoVu4Dady5GV0Sv4UIsx,7wGoVu4Dady5GV0Sv4UIsx,0.577,0.522,5,-6.594,0,0.0984,0.13,9.03e-05,0.142,0.119,159.772,audio_features,7wGoVu4Dady5GV0Sv4UIsx,spotify:track:7wGoVu4Dady5GV0Sv4UIsx,https://api.spotify.com/v1/tracks/7wGoVu4Dady5GV0Sv4UIsx,https://api.spotify.com/v1/audio-analysis/7wGoVu4Dady5GV0Sv4UIsx,218320,4
2,Havana,Camila Cabello,4438592,https://open.spotify.com/track/0ofbQMrRDsUaVKq2mGLEAb,0ofbQMrRDsUaVKq2mGLEAb,0.768,0.517,7,-4.323,0,0.0312,0.186,3.8e-05,0.104,0.418,104.992,audio_features,0ofbQMrRDsUaVKq2mGLEAb,spotify:track:0ofbQMrRDsUaVKq2mGLEAb,https://api.spotify.com/v1/tracks/0ofbQMrRDsUaVKq2mGLEAb,https://api.spotify.com/v1/audio-analysis/0ofbQMrRDsUaVKq2mGLEAb,216897,4
3,New Rules,Dua Lipa,3758506,https://open.spotify.com/track/2ekn2ttSfGqwhhate0LSR0,2ekn2ttSfGqwhhate0LSR0,0.762,0.7,9,-6.021,0,0.0694,0.00261,1.56e-05,0.153,0.608,116.073,audio_features,2ekn2ttSfGqwhhate0LSR0,spotify:track:2ekn2ttSfGqwhhate0LSR0,https://api.spotify.com/v1/tracks/2ekn2ttSfGqwhhate0LSR0,https://api.spotify.com/v1/audio-analysis/2ekn2ttSfGqwhhate0LSR0,209320,4
4,Wolves,Selena Gomez,3235616,https://open.spotify.com/track/7EmGUiUaOSGDnUUQUDrOXC,7EmGUiUaOSGDnUUQUDrOXC,0.715,0.802,11,-4.647,0,0.0394,0.139,0,0.177,0.327,124.989,audio_features,7EmGUiUaOSGDnUUQUDrOXC,spotify:track:7EmGUiUaOSGDnUUQUDrOXC,https://api.spotify.com/v1/tracks/7EmGUiUaOSGDnUUQUDrOXC,https://api.spotify.com/v1/audio-analysis/7EmGUiUaOSGDnUUQUDrOXC,197993,4
5,What Lovers Do,Maroon 5,3067567,https://open.spotify.com/track/5SDCeGVT08a1RMXIBJF2O5,5SDCeGVT08a1RMXIBJF2O5,0.799,0.604,5,-5.134,0,0.0634,0.0949,5.33e-06,0.124,0.405,109.999,audio_features,5SDCeGVT08a1RMXIBJF2O5,spotify:track:5SDCeGVT08a1RMXIBJF2O5,https://api.spotify.com/v1/tracks/5SDCeGVT08a1RMXIBJF2O5,https://api.spotify.com/v1/audio-analysis/5SDCeGVT08a1RMXIBJF2O5,199853,4
6,Dusk Till Dawn - Radio Edit,ZAYN,2995799,https://open.spotify.com/track/1j4kHkkpqZRBwE0A4CN4Yv,1j4kHkkpqZRBwE0A4CN4Yv,0.258,0.437,11,-6.593,0,0.039,0.101,1.27e-06,0.106,0.0967,180.043,audio_features,1j4kHkkpqZRBwE0A4CN4Yv,spotify:track:1j4kHkkpqZRBwE0A4CN4Yv,https://api.spotify.com/v1/tracks/1j4kHkkpqZRBwE0A4CN4Yv,https://api.spotify.com/v1/audio-analysis/1j4kHkkpqZRBwE0A4CN4Yv,239000,4
7,Perfect,Ed Sheeran,2958426,https://open.spotify.com/track/0tgVpDi06FyKpA1z0VMD4v,0tgVpDi06FyKpA1z0VMD4v,0.599,0.448,8,-6.312,1,0.0232,0.163,0,0.106,0.168,95.05,audio_features,0tgVpDi06FyKpA1z0VMD4v,spotify:track:0tgVpDi06FyKpA1z0VMD4v,https://api.spotify.com/v1/tracks/0tgVpDi06FyKpA1z0VMD4v,https://api.spotify.com/v1/audio-analysis/0tgVpDi06FyKpA1z0VMD4v,263400,3
8,Too Good At Goodbyes - Edit,Sam Smith,2836218,https://open.spotify.com/track/0mel2N9Ws9r4yLQn5QE21Y,0mel2N9Ws9r4yLQn5QE21Y,0.653,0.378,5,-8.273,1,0.0533,0.658,0,0.177,0.54,91.835,audio_features,0mel2N9Ws9r4yLQn5QE21Y,spotify:track:0mel2N9Ws9r4yLQn5QE21Y,https://api.spotify.com/v1/tracks/0mel2N9Ws9r4yLQn5QE21Y,https://api.spotify.com/v1/audio-analysis/0mel2N9Ws9r4yLQn5QE21Y,201000,4
9,Silence,Marshmello,2790221,https://open.spotify.com/track/7vGuf3Y35N4wmASOKLUVVU,7vGuf3Y35N4wmASOKLUVVU,0.52,0.761,4,-3.093,1,0.0853,0.256,4.96e-06,0.17,0.286,141.971,audio_features,7vGuf3Y35N4wmASOKLUVVU,spotify:track:7vGuf3Y35N4wmASOKLUVVU,https://api.spotify.com/v1/tracks/7vGuf3Y35N4wmASOKLUVVU,https://api.spotify.com/v1/audio-analysis/7vGuf3Y35N4wmASOKLUVVU,180823,4
10,Let You Down,NF,2598206,https://open.spotify.com/track/6mrKP2jyIQmM0rw6fQryjr,6mrKP2jyIQmM0rw6fQryjr,0.659,0.716,5,-5.673,0,0.111,0.33,0,0.173,0.437,148.015,audio_features,6mrKP2jyIQmM0rw6fQryjr,spotify:track:6mrKP2jyIQmM0rw6fQryjr,https://api.spotify.com/v1/tracks/6mrKP2jyIQmM0rw6fQryjr,https://api.spotify.com/v1/audio-analysis/6mrKP2jyIQmM0rw6fQryjr,212120,4
11,Gucci Gang,Lil Pump,2562729,https://open.spotify.com/track/43ZyHQITOjhciSUUNPVRHc,43ZyHQITOjhciSUUNPVRHc,0.936,0.523,5,-6.71,1,0.0597,0.239,0,0.117,0.699,119.889,audio_features,43ZyHQITOjhciSUUNPVRHc,spotify:track:43ZyHQITOjhciSUUNPVRHc,https://api.spotify.com/v1/tracks/43ZyHQITOjhciSUUNPVRHc,https://api.spotify.com/v1/audio-analysis/43ZyHQITOjhciSUUNPVRHc,124056,4
12,1-800-273-8255,Logic,2526260,https://open.spotify.com/track/5tz69p7tJuGPeMGwNTxYuV,5tz69p7tJuGPeMGwNTxYuV,0.62,0.574,5,-7.788,0,0.0479,0.569,0,0.19,0.357,100.023,audio_features,5tz69p7tJuGPeMGwNTxYuV,spotify:track:5tz69p7tJuGPeMGwNTxYuV,https://api.spotify.com/v1/tracks/5tz69p7tJuGPeMGwNTxYuV,https://api.spotify.com/v1/audio-analysis/5tz69p7tJuGPeMGwNTxYuV,250173,4
13,I Fall Apart,Post Malone,2325187,https://open.spotify.com/track/75ZvA4QfFiZvzhj2xkaWAh,75ZvA4QfFiZvzhj2xkaWAh,0.556,0.538,8,-5.408,0,0.0382,0.0689,0,0.196,0.291,143.95,audio_features,75ZvA4QfFiZvzhj2xkaWAh,spotify:track:75ZvA4QfFiZvzhj2xkaWAh,https://api.spotify.com/v1/tracks/75ZvA4QfFiZvzhj2xkaWAh,https://api.spotify.com/v1/audio-analysis/75ZvA4QfFiZvzhj2xkaWAh,223347,4
14,Young Dumb & Broke,Khalid,2143672,https://open.spotify.com/track/5Z3GHaZ6ec9bsiI5BenrbY,5Z3GHaZ6ec9bsiI5BenrbY,0.798,0.539,1,-6.351,1,0.0421,0.199,1.66e-05,0.165,0.394,136.949,audio_features,5Z3GHaZ6ec9bsiI5BenrbY,spotify:track:5Z3GHaZ6ec9bsiI5BenrbY,https://api.spotify.com/v1/tracks/5Z3GHaZ6ec9bsiI5BenrbY,https://api.spotify.com/v1/audio-analysis/5Z3GHaZ6ec9bsiI5BenrbY,202547,4
15,Stargazing,Kygo,2065430,https://open.spotify.com/track/0Zbbxnx4SGGHoIow4PpISP,0Zbbxnx4SGGHoIow4PpISP,0.677,0.497,5,-5.763,1,0.0809,0.152,0,0.0911,0.419,99.137,audio_features,0Zbbxnx4SGGHoIow4PpISP,spotify:track:0Zbbxnx4SGGHoIow4PpISP,https://api.spotify.com/v1/tracks/0Zbbxnx4SGGHoIow4PpISP,https://api.spotify.com/v1/audio-analysis/0Zbbxnx4SGGHoIow4PpISP,236853,4
16,Sorry Not Sorry,Demi Lovato,2015809,https://open.spotify.com/track/3m660poUr1chesgkkjQM7P,3m660poUr1chesgkkjQM7P,0.704,0.633,11,-6.923,0,0.241,0.0214,0,0.29,0.863,144.021,audio_features,3m660poUr1chesgkkjQM7P,spotify:track:3m660poUr1chesgkkjQM7P,https://api.spotify.com/v1/tracks/3m660poUr1chesgkkjQM7P,https://api.spotify.com/v1/audio-analysis/3m660poUr1chesgkkjQM7P,203760,4
17,Feel It Still,Portugal. The Man,2003060,https://open.spotify.com/track/6QgjcU0zLnzq5OrUoSZ3OK,6QgjcU0zLnzq5OrUoSZ3OK,0.801,0.795,1,-5.115,0,0.0504,0.0417,0.000113,0.0717,0.754,79.028,audio_features,6QgjcU0zLnzq5OrUoSZ3OK,spotify:track:6QgjcU0zLnzq5OrUoSZ3OK,https://api.spotify.com/v1/tracks/6QgjcU0zLnzq5OrUoSZ3OK,https://api.spotify.com/v1/audio-analysis/6QgjcU0zLnzq5OrUoSZ3OK,163253,4
18,How Long,Charlie Puth,1997843,https://open.spotify.com/track/32DGGj6KlNuBr6WaqRxpxi,32DGGj6KlNuBr6WaqRxpxi,0.849,0.581,1,-5.243,0,0.0767,0.189,3.61e-06,0.0805,0.779,110.008,audio_features,32DGGj6KlNuBr6WaqRxpxi,spotify:track:32DGGj6KlNuBr6WaqRxpxi,https://api.spotify.com/v1/tracks/32DGGj6KlNuBr6WaqRxpxi,https://api.spotify.com/v1/audio-analysis/32DGGj6KlNuBr6WaqRxpxi,198237,4
19,Ghostface Killers,21 Savage,1964215,https://open.spotify.com/track/5u6vkDnOyaf8LsteDAj2ub,5u6vkDnOyaf8LsteDAj2ub,0.782,0.436,2,-7.033,1,0.155,0.331,1.3e-05,0.342,0.243,82.994,audio_features,5u6vkDnOyaf8LsteDAj2ub,spotify:track:5u6vkDnOyaf8LsteDAj2ub,https://api.spotify.com/v1/tracks/5u6vkDnOyaf8LsteDAj2ub,https://api.spotify.com/v1/audio-analysis/5u6vkDnOyaf8LsteDAj2ub,268933,4
20,Mi Gente,J Balvin,1923817,https://open.spotify.com/track/2rb5MvYT7ZIxbKW5hfcHx8,2rb5MvYT7ZIxbKW5hfcHx8,0.543,0.677,11,-4.915,0,0.0993,0.0148,6.21e-06,0.13,0.294,103.809,audio_features,2rb5MvYT7ZIxbKW5hfcHx8,spotify:track:2rb5MvYT7ZIxbKW5hfcHx8,https://api.spotify.com/v1/tracks/2rb5MvYT7ZIxbKW5hfcHx8,https://api.spotify.com/v1/audio-analysis/2rb5MvYT7ZIxbKW5hfcHx8,189440,4
21,Shape of You,Ed Sheeran,1915018,https://open.spotify.com/track/7qiZfU4dY1lWllzX7mPBI3,7qiZfU4dY1lWllzX7mPBI3,0.825,0.652,1,-3.183,0,0.0802,0.581,0,0.0931,0.931,95.977,audio_features,7qiZfU4dY1lWllzX7mPBI3,spotify:track:7qiZfU4dY1lWllzX7mPBI3,https://api.spotify.com/v1/tracks/7qiZfU4dY1lWllzX7mPBI3,https://api.spotify.com/v1/audio-analysis/7qiZfU4dY1lWllzX7mPBI3,233713,4
22,Glorious (feat. Skylar Grey),Macklemore,1884785,https://open.spotify.com/track/0CokSRCu5hZgPxcZBaEzVE,0CokSRCu5hZgPxcZBaEzVE,0.731,0.794,0,-5.126,0,0.0522,0.0323,2.59e-05,0.112,0.356,139.994,audio_features,0CokSRCu5hZgPxcZBaEzVE,spotify:track:0CokSRCu5hZgPxcZBaEzVE,https://api.spotify.com/v1/tracks/0CokSRCu5hZgPxcZBaEzVE,https://api.spotify.com/v1/audio-analysis/0CokSRCu5hZgPxcZBaEzVE,220454,4
23,Unforgettable,French Montana,1838219,https://open.spotify.com/track/3B54sVLJ402zGa6Xm4YGNe,3B54sVLJ402zGa6Xm4YGNe,0.726,0.769,6,-5.043,1,0.123,0.0293,0.0101,0.104,0.733,97.985,audio_features,3B54sVLJ402zGa6Xm4YGNe,spotify:track:3B54sVLJ402zGa6Xm4YGNe,https://api.spotify.com/v1/tracks/3B54sVLJ402zGa6Xm4YGNe,https://api.spotify.com/v1/audio-analysis/3B54sVLJ402zGa6Xm4YGNe,233902,4
24,Lonely Together (feat. Rita Ora),Avicii,1752033,https://open.spotify.com/track/2OALaHcDdKkjYEpAr0Qzab,2OALaHcDdKkjYEpAr0Qzab,0.655,0.666,5,-5.309,1,0.0612,0.134,2.12e-05,0.0683,0.272,102.977,audio_features,2OALaHcDdKkjYEpAr0Qzab,spotify:track:2OALaHcDdKkjYEpAr0Qzab,https://api.spotify.com/v1/tracks/2OALaHcDdKkjYEpAr0Qzab,https://api.spotify.com/v1/audio-analysis/2OALaHcDdKkjYEpAr0Qzab,181812,4
25,Bank Account,21 Savage,1728641,https://open.spotify.com/track/2fQrGHiQOvpL9UgPvtYy6G,2fQrGHiQOvpL9UgPvtYy6G,0.884,0.346,8,-8.228,0,0.351,0.0151,7.04e-06,0.0871,0.376,75.016,audio_features,2fQrGHiQOvpL9UgPvtYy6G,spotify:track:2fQrGHiQOvpL9UgPvtYy6G,https://api.spotify.com/v1/tracks/2fQrGHiQOvpL9UgPvtYy6G,https://api.spotify.com/v1/audio-analysis/2fQrGHiQOvpL9UgPvtYy6G,220307,4
26,XO Tour Llif3,Lil Uzi Vert,1725696,https://open.spotify.com/track/7GX5flRQZVHRAGd6B4TmDO,7GX5flRQZVHRAGd6B4TmDO,0.732,0.75,11,-6.366,0,0.231,0.00264,0,0.109,0.401,155.096,audio_features,7GX5flRQZVHRAGd6B4TmDO,spotify:track:7GX5flRQZVHRAGd6B4TmDO,https://api.spotify.com/v1/tracks/7GX5flRQZVHRAGd6B4TmDO,https://api.spotify.com/v1/audio-analysis/7GX5flRQZVHRAGd6B4TmDO,182707,4
27,Thunder,Imagine Dragons,1716896,https://open.spotify.com/track/0tKcYR2II1VCQWT79i5NrW,0tKcYR2II1VCQWT79i5NrW,0.6,0.81,0,-4.749,1,0.0479,0.00683,0.21,0.155,0.298,167.88,audio_features,0tKcYR2II1VCQWT79i5NrW,spotify:track:0tKcYR2II1VCQWT79i5NrW,https://api.spotify.com/v1/tracks/0tKcYR2II1VCQWT79i5NrW,https://api.spotify.com/v1/audio-analysis/0tKcYR2II1VCQWT79i5NrW,187147,4
28,"Let Me Go (with Alesso, Florida Georgia Line & watt)",Hailee Steinfeld,1694784,https://open.spotify.com/track/5AEtlRudpgdT5FtNiuly6Y,5AEtlRudpgdT5FtNiuly6Y,0.659,0.717,8,-4.202,1,0.0581,0.0393,0,0.0769,0.71,103.036,audio_features,5AEtlRudpgdT5FtNiuly6Y,spotify:track:5AEtlRudpgdT5FtNiuly6Y,https://api.spotify.com/v1/tracks/5AEtlRudpgdT5FtNiuly6Y,https://api.spotify.com/v1/audio-analysis/5AEtlRudpgdT5FtNiuly6Y,174800,4
29,Friends (with BloodPop®),Justin Bieber,1689157,https://open.spotify.com/track/7nZmah2llfvLDiUjm0kiyz,7nZmah2llfvLDiUjm0kiyz,0.744,0.739,8,-5.35,1,0.0387,0.00459,0,0.306,0.649,104.99,audio_features,7nZmah2llfvLDiUjm0kiyz,spotify:track:7nZmah2llfvLDiUjm0kiyz,https://api.spotify.com/v1/tracks/7nZmah2llfvLDiUjm0kiyz,https://api.spotify.com/v1/audio-analysis/7nZmah2llfvLDiUjm0kiyz,189467,4
30,Congratulations,Post Malone,1617463,https://open.spotify.com/track/3a1lNhkSLSkpJE4MSHpDu9,3a1lNhkSLSkpJE4MSHpDu9,0.63,0.804,6,-4.183,1,0.0363,0.215,0,0.253,0.492,123.146,audio_features,3a1lNhkSLSkpJE4MSHpDu9,spotify:track:3a1lNhkSLSkpJE4MSHpDu9,https://api.spotify.com/v1/tracks/3a1lNhkSLSkpJE4MSHpDu9,https://api.spotify.com/v1/audio-analysis/3a1lNhkSLSkpJE4MSHpDu9,220293,4
31,What About Us,P!nk,1561503,https://open.spotify.com/track/0Qh38w01QRXK6KHIv0e3hb,0Qh38w01QRXK6KHIv0e3hb,0.489,0.588,1,-6.177,1,0.0507,0.0285,2.11e-06,0.0906,0.187,113.617,audio_features,0Qh38w01QRXK6KHIv0e3hb,spotify:track:0Qh38w01QRXK6KHIv0e3hb,https://api.spotify.com/v1/tracks/0Qh38w01QRXK6KHIv0e3hb,https://api.spotify.com/v1/audio-analysis/0Qh38w01QRXK6KHIv0e3hb,269600,4
32,Mi Gente (feat. Beyoncé),J Balvin,1549063,https://open.spotify.com/track/7fwXWKdDNI5IutOMc5OKYw,7fwXWKdDNI5IutOMc5OKYw,0.705,0.714,11,-6.39,0,0.0792,0.0249,0,0.253,0.434,104.996,audio_features,7fwXWKdDNI5IutOMc5OKYw,spotify:track:7fwXWKdDNI5IutOMc5OKYw,https://api.spotify.com/v1/tracks/7fwXWKdDNI5IutOMc5OKYw,https://api.spotify.com/v1/audio-analysis/7fwXWKdDNI5IutOMc5OKYw,209733,4
33,Bodak Yellow,Cardi B,1509324,https://open.spotify.com/track/2771LMNxwf62FTAdpJMQfM,2771LMNxwf62FTAdpJMQfM,0.929,0.723,11,-5.792,0,0.109,0.0672,0,0.346,0.458,125.022,audio_features,2771LMNxwf62FTAdpJMQfM,spotify:track:2771LMNxwf62FTAdpJMQfM,https://api.spotify.com/v1/tracks/2771LMNxwf62FTAdpJMQfM,https://api.spotify.com/v1/audio-analysis/2771LMNxwf62FTAdpJMQfM,223962,4
34,Criminal,Natti Natasha,1492464,https://open.spotify.com/track/2SmgFAhQkQCQPyBiBxR6Te,2SmgFAhQkQCQPyBiBxR6Te,0.816,0.806,2,-3.023,0,0.0563,0.0347,9.01e-05,0.255,0.822,79.987,audio_features,2SmgFAhQkQCQPyBiBxR6Te,spotify:track:2SmgFAhQkQCQPyBiBxR6Te,https://api.spotify.com/v1/tracks/2SmgFAhQkQCQPyBiBxR6Te,https://api.spotify.com/v1/audio-analysis/2SmgFAhQkQCQPyBiBxR6Te,232550,4
35,Attention,Charlie Puth,1490465,https://open.spotify.com/track/4iLqG9SeJSnt0cSPICSjxv,4iLqG9SeJSnt0cSPICSjxv,0.774,0.626,3,-4.432,0,0.0432,0.0969,3.12e-05,0.0848,0.777,100.041,audio_features,4iLqG9SeJSnt0cSPICSjxv,spotify:track:4iLqG9SeJSnt0cSPICSjxv,https://api.spotify.com/v1/tracks/4iLqG9SeJSnt0cSPICSjxv,https://api.spotify.com/v1/audio-analysis/4iLqG9SeJSnt0cSPICSjxv,211475,4
36,Me Rehúso,Danny Ocean,1464096,https://open.spotify.com/track/6De0lHrwBfPfrhorm9q1Xl,6De0lHrwBfPfrhorm9q1Xl,0.744,0.804,1,-6.327,1,0.0677,0.0231,0,0.0494,0.426,104.823,audio_features,6De0lHrwBfPfrhorm9q1Xl,spotify:track:6De0lHrwBfPfrhorm9q1Xl,https://api.spotify.com/v1/tracks/6De0lHrwBfPfrhorm9q1Xl,https://api.spotify.com/v1/audio-analysis/6De0lHrwBfPfrhorm9q1Xl,205715,4
37,Se Preparó,Ozuna,1463324,https://open.spotify.com/track/1m69ELEgE6k5ZWsap40ozt,1m69ELEgE6k5ZWsap40ozt,0.739,0.821,1,-4.233,1,0.0852,0.222,9.6e-06,0.311,0.693,171.077,audio_features,1m69ELEgE6k5ZWsap40ozt,spotify:track:1m69ELEgE6k5ZWsap40ozt,https://api.spotify.com/v1/tracks/1m69ELEgE6k5ZWsap40ozt,https://api.spotify.com/v1/audio-analysis/1m69ELEgE6k5ZWsap40ozt,188080,4
38,MotorSport,Migos,1417841,https://open.spotify.com/track/1YZfcVLbbJwfizR5cDOp3q,1YZfcVLbbJwfizR5cDOp3q,0.901,0.529,2,-4.443,1,0.191,0.0519,0,0.179,0.146,138.003,audio_features,1YZfcVLbbJwfizR5cDOp3q,spotify:track:1YZfcVLbbJwfizR5cDOp3q,https://api.spotify.com/v1/tracks/1YZfcVLbbJwfizR5cDOp3q,https://api.spotify.com/v1/audio-analysis/1YZfcVLbbJwfizR5cDOp3q,307660,4
39,I Like Me Better,Lauv,1408787,https://open.spotify.com/track/1wjzFQodRWrPcQ0AnYnvQ9,1wjzFQodRWrPcQ0AnYnvQ9,0.752,0.505,9,-7.621,1,0.253,0.535,2.55e-06,0.104,0.419,91.97,audio_features,1wjzFQodRWrPcQ0AnYnvQ9,spotify:track:1wjzFQodRWrPcQ0AnYnvQ9,https://api.spotify.com/v1/tracks/1wjzFQodRWrPcQ0AnYnvQ9,https://api.spotify.com/v1/audio-analysis/1wjzFQodRWrPcQ0AnYnvQ9,197437,4
40,Mayores,Becky G,1387496,https://open.spotify.com/track/7JNh1cfm0eXjqFVOzKLyau,7JNh1cfm0eXjqFVOzKLyau,0.743,0.855,5,-3.976,0,0.0436,0.141,0.0045,0.099,0.871,96.989,audio_features,7JNh1cfm0eXjqFVOzKLyau,spotify:track:7JNh1cfm0eXjqFVOzKLyau,https://api.spotify.com/v1/tracks/7JNh1cfm0eXjqFVOzKLyau,https://api.spotify.com/v1/audio-analysis/7JNh1cfm0eXjqFVOzKLyau,202453,4
41,Look What You Made Me Do,Taylor Swift,1380676,https://open.spotify.com/track/6uFsE1JgZ20EXyU0JQZbUR,6uFsE1JgZ20EXyU0JQZbUR,0.773,0.68,9,-6.378,0,0.141,0.213,1.57e-05,0.122,0.497,128.062,audio_features,6uFsE1JgZ20EXyU0JQZbUR,spotify:track:6uFsE1JgZ20EXyU0JQZbUR,https://api.spotify.com/v1/tracks/6uFsE1JgZ20EXyU0JQZbUR,https://api.spotify.com/v1/audio-analysis/6uFsE1JgZ20EXyU0JQZbUR,211859,4
42,More Than You Know,Axwell /\ Ingrosso,1370960,https://open.spotify.com/track/3PEgB3fkiojxms35ntsTgs,3PEgB3fkiojxms35ntsTgs,0.644,0.743,5,-5.002,0,0.0355,0.034,0,0.257,0.544,123.074,audio_features,3PEgB3fkiojxms35ntsTgs,spotify:track:3PEgB3fkiojxms35ntsTgs,https://api.spotify.com/v1/tracks/3PEgB3fkiojxms35ntsTgs,https://api.spotify.com/v1/audio-analysis/3PEgB3fkiojxms35ntsTgs,203000,4
43,Jocelyn Flores,XXXTENTACION,1356221,https://open.spotify.com/track/7m9OqQk4RVRkw9JJdeAw96,7m9OqQk4RVRkw9JJdeAw96,0.872,0.391,0,-9.144,0,0.242,0.469,4.13e-06,0.297,0.437,134.021,audio_features,7m9OqQk4RVRkw9JJdeAw96,spotify:track:7m9OqQk4RVRkw9JJdeAw96,https://api.spotify.com/v1/tracks/7m9OqQk4RVRkw9JJdeAw96,https://api.spotify.com/v1/audio-analysis/7m9OqQk4RVRkw9JJdeAw96,119133,4
44,Too Much To Ask,Niall Horan,1336023,https://open.spotify.com/track/4v094LQ9eF10k2O2Te2ngK,4v094LQ9eF10k2O2Te2ngK,0.519,0.554,0,-6.412,1,0.0385,0.381,0,0.115,0.194,153.676,audio_features,4v094LQ9eF10k2O2Te2ngK,spotify:track:4v094LQ9eF10k2O2Te2ngK,https://api.spotify.com/v1/tracks/4v094LQ9eF10k2O2Te2ngK,https://api.spotify.com/v1/audio-analysis/4v094LQ9eF10k2O2Te2ngK,223044,4
45,HUMBLE.,Kendrick Lamar,1317838,https://open.spotify.com/track/7KXjTSCq5nL1LoYtL7XAwS,7KXjTSCq5nL1LoYtL7XAwS,0.908,0.621,1,-6.638,0,0.102,0.000282,5.39e-05,0.0958,0.421,150.011,audio_features,7KXjTSCq5nL1LoYtL7XAwS,spotify:track:7KXjTSCq5nL1LoYtL7XAwS,https://api.spotify.com/v1/tracks/7KXjTSCq5nL1LoYtL7XAwS,https://api.spotify.com/v1/audio-analysis/7KXjTSCq5nL1LoYtL7XAwS,177000,4
46,"Feels (feat. Pharrell Williams, Katy Perry & Big Sean)",Calvin Harris,1286590,https://open.spotify.com/track/5bcTCxgc7xVfSaMV3RuVke,5bcTCxgc7xVfSaMV3RuVke,0.893,0.745,11,-3.105,0,0.0571,0.0642,0,0.0943,0.872,101.018,audio_features,5bcTCxgc7xVfSaMV3RuVke,spotify:track:5bcTCxgc7xVfSaMV3RuVke,https://api.spotify.com/v1/tracks/5bcTCxgc7xVfSaMV3RuVke,https://api.spotify.com/v1/audio-analysis/5bcTCxgc7xVfSaMV3RuVke,223413,4
47,Ric Flair Drip (& Metro Boomin),Offset,1257033,https://open.spotify.com/track/7sO5G9EABYOXQKNPNiE9NR,7sO5G9EABYOXQKNPNiE9NR,0.88,0.428,9,-8.28,1,0.206,0.149,5.07e-05,0.114,0.333,100.007,audio_features,7sO5G9EABYOXQKNPNiE9NR,spotify:track:7sO5G9EABYOXQKNPNiE9NR,https://api.spotify.com/v1/tracks/7sO5G9EABYOXQKNPNiE9NR,https://api.spotify.com/v1/audio-analysis/7sO5G9EABYOXQKNPNiE9NR,172800,4
48,Without You (feat. Sandro Cavazza),Avicii,1242129,https://open.spotify.com/track/6WbADFqMvR8N5u0BvtsWQE,6WbADFqMvR8N5u0BvtsWQE,0.652,0.855,2,-4.832,1,0.0441,0.00179,0,0.0404,0.279,134.009,audio_features,6WbADFqMvR8N5u0BvtsWQE,spotify:track:6WbADFqMvR8N5u0BvtsWQE,https://api.spotify.com/v1/tracks/6WbADFqMvR8N5u0BvtsWQE,https://api.spotify.com/v1/audio-analysis/6WbADFqMvR8N5u0BvtsWQE,181673,4
49,I Get the Bag (feat. Migos),Gucci Mane,1192296,https://open.spotify.com/track/1XRgIKC5TPwo7nWGyKqgG0,1XRgIKC5TPwo7nWGyKqgG0,0.89,0.633,11,-5.475,1,0.168,0.0232,0.000343,0.0993,0.425,139.948,audio_features,1XRgIKC5TPwo7nWGyKqgG0,spotify:track:1XRgIKC5TPwo7nWGyKqgG0,https://api.spotify.com/v1/tracks/1XRgIKC5TPwo7nWGyKqgG0,https://api.spotify.com/v1/audio-analysis/1XRgIKC5TPwo7nWGyKqgG0,233087,4
50,Despacito - Remix,Luis Fonsi,1169995,https://open.spotify.com/track/5CtI0qwDJkDQGwXD1H1cLb,5CtI0qwDJkDQGwXD1H1cLb,0.694,0.815,2,-4.328,1,0.12,0.229,0,0.0924,0.813,88.931,audio_features,5CtI0qwDJkDQGwXD1H1cLb,spotify:track:5CtI0qwDJkDQGwXD1H1cLb,https://api.spotify.com/v1/tracks/5CtI0qwDJkDQGwXD1H1cLb,https://api.spotify.com/v1/audio-analysis/5CtI0qwDJkDQGwXD1H1cLb,228827,4
51,Rap Saved Me,21 Savage,1113540,https://open.spotify.com/track/0tdCy39PgWN8LFWu34ORn3,0tdCy39PgWN8LFWu34ORn3,0.845,0.399,1,-7.509,1,0.309,0.00525,0.74,0.102,0.148,143.049,audio_features,0tdCy39PgWN8LFWu34ORn3,spotify:track:0tdCy39PgWN8LFWu34ORn3,https://api.spotify.com/v1/tracks/0tdCy39PgWN8LFWu34ORn3,https://api.spotify.com/v1/audio-analysis/0tdCy39PgWN8LFWu34ORn3,257600,4
52,There's Nothing Holdin' Me Back,Shawn Mendes,1082542,https://open.spotify.com/track/79cuOz3SPQTuFrp8WgftAu,79cuOz3SPQTuFrp8WgftAu,0.857,0.8,2,-4.035,1,0.0583,0.381,0,0.0913,0.966,121.996,audio_features,79cuOz3SPQTuFrp8WgftAu,spotify:track:79cuOz3SPQTuFrp8WgftAu,https://api.spotify.com/v1/tracks/79cuOz3SPQTuFrp8WgftAu,https://api.spotify.com/v1/audio-analysis/79cuOz3SPQTuFrp8WgftAu,199440,4
53,Perro Fiel (feat. Nicky Jam),Shakira,1063808,https://open.spotify.com/track/70lnL3QaSOIIyMa2X9aVRL,70lnL3QaSOIIyMa2X9aVRL,0.75,0.76,1,-4.836,1,0.198,0.187,0,0.0548,0.893,183.817,audio_features,70lnL3QaSOIIyMa2X9aVRL,spotify:track:70lnL3QaSOIIyMa2X9aVRL,https://api.spotify.com/v1/tracks/70lnL3QaSOIIyMa2X9aVRL,https://api.spotify.com/v1/audio-analysis/70lnL3QaSOIIyMa2X9aVRL,195213,4
54,Meant to Be (feat. Florida Georgia Line),Bebe Rexha,1061643,https://open.spotify.com/track/7iDa6hUg2VgEL1o1HjmfBn,7iDa6hUg2VgEL1o1HjmfBn,0.643,0.783,10,-6.458,1,0.0856,0.047,0,0.083,0.579,154.084,audio_features,7iDa6hUg2VgEL1o1HjmfBn,spotify:track:7iDa6hUg2VgEL1o1HjmfBn,https://api.spotify.com/v1/tracks/7iDa6hUg2VgEL1o1HjmfBn,https://api.spotify.com/v1/audio-analysis/7iDa6hUg2VgEL1o1HjmfBn,163870,4
55,I Miss You (feat. Julia Michaels),Clean Bandit,1059376,https://open.spotify.com/track/2xmrfQpmS2iJExTlklLoAL,2xmrfQpmS2iJExTlklLoAL,0.638,0.658,3,-6.318,1,0.0456,0.245,3.77e-06,0.0919,0.33,105.076,audio_features,2xmrfQpmS2iJExTlklLoAL,spotify:track:2xmrfQpmS2iJExTlklLoAL,https://api.spotify.com/v1/tracks/2xmrfQpmS2iJExTlklLoAL,https://api.spotify.com/v1/audio-analysis/2xmrfQpmS2iJExTlklLoAL,205748,4
56,Bonita,J Balvin,1055574,https://open.spotify.com/track/693iqPOQvhI7PobtR8CC8v,693iqPOQvhI7PobtR8CC8v,0.782,0.868,5,-1.715,0,0.04,0.0106,0.00252,0.29,0.884,96.042,audio_features,693iqPOQvhI7PobtR8CC8v,spotify:track:693iqPOQvhI7PobtR8CC8v,https://api.spotify.com/v1/tracks/693iqPOQvhI7PobtR8CC8v,https://api.spotify.com/v1/audio-analysis/693iqPOQvhI7PobtR8CC8v,265747,4
57,The Way Life Goes (feat. Oh Wonder),Lil Uzi Vert,1054148,https://open.spotify.com/track/2eAZfqOm4EnOF9VvN50Tyc,2eAZfqOm4EnOF9VvN50Tyc,0.703,0.757,1,-3.612,1,0.05,0.617,0,0.106,0.696,82.008,audio_features,2eAZfqOm4EnOF9VvN50Tyc,spotify:track:2eAZfqOm4EnOF9VvN50Tyc,https://api.spotify.com/v1/tracks/2eAZfqOm4EnOF9VvN50Tyc,https://api.spotify.com/v1/audio-analysis/2eAZfqOm4EnOF9VvN50Tyc,221747,4
58,Plain Jane,A$AP Ferg,1047597,https://open.spotify.com/track/4dVpf9jZjcORqGTLUaeYj9,4dVpf9jZjcORqGTLUaeYj9,0.797,0.844,11,-5.482,1,0.275,0.0651,0,0.087,0.52,170.142,audio_features,4dVpf9jZjcORqGTLUaeYj9,spotify:track:4dVpf9jZjcORqGTLUaeYj9,https://api.spotify.com/v1/tracks/4dVpf9jZjcORqGTLUaeYj9,https://api.spotify.com/v1/audio-analysis/4dVpf9jZjcORqGTLUaeYj9,173600,4
59,Questions,Chris Brown,1033191,https://open.spotify.com/track/3ojTJaonfkL96iIWa47SU3,3ojTJaonfkL96iIWa47SU3,0.614,0.598,10,-6.335,0,0.0561,0.00543,0,0.1,0.565,105.803,audio_features,3ojTJaonfkL96iIWa47SU3,spotify:track:3ojTJaonfkL96iIWa47SU3,https://api.spotify.com/v1/tracks/3ojTJaonfkL96iIWa47SU3,https://api.spotify.com/v1/audio-analysis/3ojTJaonfkL96iIWa47SU3,129478,4
60,Go Flex,Post Malone,1025831,https://open.spotify.com/track/5yuShbu70mtHXY0yLzCQLQ,5yuShbu70mtHXY0yLzCQLQ,0.665,0.498,5,-8.185,1,0.0832,0.228,0,0.0757,0.127,81.967,audio_features,5yuShbu70mtHXY0yLzCQLQ,spotify:track:5yuShbu70mtHXY0yLzCQLQ,https://api.spotify.com/v1/tracks/5yuShbu70mtHXY0yLzCQLQ,https://api.spotify.com/v1/audio-analysis/5yuShbu70mtHXY0yLzCQLQ,179613,4
61,Que Va,Alex Sensation,1025118,https://open.spotify.com/track/7ofxPmTNMj2GP07g1VZa0O,7ofxPmTNMj2GP07g1VZa0O,0.771,0.835,0,-3.388,1,0.0507,0.13,0,0.0601,0.817,91.012,audio_features,7ofxPmTNMj2GP07g1VZa0O,spotify:track:7ofxPmTNMj2GP07g1VZa0O,https://api.spotify.com/v1/tracks/7ofxPmTNMj2GP07g1VZa0O,https://api.spotify.com/v1/audio-analysis/7ofxPmTNMj2GP07g1VZa0O,238160,4
62,Felices los 4,Maluma,1020621,https://open.spotify.com/track/0qYTZCo5Bwh1nsUFGZP3zn,0qYTZCo5Bwh1nsUFGZP3zn,0.755,0.789,5,-4.502,1,0.146,0.231,0,0.351,0.737,93.973,audio_features,0qYTZCo5Bwh1nsUFGZP3zn,spotify:track:0qYTZCo5Bwh1nsUFGZP3zn,https://api.spotify.com/v1/tracks/0qYTZCo5Bwh1nsUFGZP3zn,https://api.spotify.com/v1/audio-analysis/0qYTZCo5Bwh1nsUFGZP3zn,229849,4
63,"Homemade Dynamite (Feat. Khalid, Post Malone & SZA) - REMIX",Lorde,1007618,https://open.spotify.com/track/69Naniu2KjKjaQOBUagE8U,69Naniu2KjKjaQOBUagE8U,0.541,0.557,0,-5.094,0,0.173,0.272,0,0.156,0.173,106.122,audio_features,69Naniu2KjKjaQOBUagE8U,spotify:track:69Naniu2KjKjaQOBUagE8U,https://api.spotify.com/v1/tracks/69Naniu2KjKjaQOBUagE8U,https://api.spotify.com/v1/audio-analysis/69Naniu2KjKjaQOBUagE8U,214255,4
64,Reggaetón Lento (Remix),CNCO,1004277,https://open.spotify.com/track/3zoYkqS4y2BsGVShPL2nTE,3zoYkqS4y2BsGVShPL2nTE,0.527,0.907,4,-3.09,0,0.11,0.154,0,0.0993,0.664,93.813,audio_features,3zoYkqS4y2BsGVShPL2nTE,spotify:track:3zoYkqS4y2BsGVShPL2nTE,https://api.spotify.com/v1/tracks/3zoYkqS4y2BsGVShPL2nTE,https://api.spotify.com/v1/audio-analysis/3zoYkqS4y2BsGVShPL2nTE,188797,4
65,Believer,Imagine Dragons,1003528,https://open.spotify.com/track/0CcQNd8CINkwQfe1RDtGV6,0CcQNd8CINkwQfe1RDtGV6,0.779,0.787,10,-4.305,0,0.108,0.0524,0,0.14,0.708,124.982,audio_features,0CcQNd8CINkwQfe1RDtGV6,spotify:track:0CcQNd8CINkwQfe1RDtGV6,https://api.spotify.com/v1/tracks/0CcQNd8CINkwQfe1RDtGV6,https://api.spotify.com/v1/audio-analysis/0CcQNd8CINkwQfe1RDtGV6,204347,4
66,Something Just Like This,The Chainsmokers,1003151,https://open.spotify.com/track/6RUKPb4LETWmmr3iAEQktW,6RUKPb4LETWmmr3iAEQktW,0.617,0.635,11,-6.769,0,0.0317,0.0498,1.44e-05,0.164,0.446,103.019,audio_features,6RUKPb4LETWmmr3iAEQktW,spotify:track:6RUKPb4LETWmmr3iAEQktW,https://api.spotify.com/v1/tracks/6RUKPb4LETWmmr3iAEQktW,https://api.spotify.com/v1/audio-analysis/6RUKPb4LETWmmr3iAEQktW,247160,4
67,Good Old Days (feat. Kesha),Macklemore,1002856,https://open.spotify.com/track/2Za1AlJNvksouPPWbXpR2X,2Za1AlJNvksouPPWbXpR2X,0.712,0.51,8,-8.162,1,0.0633,0.446,2.46e-05,0.112,0.268,122.964,audio_features,2Za1AlJNvksouPPWbXpR2X,spotify:track:2Za1AlJNvksouPPWbXpR2X,https://api.spotify.com/v1/tracks/2Za1AlJNvksouPPWbXpR2X,https://api.spotify.com/v1/audio-analysis/2Za1AlJNvksouPPWbXpR2X,240507,4
68,Báilame - Remix,Nacho,994315,https://open.spotify.com/track/3VClLWqNn80Llv0PJOsKgr,3VClLWqNn80Llv0PJOsKgr,0.791,0.866,6,-4.236,1,0.0497,0.248,5.29e-06,0.0696,0.71,96.011,audio_features,3VClLWqNn80Llv0PJOsKgr,spotify:track:3VClLWqNn80Llv0PJOsKgr,https://api.spotify.com/v1/tracks/3VClLWqNn80Llv0PJOsKgr,https://api.spotify.com/v1/audio-analysis/3VClLWqNn80Llv0PJOsKgr,217080,4
69,Bedroom Floor,Liam Payne,987391,https://open.spotify.com/track/1pZdegOXTZ2ftINo3oUuRZ,1pZdegOXTZ2ftINo3oUuRZ,0.678,0.679,1,-7.093,1,0.0644,0.301,0.000136,0.112,0.218,119.977,audio_features,1pZdegOXTZ2ftINo3oUuRZ,spotify:track:1pZdegOXTZ2ftINo3oUuRZ,https://api.spotify.com/v1/tracks/1pZdegOXTZ2ftINo3oUuRZ,https://api.spotify.com/v1/audio-analysis/1pZdegOXTZ2ftINo3oUuRZ,188346,4
70,BUTTERFLY EFFECT,Travis Scott,978937,https://open.spotify.com/track/1yxgsra98r3qAtxqiGZPiX,1yxgsra98r3qAtxqiGZPiX,0.763,0.598,11,-6.865,1,0.0539,0.0714,0,0.112,0.182,140.987,audio_features,1yxgsra98r3qAtxqiGZPiX,spotify:track:1yxgsra98r3qAtxqiGZPiX,https://api.spotify.com/v1/tracks/1yxgsra98r3qAtxqiGZPiX,https://api.spotify.com/v1/audio-analysis/1yxgsra98r3qAtxqiGZPiX,190678,4
71,Wild Thoughts (feat. Rihanna & Bryson Tiller),DJ Khaled,977979,https://open.spotify.com/track/1OAh8uOEOvTDqkKFsKksCi,1OAh8uOEOvTDqkKFsKksCi,0.671,0.672,0,-3.094,0,0.0688,0.0329,0,0.118,0.632,97.979,audio_features,1OAh8uOEOvTDqkKFsKksCi,spotify:track:1OAh8uOEOvTDqkKFsKksCi,https://api.spotify.com/v1/tracks/1OAh8uOEOvTDqkKFsKksCi,https://api.spotify.com/v1/audio-analysis/1OAh8uOEOvTDqkKFsKksCi,204173,4
72,A Different Way (with Lauv),DJ Snake,968332,https://open.spotify.com/track/0Wv5wuenRLI3BcwgT3HPIP,0Wv5wuenRLI3BcwgT3HPIP,0.781,0.765,8,-4.092,1,0.0385,0.534,0,0.152,0.564,104.987,audio_features,0Wv5wuenRLI3BcwgT3HPIP,spotify:track:0Wv5wuenRLI3BcwgT3HPIP,https://api.spotify.com/v1/tracks/0Wv5wuenRLI3BcwgT3HPIP,https://api.spotify.com/v1/audio-analysis/0Wv5wuenRLI3BcwgT3HPIP,198286,4
73,Bad At Love,Halsey,966185,https://open.spotify.com/track/7y9iMe8SOB6z3NoHE2OfXl,7y9iMe8SOB6z3NoHE2OfXl,0.675,0.751,0,-3.539,1,0.0296,0.0604,0,0.0893,0.612,118.384,audio_features,7y9iMe8SOB6z3NoHE2OfXl,spotify:track:7y9iMe8SOB6z3NoHE2OfXl,https://api.spotify.com/v1/tracks/7y9iMe8SOB6z3NoHE2OfXl,https://api.spotify.com/v1/audio-analysis/7y9iMe8SOB6z3NoHE2OfXl,181279,4
74,Escápate Conmigo,Wisin,956116,https://open.spotify.com/track/2cnKEkpVUSV4wnjQiTWfH6,2cnKEkpVUSV4wnjQiTWfH6,0.747,0.864,8,-3.181,0,0.0599,0.0245,4.46e-05,0.0853,0.754,92.028,audio_features,2cnKEkpVUSV4wnjQiTWfH6,spotify:track:2cnKEkpVUSV4wnjQiTWfH6,https://api.spotify.com/v1/tracks/2cnKEkpVUSV4wnjQiTWfH6,https://api.spotify.com/v1/audio-analysis/2cnKEkpVUSV4wnjQiTWfH6,232787,4
75,Gorgeous,Taylor Swift,940069,https://open.spotify.com/track/5Gd19NupVe5X8bAqxf9Iaz,5Gd19NupVe5X8bAqxf9Iaz,0.791,0.529,7,-6.87,1,0.175,0.0652,1.25e-05,0.218,0.428,91.981,audio_features,5Gd19NupVe5X8bAqxf9Iaz,spotify:track:5Gd19NupVe5X8bAqxf9Iaz,https://api.spotify.com/v1/tracks/5Gd19NupVe5X8bAqxf9Iaz,https://api.spotify.com/v1/audio-analysis/5Gd19NupVe5X8bAqxf9Iaz,209680,4
76,My Choppa Hate Niggas,21 Savage,919005,https://open.spotify.com/track/2D2w9943rsnJOGCrI4aMQp,2D2w9943rsnJOGCrI4aMQp,0.862,0.274,0,-5.818,0,0.484,0.0974,0.185,0.183,0.146,77.493,audio_features,2D2w9943rsnJOGCrI4aMQp,spotify:track:2D2w9943rsnJOGCrI4aMQp,https://api.spotify.com/v1/tracks/2D2w9943rsnJOGCrI4aMQp,https://api.spotify.com/v1/audio-analysis/2D2w9943rsnJOGCrI4aMQp,148640,4
77,goosebumps,Travis Scott,918146,https://open.spotify.com/track/6gBFPUFcJLzWGx4lenP6h2,6gBFPUFcJLzWGx4lenP6h2,0.841,0.728,7,-3.37,1,0.0484,0.0847,0,0.149,0.43,130.049,audio_features,6gBFPUFcJLzWGx4lenP6h2,spotify:track:6gBFPUFcJLzWGx4lenP6h2,https://api.spotify.com/v1/tracks/6gBFPUFcJLzWGx4lenP6h2,https://api.spotify.com/v1/audio-analysis/6gBFPUFcJLzWGx4lenP6h2,243837,4
78,Mama,Jonas Blue,914019,https://open.spotify.com/track/0NiXXAI876aGImAd6rTj8w,0NiXXAI876aGImAd6rTj8w,0.739,0.792,11,-4.256,0,0.0418,0.091,0,0.0516,0.547,104.016,audio_features,0NiXXAI876aGImAd6rTj8w,spotify:track:0NiXXAI876aGImAd6rTj8w,https://api.spotify.com/v1/tracks/0NiXXAI876aGImAd6rTj8w,https://api.spotify.com/v1/audio-analysis/0NiXXAI876aGImAd6rTj8w,181615,4
79,Strip That Down,Liam Payne,912004,https://open.spotify.com/track/6EpRaXYhGOB3fj4V2uDkMJ,6EpRaXYhGOB3fj4V2uDkMJ,0.869,0.485,6,-5.595,1,0.0545,0.246,0,0.0765,0.527,106.028,audio_features,6EpRaXYhGOB3fj4V2uDkMJ,spotify:track:6EpRaXYhGOB3fj4V2uDkMJ,https://api.spotify.com/v1/tracks/6EpRaXYhGOB3fj4V2uDkMJ,https://api.spotify.com/v1/audio-analysis/6EpRaXYhGOB3fj4V2uDkMJ,204502,4
80,Back to You (feat. Bebe Rexha & Digital Farm Animals),Louis Tomlinson,901868,https://open.spotify.com/track/7F9vK8hNFMml4GtHsaXui6,7F9vK8hNFMml4GtHsaXui6,0.683,0.53,5,-4.918,0,0.142,0.207,0,0.394,0.645,75.016,audio_features,7F9vK8hNFMml4GtHsaXui6,spotify:track:7F9vK8hNFMml4GtHsaXui6,https://api.spotify.com/v1/tracks/7F9vK8hNFMml4GtHsaXui6,https://api.spotify.com/v1/audio-analysis/7F9vK8hNFMml4GtHsaXui6,190428,4
81,Robarte un Beso,Carlos Vives,889535,https://open.spotify.com/track/4z3GJkrtH97Bj6fRta983T,4z3GJkrtH97Bj6fRta983T,0.748,0.884,10,-3.556,1,0.0501,0.0902,0,0.361,0.678,95.046,audio_features,4z3GJkrtH97Bj6fRta983T,spotify:track:4z3GJkrtH97Bj6fRta983T,https://api.spotify.com/v1/tracks/4z3GJkrtH97Bj6fRta983T,https://api.spotify.com/v1/audio-analysis/4z3GJkrtH97Bj6fRta983T,193159,4
82,Suena El Dembow,Joey Montana,877445,https://open.spotify.com/track/5TysCiZtv1HnSWcTcUFusI,5TysCiZtv1HnSWcTcUFusI,0.688,0.859,0,-4.447,1,0.0609,0.186,0,0.121,0.695,92.042,audio_features,5TysCiZtv1HnSWcTcUFusI,spotify:track:5TysCiZtv1HnSWcTcUFusI,https://api.spotify.com/v1/tracks/5TysCiZtv1HnSWcTcUFusI,https://api.spotify.com/v1/audio-analysis/5TysCiZtv1HnSWcTcUFusI,195813,4
83,Slow Hands,Niall Horan,859041,https://open.spotify.com/track/38yBBH2jacvDxrznF7h08J,38yBBH2jacvDxrznF7h08J,0.734,0.418,0,-6.678,1,0.0425,0.0129,0,0.0579,0.868,85.909,audio_features,38yBBH2jacvDxrznF7h08J,spotify:track:38yBBH2jacvDxrznF7h08J,https://api.spotify.com/v1/tracks/38yBBH2jacvDxrznF7h08J,https://api.spotify.com/v1/audio-analysis/38yBBH2jacvDxrznF7h08J,188174,4
84,Location,Khalid,856001,https://open.spotify.com/track/152lZdxL1OR0ZMW6KquMif,152lZdxL1OR0ZMW6KquMif,0.736,0.449,1,-11.462,0,0.425,0.33,0.000162,0.0898,0.326,80.126,audio_features,152lZdxL1OR0ZMW6KquMif,spotify:track:152lZdxL1OR0ZMW6KquMif,https://api.spotify.com/v1/tracks/152lZdxL1OR0ZMW6KquMif,https://api.spotify.com/v1/audio-analysis/152lZdxL1OR0ZMW6KquMif,219080,4
85,Say You Won't Let Go,James Arthur,847473,https://open.spotify.com/track/5uCax9HTNlzGybIStD3vDh,5uCax9HTNlzGybIStD3vDh,0.358,0.557,10,-7.398,1,0.059,0.695,0,0.0902,0.494,85.043,audio_features,5uCax9HTNlzGybIStD3vDh,spotify:track:5uCax9HTNlzGybIStD3vDh,https://api.spotify.com/v1/tracks/5uCax9HTNlzGybIStD3vDh,https://api.spotify.com/v1/audio-analysis/5uCax9HTNlzGybIStD3vDh,211467,4
86,"I'm the One (feat. Justin Bieber, Quavo, Chance the Rapper & Lil Wayne)",DJ Khaled,844797,https://open.spotify.com/track/3DXncPQOG4VBw3QHh3S817,3DXncPQOG4VBw3QHh3S817,0.609,0.668,7,-4.284,1,0.0367,0.0552,0,0.167,0.811,80.924,audio_features,3DXncPQOG4VBw3QHh3S817,spotify:track:3DXncPQOG4VBw3QHh3S817,https://api.spotify.com/v1/tracks/3DXncPQOG4VBw3QHh3S817,https://api.spotify.com/v1/audio-analysis/3DXncPQOG4VBw3QHh3S817,288600,4
87,Nightmare,Offset,835079,https://open.spotify.com/track/7LAhKXDNWwq3CmnFP3UIOP,7LAhKXDNWwq3CmnFP3UIOP,0.739,0.405,0,-10.897,1,0.0852,0.442,0.211,0.158,0.127,157.09,audio_features,7LAhKXDNWwq3CmnFP3UIOP,spotify:track:7LAhKXDNWwq3CmnFP3UIOP,https://api.spotify.com/v1/tracks/7LAhKXDNWwq3CmnFP3UIOP,https://api.spotify.com/v1/audio-analysis/7LAhKXDNWwq3CmnFP3UIOP,147987,4
88,Disrespectful,21 Savage,828046,https://open.spotify.com/track/3oxCefEI6Tc6Z6t20J4IvH,3oxCefEI6Tc6Z6t20J4IvH,0.799,0.381,1,-7.147,1,0.464,0.354,3.12e-06,0.135,0.0488,158.021,audio_features,3oxCefEI6Tc6Z6t20J4IvH,spotify:track:3oxCefEI6Tc6Z6t20J4IvH,https://api.spotify.com/v1/tracks/3oxCefEI6Tc6Z6t20J4IvH,https://api.spotify.com/v1/audio-analysis/3oxCefEI6Tc6Z6t20J4IvH,160320,4
89,Vuelve,Daddy Yankee,822217,https://open.spotify.com/track/0lJCqIx5BhZtf6QtYI2fbv,0lJCqIx5BhZtf6QtYI2fbv,0.73,0.538,1,-5.612,1,0.0319,0.188,0,0.123,0.215,130.023,audio_features,0lJCqIx5BhZtf6QtYI2fbv,spotify:track:0lJCqIx5BhZtf6QtYI2fbv,https://api.spotify.com/v1/tracks/0lJCqIx5BhZtf6QtYI2fbv,https://api.spotify.com/v1/audio-analysis/0lJCqIx5BhZtf6QtYI2fbv,279613,4
90,Candy Paint,Post Malone,815843,https://open.spotify.com/track/42CeaId2XNlxugDvyqHfDf,42CeaId2XNlxugDvyqHfDf,0.765,0.688,4,-5.566,1,0.0841,0.633,0,0.0734,0.434,90.013,audio_features,42CeaId2XNlxugDvyqHfDf,spotify:track:42CeaId2XNlxugDvyqHfDf,https://api.spotify.com/v1/tracks/42CeaId2XNlxugDvyqHfDf,https://api.spotify.com/v1/audio-analysis/42CeaId2XNlxugDvyqHfDf,229573,4
91,Man's Not Hot,Big Shaq,811726,https://open.spotify.com/track/2nUJvBO87SkxCViQsLc9Zr,2nUJvBO87SkxCViQsLc9Zr,0.895,0.885,0,-4.182,1,0.268,0.11,4.04e-05,0.106,0.633,134.973,audio_features,2nUJvBO87SkxCViQsLc9Zr,spotify:track:2nUJvBO87SkxCViQsLc9Zr,https://api.spotify.com/v1/tracks/2nUJvBO87SkxCViQsLc9Zr,https://api.spotify.com/v1/audio-analysis/2nUJvBO87SkxCViQsLc9Zr,186027,4
92,Una Lady Como Tú,Manuel Turizo,810930,https://open.spotify.com/track/7MHN1aCFtLXjownGhvEQlF,7MHN1aCFtLXjownGhvEQlF,0.788,0.477,4,-7.348,1,0.0434,0.549,0,0.349,0.86,94.983,audio_features,7MHN1aCFtLXjownGhvEQlF,spotify:track:7MHN1aCFtLXjownGhvEQlF,https://api.spotify.com/v1/tracks/7MHN1aCFtLXjownGhvEQlF,https://api.spotify.com/v1/audio-analysis/7MHN1aCFtLXjownGhvEQlF,213027,4
93,Despacito (Featuring Daddy Yankee),Luis Fonsi,797587,https://open.spotify.com/track/4aWmUDTfIPGksMNLV2rQP2,4aWmUDTfIPGksMNLV2rQP2,0.66,0.786,2,-4.757,1,0.17,0.209,0,0.112,0.846,177.833,audio_features,4aWmUDTfIPGksMNLV2rQP2,spotify:track:4aWmUDTfIPGksMNLV2rQP2,https://api.spotify.com/v1/tracks/4aWmUDTfIPGksMNLV2rQP2,https://api.spotify.com/v1/audio-analysis/4aWmUDTfIPGksMNLV2rQP2,228200,4
94,No Limit,G-Eazy,791207,https://open.spotify.com/track/2Xqd0wUttjueBfdcltADOv,2Xqd0wUttjueBfdcltADOv,0.838,0.771,1,-3.791,1,0.244,0.0117,0,0.0853,0.405,175.957,audio_features,2Xqd0wUttjueBfdcltADOv,spotify:track:2Xqd0wUttjueBfdcltADOv,https://api.spotify.com/v1/tracks/2Xqd0wUttjueBfdcltADOv,https://api.spotify.com/v1/audio-analysis/2Xqd0wUttjueBfdcltADOv,245387,4
95,Mad Stalkers,21 Savage,789247,https://open.spotify.com/track/6HR1z11h0ROUlWP4Kx8Z7G,6HR1z11h0ROUlWP4Kx8Z7G,0.9,0.365,10,-6.395,0,0.235,0.147,0.185,0.179,0.136,135.003,audio_features,6HR1z11h0ROUlWP4Kx8Z7G,spotify:track:6HR1z11h0ROUlWP4Kx8Z7G,https://api.spotify.com/v1/tracks/6HR1z11h0ROUlWP4Kx8Z7G,https://api.spotify.com/v1/audio-analysis/6HR1z11h0ROUlWP4Kx8Z7G,202667,4
96,Kids in Love,Kygo,784496,https://open.spotify.com/track/2UxfcZJCphbEkfbZ6nLiDx,2UxfcZJCphbEkfbZ6nLiDx,0.497,0.67,0,-4.509,1,0.0348,0.435,1.25e-06,0.389,0.236,121.826,audio_features,2UxfcZJCphbEkfbZ6nLiDx,spotify:track:2UxfcZJCphbEkfbZ6nLiDx,https://api.spotify.com/v1/tracks/2UxfcZJCphbEkfbZ6nLiDx,https://api.spotify.com/v1/audio-analysis/2UxfcZJCphbEkfbZ6nLiDx,262458,4
97,Roll In Peace (feat. XXXTENTACION),Kodak Black,782369,https://open.spotify.com/track/40oKW22ZNNkEdZLJTScaQI,40oKW22ZNNkEdZLJTScaQI,0.747,0.524,10,-6.807,0,0.245,0.0306,0,0.2,0.363,140.053,audio_features,40oKW22ZNNkEdZLJTScaQI,spotify:track:40oKW22ZNNkEdZLJTScaQI,https://api.spotify.com/v1/tracks/40oKW22ZNNkEdZLJTScaQI,https://api.spotify.com/v1/audio-analysis/40oKW22ZNNkEdZLJTScaQI,213132,4
98,Anywhere,Rita Ora,775597,https://open.spotify.com/track/7EI6Iki24tBHAMxtb4xQN2,7EI6Iki24tBHAMxtb4xQN2,0.628,0.797,11,-3.953,0,0.0596,0.0364,0,0.104,0.321,106.93,audio_features,7EI6Iki24tBHAMxtb4xQN2,spotify:track:7EI6Iki24tBHAMxtb4xQN2,https://api.spotify.com/v1/tracks/7EI6Iki24tBHAMxtb4xQN2,https://api.spotify.com/v1/audio-analysis/7EI6Iki24tBHAMxtb4xQN2,215064,4
99,Symphony (feat. Zara Larsson),Clean Bandit,774194,https://open.spotify.com/track/1x5sYLZiu9r5E43kMlt9f8,1x5sYLZiu9r5E43kMlt9f8,0.707,0.629,0,-4.581,0,0.0563,0.259,1.6e-05,0.138,0.457,122.863,audio_features,1x5sYLZiu9r5E43kMlt9f8,spotify:track:1x5sYLZiu9r5E43kMlt9f8,https://api.spotify.com/v1/tracks/1x5sYLZiu9r5E43kMlt9f8,https://api.spotify.com/v1/audio-analysis/1x5sYLZiu9r5E43kMlt9f8,212459,4
100,If I'm Lucky,Jason Derulo,770941,https://open.spotify.com/track/6eUncuJutsFi9BGO1JaBHh,6eUncuJutsFi9BGO1JaBHh,0.897,0.634,4,-6.264,0,0.161,0.00413,0,0.0686,0.506,112.048,audio_features,6eUncuJutsFi9BGO1JaBHh,spotify:track:6eUncuJutsFi9BGO1JaBHh,https://api.spotify.com/v1/tracks/6eUncuJutsFi9BGO1JaBHh,https://api.spotify.com/v1/audio-analysis/6eUncuJutsFi9BGO1JaBHh,212014,4
101,Swalla (feat. Nicki Minaj & Ty Dolla $ign),Jason Derulo,763887,https://open.spotify.com/track/6kex4EBAj0WHXDKZMEJaaF,6kex4EBAj0WHXDKZMEJaaF,0.696,0.817,1,-3.862,1,0.109,0.075,0,0.187,0.782,98.064,audio_features,6kex4EBAj0WHXDKZMEJaaF,spotify:track:6kex4EBAj0WHXDKZMEJaaF,https://api.spotify.com/v1/tracks/6kex4EBAj0WHXDKZMEJaaF,https://api.spotify.com/v1/audio-analysis/6kex4EBAj0WHXDKZMEJaaF,216409,4
102,2U (feat. Justin Bieber),David Guetta,761765,https://open.spotify.com/track/3A7qX2QjDlPnazUsRk5y0M,3A7qX2QjDlPnazUsRk5y0M,0.548,0.65,8,-5.827,0,0.0591,0.219,0,0.225,0.557,144.937,audio_features,3A7qX2QjDlPnazUsRk5y0M,spotify:track:3A7qX2QjDlPnazUsRk5y0M,https://api.spotify.com/v1/tracks/3A7qX2QjDlPnazUsRk5y0M,https://api.spotify.com/v1/audio-analysis/3A7qX2QjDlPnazUsRk5y0M,194897,4
103,All Falls Down (feat. Juliander),Alan Walker,745842,https://open.spotify.com/track/5yFSF6qQA1rcLsQRnBsZgb,5yFSF6qQA1rcLsQRnBsZgb,0.658,0.678,1,-4.407,1,0.058,0.303,0,0.361,0.662,97.976,audio_features,5yFSF6qQA1rcLsQRnBsZgb,spotify:track:5yFSF6qQA1rcLsQRnBsZgb,https://api.spotify.com/v1/tracks/5yFSF6qQA1rcLsQRnBsZgb,https://api.spotify.com/v1/audio-analysis/5yFSF6qQA1rcLsQRnBsZgb,199111,4
104,Ahora Dice,Chris Jeday,736614,https://open.spotify.com/track/22eADXu8DfOAUEDw4vU8qy,22eADXu8DfOAUEDw4vU8qy,0.708,0.693,6,-5.516,1,0.138,0.246,0,0.129,0.427,143.965,audio_features,22eADXu8DfOAUEDw4vU8qy,spotify:track:22eADXu8DfOAUEDw4vU8qy,https://api.spotify.com/v1/tracks/22eADXu8DfOAUEDw4vU8qy,https://api.spotify.com/v1/audio-analysis/22eADXu8DfOAUEDw4vU8qy,271080,4
105,Fuck Love (feat. Trippie Redd),XXXTENTACION,734079,https://open.spotify.com/track/7AQim7LbvFVZJE3O8TYgf2,7AQim7LbvFVZJE3O8TYgf2,0.797,0.533,0,-9.74,0,0.0412,0.0172,0.000152,0.103,0.329,131.036,audio_features,7AQim7LbvFVZJE3O8TYgf2,spotify:track:7AQim7LbvFVZJE3O8TYgf2,https://api.spotify.com/v1/tracks/7AQim7LbvFVZJE3O8TYgf2,https://api.spotify.com/v1/audio-analysis/7AQim7LbvFVZJE3O8TYgf2,146520,4
106,Mask Off,Future,730087,https://open.spotify.com/track/3rOSwuTsUlJp0Pu0MkN8r8,3rOSwuTsUlJp0Pu0MkN8r8,0.833,0.434,2,-8.795,1,0.431,0.0102,0.0219,0.165,0.281,150.062,audio_features,3rOSwuTsUlJp0Pu0MkN8r8,spotify:track:3rOSwuTsUlJp0Pu0MkN8r8,https://api.spotify.com/v1/tracks/3rOSwuTsUlJp0Pu0MkN8r8,https://api.spotify.com/v1/audio-analysis/3rOSwuTsUlJp0Pu0MkN8r8,204600,4
107,...Ready For It?,Taylor Swift,726750,https://open.spotify.com/track/19WjVVgXjdKXfLXoaDPwTM,19WjVVgXjdKXfLXoaDPwTM,0.616,0.77,2,-6.5,1,0.142,0.0573,0,0.159,0.412,160.049,audio_features,19WjVVgXjdKXfLXoaDPwTM,spotify:track:19WjVVgXjdKXfLXoaDPwTM,https://api.spotify.com/v1/tracks/19WjVVgXjdKXfLXoaDPwTM,https://api.spotify.com/v1/audio-analysis/19WjVVgXjdKXfLXoaDPwTM,208198,4
108,Your Song,Rita Ora,723742,https://open.spotify.com/track/4c2W3VKsOFoIg2SFaO6DY5,4c2W3VKsOFoIg2SFaO6DY5,0.855,0.624,1,-4.093,1,0.0488,0.158,0,0.0513,0.962,117.959,audio_features,4c2W3VKsOFoIg2SFaO6DY5,spotify:track:4c2W3VKsOFoIg2SFaO6DY5,https://api.spotify.com/v1/tracks/4c2W3VKsOFoIg2SFaO6DY5,https://api.spotify.com/v1/audio-analysis/4c2W3VKsOFoIg2SFaO6DY5,180757,4
109,Feels Great (feat. Fetty Wap & CVBZ),Cheat Codes,723074,https://open.spotify.com/track/5uu28fUesZMl89lf9CLrgN,5uu28fUesZMl89lf9CLrgN,0.522,0.833,0,-3.715,1,0.0575,0.0454,0,0.127,0.296,180.009,audio_features,5uu28fUesZMl89lf9CLrgN,spotify:track:5uu28fUesZMl89lf9CLrgN,https://api.spotify.com/v1/tracks/5uu28fUesZMl89lf9CLrgN,https://api.spotify.com/v1/audio-analysis/5uu28fUesZMl89lf9CLrgN,193569,4
110,Slippery (feat. Gucci Mane),Migos,719344,https://open.spotify.com/track/6p8NuHm8uCGnn2Dtbtf7zE,6p8NuHm8uCGnn2Dtbtf7zE,0.92,0.674,1,-5.662,0,0.264,0.307,0,0.104,0.741,141.967,audio_features,6p8NuHm8uCGnn2Dtbtf7zE,spotify:track:6p8NuHm8uCGnn2Dtbtf7zE,https://api.spotify.com/v1/tracks/6p8NuHm8uCGnn2Dtbtf7zE,https://api.spotify.com/v1/audio-analysis/6p8NuHm8uCGnn2Dtbtf7zE,304041,4
111,Tú Foto,Ozuna,706418,https://open.spotify.com/track/5zSOVwaY3sVjnmLhuEfsuf,5zSOVwaY3sVjnmLhuEfsuf,0.748,0.565,7,-5.895,1,0.0476,0.164,0.00169,0.103,0.812,175.92,audio_features,5zSOVwaY3sVjnmLhuEfsuf,spotify:track:5zSOVwaY3sVjnmLhuEfsuf,https://api.spotify.com/v1/tracks/5zSOVwaY3sVjnmLhuEfsuf,https://api.spotify.com/v1/audio-analysis/5zSOVwaY3sVjnmLhuEfsuf,193227,4
112,It Ain't Me (with Selena Gomez),Kygo,697486,https://open.spotify.com/track/3eR23VReFzcdmS7TYCrhCe,3eR23VReFzcdmS7TYCrhCe,0.64,0.533,0,-6.596,1,0.0706,0.119,0,0.0864,0.515,99.968,audio_features,3eR23VReFzcdmS7TYCrhCe,spotify:track:3eR23VReFzcdmS7TYCrhCe,https://api.spotify.com/v1/tracks/3eR23VReFzcdmS7TYCrhCe,https://api.spotify.com/v1/audio-analysis/3eR23VReFzcdmS7TYCrhCe,220781,4
113,That's What I Like,Bruno Mars,695100,https://open.spotify.com/track/0KKkJNfGyhkQ5aFogxQAPU,0KKkJNfGyhkQ5aFogxQAPU,0.853,0.56,1,-4.961,1,0.0406,0.013,0,0.0944,0.86,134.066,audio_features,0KKkJNfGyhkQ5aFogxQAPU,spotify:track:0KKkJNfGyhkQ5aFogxQAPU,https://api.spotify.com/v1/tracks/0KKkJNfGyhkQ5aFogxQAPU,https://api.spotify.com/v1/audio-analysis/0KKkJNfGyhkQ5aFogxQAPU,206693,4
114,White Iverson,Post Malone,692230,https://open.spotify.com/track/6eT7xZZlB2mwyzJ2sUKG6w,6eT7xZZlB2mwyzJ2sUKG6w,0.675,0.562,7,-7.678,1,0.0352,0.233,0,0.0816,0.309,130.098,audio_features,6eT7xZZlB2mwyzJ2sUKG6w,spotify:track:6eT7xZZlB2mwyzJ2sUKG6w,https://api.spotify.com/v1/tracks/6eT7xZZlB2mwyzJ2sUKG6w,https://api.spotify.com/v1/audio-analysis/6eT7xZZlB2mwyzJ2sUKG6w,256533,4
115,Thriller,Michael Jackson,683251,https://open.spotify.com/track/3S2R0EVwBSAVMd5UMgKTL0,3S2R0EVwBSAVMd5UMgKTL0,0.773,0.859,11,-4.913,1,0.0747,0.0855,0.00018,0.914,0.813,118.458,audio_features,3S2R0EVwBSAVMd5UMgKTL0,spotify:track:3S2R0EVwBSAVMd5UMgKTL0,https://api.spotify.com/v1/tracks/3S2R0EVwBSAVMd5UMgKTL0,https://api.spotify.com/v1/audio-analysis/3S2R0EVwBSAVMd5UMgKTL0,357267,4
116,No Promises (feat. Demi Lovato),Cheat Codes,682832,https://open.spotify.com/track/1louJpMmzEicAn7lzDalPW,1louJpMmzEicAn7lzDalPW,0.741,0.667,10,-5.445,1,0.134,0.0575,0,0.106,0.595,112.956,audio_features,1louJpMmzEicAn7lzDalPW,spotify:track:1louJpMmzEicAn7lzDalPW,https://api.spotify.com/v1/tracks/1louJpMmzEicAn7lzDalPW,https://api.spotify.com/v1/audio-analysis/1louJpMmzEicAn7lzDalPW,223504,4
117,Closer,The Chainsmokers,680958,https://open.spotify.com/track/7BKLCZ1jbUBVqRi2FVlTVw,7BKLCZ1jbUBVqRi2FVlTVw,0.748,0.524,8,-5.599,1,0.0338,0.414,0,0.111,0.661,95.01,audio_features,7BKLCZ1jbUBVqRi2FVlTVw,spotify:track:7BKLCZ1jbUBVqRi2FVlTVw,https://api.spotify.com/v1/tracks/7BKLCZ1jbUBVqRi2FVlTVw,https://api.spotify.com/v1/audio-analysis/7BKLCZ1jbUBVqRi2FVlTVw,244960,4
118,Explícale (feat. Bad Bunny),Yandel,678692,https://open.spotify.com/track/1LszjjoVwDDZcWUQbzeDLG,1LszjjoVwDDZcWUQbzeDLG,0.808,0.69,1,-4.151,1,0.148,0.0583,0,0.103,0.64,125.086,audio_features,1LszjjoVwDDZcWUQbzeDLG,spotify:track:1LszjjoVwDDZcWUQbzeDLG,https://api.spotify.com/v1/tracks/1LszjjoVwDDZcWUQbzeDLG,https://api.spotify.com/v1/audio-analysis/1LszjjoVwDDZcWUQbzeDLG,223147,4
119,Galway Girl,Ed Sheeran,677716,https://open.spotify.com/track/0afhq8XCExXpqazXczTSve,0afhq8XCExXpqazXczTSve,0.624,0.876,9,-3.374,1,0.1,0.0735,0,0.327,0.781,99.943,audio_features,0afhq8XCExXpqazXczTSve,spotify:track:0afhq8XCExXpqazXczTSve,https://api.spotify.com/v1/tracks/0afhq8XCExXpqazXczTSve,https://api.spotify.com/v1/audio-analysis/0afhq8XCExXpqazXczTSve,170827,4
120,Was du Liebe nennst,Bausa,669433,https://open.spotify.com/track/4hKWUzhQWsOkgT6LnDEASe,4hKWUzhQWsOkgT6LnDEASe,0.874,0.487,2,-8.154,1,0.0641,0.393,2.96e-05,0.0524,0.746,144.956,audio_features,4hKWUzhQWsOkgT6LnDEASe,spotify:track:4hKWUzhQWsOkgT6LnDEASe,https://api.spotify.com/v1/tracks/4hKWUzhQWsOkgT6LnDEASe,https://api.spotify.com/v1/audio-analysis/4hKWUzhQWsOkgT6LnDEASe,203630,4
121,Run Up the Racks,21 Savage,666129,https://open.spotify.com/track/7vbjH8laThXpcBXeLNPm3M,7vbjH8laThXpcBXeLNPm3M,0.825,0.364,2,-7.635,0,0.121,0.141,0.311,0.195,0.177,153.028,audio_features,7vbjH8laThXpcBXeLNPm3M,spotify:track:7vbjH8laThXpcBXeLNPm3M,https://api.spotify.com/v1/tracks/7vbjH8laThXpcBXeLNPm3M,https://api.spotify.com/v1/audio-analysis/7vbjH8laThXpcBXeLNPm3M,189800,4
122,Pretty Girl - Cheat Codes X CADE Remix,Maggie Lindemann,659141,https://open.spotify.com/track/1NDxZ7cFAo481dtYWdrUnR,1NDxZ7cFAo481dtYWdrUnR,0.703,0.868,7,-4.661,0,0.0291,0.15,0.132,0.104,0.733,121.03,audio_features,1NDxZ7cFAo481dtYWdrUnR,spotify:track:1NDxZ7cFAo481dtYWdrUnR,https://api.spotify.com/v1/tracks/1NDxZ7cFAo481dtYWdrUnR,https://api.spotify.com/v1/audio-analysis/1NDxZ7cFAo481dtYWdrUnR,193613,4
123,There for You,Martin Garrix,658679,https://open.spotify.com/track/6jA8HL9i4QGzsj6fjoxp8Y,6jA8HL9i4QGzsj6fjoxp8Y,0.611,0.644,6,-7.607,0,0.0553,0.124,0,0.124,0.13,105.969,audio_features,6jA8HL9i4QGzsj6fjoxp8Y,spotify:track:6jA8HL9i4QGzsj6fjoxp8Y,https://api.spotify.com/v1/tracks/6jA8HL9i4QGzsj6fjoxp8Y,https://api.spotify.com/v1/audio-analysis/6jA8HL9i4QGzsj6fjoxp8Y,221904,4
124,3 A.M.,Jesse & Joy,658603,https://open.spotify.com/track/0yyZN5ASdrYu0XYWFzfxUu,0yyZN5ASdrYu0XYWFzfxUu,0.702,0.84,0,-3.547,1,0.0879,0.0112,0,0.119,0.624,101.99,audio_features,0yyZN5ASdrYu0XYWFzfxUu,spotify:track:0yyZN5ASdrYu0XYWFzfxUu,https://api.spotify.com/v1/tracks/0yyZN5ASdrYu0XYWFzfxUu,https://api.spotify.com/v1/audio-analysis/0yyZN5ASdrYu0XYWFzfxUu,183573,4
125,Rake It Up (feat. Nicki Minaj),Yo Gotti,647231,https://open.spotify.com/track/4knL4iPxPOZjQzTUlELGSY,4knL4iPxPOZjQzTUlELGSY,0.91,0.444,1,-8.126,0,0.344,0.022,0,0.137,0.53,149.953,audio_features,4knL4iPxPOZjQzTUlELGSY,spotify:track:4knL4iPxPOZjQzTUlELGSY,https://api.spotify.com/v1/tracks/4knL4iPxPOZjQzTUlELGSY,https://api.spotify.com/v1/audio-analysis/4knL4iPxPOZjQzTUlELGSY,276333,4
126,New,Daya,646805,https://open.spotify.com/track/4tERsdVCLtLtrGdFBf9DGC,4tERsdVCLtLtrGdFBf9DGC,0.715,0.742,0,-4.331,1,0.0347,0.052,2.47e-05,0.364,0.322,106.971,audio_features,4tERsdVCLtLtrGdFBf9DGC,spotify:track:4tERsdVCLtLtrGdFBf9DGC,https://api.spotify.com/v1/tracks/4tERsdVCLtLtrGdFBf9DGC,https://api.spotify.com/v1/audio-analysis/4tERsdVCLtLtrGdFBf9DGC,230880,4
127,"I Don’t Wanna Live Forever (Fifty Shades Darker) - From ""Fifty Shades Darker (Original Motion Picture Soundtrack)""",ZAYN,643157,https://open.spotify.com/track/3NdDpSvN911VPGivFlV5d0,3NdDpSvN911VPGivFlV5d0,0.735,0.451,0,-8.374,1,0.0585,0.0631,1.3e-05,0.325,0.0862,117.973,audio_features,3NdDpSvN911VPGivFlV5d0,spotify:track:3NdDpSvN911VPGivFlV5d0,https://api.spotify.com/v1/tracks/3NdDpSvN911VPGivFlV5d0,https://api.spotify.com/v1/audio-analysis/3NdDpSvN911VPGivFlV5d0,245200,4
128,Stay (with Alessia Cara),Zedd,640169,https://open.spotify.com/track/0dA2Mk56wEzDgegdC6R17g,0dA2Mk56wEzDgegdC6R17g,0.679,0.634,5,-5.024,0,0.0654,0.232,0,0.115,0.498,102.013,audio_features,0dA2Mk56wEzDgegdC6R17g,spotify:track:0dA2Mk56wEzDgegdC6R17g,https://api.spotify.com/v1/tracks/0dA2Mk56wEzDgegdC6R17g,https://api.spotify.com/v1/audio-analysis/0dA2Mk56wEzDgegdC6R17g,210091,4
129,Pray,Sam Smith,637231,https://open.spotify.com/track/0D8ZpOXVjapLXrjz5VfZSD,0D8ZpOXVjapLXrjz5VfZSD,0.381,0.379,4,-9.36,0,0.0501,0.292,2.79e-06,0.0864,0.153,175.067,audio_features,0D8ZpOXVjapLXrjz5VfZSD,spotify:track:0D8ZpOXVjapLXrjz5VfZSD,https://api.spotify.com/v1/tracks/0D8ZpOXVjapLXrjz5VfZSD,https://api.spotify.com/v1/audio-analysis/0D8ZpOXVjapLXrjz5VfZSD,221596,3
130,Hey DJ,CNCO,632628,https://open.spotify.com/track/209gZgcfLq2aUuu51vOWBl,209gZgcfLq2aUuu51vOWBl,0.792,0.819,5,-5.418,1,0.0867,0.0309,0,0.389,0.433,89.98,audio_features,209gZgcfLq2aUuu51vOWBl,spotify:track:209gZgcfLq2aUuu51vOWBl,https://api.spotify.com/v1/tracks/209gZgcfLq2aUuu51vOWBl,https://api.spotify.com/v1/audio-analysis/209gZgcfLq2aUuu51vOWBl,205520,4
131,El Farsante,Ozuna,629364,https://open.spotify.com/track/5EId1m4DNwTf3at31w8bPJ,5EId1m4DNwTf3at31w8bPJ,0.735,0.703,6,-4.249,1,0.0611,0.2,0,0.259,0.323,120.007,audio_features,5EId1m4DNwTf3at31w8bPJ,spotify:track:5EId1m4DNwTf3at31w8bPJ,https://api.spotify.com/v1/tracks/5EId1m4DNwTf3at31w8bPJ,https://api.spotify.com/v1/audio-analysis/5EId1m4DNwTf3at31w8bPJ,233827,4
132,One Dance,Drake,625788,https://open.spotify.com/track/1xznGGDReH1oQq0xzbwXa3,1xznGGDReH1oQq0xzbwXa3,0.791,0.619,1,-5.886,1,0.0532,0.00784,0.00423,0.351,0.371,103.989,audio_features,1xznGGDReH1oQq0xzbwXa3,spotify:track:1xznGGDReH1oQq0xzbwXa3,https://api.spotify.com/v1/tracks/1xznGGDReH1oQq0xzbwXa3,https://api.spotify.com/v1/audio-analysis/1xznGGDReH1oQq0xzbwXa3,173987,4
133,Drowning (feat. Kodak Black),A Boogie Wit da Hoodie,624206,https://open.spotify.com/track/1f5cbQtDrykjarZVrShaDI,1f5cbQtDrykjarZVrShaDI,0.839,0.81,5,-5.274,0,0.0568,0.501,0,0.117,0.814,129.014,audio_features,1f5cbQtDrykjarZVrShaDI,spotify:track:1f5cbQtDrykjarZVrShaDI,https://api.spotify.com/v1/tracks/1f5cbQtDrykjarZVrShaDI,https://api.spotify.com/v1/audio-analysis/1f5cbQtDrykjarZVrShaDI,209269,4
134,Bella y Sensual,Romeo Santos,619660,https://open.spotify.com/track/0ERbK7qVqveCaBWIiYCrl3,0ERbK7qVqveCaBWIiYCrl3,0.635,0.713,11,-6.909,1,0.0937,0.228,0,0.0506,0.749,179.864,audio_features,0ERbK7qVqveCaBWIiYCrl3,spotify:track:0ERbK7qVqveCaBWIiYCrl3,https://api.spotify.com/v1/tracks/0ERbK7qVqveCaBWIiYCrl3,https://api.spotify.com/v1/audio-analysis/0ERbK7qVqveCaBWIiYCrl3,204701,4
135,Photograph,Ed Sheeran,618330,https://open.spotify.com/track/6fxVffaTuwjgEk5h9QyRjy,6fxVffaTuwjgEk5h9QyRjy,0.614,0.379,4,-10.48,1,0.0476,0.607,0.000464,0.0986,0.201,107.989,audio_features,6fxVffaTuwjgEk5h9QyRjy,spotify:track:6fxVffaTuwjgEk5h9QyRjy,https://api.spotify.com/v1/tracks/6fxVffaTuwjgEk5h9QyRjy,https://api.spotify.com/v1/audio-analysis/6fxVffaTuwjgEk5h9QyRjy,258987,4
136,Redbone,Childish Gambino,612449,https://open.spotify.com/track/3kxfsdsCpFgN412fpnW85Y,3kxfsdsCpFgN412fpnW85Y,0.745,0.356,1,-10.425,1,0.0941,0.172,0.00943,0.123,0.607,160.033,audio_features,3kxfsdsCpFgN412fpnW85Y,spotify:track:3kxfsdsCpFgN412fpnW85Y,https://api.spotify.com/v1/tracks/3kxfsdsCpFgN412fpnW85Y,https://api.spotify.com/v1/audio-analysis/3kxfsdsCpFgN412fpnW85Y,326933,4
137,Thinking out Loud,Ed Sheeran,603047,https://open.spotify.com/track/1Slwb6dOYkBlWal1PGtnNg,1Slwb6dOYkBlWal1PGtnNg,0.781,0.445,2,-6.061,1,0.0295,0.474,0,0.184,0.591,78.998,audio_features,1Slwb6dOYkBlWal1PGtnNg,spotify:track:1Slwb6dOYkBlWal1PGtnNg,https://api.spotify.com/v1/tracks/1Slwb6dOYkBlWal1PGtnNg,https://api.spotify.com/v1/audio-analysis/1Slwb6dOYkBlWal1PGtnNg,281560,4
138,Starboy,The Weeknd,598791,https://open.spotify.com/track/5aAx2yezTd8zXrkmtKl66Z,5aAx2yezTd8zXrkmtKl66Z,0.681,0.594,7,-7.028,1,0.282,0.165,3.49e-06,0.134,0.535,186.054,audio_features,5aAx2yezTd8zXrkmtKl66Z,spotify:track:5aAx2yezTd8zXrkmtKl66Z,https://api.spotify.com/v1/tracks/5aAx2yezTd8zXrkmtKl66Z,https://api.spotify.com/v1/audio-analysis/5aAx2yezTd8zXrkmtKl66Z,230453,4
139,Still Serving,21 Savage,587582,https://open.spotify.com/track/6m6Oy3F6GG0zRwH03rWmTv,6m6Oy3F6GG0zRwH03rWmTv,0.926,0.544,5,-6.827,1,0.0727,0.413,9.54e-05,0.112,0.656,115.951,audio_features,6m6Oy3F6GG0zRwH03rWmTv,spotify:track:6m6Oy3F6GG0zRwH03rWmTv,https://api.spotify.com/v1/tracks/6m6Oy3F6GG0zRwH03rWmTv,https://api.spotify.com/v1/audio-analysis/6m6Oy3F6GG0zRwH03rWmTv,231787,4
140,Help Me Out,Maroon 5,582418,https://open.spotify.com/track/6V1XbtfGGmfEkyBtTlapw1,6V1XbtfGGmfEkyBtTlapw1,0.935,0.577,11,-4.759,1,0.0618,0.461,6.55e-06,0.0992,0.508,115.082,audio_features,6V1XbtfGGmfEkyBtTlapw1,spotify:track:6V1XbtfGGmfEkyBtTlapw1,https://api.spotify.com/v1/tracks/6V1XbtfGGmfEkyBtTlapw1,https://api.spotify.com/v1/audio-analysis/6V1XbtfGGmfEkyBtTlapw1,193600,4
141,DNA.,Kendrick Lamar,580061,https://open.spotify.com/track/6HZILIRieu8S0iqY8kIKhj,6HZILIRieu8S0iqY8kIKhj,0.638,0.523,1,-6.664,1,0.357,0.00454,0,0.0842,0.422,139.913,audio_features,6HZILIRieu8S0iqY8kIKhj,spotify:track:6HZILIRieu8S0iqY8kIKhj,https://api.spotify.com/v1/tracks/6HZILIRieu8S0iqY8kIKhj,https://api.spotify.com/v1/audio-analysis/6HZILIRieu8S0iqY8kIKhj,185947,4
142,Everybody Dies In Their Nightmares,XXXTENTACION,578461,https://open.spotify.com/track/3GVkPk8mqxz0itaAriG1L7,3GVkPk8mqxz0itaAriG1L7,0.734,0.57,7,-7.066,0,0.133,0.847,2.14e-05,0.112,0.689,129.953,audio_features,3GVkPk8mqxz0itaAriG1L7,spotify:track:3GVkPk8mqxz0itaAriG1L7,https://api.spotify.com/v1/tracks/3GVkPk8mqxz0itaAriG1L7,https://api.spotify.com/v1/audio-analysis/3GVkPk8mqxz0itaAriG1L7,95467,4
143,Issues,Julia Michaels,575751,https://open.spotify.com/track/6D0b04NJIKfEMg040WioJQ,6D0b04NJIKfEMg040WioJQ,0.706,0.427,8,-6.864,1,0.0879,0.413,0,0.0609,0.42,113.804,audio_features,6D0b04NJIKfEMg040WioJQ,spotify:track:6D0b04NJIKfEMg040WioJQ,https://api.spotify.com/v1/tracks/6D0b04NJIKfEMg040WioJQ,https://api.spotify.com/v1/audio-analysis/6D0b04NJIKfEMg040WioJQ,176320,4
144,Darth Vader,21 Savage,575192,https://open.spotify.com/track/7vg47qMIEdLfNdTE3WLf0T,7vg47qMIEdLfNdTE3WLf0T,0.724,0.284,7,-10.494,1,0.392,0.557,0.0175,0.121,0.144,150.98,audio_features,7vg47qMIEdLfNdTE3WLf0T,spotify:track:7vg47qMIEdLfNdTE3WLf0T,https://api.spotify.com/v1/tracks/7vg47qMIEdLfNdTE3WLf0T,https://api.spotify.com/v1/audio-analysis/7vg47qMIEdLfNdTE3WLf0T,228893,4
145,Loco Enamorado,Abraham Mateo,564855,https://open.spotify.com/track/4N1c5rmWOzRmB9SMacr5wB,4N1c5rmWOzRmB9SMacr5wB,0.69,0.872,11,-2.984,0,0.0588,0.226,0,0.0858,0.731,94.0,audio_features,4N1c5rmWOzRmB9SMacr5wB,spotify:track:4N1c5rmWOzRmB9SMacr5wB,https://api.spotify.com/v1/tracks/4N1c5rmWOzRmB9SMacr5wB,https://api.spotify.com/v1/audio-analysis/4N1c5rmWOzRmB9SMacr5wB,252200,4
146,Como Antes (feat. Wisin),Yandel,563161,https://open.spotify.com/track/5YzA563GXTuwQaRq24z1k5,5YzA563GXTuwQaRq24z1k5,0.813,0.876,1,-4.278,0,0.172,0.182,0,0.394,0.746,94.987,audio_features,5YzA563GXTuwQaRq24z1k5,spotify:track:5YzA563GXTuwQaRq24z1k5,https://api.spotify.com/v1/tracks/5YzA563GXTuwQaRq24z1k5,https://api.spotify.com/v1/audio-analysis/5YzA563GXTuwQaRq24z1k5,210773,4
147,Fetish (feat. Gucci Mane),Selena Gomez,559463,https://open.spotify.com/track/0XLOf9LhyazPX9Ld8jPiUq,0XLOf9LhyazPX9Ld8jPiUq,0.708,0.61,2,-4.522,1,0.0574,0.0204,4.45e-06,0.0641,0.305,123.038,audio_features,0XLOf9LhyazPX9Ld8jPiUq,spotify:track:0XLOf9LhyazPX9Ld8jPiUq,https://api.spotify.com/v1/tracks/0XLOf9LhyazPX9Ld8jPiUq,https://api.spotify.com/v1/audio-analysis/0XLOf9LhyazPX9Ld8jPiUq,186113,4
148,Scared to Be Lonely,Martin Garrix,555740,https://open.spotify.com/track/3ebXMykcMXOcLeJ9xZ17XH,3ebXMykcMXOcLeJ9xZ17XH,0.584,0.54,1,-7.786,0,0.0576,0.0895,0,0.261,0.195,137.972,audio_features,3ebXMykcMXOcLeJ9xZ17XH,spotify:track:3ebXMykcMXOcLeJ9xZ17XH,https://api.spotify.com/v1/tracks/3ebXMykcMXOcLeJ9xZ17XH,https://api.spotify.com/v1/audio-analysis/3ebXMykcMXOcLeJ9xZ17XH,220883,4
149,"Pills & Automobiles (feat. Yo Gotti, A Boogie Wit Da Hoodie & Kodak Black)",Chris Brown,554128,https://open.spotify.com/track/5gx2E5aIXMRBellPZW1up5,5gx2E5aIXMRBellPZW1up5,0.82,0.696,7,-4.918,0,0.182,0.119,0,0.232,0.617,144.981,audio_features,5gx2E5aIXMRBellPZW1up5,spotify:track:5gx2E5aIXMRBellPZW1up5,https://api.spotify.com/v1/tracks/5gx2E5aIXMRBellPZW1up5,https://api.spotify.com/v1/audio-analysis/5gx2E5aIXMRBellPZW1up5,293435,4
150,Look At Me!,XXXTENTACION,548674,https://open.spotify.com/track/7floNISpH8VF4z4459Qo18,7floNISpH8VF4z4459Qo18,0.763,0.726,1,-6.405,1,0.282,0.259,0,0.0976,0.349,139.059,audio_features,7floNISpH8VF4z4459Qo18,spotify:track:7floNISpH8VF4z4459Qo18,https://api.spotify.com/v1/tracks/7floNISpH8VF4z4459Qo18,https://api.spotify.com/v1/audio-analysis/7floNISpH8VF4z4459Qo18,126346,4
151,The Race,Tay-K,546841,https://open.spotify.com/track/5RCfvwDewu6p2x1mEI6smX,5RCfvwDewu6p2x1mEI6smX,0.788,0.533,9,-7.594,1,0.352,0.0168,0,0.204,0.468,80.04,audio_features,5RCfvwDewu6p2x1mEI6smX,spotify:track:5RCfvwDewu6p2x1mEI6smX,https://api.spotify.com/v1/tracks/5RCfvwDewu6p2x1mEI6smX,https://api.spotify.com/v1/audio-analysis/5RCfvwDewu6p2x1mEI6smX,140945,4
152,Passionfruit,Drake,546763,https://open.spotify.com/track/7hDc8b7IXETo14hHIHdnhd,7hDc8b7IXETo14hHIHdnhd,0.809,0.463,11,-11.377,1,0.0396,0.256,0.085,0.109,0.364,111.98,audio_features,7hDc8b7IXETo14hHIHdnhd,spotify:track:7hDc8b7IXETo14hHIHdnhd,https://api.spotify.com/v1/tracks/7hDc8b7IXETo14hHIHdnhd,https://api.spotify.com/v1/audio-analysis/7hDc8b7IXETo14hHIHdnhd,298941,4
153,Krippy Kush,Farruko,542782,https://open.spotify.com/track/7FfpP3YZ6fOWMdxkIAtud9,7FfpP3YZ6fOWMdxkIAtud9,0.708,0.56,9,-7.132,1,0.129,0.0668,0,0.111,0.411,163.043,audio_features,7FfpP3YZ6fOWMdxkIAtud9,spotify:track:7FfpP3YZ6fOWMdxkIAtud9,https://api.spotify.com/v1/tracks/7FfpP3YZ6fOWMdxkIAtud9,https://api.spotify.com/v1/audio-analysis/7FfpP3YZ6fOWMdxkIAtud9,230520,4
154,Transportin',Kodak Black,539688,https://open.spotify.com/track/1WIZiOuNO3woKfdlSK2gNn,1WIZiOuNO3woKfdlSK2gNn,0.804,0.66,10,-4.86,0,0.0726,0.0319,0,0.103,0.257,94.053,audio_features,1WIZiOuNO3woKfdlSK2gNn,spotify:track:1WIZiOuNO3woKfdlSK2gNn,https://api.spotify.com/v1/tracks/1WIZiOuNO3woKfdlSK2gNn,https://api.spotify.com/v1/audio-analysis/1WIZiOuNO3woKfdlSK2gNn,169345,4
155,do re mi (feat. Gucci Mane),blackbear,539573,https://open.spotify.com/track/53mrVsi49rLHIaKBiSvElG,53mrVsi49rLHIaKBiSvElG,0.746,0.647,8,-6.388,1,0.052,0.007,0,0.156,0.196,112.015,audio_features,53mrVsi49rLHIaKBiSvElG,spotify:track:53mrVsi49rLHIaKBiSvElG,https://api.spotify.com/v1/tracks/53mrVsi49rLHIaKBiSvElG,https://api.spotify.com/v1/audio-analysis/53mrVsi49rLHIaKBiSvElG,233705,3
156,Whatever It Takes,Imagine Dragons,538299,https://open.spotify.com/track/4IWAyPf1KMq7JCyGeCjTeH,4IWAyPf1KMq7JCyGeCjTeH,0.675,0.649,1,-4.953,1,0.0315,0.0429,0,0.128,0.537,134.955,audio_features,4IWAyPf1KMq7JCyGeCjTeH,spotify:track:4IWAyPf1KMq7JCyGeCjTeH,https://api.spotify.com/v1/tracks/4IWAyPf1KMq7JCyGeCjTeH,https://api.spotify.com/v1/audio-analysis/4IWAyPf1KMq7JCyGeCjTeH,201240,4
157,I Feel It Coming,The Weeknd,535518,https://open.spotify.com/track/5GXAXm5YOmYT0kL5jHvYBt,5GXAXm5YOmYT0kL5jHvYBt,0.773,0.819,0,-5.946,0,0.118,0.426,0,0.0679,0.585,92.99,audio_features,5GXAXm5YOmYT0kL5jHvYBt,spotify:track:5GXAXm5YOmYT0kL5jHvYBt,https://api.spotify.com/v1/tracks/5GXAXm5YOmYT0kL5jHvYBt,https://api.spotify.com/v1/audio-analysis/5GXAXm5YOmYT0kL5jHvYBt,269187,4
158,OK,Robin Schulz,533624,https://open.spotify.com/track/3bWAqKDWg6u1davspr5IkS,3bWAqKDWg6u1davspr5IkS,0.653,0.81,7,-6.032,0,0.0558,0.118,0,0.126,0.583,121.951,audio_features,3bWAqKDWg6u1davspr5IkS,spotify:track:3bWAqKDWg6u1davspr5IkS,https://api.spotify.com/v1/tracks/3bWAqKDWg6u1davspr5IkS,https://api.spotify.com/v1/audio-analysis/3bWAqKDWg6u1davspr5IkS,189307,4
159,Rich Love (with Seeb),OneRepublic,532164,https://open.spotify.com/track/7aF09WaavZAmAWuUeYxlYD,7aF09WaavZAmAWuUeYxlYD,0.593,0.868,1,-3.573,0,0.295,0.183,0,0.365,0.496,104.988,audio_features,7aF09WaavZAmAWuUeYxlYD,spotify:track:7aF09WaavZAmAWuUeYxlYD,https://api.spotify.com/v1/tracks/7aF09WaavZAmAWuUeYxlYD,https://api.spotify.com/v1/audio-analysis/7aF09WaavZAmAWuUeYxlYD,201257,4
160,Most Girls,Hailee Steinfeld,531946,https://open.spotify.com/track/2mfUa8bLs2s5N4VaqJZ4lZ,2mfUa8bLs2s5N4VaqJZ4lZ,0.755,0.57,9,-7.132,1,0.0888,0.0416,0,0.0891,0.406,102.991,audio_features,2mfUa8bLs2s5N4VaqJZ4lZ,spotify:track:2mfUa8bLs2s5N4VaqJZ4lZ,https://api.spotify.com/v1/tracks/2mfUa8bLs2s5N4VaqJZ4lZ,https://api.spotify.com/v1/audio-analysis/2mfUa8bLs2s5N4VaqJZ4lZ,204400,4
161,Sauce It Up,Lil Uzi Vert,531702,https://open.spotify.com/track/1uL78kFWxhz3umTMWJu8n5,1uL78kFWxhz3umTMWJu8n5,0.813,0.528,6,-6.305,0,0.313,0.0715,0,0.125,0.131,79.532,audio_features,1uL78kFWxhz3umTMWJu8n5,spotify:track:1uL78kFWxhz3umTMWJu8n5,https://api.spotify.com/v1/tracks/1uL78kFWxhz3umTMWJu8n5,https://api.spotify.com/v1/audio-analysis/1uL78kFWxhz3umTMWJu8n5,207039,4
162,Magnolia,Playboi Carti,529840,https://open.spotify.com/track/1e1JKLEDKP7hEQzJfNAgPl,1e1JKLEDKP7hEQzJfNAgPl,0.791,0.582,11,-7.323,0,0.286,0.0114,0,0.35,0.443,162.991,audio_features,1e1JKLEDKP7hEQzJfNAgPl,spotify:track:1e1JKLEDKP7hEQzJfNAgPl,https://api.spotify.com/v1/tracks/1e1JKLEDKP7hEQzJfNAgPl,https://api.spotify.com/v1/audio-analysis/1e1JKLEDKP7hEQzJfNAgPl,181812,4
163,LOVE. FEAT. ZACARI.,Kendrick Lamar,526349,https://open.spotify.com/track/6PGoSes0D9eUDeeAafB2As,6PGoSes0D9eUDeeAafB2As,0.8,0.585,10,-7.343,1,0.0924,0.264,0,0.153,0.779,126.058,audio_features,6PGoSes0D9eUDeeAafB2As,spotify:track:6PGoSes0D9eUDeeAafB2As,https://api.spotify.com/v1/tracks/6PGoSes0D9eUDeeAafB2As,https://api.spotify.com/v1/audio-analysis/6PGoSes0D9eUDeeAafB2As,213400,4
164,Si Tú La Ves (feat. Wisin),Nicky Jam,524213,https://open.spotify.com/track/4yN6xPLopmTLvc27pO9LIE,4yN6xPLopmTLvc27pO9LIE,0.685,0.731,5,-5.119,0,0.093,0.204,0,0.0722,0.786,177.912,audio_features,4yN6xPLopmTLvc27pO9LIE,spotify:track:4yN6xPLopmTLvc27pO9LIE,https://api.spotify.com/v1/tracks/4yN6xPLopmTLvc27pO9LIE,https://api.spotify.com/v1/audio-analysis/4yN6xPLopmTLvc27pO9LIE,221027,4
165,SUTRA,Sebastian Yatra,520666,https://open.spotify.com/track/5TmZYdHW6HJ9gt7Aokuql5,5TmZYdHW6HJ9gt7Aokuql5,0.746,0.745,9,-3.311,1,0.146,0.0474,1.71e-06,0.15,0.828,180.081,audio_features,5TmZYdHW6HJ9gt7Aokuql5,spotify:track:5TmZYdHW6HJ9gt7Aokuql5,https://api.spotify.com/v1/tracks/5TmZYdHW6HJ9gt7Aokuql5,https://api.spotify.com/v1/audio-analysis/5TmZYdHW6HJ9gt7Aokuql5,203853,4
166,Rockabye (feat. Sean Paul & Anne-Marie),Clean Bandit,520416,https://open.spotify.com/track/5knuzwU65gJK7IF5yJsuaW,5knuzwU65gJK7IF5yJsuaW,0.72,0.763,9,-4.068,0,0.0523,0.406,0,0.18,0.742,101.965,audio_features,5knuzwU65gJK7IF5yJsuaW,spotify:track:5knuzwU65gJK7IF5yJsuaW,https://api.spotify.com/v1/tracks/5knuzwU65gJK7IF5yJsuaW,https://api.spotify.com/v1/audio-analysis/5knuzwU65gJK7IF5yJsuaW,251088,4
167,Easy Love,Lauv,519504,https://open.spotify.com/track/2ZE3DJuizYTad2S4CvRRhK,2ZE3DJuizYTad2S4CvRRhK,0.745,0.481,2,-8.291,1,0.054,0.302,3.67e-06,0.0808,0.229,137.001,audio_features,2ZE3DJuizYTad2S4CvRRhK,spotify:track:2ZE3DJuizYTad2S4CvRRhK,https://api.spotify.com/v1/tracks/2ZE3DJuizYTad2S4CvRRhK,https://api.spotify.com/v1/audio-analysis/2ZE3DJuizYTad2S4CvRRhK,224449,4
168,Praying,Kesha,515514,https://open.spotify.com/track/0jdny0dhgjUwoIp5GkqEaA,0jdny0dhgjUwoIp5GkqEaA,0.576,0.39,10,-7.202,1,0.0297,0.491,0,0.111,0.319,73.433,audio_features,0jdny0dhgjUwoIp5GkqEaA,spotify:track:0jdny0dhgjUwoIp5GkqEaA,https://api.spotify.com/v1/tracks/0jdny0dhgjUwoIp5GkqEaA,https://api.spotify.com/v1/audio-analysis/0jdny0dhgjUwoIp5GkqEaA,230267,4
169,Is That for Me,Alesso,515031,https://open.spotify.com/track/2KwojFDebQV4J2b0JMRR5Q,2KwojFDebQV4J2b0JMRR5Q,0.761,0.785,8,-5.502,1,0.0505,0.234,0.237,0.0573,0.58,104.992,audio_features,2KwojFDebQV4J2b0JMRR5Q,spotify:track:2KwojFDebQV4J2b0JMRR5Q,https://api.spotify.com/v1/tracks/2KwojFDebQV4J2b0JMRR5Q,https://api.spotify.com/v1/audio-analysis/2KwojFDebQV4J2b0JMRR5Q,169270,4
170,New Freezer (feat. Kendrick Lamar),Rich The Kid,513706,https://open.spotify.com/track/4pYZLpX23Vx8rwDpJCpPTA,4pYZLpX23Vx8rwDpJCpPTA,0.888,0.664,0,-10.13,1,0.341,0.0424,0,0.0734,0.53,140.012,audio_features,4pYZLpX23Vx8rwDpJCpPTA,spotify:track:4pYZLpX23Vx8rwDpJCpPTA,https://api.spotify.com/v1/tracks/4pYZLpX23Vx8rwDpJCpPTA,https://api.spotify.com/v1/audio-analysis/4pYZLpX23Vx8rwDpJCpPTA,193173,4
171,"Sola (Remix) [feat. Daddy Yankee, Wisin, Farruko, Zion & Lennox]",Anuel AA,511897,https://open.spotify.com/track/5q2JbCNi4FcnglgPfxcV65,5q2JbCNi4FcnglgPfxcV65,0.639,0.869,11,-4.024,1,0.147,0.27,0,0.0802,0.767,169.801,audio_features,5q2JbCNi4FcnglgPfxcV65,spotify:track:5q2JbCNi4FcnglgPfxcV65,https://api.spotify.com/v1/tracks/5q2JbCNi4FcnglgPfxcV65,https://api.spotify.com/v1/audio-analysis/5q2JbCNi4FcnglgPfxcV65,307910,4
172,Happier,Ed Sheeran,511825,https://open.spotify.com/track/2RttW7RAu5nOAfq6YFvApB,2RttW7RAu5nOAfq6YFvApB,0.522,0.385,0,-7.355,1,0.0288,0.536,0,0.135,0.236,89.792,audio_features,2RttW7RAu5nOAfq6YFvApB,spotify:track:2RttW7RAu5nOAfq6YFvApB,https://api.spotify.com/v1/tracks/2RttW7RAu5nOAfq6YFvApB,https://api.spotify.com/v1/audio-analysis/2RttW7RAu5nOAfq6YFvApB,207520,4
173,What Ifs (feat. Lauren Alaina),Kane Brown,510867,https://open.spotify.com/track/7zVCrzzEJU7u24sbJPXA5W,7zVCrzzEJU7u24sbJPXA5W,0.612,0.799,10,-4.603,1,0.0275,0.00898,0,0.172,0.687,125.976,audio_features,7zVCrzzEJU7u24sbJPXA5W,spotify:track:7zVCrzzEJU7u24sbJPXA5W,https://api.spotify.com/v1/tracks/7zVCrzzEJU7u24sbJPXA5W,https://api.spotify.com/v1/audio-analysis/7zVCrzzEJU7u24sbJPXA5W,188253,4
174,We Don't Talk Anymore (feat. Selena Gomez),Charlie Puth,507608,https://open.spotify.com/track/68EMU2RD1ECNeOeJ5qAXCV,68EMU2RD1ECNeOeJ5qAXCV,0.728,0.563,1,-8.053,0,0.134,0.621,0,0.179,0.352,100.017,audio_features,68EMU2RD1ECNeOeJ5qAXCV,spotify:track:68EMU2RD1ECNeOeJ5qAXCV,https://api.spotify.com/v1/tracks/68EMU2RD1ECNeOeJ5qAXCV,https://api.spotify.com/v1/audio-analysis/68EMU2RD1ECNeOeJ5qAXCV,217707,4
175,Sign of the Times,Harry Styles,495653,https://open.spotify.com/track/5Ohxk2dO5COHF1krpoPigN,5Ohxk2dO5COHF1krpoPigN,0.516,0.595,5,-4.63,1,0.0313,0.0275,0,0.109,0.222,119.972,audio_features,5Ohxk2dO5COHF1krpoPigN,spotify:track:5Ohxk2dO5COHF1krpoPigN,https://api.spotify.com/v1/tracks/5Ohxk2dO5COHF1krpoPigN,https://api.spotify.com/v1/audio-analysis/5Ohxk2dO5COHF1krpoPigN,340707,4
176,Castle on the Hill,Ed Sheeran,492408,https://open.spotify.com/track/6PCUP3dWmTjcTtXY02oFdT,6PCUP3dWmTjcTtXY02oFdT,0.461,0.834,2,-4.868,1,0.0989,0.0232,1.14e-05,0.14,0.471,135.007,audio_features,6PCUP3dWmTjcTtXY02oFdT,spotify:track:6PCUP3dWmTjcTtXY02oFdT,https://api.spotify.com/v1/tracks/6PCUP3dWmTjcTtXY02oFdT,https://api.spotify.com/v1/audio-analysis/6PCUP3dWmTjcTtXY02oFdT,261154,4
177,Relationship (feat. Future),Young Thug,491548,https://open.spotify.com/track/25oOaleife6E2MIKmFkPvg,25oOaleife6E2MIKmFkPvg,0.842,0.597,2,-6.336,1,0.0627,0.00252,0,0.124,0.298,145.992,audio_features,25oOaleife6E2MIKmFkPvg,spotify:track:25oOaleife6E2MIKmFkPvg,https://api.spotify.com/v1/tracks/25oOaleife6E2MIKmFkPvg,https://api.spotify.com/v1/audio-analysis/25oOaleife6E2MIKmFkPvg,215307,4
178,Love Galore (feat. Travis Scott),SZA,490367,https://open.spotify.com/track/0q75NwOoFiARAVp4EXU4Bs,0q75NwOoFiARAVp4EXU4Bs,0.795,0.594,0,-6.2,1,0.0747,0.111,0,0.162,0.409,135.002,audio_features,0q75NwOoFiARAVp4EXU4Bs,spotify:track:0q75NwOoFiARAVp4EXU4Bs,https://api.spotify.com/v1/tracks/0q75NwOoFiARAVp4EXU4Bs,https://api.spotify.com/v1/audio-analysis/0q75NwOoFiARAVp4EXU4Bs,275080,4
179,Malibu,Miley Cyrus,489936,https://open.spotify.com/track/1UZOjK1BwmwWU14Erba9CZ,1UZOjK1BwmwWU14Erba9CZ,0.573,0.781,8,-6.406,1,0.0555,0.0767,2.64e-05,0.0813,0.343,139.934,audio_features,1UZOjK1BwmwWU14Erba9CZ,spotify:track:1UZOjK1BwmwWU14Erba9CZ,https://api.spotify.com/v1/tracks/1UZOjK1BwmwWU14Erba9CZ,https://api.spotify.com/v1/audio-analysis/1UZOjK1BwmwWU14Erba9CZ,231907,4
180,Body Like A Back Road,Sam Hunt,488831,https://open.spotify.com/track/7mldq42yDuxiUNn08nvzHO,7mldq42yDuxiUNn08nvzHO,0.732,0.458,5,-7.225,1,0.0311,0.447,0,0.136,0.661,98.938,audio_features,7mldq42yDuxiUNn08nvzHO,spotify:track:7mldq42yDuxiUNn08nvzHO,https://api.spotify.com/v1/tracks/7mldq42yDuxiUNn08nvzHO,https://api.spotify.com/v1/audio-analysis/7mldq42yDuxiUNn08nvzHO,165387,4
181,It's A Vibe,2 Chainz,487414,https://open.spotify.com/track/6H0AwSQ20mo62jGlPGB8S6,6H0AwSQ20mo62jGlPGB8S6,0.822,0.502,7,-7.38,1,0.148,0.0312,0.000887,0.114,0.525,73.003,audio_features,6H0AwSQ20mo62jGlPGB8S6,spotify:track:6H0AwSQ20mo62jGlPGB8S6,https://api.spotify.com/v1/tracks/6H0AwSQ20mo62jGlPGB8S6,https://api.spotify.com/v1/audio-analysis/6H0AwSQ20mo62jGlPGB8S6,210200,4
182,Mr. Brightside,The Killers,485867,https://open.spotify.com/track/7oK9VyNzrYvRFo7nQEYkWN,7oK9VyNzrYvRFo7nQEYkWN,0.356,0.924,1,-3.74,1,0.0808,0.00101,0,0.0953,0.232,148.017,audio_features,7oK9VyNzrYvRFo7nQEYkWN,spotify:track:7oK9VyNzrYvRFo7nQEYkWN,https://api.spotify.com/v1/tracks/7oK9VyNzrYvRFo7nQEYkWN,https://api.spotify.com/v1/audio-analysis/7oK9VyNzrYvRFo7nQEYkWN,222587,4
183,Bad and Boujee (feat. Lil Uzi Vert),Migos,482866,https://open.spotify.com/track/4Km5HrUvYTaSUfiSGPJeQR,4Km5HrUvYTaSUfiSGPJeQR,0.927,0.665,11,-5.313,1,0.244,0.061,0,0.123,0.175,127.076,audio_features,4Km5HrUvYTaSUfiSGPJeQR,spotify:track:4Km5HrUvYTaSUfiSGPJeQR,https://api.spotify.com/v1/tracks/4Km5HrUvYTaSUfiSGPJeQR,https://api.spotify.com/v1/audio-analysis/4Km5HrUvYTaSUfiSGPJeQR,343150,4
184,Crying in the Club,Camila Cabello,482829,https://open.spotify.com/track/1SJtlNRJDeYHioymcvsqev,1SJtlNRJDeYHioymcvsqev,0.334,0.617,6,-5.834,0,0.383,0.334,0,0.163,0.603,85.227,audio_features,1SJtlNRJDeYHioymcvsqev,spotify:track:1SJtlNRJDeYHioymcvsqev,https://api.spotify.com/v1/tracks/1SJtlNRJDeYHioymcvsqev,https://api.spotify.com/v1/audio-analysis/1SJtlNRJDeYHioymcvsqev,216391,4
185,I Just Can't,R3HAB,480194,https://open.spotify.com/track/3gfmFoJgmn9LiIj5mV8oSS,3gfmFoJgmn9LiIj5mV8oSS,0.652,0.595,6,-6.944,0,0.0419,0.162,0,0.148,0.303,77.538,audio_features,3gfmFoJgmn9LiIj5mV8oSS,spotify:track:3gfmFoJgmn9LiIj5mV8oSS,https://api.spotify.com/v1/tracks/3gfmFoJgmn9LiIj5mV8oSS,https://api.spotify.com/v1/audio-analysis/3gfmFoJgmn9LiIj5mV8oSS,156000,4
186,Burning,Sam Smith,478768,https://open.spotify.com/track/7FzhZ7C3NhM1UyqSHV9ytY,7FzhZ7C3NhM1UyqSHV9ytY,0.493,0.221,6,-9.301,1,0.0486,0.874,0,0.285,0.353,82.273,audio_features,7FzhZ7C3NhM1UyqSHV9ytY,spotify:track:7FzhZ7C3NhM1UyqSHV9ytY,https://api.spotify.com/v1/tracks/7FzhZ7C3NhM1UyqSHV9ytY,https://api.spotify.com/v1/audio-analysis/7FzhZ7C3NhM1UyqSHV9ytY,203290,4
187,Let Me Love You,DJ Snake,477944,https://open.spotify.com/track/4pdPtRcBmOSQDlJ3Fk945m,4pdPtRcBmOSQDlJ3Fk945m,0.476,0.718,8,-5.309,1,0.0576,0.0784,1.02e-05,0.122,0.142,199.864,audio_features,4pdPtRcBmOSQDlJ3Fk945m,spotify:track:4pdPtRcBmOSQDlJ3Fk945m,https://api.spotify.com/v1/tracks/4pdPtRcBmOSQDlJ3Fk945m,https://api.spotify.com/v1/audio-analysis/4pdPtRcBmOSQDlJ3Fk945m,205947,4
188,"Lose Yourself - From ""8 Mile"" Soundtrack",Eminem,477543,https://open.spotify.com/track/7w9bgPAmPTtrkt2v16QWvQ,7w9bgPAmPTtrkt2v16QWvQ,0.701,0.728,2,-4.554,1,0.255,0.00971,0.00115,0.361,0.0591,171.388,audio_features,7w9bgPAmPTtrkt2v16QWvQ,spotify:track:7w9bgPAmPTtrkt2v16QWvQ,https://api.spotify.com/v1/tracks/7w9bgPAmPTtrkt2v16QWvQ,https://api.spotify.com/v1/audio-analysis/7w9bgPAmPTtrkt2v16QWvQ,326467,4
189,Swish Swish,Katy Perry,477380,https://open.spotify.com/track/2kVHAQKVtczchKctctzbtK,2kVHAQKVtczchKctctzbtK,0.836,0.716,5,-5.211,0,0.0549,0.0196,1.83e-05,0.101,0.534,119.938,audio_features,2kVHAQKVtczchKctctzbtK,spotify:track:2kVHAQKVtczchKctctzbtK,https://api.spotify.com/v1/tracks/2kVHAQKVtczchKctctzbtK,https://api.spotify.com/v1/audio-analysis/2kVHAQKVtczchKctctzbtK,242510,4
190,Wonderwall - Remastered,Oasis,474754,https://open.spotify.com/track/5qqabIl2vWzo9ApSC317sa,5qqabIl2vWzo9ApSC317sa,0.378,0.896,2,-4.066,1,0.0407,0.000452,0,0.194,0.469,174.302,audio_features,5qqabIl2vWzo9ApSC317sa,spotify:track:5qqabIl2vWzo9ApSC317sa,https://api.spotify.com/v1/tracks/5qqabIl2vWzo9ApSC317sa,https://api.spotify.com/v1/audio-analysis/5qqabIl2vWzo9ApSC317sa,258773,4
191,Otra vez (feat. J Balvin),Zion & Lennox,469586,https://open.spotify.com/track/3QwBODjSEzelZyVjxPOHdq,3QwBODjSEzelZyVjxPOHdq,0.832,0.772,10,-5.429,1,0.1,0.0559,0.000486,0.44,0.704,96.016,audio_features,3QwBODjSEzelZyVjxPOHdq,spotify:track:3QwBODjSEzelZyVjxPOHdq,https://api.spotify.com/v1/tracks/3QwBODjSEzelZyVjxPOHdq,https://api.spotify.com/v1/audio-analysis/3QwBODjSEzelZyVjxPOHdq,209453,4
192,The Scientist,Coldplay,468422,https://open.spotify.com/track/75JFxkI2RXiU7L9VXzMkle,75JFxkI2RXiU7L9VXzMkle,0.557,0.442,5,-7.224,1,0.0243,0.731,1.46e-05,0.11,0.213,146.277,audio_features,75JFxkI2RXiU7L9VXzMkle,spotify:track:75JFxkI2RXiU7L9VXzMkle,https://api.spotify.com/v1/tracks/75JFxkI2RXiU7L9VXzMkle,https://api.spotify.com/v1/audio-analysis/75JFxkI2RXiU7L9VXzMkle,309600,4
193,Don't Let Me Down (feat. Daya),The Chainsmokers,467757,https://open.spotify.com/track/0QsvXIfqM0zZoerQfsI9lm,0QsvXIfqM0zZoerQfsI9lm,0.542,0.859,11,-5.651,1,0.197,0.16,0.00466,0.137,0.403,159.797,audio_features,0QsvXIfqM0zZoerQfsI9lm,spotify:track:0QsvXIfqM0zZoerQfsI9lm,https://api.spotify.com/v1/tracks/0QsvXIfqM0zZoerQfsI9lm,https://api.spotify.com/v1/audio-analysis/0QsvXIfqM0zZoerQfsI9lm,208053,4
194,Stay With Me,Sam Smith,466980,https://open.spotify.com/track/5Db9VIdDsN5yu3Eu7CT0i4,5Db9VIdDsN5yu3Eu7CT0i4,0.479,0.419,0,-6.517,1,0.0389,0.568,0.000217,0.11,0.186,85.014,audio_features,5Db9VIdDsN5yu3Eu7CT0i4,spotify:track:5Db9VIdDsN5yu3Eu7CT0i4,https://api.spotify.com/v1/tracks/5Db9VIdDsN5yu3Eu7CT0i4,https://api.spotify.com/v1/audio-analysis/5Db9VIdDsN5yu3Eu7CT0i4,172724,4
195,iSpy (feat. Lil Yachty),KYLE,466718,https://open.spotify.com/track/2EEeOnHehOozLq4aS0n6SL,2EEeOnHehOozLq4aS0n6SL,0.746,0.653,7,-6.745,1,0.289,0.378,0,0.229,0.672,75.016,audio_features,2EEeOnHehOozLq4aS0n6SL,spotify:track:2EEeOnHehOozLq4aS0n6SL,https://api.spotify.com/v1/tracks/2EEeOnHehOozLq4aS0n6SL,https://api.spotify.com/v1/audio-analysis/2EEeOnHehOozLq4aS0n6SL,253107,4
196,Patek Water (feat. Offset),Future,466575,https://open.spotify.com/track/7r6LNJT2LqpLpEyZQJPygt,7r6LNJT2LqpLpEyZQJPygt,0.86,0.561,6,-5.757,0,0.185,0.274,0,0.108,0.354,152.984,audio_features,7r6LNJT2LqpLpEyZQJPygt,spotify:track:7r6LNJT2LqpLpEyZQJPygt,https://api.spotify.com/v1/tracks/7r6LNJT2LqpLpEyZQJPygt,https://api.spotify.com/v1/audio-analysis/7r6LNJT2LqpLpEyZQJPygt,189480,4
197,Treat You Better,Shawn Mendes,464702,https://open.spotify.com/track/4Hf7WnR761jpxPr5D46Bcd,4Hf7WnR761jpxPr5D46Bcd,0.624,0.803,10,-4.105,0,0.246,0.123,0,0.114,0.821,166.018,audio_features,4Hf7WnR761jpxPr5D46Bcd,spotify:track:4Hf7WnR761jpxPr5D46Bcd,https://api.spotify.com/v1/tracks/4Hf7WnR761jpxPr5D46Bcd,https://api.spotify.com/v1/audio-analysis/4Hf7WnR761jpxPr5D46Bcd,187973,4
198,Now Or Never,Halsey,463895,https://open.spotify.com/track/7i2DJ88J7jQ8K7zqFX2fW8,7i2DJ88J7jQ8K7zqFX2fW8,0.67,0.585,6,-4.861,0,0.0354,0.107,1.11e-06,0.131,0.447,110.03,audio_features,7i2DJ88J7jQ8K7zqFX2fW8,spotify:track:7i2DJ88J7jQ8K7zqFX2fW8,https://api.spotify.com/v1/tracks/7i2DJ88J7jQ8K7zqFX2fW8,https://api.spotify.com/v1/audio-analysis/7i2DJ88J7jQ8K7zqFX2fW8,214802,4
199,Paris,The Chainsmokers,462959,https://open.spotify.com/track/72jbDTw1piOOj770jWNeaG,72jbDTw1piOOj770jWNeaG,0.653,0.658,2,-6.428,1,0.0304,0.0215,1.66e-06,0.0939,0.219,99.99,audio_features,72jbDTw1piOOj770jWNeaG,spotify:track:72jbDTw1piOOj770jWNeaG,https://api.spotify.com/v1/tracks/72jbDTw1piOOj770jWNeaG,https://api.spotify.com/v1/audio-analysis/72jbDTw1piOOj770jWNeaG,221507,4
200,La fórmula (feat. Chris Jeday),De La Ghetto,462394,https://open.spotify.com/track/4XCQtUoRSh22Ep18ULmDnT,4XCQtUoRSh22Ep18ULmDnT,0.701,0.845,2,-2.738,0,0.0668,0.118,7.8e-06,0.311,0.756,172.028,audio_features,4XCQtUoRSh22Ep18ULmDnT,spotify:track:4XCQtUoRSh22Ep18ULmDnT,https://api.spotify.com/v1/tracks/4XCQtUoRSh22Ep18ULmDnT,https://api.spotify.com/v1/audio-analysis/4XCQtUoRSh22Ep18ULmDnT,232240,4
