Position,Track Name,Artist,Streams,URL,trackID,danceability,energy,key,loudness,mode,speechiness,acousticness,instrumentalness,liveness,valence,tempo,type,id,uri,track_href,analysis_url,duration_ms,time_signature
1,rockstar,Post Malone,5802226,https://open.spotify.com/track/7wGoVu4Dady5GV0Sv4UIsx,7wGoVu4Dady5GV0Sv4UIsx,0.577,0.522,5,-6.594,0,0.0984,0.13,9.03e-05,0.142,0.119,159.772,audio_features,7wGoVu4Dady5GV0Sv4UIsx,spotify:track:7wGoVu4Dady5GV0Sv4UIsx,https://api.spotify.com/v1/tracks/7wGoVu4Dady5GV0Sv4UIsx,https://api.spotify.com/v1/audio-analysis/7wGoVu4Dady5GV0Sv4UIsx,218320,4
2,New Rules,Dua Lipa,3283037,https://open.spotify.com/track/2ekn2ttSfGqwhhate0LSR0,2ekn2ttSfGqwhhate0LSR0,0.762,0.7,9,-6.021,0,0.0694,0.00261,1.56e-05,0.153,0.608,116.073,audio_features,2ekn2ttSfGqwhhate0LSR0,spotify:track:2ekn2ttSfGqwhhate0LSR0,https://api.spotify.com/v1/tracks/2ekn2ttSfGqwhhate0LSR0,https://api.spotify.com/v1/audio-analysis/2ekn2ttSfGqwhhate0LSR0,209320,4
3,Havana,Camila Cabello,3099241,https://open.spotify.com/track/0ofbQMrRDsUaVKq2mGLEAb,0ofbQMrRDsUaVKq2mGLEAb,0.768,0.517,7,-4.323,0,0.0312,0.186,3.8e-05,0.104,0.418,104.992,audio_features,0ofbQMrRDsUaVKq2mGLEAb,spotify:track:0ofbQMrRDsUaVKq2mGLEAb,https://api.spotify.com/v1/tracks/0ofbQMrRDsUaVKq2mGLEAb,https://api.spotify.com/v1/audio-analysis/0ofbQMrRDsUaVKq2mGLEAb,216897,4
4,Dusk Till Dawn - Radio Edit,ZAYN,2827495,https://open.spotify.com/track/1j4kHkkpqZRBwE0A4CN4Yv,1j4kHkkpqZRBwE0A4CN4Yv,0.258,0.437,11,-6.593,0,0.039,0.101,1.27e-06,0.106,0.0967,180.043,audio_features,1j4kHkkpqZRBwE0A4CN4Yv,spotify:track:1j4kHkkpqZRBwE0A4CN4Yv,https://api.spotify.com/v1/tracks/1j4kHkkpqZRBwE0A4CN4Yv,https://api.spotify.com/v1/audio-analysis/1j4kHkkpqZRBwE0A4CN4Yv,239000,4
5,Too Good At Goodbyes - Edit,Sam Smith,2810052,https://open.spotify.com/track/0mel2N9Ws9r4yLQn5QE21Y,0mel2N9Ws9r4yLQn5QE21Y,0.653,0.378,5,-8.273,1,0.0533,0.658,0,0.177,0.54,91.835,audio_features,0mel2N9Ws9r4yLQn5QE21Y,spotify:track:0mel2N9Ws9r4yLQn5QE21Y,https://api.spotify.com/v1/tracks/0mel2N9Ws9r4yLQn5QE21Y,https://api.spotify.com/v1/audio-analysis/0mel2N9Ws9r4yLQn5QE21Y,201000,4
6,1-800-273-8255,Logic,2788242,https://open.spotify.com/track/5tz69p7tJuGPeMGwNTxYuV,5tz69p7tJuGPeMGwNTxYuV,0.62,0.574,5,-7.788,0,0.0479,0.569,0,0.19,0.357,100.023,audio_features,5tz69p7tJuGPeMGwNTxYuV,spotify:track:5tz69p7tJuGPeMGwNTxYuV,https://api.spotify.com/v1/tracks/5tz69p7tJuGPeMGwNTxYuV,https://api.spotify.com/v1/audio-analysis/5tz69p7tJuGPeMGwNTxYuV,250173,4
7,What Lovers Do (feat. SZA),Maroon 5,2543337,https://open.spotify.com/track/4mxWSdf71VFO52qFeY0fZt,4mxWSdf71VFO52qFeY0fZt,0.795,0.608,5,-5.222,0,0.0694,0.0767,2.92e-06,0.0853,0.386,110.001,audio_features,4mxWSdf71VFO52qFeY0fZt,spotify:track:4mxWSdf71VFO52qFeY0fZt,https://api.spotify.com/v1/tracks/4mxWSdf71VFO52qFeY0fZt,https://api.spotify.com/v1/audio-analysis/4mxWSdf71VFO52qFeY0fZt,199849,4
8,Silence,Marshmello,2501807,https://open.spotify.com/track/7vGuf3Y35N4wmASOKLUVVU,7vGuf3Y35N4wmASOKLUVVU,0.52,0.761,4,-3.093,1,0.0853,0.256,4.96e-06,0.17,0.286,141.971,audio_features,7vGuf3Y35N4wmASOKLUVVU,spotify:track:7vGuf3Y35N4wmASOKLUVVU,https://api.spotify.com/v1/tracks/7vGuf3Y35N4wmASOKLUVVU,https://api.spotify.com/v1/audio-analysis/7vGuf3Y35N4wmASOKLUVVU,180823,4
9,Perfect,Ed Sheeran,2419942,https://open.spotify.com/track/0tgVpDi06FyKpA1z0VMD4v,0tgVpDi06FyKpA1z0VMD4v,0.599,0.448,8,-6.312,1,0.0232,0.163,0,0.106,0.168,95.05,audio_features,0tgVpDi06FyKpA1z0VMD4v,spotify:track:0tgVpDi06FyKpA1z0VMD4v,https://api.spotify.com/v1/tracks/0tgVpDi06FyKpA1z0VMD4v,https://api.spotify.com/v1/audio-analysis/0tgVpDi06FyKpA1z0VMD4v,263400,3
10,Mi Gente,J Balvin,2363140,https://open.spotify.com/track/2rb5MvYT7ZIxbKW5hfcHx8,2rb5MvYT7ZIxbKW5hfcHx8,0.543,0.677,11,-4.915,0,0.0993,0.0148,6.21e-06,0.13,0.294,103.809,audio_features,2rb5MvYT7ZIxbKW5hfcHx8,spotify:track:2rb5MvYT7ZIxbKW5hfcHx8,https://api.spotify.com/v1/tracks/2rb5MvYT7ZIxbKW5hfcHx8,https://api.spotify.com/v1/audio-analysis/2rb5MvYT7ZIxbKW5hfcHx8,189440,4
11,Look What You Made Me Do,Taylor Swift,2034303,https://open.spotify.com/track/6uFsE1JgZ20EXyU0JQZbUR,6uFsE1JgZ20EXyU0JQZbUR,0.773,0.68,9,-6.378,0,0.141,0.213,1.57e-05,0.122,0.497,128.062,audio_features,6uFsE1JgZ20EXyU0JQZbUR,spotify:track:6uFsE1JgZ20EXyU0JQZbUR,https://api.spotify.com/v1/tracks/6uFsE1JgZ20EXyU0JQZbUR,https://api.spotify.com/v1/audio-analysis/6uFsE1JgZ20EXyU0JQZbUR,211859,4
12,Sorry Not Sorry,Demi Lovato,2028847,https://open.spotify.com/track/3m660poUr1chesgkkjQM7P,3m660poUr1chesgkkjQM7P,0.704,0.633,11,-6.923,0,0.241,0.0214,0,0.29,0.863,144.021,audio_features,3m660poUr1chesgkkjQM7P,spotify:track:3m660poUr1chesgkkjQM7P,https://api.spotify.com/v1/tracks/3m660poUr1chesgkkjQM7P,https://api.spotify.com/v1/audio-analysis/3m660poUr1chesgkkjQM7P,203760,4
13,Young Dumb & Broke,Khalid,2024774,https://open.spotify.com/track/5Z3GHaZ6ec9bsiI5BenrbY,5Z3GHaZ6ec9bsiI5BenrbY,0.798,0.539,1,-6.351,1,0.0421,0.199,1.66e-05,0.165,0.394,136.949,audio_features,5Z3GHaZ6ec9bsiI5BenrbY,spotify:track:5Z3GHaZ6ec9bsiI5BenrbY,https://api.spotify.com/v1/tracks/5Z3GHaZ6ec9bsiI5BenrbY,https://api.spotify.com/v1/audio-analysis/5Z3GHaZ6ec9bsiI5BenrbY,202547,4
14,Unforgettable,French Montana,1984871,https://open.spotify.com/track/3B54sVLJ402zGa6Xm4YGNe,3B54sVLJ402zGa6Xm4YGNe,0.726,0.769,6,-5.043,1,0.123,0.0293,0.0101,0.104,0.733,97.985,audio_features,3B54sVLJ402zGa6Xm4YGNe,spotify:track:3B54sVLJ402zGa6Xm4YGNe,https://api.spotify.com/v1/tracks/3B54sVLJ402zGa6Xm4YGNe,https://api.spotify.com/v1/audio-analysis/3B54sVLJ402zGa6Xm4YGNe,233902,4
15,Thunder,Imagine Dragons,1945656,https://open.spotify.com/track/0tKcYR2II1VCQWT79i5NrW,0tKcYR2II1VCQWT79i5NrW,0.6,0.81,0,-4.749,1,0.0479,0.00683,0.21,0.155,0.298,167.88,audio_features,0tKcYR2II1VCQWT79i5NrW,spotify:track:0tKcYR2II1VCQWT79i5NrW,https://api.spotify.com/v1/tracks/0tKcYR2II1VCQWT79i5NrW,https://api.spotify.com/v1/audio-analysis/0tKcYR2II1VCQWT79i5NrW,187147,4
16,Shape of You,Ed Sheeran,1944011,https://open.spotify.com/track/7qiZfU4dY1lWllzX7mPBI3,7qiZfU4dY1lWllzX7mPBI3,0.825,0.652,1,-3.183,0,0.0802,0.581,0,0.0931,0.931,95.977,audio_features,7qiZfU4dY1lWllzX7mPBI3,spotify:track:7qiZfU4dY1lWllzX7mPBI3,https://api.spotify.com/v1/tracks/7qiZfU4dY1lWllzX7mPBI3,https://api.spotify.com/v1/audio-analysis/7qiZfU4dY1lWllzX7mPBI3,233713,4
17,I Fall Apart,Post Malone,1904844,https://open.spotify.com/track/75ZvA4QfFiZvzhj2xkaWAh,75ZvA4QfFiZvzhj2xkaWAh,0.556,0.538,8,-5.408,0,0.0382,0.0689,0,0.196,0.291,143.95,audio_features,75ZvA4QfFiZvzhj2xkaWAh,spotify:track:75ZvA4QfFiZvzhj2xkaWAh,https://api.spotify.com/v1/tracks/75ZvA4QfFiZvzhj2xkaWAh,https://api.spotify.com/v1/audio-analysis/75ZvA4QfFiZvzhj2xkaWAh,223347,4
18,Friends (with BloodPop®),Justin Bieber,1901461,https://open.spotify.com/track/7nZmah2llfvLDiUjm0kiyz,7nZmah2llfvLDiUjm0kiyz,0.744,0.739,8,-5.35,1,0.0387,0.00459,0,0.306,0.649,104.99,audio_features,7nZmah2llfvLDiUjm0kiyz,spotify:track:7nZmah2llfvLDiUjm0kiyz,https://api.spotify.com/v1/tracks/7nZmah2llfvLDiUjm0kiyz,https://api.spotify.com/v1/audio-analysis/7nZmah2llfvLDiUjm0kiyz,189467,4
19,Glorious (feat. Skylar Grey),Macklemore,1901008,https://open.spotify.com/track/0CokSRCu5hZgPxcZBaEzVE,0CokSRCu5hZgPxcZBaEzVE,0.731,0.794,0,-5.126,0,0.0522,0.0323,2.59e-05,0.112,0.356,139.994,audio_features,0CokSRCu5hZgPxcZBaEzVE,spotify:track:0CokSRCu5hZgPxcZBaEzVE,https://api.spotify.com/v1/tracks/0CokSRCu5hZgPxcZBaEzVE,https://api.spotify.com/v1/audio-analysis/0CokSRCu5hZgPxcZBaEzVE,220454,4
20,What About Us,P!nk,1898248,https://open.spotify.com/track/0Qh38w01QRXK6KHIv0e3hb,0Qh38w01QRXK6KHIv0e3hb,0.489,0.588,1,-6.177,1,0.0507,0.0285,2.11e-06,0.0906,0.187,113.617,audio_features,0Qh38w01QRXK6KHIv0e3hb,spotify:track:0Qh38w01QRXK6KHIv0e3hb,https://api.spotify.com/v1/tracks/0Qh38w01QRXK6KHIv0e3hb,https://api.spotify.com/v1/audio-analysis/0Qh38w01QRXK6KHIv0e3hb,269600,4
21,Mi Gente (feat. Beyoncé),J Balvin,1858391,https://open.spotify.com/track/7fwXWKdDNI5IutOMc5OKYw,7fwXWKdDNI5IutOMc5OKYw,0.705,0.714,11,-6.39,0,0.0792,0.0249,0,0.253,0.434,104.996,audio_features,7fwXWKdDNI5IutOMc5OKYw,spotify:track:7fwXWKdDNI5IutOMc5OKYw,https://api.spotify.com/v1/tracks/7fwXWKdDNI5IutOMc5OKYw,https://api.spotify.com/v1/audio-analysis/7fwXWKdDNI5IutOMc5OKYw,209733,4
22,XO Tour Llif3,Lil Uzi Vert,1809310,https://open.spotify.com/track/7GX5flRQZVHRAGd6B4TmDO,7GX5flRQZVHRAGd6B4TmDO,0.732,0.75,11,-6.366,0,0.231,0.00264,0,0.109,0.401,155.096,audio_features,7GX5flRQZVHRAGd6B4TmDO,spotify:track:7GX5flRQZVHRAGd6B4TmDO,https://api.spotify.com/v1/tracks/7GX5flRQZVHRAGd6B4TmDO,https://api.spotify.com/v1/audio-analysis/7GX5flRQZVHRAGd6B4TmDO,182707,4
23,Feel It Still,Portugal. The Man,1741973,https://open.spotify.com/track/6QgjcU0zLnzq5OrUoSZ3OK,6QgjcU0zLnzq5OrUoSZ3OK,0.801,0.795,1,-5.115,0,0.0504,0.0417,0.000113,0.0717,0.754,79.028,audio_features,6QgjcU0zLnzq5OrUoSZ3OK,spotify:track:6QgjcU0zLnzq5OrUoSZ3OK,https://api.spotify.com/v1/tracks/6QgjcU0zLnzq5OrUoSZ3OK,https://api.spotify.com/v1/audio-analysis/6QgjcU0zLnzq5OrUoSZ3OK,163253,4
24,Bank Account,21 Savage,1701739,https://open.spotify.com/track/2fQrGHiQOvpL9UgPvtYy6G,2fQrGHiQOvpL9UgPvtYy6G,0.884,0.346,8,-8.228,0,0.351,0.0151,7.04e-06,0.0871,0.376,75.016,audio_features,2fQrGHiQOvpL9UgPvtYy6G,spotify:track:2fQrGHiQOvpL9UgPvtYy6G,https://api.spotify.com/v1/tracks/2fQrGHiQOvpL9UgPvtYy6G,https://api.spotify.com/v1/audio-analysis/2fQrGHiQOvpL9UgPvtYy6G,220307,4
25,Jocelyn Flores,XXXTENTACION,1691753,https://open.spotify.com/track/7m9OqQk4RVRkw9JJdeAw96,7m9OqQk4RVRkw9JJdeAw96,0.872,0.391,0,-9.144,0,0.242,0.469,4.13e-06,0.297,0.437,134.021,audio_features,7m9OqQk4RVRkw9JJdeAw96,spotify:track:7m9OqQk4RVRkw9JJdeAw96,https://api.spotify.com/v1/tracks/7m9OqQk4RVRkw9JJdeAw96,https://api.spotify.com/v1/audio-analysis/7m9OqQk4RVRkw9JJdeAw96,119133,4
26,Bodak Yellow,Cardi B,1678133,https://open.spotify.com/track/2771LMNxwf62FTAdpJMQfM,2771LMNxwf62FTAdpJMQfM,0.929,0.723,11,-5.792,0,0.109,0.0672,0,0.346,0.458,125.022,audio_features,2771LMNxwf62FTAdpJMQfM,spotify:track:2771LMNxwf62FTAdpJMQfM,https://api.spotify.com/v1/tracks/2771LMNxwf62FTAdpJMQfM,https://api.spotify.com/v1/audio-analysis/2771LMNxwf62FTAdpJMQfM,223962,4
27,Congratulations,Post Malone,1639185,https://open.spotify.com/track/3a1lNhkSLSkpJE4MSHpDu9,3a1lNhkSLSkpJE4MSHpDu9,0.63,0.804,6,-4.183,1,0.0363,0.215,0,0.253,0.492,123.146,audio_features,3a1lNhkSLSkpJE4MSHpDu9,spotify:track:3a1lNhkSLSkpJE4MSHpDu9,https://api.spotify.com/v1/tracks/3a1lNhkSLSkpJE4MSHpDu9,https://api.spotify.com/v1/audio-analysis/3a1lNhkSLSkpJE4MSHpDu9,220293,4
28,Gucci Gang,Lil Pump,1571052,https://open.spotify.com/track/43ZyHQITOjhciSUUNPVRHc,43ZyHQITOjhciSUUNPVRHc,0.936,0.523,5,-6.71,1,0.0597,0.239,0,0.117,0.699,119.889,audio_features,43ZyHQITOjhciSUUNPVRHc,spotify:track:43ZyHQITOjhciSUUNPVRHc,https://api.spotify.com/v1/tracks/43ZyHQITOjhciSUUNPVRHc,https://api.spotify.com/v1/audio-analysis/43ZyHQITOjhciSUUNPVRHc,124056,4
29,Attention,Charlie Puth,1539854,https://open.spotify.com/track/4iLqG9SeJSnt0cSPICSjxv,4iLqG9SeJSnt0cSPICSjxv,0.774,0.626,3,-4.432,0,0.0432,0.0969,3.12e-05,0.0848,0.777,100.041,audio_features,4iLqG9SeJSnt0cSPICSjxv,spotify:track:4iLqG9SeJSnt0cSPICSjxv,https://api.spotify.com/v1/tracks/4iLqG9SeJSnt0cSPICSjxv,https://api.spotify.com/v1/audio-analysis/4iLqG9SeJSnt0cSPICSjxv,211475,4
30,Me Rehúso,Danny Ocean,1535383,https://open.spotify.com/track/6De0lHrwBfPfrhorm9q1Xl,6De0lHrwBfPfrhorm9q1Xl,0.744,0.804,1,-6.327,1,0.0677,0.0231,0,0.0494,0.426,104.823,audio_features,6De0lHrwBfPfrhorm9q1Xl,spotify:track:6De0lHrwBfPfrhorm9q1Xl,https://api.spotify.com/v1/tracks/6De0lHrwBfPfrhorm9q1Xl,https://api.spotify.com/v1/audio-analysis/6De0lHrwBfPfrhorm9q1Xl,205715,4
31,Stargazing,Kygo,1511742,https://open.spotify.com/track/0Zbbxnx4SGGHoIow4PpISP,0Zbbxnx4SGGHoIow4PpISP,0.677,0.497,5,-5.763,1,0.0809,0.152,0,0.0911,0.419,99.137,audio_features,0Zbbxnx4SGGHoIow4PpISP,spotify:track:0Zbbxnx4SGGHoIow4PpISP,https://api.spotify.com/v1/tracks/0Zbbxnx4SGGHoIow4PpISP,https://api.spotify.com/v1/audio-analysis/0Zbbxnx4SGGHoIow4PpISP,236853,4
32,Lonely Together (feat. Rita Ora),Avicii,1490222,https://open.spotify.com/track/2OALaHcDdKkjYEpAr0Qzab,2OALaHcDdKkjYEpAr0Qzab,0.655,0.666,5,-5.309,1,0.0612,0.134,2.12e-05,0.0683,0.272,102.977,audio_features,2OALaHcDdKkjYEpAr0Qzab,spotify:track:2OALaHcDdKkjYEpAr0Qzab,https://api.spotify.com/v1/tracks/2OALaHcDdKkjYEpAr0Qzab,https://api.spotify.com/v1/audio-analysis/2OALaHcDdKkjYEpAr0Qzab,181812,4
33,"Feels (feat. Pharrell Williams, Katy Perry & Big Sean)",Calvin Harris,1458075,https://open.spotify.com/track/5bcTCxgc7xVfSaMV3RuVke,5bcTCxgc7xVfSaMV3RuVke,0.893,0.745,11,-3.105,0,0.0571,0.0642,0,0.0943,0.872,101.018,audio_features,5bcTCxgc7xVfSaMV3RuVke,spotify:track:5bcTCxgc7xVfSaMV3RuVke,https://api.spotify.com/v1/tracks/5bcTCxgc7xVfSaMV3RuVke,https://api.spotify.com/v1/audio-analysis/5bcTCxgc7xVfSaMV3RuVke,223413,4
34,Se Preparó,Ozuna,1447277,https://open.spotify.com/track/1m69ELEgE6k5ZWsap40ozt,1m69ELEgE6k5ZWsap40ozt,0.739,0.821,1,-4.233,1,0.0852,0.222,9.6e-06,0.311,0.693,171.077,audio_features,1m69ELEgE6k5ZWsap40ozt,spotify:track:1m69ELEgE6k5ZWsap40ozt,https://api.spotify.com/v1/tracks/1m69ELEgE6k5ZWsap40ozt,https://api.spotify.com/v1/audio-analysis/1m69ELEgE6k5ZWsap40ozt,188080,4
35,How Long,Charlie Puth,1412125,https://open.spotify.com/track/32DGGj6KlNuBr6WaqRxpxi,32DGGj6KlNuBr6WaqRxpxi,0.849,0.581,1,-5.243,0,0.0767,0.189,3.61e-06,0.0805,0.779,110.008,audio_features,32DGGj6KlNuBr6WaqRxpxi,spotify:track:32DGGj6KlNuBr6WaqRxpxi,https://api.spotify.com/v1/tracks/32DGGj6KlNuBr6WaqRxpxi,https://api.spotify.com/v1/audio-analysis/32DGGj6KlNuBr6WaqRxpxi,198237,4
36,Despacito - Remix,Luis Fonsi,1407900,https://open.spotify.com/track/5CtI0qwDJkDQGwXD1H1cLb,5CtI0qwDJkDQGwXD1H1cLb,0.694,0.815,2,-4.328,1,0.12,0.229,0,0.0924,0.813,88.931,audio_features,5CtI0qwDJkDQGwXD1H1cLb,spotify:track:5CtI0qwDJkDQGwXD1H1cLb,https://api.spotify.com/v1/tracks/5CtI0qwDJkDQGwXD1H1cLb,https://api.spotify.com/v1/audio-analysis/5CtI0qwDJkDQGwXD1H1cLb,228827,4
37,Let You Down,NF,1389720,https://open.spotify.com/track/6mrKP2jyIQmM0rw6fQryjr,6mrKP2jyIQmM0rw6fQryjr,0.659,0.716,5,-5.673,0,0.111,0.33,0,0.173,0.437,148.015,audio_features,6mrKP2jyIQmM0rw6fQryjr,spotify:track:6mrKP2jyIQmM0rw6fQryjr,https://api.spotify.com/v1/tracks/6mrKP2jyIQmM0rw6fQryjr,https://api.spotify.com/v1/audio-analysis/6mrKP2jyIQmM0rw6fQryjr,212120,4
38,HUMBLE.,Kendrick Lamar,1347424,https://open.spotify.com/track/7KXjTSCq5nL1LoYtL7XAwS,7KXjTSCq5nL1LoYtL7XAwS,0.908,0.621,1,-6.638,0,0.102,0.000282,5.39e-05,0.0958,0.421,150.011,audio_features,7KXjTSCq5nL1LoYtL7XAwS,spotify:track:7KXjTSCq5nL1LoYtL7XAwS,https://api.spotify.com/v1/tracks/7KXjTSCq5nL1LoYtL7XAwS,https://api.spotify.com/v1/audio-analysis/7KXjTSCq5nL1LoYtL7XAwS,177000,4
39,Mayores,Becky G,1336565,https://open.spotify.com/track/7JNh1cfm0eXjqFVOzKLyau,7JNh1cfm0eXjqFVOzKLyau,0.743,0.855,5,-3.976,0,0.0436,0.141,0.0045,0.099,0.871,96.989,audio_features,7JNh1cfm0eXjqFVOzKLyau,spotify:track:7JNh1cfm0eXjqFVOzKLyau,https://api.spotify.com/v1/tracks/7JNh1cfm0eXjqFVOzKLyau,https://api.spotify.com/v1/audio-analysis/7JNh1cfm0eXjqFVOzKLyau,202453,4
40,More Than You Know,Axwell /\ Ingrosso,1336144,https://open.spotify.com/track/3PEgB3fkiojxms35ntsTgs,3PEgB3fkiojxms35ntsTgs,0.644,0.743,5,-5.002,0,0.0355,0.034,0,0.257,0.544,123.074,audio_features,3PEgB3fkiojxms35ntsTgs,spotify:track:3PEgB3fkiojxms35ntsTgs,https://api.spotify.com/v1/tracks/3PEgB3fkiojxms35ntsTgs,https://api.spotify.com/v1/audio-analysis/3PEgB3fkiojxms35ntsTgs,203000,4
41,Back to You (feat. Bebe Rexha & Digital Farm Animals),Louis Tomlinson,1327334,https://open.spotify.com/track/7F9vK8hNFMml4GtHsaXui6,7F9vK8hNFMml4GtHsaXui6,0.683,0.53,5,-4.918,0,0.142,0.207,0,0.394,0.645,75.016,audio_features,7F9vK8hNFMml4GtHsaXui6,spotify:track:7F9vK8hNFMml4GtHsaXui6,https://api.spotify.com/v1/tracks/7F9vK8hNFMml4GtHsaXui6,https://api.spotify.com/v1/audio-analysis/7F9vK8hNFMml4GtHsaXui6,190428,4
42,Without You (feat. Sandro Cavazza),Avicii,1319142,https://open.spotify.com/track/6WbADFqMvR8N5u0BvtsWQE,6WbADFqMvR8N5u0BvtsWQE,0.652,0.855,2,-4.832,1,0.0441,0.00179,0,0.0404,0.279,134.009,audio_features,6WbADFqMvR8N5u0BvtsWQE,spotify:track:6WbADFqMvR8N5u0BvtsWQE,https://api.spotify.com/v1/tracks/6WbADFqMvR8N5u0BvtsWQE,https://api.spotify.com/v1/audio-analysis/6WbADFqMvR8N5u0BvtsWQE,181673,4
43,Criminal,Natti Natasha,1301095,https://open.spotify.com/track/2SmgFAhQkQCQPyBiBxR6Te,2SmgFAhQkQCQPyBiBxR6Te,0.816,0.806,2,-3.023,0,0.0563,0.0347,9.01e-05,0.255,0.822,79.987,audio_features,2SmgFAhQkQCQPyBiBxR6Te,spotify:track:2SmgFAhQkQCQPyBiBxR6Te,https://api.spotify.com/v1/tracks/2SmgFAhQkQCQPyBiBxR6Te,https://api.spotify.com/v1/audio-analysis/2SmgFAhQkQCQPyBiBxR6Te,232550,4
44,I Like Me Better,Lauv,1275820,https://open.spotify.com/track/1wjzFQodRWrPcQ0AnYnvQ9,1wjzFQodRWrPcQ0AnYnvQ9,0.752,0.505,9,-7.621,1,0.253,0.535,2.55e-06,0.104,0.419,91.97,audio_features,1wjzFQodRWrPcQ0AnYnvQ9,spotify:track:1wjzFQodRWrPcQ0AnYnvQ9,https://api.spotify.com/v1/tracks/1wjzFQodRWrPcQ0AnYnvQ9,https://api.spotify.com/v1/audio-analysis/1wjzFQodRWrPcQ0AnYnvQ9,197437,4
45,Wild Thoughts (feat. Rihanna & Bryson Tiller),DJ Khaled,1261468,https://open.spotify.com/track/1OAh8uOEOvTDqkKFsKksCi,1OAh8uOEOvTDqkKFsKksCi,0.671,0.672,0,-3.094,0,0.0688,0.0329,0,0.118,0.632,97.979,audio_features,1OAh8uOEOvTDqkKFsKksCi,spotify:track:1OAh8uOEOvTDqkKFsKksCi,https://api.spotify.com/v1/tracks/1OAh8uOEOvTDqkKFsKksCi,https://api.spotify.com/v1/audio-analysis/1OAh8uOEOvTDqkKFsKksCi,204173,4
46,Mama,Jonas Blue,1245161,https://open.spotify.com/track/0NiXXAI876aGImAd6rTj8w,0NiXXAI876aGImAd6rTj8w,0.739,0.792,11,-4.256,0,0.0418,0.091,0,0.0516,0.547,104.016,audio_features,0NiXXAI876aGImAd6rTj8w,spotify:track:0NiXXAI876aGImAd6rTj8w,https://api.spotify.com/v1/tracks/0NiXXAI876aGImAd6rTj8w,https://api.spotify.com/v1/audio-analysis/0NiXXAI876aGImAd6rTj8w,181615,4
47,I Get the Bag (feat. Migos),Gucci Mane,1235144,https://open.spotify.com/track/1XRgIKC5TPwo7nWGyKqgG0,1XRgIKC5TPwo7nWGyKqgG0,0.89,0.633,11,-5.475,1,0.168,0.0232,0.000343,0.0993,0.425,139.948,audio_features,1XRgIKC5TPwo7nWGyKqgG0,spotify:track:1XRgIKC5TPwo7nWGyKqgG0,https://api.spotify.com/v1/tracks/1XRgIKC5TPwo7nWGyKqgG0,https://api.spotify.com/v1/audio-analysis/1XRgIKC5TPwo7nWGyKqgG0,233087,4
48,There's Nothing Holdin' Me Back,Shawn Mendes,1223998,https://open.spotify.com/track/79cuOz3SPQTuFrp8WgftAu,79cuOz3SPQTuFrp8WgftAu,0.857,0.8,2,-4.035,1,0.0583,0.381,0,0.0913,0.966,121.996,audio_features,79cuOz3SPQTuFrp8WgftAu,spotify:track:79cuOz3SPQTuFrp8WgftAu,https://api.spotify.com/v1/tracks/79cuOz3SPQTuFrp8WgftAu,https://api.spotify.com/v1/audio-analysis/79cuOz3SPQTuFrp8WgftAu,199440,4
49,Strip That Down,Liam Payne,1218006,https://open.spotify.com/track/6EpRaXYhGOB3fj4V2uDkMJ,6EpRaXYhGOB3fj4V2uDkMJ,0.869,0.485,6,-5.595,1,0.0545,0.246,0,0.0765,0.527,106.028,audio_features,6EpRaXYhGOB3fj4V2uDkMJ,spotify:track:6EpRaXYhGOB3fj4V2uDkMJ,https://api.spotify.com/v1/tracks/6EpRaXYhGOB3fj4V2uDkMJ,https://api.spotify.com/v1/audio-analysis/6EpRaXYhGOB3fj4V2uDkMJ,204502,4
50,Believer,Imagine Dragons,1202029,https://open.spotify.com/track/0CcQNd8CINkwQfe1RDtGV6,0CcQNd8CINkwQfe1RDtGV6,0.779,0.787,10,-4.305,0,0.108,0.0524,0,0.14,0.708,124.982,audio_features,0CcQNd8CINkwQfe1RDtGV6,spotify:track:0CcQNd8CINkwQfe1RDtGV6,https://api.spotify.com/v1/tracks/0CcQNd8CINkwQfe1RDtGV6,https://api.spotify.com/v1/audio-analysis/0CcQNd8CINkwQfe1RDtGV6,204347,4
51,"Let Me Go (with Alesso, Florida Georgia Line & watt)",Hailee Steinfeld,1160596,https://open.spotify.com/track/5AEtlRudpgdT5FtNiuly6Y,5AEtlRudpgdT5FtNiuly6Y,0.659,0.717,8,-4.202,1,0.0581,0.0393,0,0.0769,0.71,103.036,audio_features,5AEtlRudpgdT5FtNiuly6Y,spotify:track:5AEtlRudpgdT5FtNiuly6Y,https://api.spotify.com/v1/tracks/5AEtlRudpgdT5FtNiuly6Y,https://api.spotify.com/v1/audio-analysis/5AEtlRudpgdT5FtNiuly6Y,174800,4
52,Bonita,J Balvin,1124798,https://open.spotify.com/track/693iqPOQvhI7PobtR8CC8v,693iqPOQvhI7PobtR8CC8v,0.782,0.868,5,-1.715,0,0.04,0.0106,0.00252,0.29,0.884,96.042,audio_features,693iqPOQvhI7PobtR8CC8v,spotify:track:693iqPOQvhI7PobtR8CC8v,https://api.spotify.com/v1/tracks/693iqPOQvhI7PobtR8CC8v,https://api.spotify.com/v1/audio-analysis/693iqPOQvhI7PobtR8CC8v,265747,4
53,Felices los 4,Maluma,1114706,https://open.spotify.com/track/0qYTZCo5Bwh1nsUFGZP3zn,0qYTZCo5Bwh1nsUFGZP3zn,0.755,0.789,5,-4.502,1,0.146,0.231,0,0.351,0.737,93.973,audio_features,0qYTZCo5Bwh1nsUFGZP3zn,spotify:track:0qYTZCo5Bwh1nsUFGZP3zn,https://api.spotify.com/v1/tracks/0qYTZCo5Bwh1nsUFGZP3zn,https://api.spotify.com/v1/audio-analysis/0qYTZCo5Bwh1nsUFGZP3zn,229849,4
54,Something Just Like This,The Chainsmokers,1037165,https://open.spotify.com/track/6RUKPb4LETWmmr3iAEQktW,6RUKPb4LETWmmr3iAEQktW,0.617,0.635,11,-6.769,0,0.0317,0.0498,1.44e-05,0.164,0.446,103.019,audio_features,6RUKPb4LETWmmr3iAEQktW,spotify:track:6RUKPb4LETWmmr3iAEQktW,https://api.spotify.com/v1/tracks/6RUKPb4LETWmmr3iAEQktW,https://api.spotify.com/v1/audio-analysis/6RUKPb4LETWmmr3iAEQktW,247160,4
55,Pray,Sam Smith,1036911,https://open.spotify.com/track/0D8ZpOXVjapLXrjz5VfZSD,0D8ZpOXVjapLXrjz5VfZSD,0.381,0.379,4,-9.36,0,0.0501,0.292,2.79e-06,0.0864,0.153,175.067,audio_features,0D8ZpOXVjapLXrjz5VfZSD,spotify:track:0D8ZpOXVjapLXrjz5VfZSD,https://api.spotify.com/v1/tracks/0D8ZpOXVjapLXrjz5VfZSD,https://api.spotify.com/v1/audio-analysis/0D8ZpOXVjapLXrjz5VfZSD,221596,3
56,Báilame - Remix,Nacho,1036491,https://open.spotify.com/track/3VClLWqNn80Llv0PJOsKgr,3VClLWqNn80Llv0PJOsKgr,0.791,0.866,6,-4.236,1,0.0497,0.248,5.29e-06,0.0696,0.71,96.011,audio_features,3VClLWqNn80Llv0PJOsKgr,spotify:track:3VClLWqNn80Llv0PJOsKgr,https://api.spotify.com/v1/tracks/3VClLWqNn80Llv0PJOsKgr,https://api.spotify.com/v1/audio-analysis/3VClLWqNn80Llv0PJOsKgr,217080,4
57,BUTTERFLY EFFECT,Travis Scott,1002205,https://open.spotify.com/track/1yxgsra98r3qAtxqiGZPiX,1yxgsra98r3qAtxqiGZPiX,0.763,0.598,11,-6.865,1,0.0539,0.0714,0,0.112,0.182,140.987,audio_features,1yxgsra98r3qAtxqiGZPiX,spotify:track:1yxgsra98r3qAtxqiGZPiX,https://api.spotify.com/v1/tracks/1yxgsra98r3qAtxqiGZPiX,https://api.spotify.com/v1/audio-analysis/1yxgsra98r3qAtxqiGZPiX,190678,4
58,The Way Life Goes (feat. Oh Wonder),Lil Uzi Vert,992008,https://open.spotify.com/track/2eAZfqOm4EnOF9VvN50Tyc,2eAZfqOm4EnOF9VvN50Tyc,0.703,0.757,1,-3.612,1,0.05,0.617,0,0.106,0.696,82.008,audio_features,2eAZfqOm4EnOF9VvN50Tyc,spotify:track:2eAZfqOm4EnOF9VvN50Tyc,https://api.spotify.com/v1/tracks/2eAZfqOm4EnOF9VvN50Tyc,https://api.spotify.com/v1/audio-analysis/2eAZfqOm4EnOF9VvN50Tyc,221747,4
59,Go Flex,Post Malone,990312,https://open.spotify.com/track/5yuShbu70mtHXY0yLzCQLQ,5yuShbu70mtHXY0yLzCQLQ,0.665,0.498,5,-8.185,1,0.0832,0.228,0,0.0757,0.127,81.967,audio_features,5yuShbu70mtHXY0yLzCQLQ,spotify:track:5yuShbu70mtHXY0yLzCQLQ,https://api.spotify.com/v1/tracks/5yuShbu70mtHXY0yLzCQLQ,https://api.spotify.com/v1/audio-analysis/5yuShbu70mtHXY0yLzCQLQ,179613,4
60,Escápate Conmigo,Wisin,986008,https://open.spotify.com/track/2cnKEkpVUSV4wnjQiTWfH6,2cnKEkpVUSV4wnjQiTWfH6,0.747,0.864,8,-3.181,0,0.0599,0.0245,4.46e-05,0.0853,0.754,92.028,audio_features,2cnKEkpVUSV4wnjQiTWfH6,spotify:track:2cnKEkpVUSV4wnjQiTWfH6,https://api.spotify.com/v1/tracks/2cnKEkpVUSV4wnjQiTWfH6,https://api.spotify.com/v1/audio-analysis/2cnKEkpVUSV4wnjQiTWfH6,232787,4
61,Too Much To Ask,Niall Horan,975641,https://open.spotify.com/track/3hRZsdTF5uyGA2uhNqEuhm,3hRZsdTF5uyGA2uhNqEuhm,0.517,0.552,0,-6.401,1,0.039,0.375,0,0.106,0.196,153.747,audio_features,3hRZsdTF5uyGA2uhNqEuhm,spotify:track:3hRZsdTF5uyGA2uhNqEuhm,https://api.spotify.com/v1/tracks/3hRZsdTF5uyGA2uhNqEuhm,https://api.spotify.com/v1/audio-analysis/3hRZsdTF5uyGA2uhNqEuhm,223044,4
62,"Homemade Dynamite (Feat. Khalid, Post Malone & SZA) - REMIX",Lorde,962246,https://open.spotify.com/track/69Naniu2KjKjaQOBUagE8U,69Naniu2KjKjaQOBUagE8U,0.541,0.557,0,-5.094,0,0.173,0.272,0,0.156,0.173,106.122,audio_features,69Naniu2KjKjaQOBUagE8U,spotify:track:69Naniu2KjKjaQOBUagE8U,https://api.spotify.com/v1/tracks/69Naniu2KjKjaQOBUagE8U,https://api.spotify.com/v1/audio-analysis/69Naniu2KjKjaQOBUagE8U,214255,4
63,Que Va,Alex Sensation,936161,https://open.spotify.com/track/7ofxPmTNMj2GP07g1VZa0O,7ofxPmTNMj2GP07g1VZa0O,0.771,0.835,0,-3.388,1,0.0507,0.13,0,0.0601,0.817,91.012,audio_features,7ofxPmTNMj2GP07g1VZa0O,spotify:track:7ofxPmTNMj2GP07g1VZa0O,https://api.spotify.com/v1/tracks/7ofxPmTNMj2GP07g1VZa0O,https://api.spotify.com/v1/audio-analysis/7ofxPmTNMj2GP07g1VZa0O,238160,4
64,Reggaetón Lento (Remix),CNCO,934441,https://open.spotify.com/track/3zoYkqS4y2BsGVShPL2nTE,3zoYkqS4y2BsGVShPL2nTE,0.527,0.907,4,-3.09,0,0.11,0.154,0,0.0993,0.664,93.813,audio_features,3zoYkqS4y2BsGVShPL2nTE,spotify:track:3zoYkqS4y2BsGVShPL2nTE,https://api.spotify.com/v1/tracks/3zoYkqS4y2BsGVShPL2nTE,https://api.spotify.com/v1/audio-analysis/3zoYkqS4y2BsGVShPL2nTE,188797,4
65,Good Old Days (feat. Kesha),Macklemore,932715,https://open.spotify.com/track/2Za1AlJNvksouPPWbXpR2X,2Za1AlJNvksouPPWbXpR2X,0.712,0.51,8,-8.162,1,0.0633,0.446,2.46e-05,0.112,0.268,122.964,audio_features,2Za1AlJNvksouPPWbXpR2X,spotify:track:2Za1AlJNvksouPPWbXpR2X,https://api.spotify.com/v1/tracks/2Za1AlJNvksouPPWbXpR2X,https://api.spotify.com/v1/audio-analysis/2Za1AlJNvksouPPWbXpR2X,240507,4
66,"I'm the One (feat. Justin Bieber, Quavo, Chance the Rapper & Lil Wayne)",DJ Khaled,918974,https://open.spotify.com/track/3DXncPQOG4VBw3QHh3S817,3DXncPQOG4VBw3QHh3S817,0.609,0.668,7,-4.284,1,0.0367,0.0552,0,0.167,0.811,80.924,audio_features,3DXncPQOG4VBw3QHh3S817,spotify:track:3DXncPQOG4VBw3QHh3S817,https://api.spotify.com/v1/tracks/3DXncPQOG4VBw3QHh3S817,https://api.spotify.com/v1/audio-analysis/3DXncPQOG4VBw3QHh3S817,288600,4
67,Despacito (Featuring Daddy Yankee),Luis Fonsi,904144,https://open.spotify.com/track/4aWmUDTfIPGksMNLV2rQP2,4aWmUDTfIPGksMNLV2rQP2,0.66,0.786,2,-4.757,1,0.17,0.209,0,0.112,0.846,177.833,audio_features,4aWmUDTfIPGksMNLV2rQP2,spotify:track:4aWmUDTfIPGksMNLV2rQP2,https://api.spotify.com/v1/tracks/4aWmUDTfIPGksMNLV2rQP2,https://api.spotify.com/v1/audio-analysis/4aWmUDTfIPGksMNLV2rQP2,228200,4
68,Una Lady Como Tú,Manuel Turizo,903103,https://open.spotify.com/track/7MHN1aCFtLXjownGhvEQlF,7MHN1aCFtLXjownGhvEQlF,0.788,0.477,4,-7.348,1,0.0434,0.549,0,0.349,0.86,94.983,audio_features,7MHN1aCFtLXjownGhvEQlF,spotify:track:7MHN1aCFtLXjownGhvEQlF,https://api.spotify.com/v1/tracks/7MHN1aCFtLXjownGhvEQlF,https://api.spotify.com/v1/audio-analysis/7MHN1aCFtLXjownGhvEQlF,213027,4
69,Robarte un Beso,Carlos Vives,900321,https://open.spotify.com/track/4z3GJkrtH97Bj6fRta983T,4z3GJkrtH97Bj6fRta983T,0.748,0.884,10,-3.556,1,0.0501,0.0902,0,0.361,0.678,95.046,audio_features,4z3GJkrtH97Bj6fRta983T,spotify:track:4z3GJkrtH97Bj6fRta983T,https://api.spotify.com/v1/tracks/4z3GJkrtH97Bj6fRta983T,https://api.spotify.com/v1/audio-analysis/4z3GJkrtH97Bj6fRta983T,193159,4
70,Location,Khalid,892260,https://open.spotify.com/track/152lZdxL1OR0ZMW6KquMif,152lZdxL1OR0ZMW6KquMif,0.736,0.449,1,-11.462,0,0.425,0.33,0.000162,0.0898,0.326,80.126,audio_features,152lZdxL1OR0ZMW6KquMif,spotify:track:152lZdxL1OR0ZMW6KquMif,https://api.spotify.com/v1/tracks/152lZdxL1OR0ZMW6KquMif,https://api.spotify.com/v1/audio-analysis/152lZdxL1OR0ZMW6KquMif,219080,4
71,A Different Way (with Lauv),DJ Snake,887609,https://open.spotify.com/track/0Wv5wuenRLI3BcwgT3HPIP,0Wv5wuenRLI3BcwgT3HPIP,0.781,0.765,8,-4.092,1,0.0385,0.534,0,0.152,0.564,104.987,audio_features,0Wv5wuenRLI3BcwgT3HPIP,spotify:track:0Wv5wuenRLI3BcwgT3HPIP,https://api.spotify.com/v1/tracks/0Wv5wuenRLI3BcwgT3HPIP,https://api.spotify.com/v1/audio-analysis/0Wv5wuenRLI3BcwgT3HPIP,198286,4
72,2U (feat. Justin Bieber),David Guetta,868968,https://open.spotify.com/track/3A7qX2QjDlPnazUsRk5y0M,3A7qX2QjDlPnazUsRk5y0M,0.548,0.65,8,-5.827,0,0.0591,0.219,0,0.225,0.557,144.937,audio_features,3A7qX2QjDlPnazUsRk5y0M,spotify:track:3A7qX2QjDlPnazUsRk5y0M,https://api.spotify.com/v1/tracks/3A7qX2QjDlPnazUsRk5y0M,https://api.spotify.com/v1/audio-analysis/3A7qX2QjDlPnazUsRk5y0M,194897,4
73,goosebumps,Travis Scott,858491,https://open.spotify.com/track/6gBFPUFcJLzWGx4lenP6h2,6gBFPUFcJLzWGx4lenP6h2,0.841,0.728,7,-3.37,1,0.0484,0.0847,0,0.149,0.43,130.049,audio_features,6gBFPUFcJLzWGx4lenP6h2,spotify:track:6gBFPUFcJLzWGx4lenP6h2,https://api.spotify.com/v1/tracks/6gBFPUFcJLzWGx4lenP6h2,https://api.spotify.com/v1/audio-analysis/6gBFPUFcJLzWGx4lenP6h2,243837,4
74,Questions,Chris Brown,855588,https://open.spotify.com/track/5XQMr19TL7Mfksq9zihbOu,5XQMr19TL7Mfksq9zihbOu,0.614,0.598,10,-6.335,0,0.0561,0.00543,0,0.1,0.565,105.803,audio_features,5XQMr19TL7Mfksq9zihbOu,spotify:track:5XQMr19TL7Mfksq9zihbOu,https://api.spotify.com/v1/tracks/5XQMr19TL7Mfksq9zihbOu,https://api.spotify.com/v1/audio-analysis/5XQMr19TL7Mfksq9zihbOu,129478,4
75,Swalla (feat. Nicki Minaj & Ty Dolla $ign),Jason Derulo,827962,https://open.spotify.com/track/6kex4EBAj0WHXDKZMEJaaF,6kex4EBAj0WHXDKZMEJaaF,0.696,0.817,1,-3.862,1,0.109,0.075,0,0.187,0.782,98.064,audio_features,6kex4EBAj0WHXDKZMEJaaF,spotify:track:6kex4EBAj0WHXDKZMEJaaF,https://api.spotify.com/v1/tracks/6kex4EBAj0WHXDKZMEJaaF,https://api.spotify.com/v1/audio-analysis/6kex4EBAj0WHXDKZMEJaaF,216409,4
76,Meant to Be (feat. Florida Georgia Line),Bebe Rexha,827231,https://open.spotify.com/track/7iDa6hUg2VgEL1o1HjmfBn,7iDa6hUg2VgEL1o1HjmfBn,0.643,0.783,10,-6.458,1,0.0856,0.047,0,0.083,0.579,154.084,audio_features,7iDa6hUg2VgEL1o1HjmfBn,spotify:track:7iDa6hUg2VgEL1o1HjmfBn,https://api.spotify.com/v1/tracks/7iDa6hUg2VgEL1o1HjmfBn,https://api.spotify.com/v1/audio-analysis/7iDa6hUg2VgEL1o1HjmfBn,163870,4
77,Ahora Dice,Chris Jeday,797480,https://open.spotify.com/track/22eADXu8DfOAUEDw4vU8qy,22eADXu8DfOAUEDw4vU8qy,0.708,0.693,6,-5.516,1,0.138,0.246,0,0.129,0.427,143.965,audio_features,22eADXu8DfOAUEDw4vU8qy,spotify:track:22eADXu8DfOAUEDw4vU8qy,https://api.spotify.com/v1/tracks/22eADXu8DfOAUEDw4vU8qy,https://api.spotify.com/v1/audio-analysis/22eADXu8DfOAUEDw4vU8qy,271080,4
78,Suena El Dembow,Joey Montana,796852,https://open.spotify.com/track/5TysCiZtv1HnSWcTcUFusI,5TysCiZtv1HnSWcTcUFusI,0.688,0.859,0,-4.447,1,0.0609,0.186,0,0.121,0.695,92.042,audio_features,5TysCiZtv1HnSWcTcUFusI,spotify:track:5TysCiZtv1HnSWcTcUFusI,https://api.spotify.com/v1/tracks/5TysCiZtv1HnSWcTcUFusI,https://api.spotify.com/v1/audio-analysis/5TysCiZtv1HnSWcTcUFusI,195813,4
79,Perro Fiel (feat. Nicky Jam),Shakira,793590,https://open.spotify.com/track/70lnL3QaSOIIyMa2X9aVRL,70lnL3QaSOIIyMa2X9aVRL,0.75,0.76,1,-4.836,1,0.198,0.187,0,0.0548,0.893,183.817,audio_features,70lnL3QaSOIIyMa2X9aVRL,spotify:track:70lnL3QaSOIIyMa2X9aVRL,https://api.spotify.com/v1/tracks/70lnL3QaSOIIyMa2X9aVRL,https://api.spotify.com/v1/audio-analysis/70lnL3QaSOIIyMa2X9aVRL,195213,4
80,Say You Won't Let Go,James Arthur,792888,https://open.spotify.com/track/5uCax9HTNlzGybIStD3vDh,5uCax9HTNlzGybIStD3vDh,0.358,0.557,10,-7.398,1,0.059,0.695,0,0.0902,0.494,85.043,audio_features,5uCax9HTNlzGybIStD3vDh,spotify:track:5uCax9HTNlzGybIStD3vDh,https://api.spotify.com/v1/tracks/5uCax9HTNlzGybIStD3vDh,https://api.spotify.com/v1/audio-analysis/5uCax9HTNlzGybIStD3vDh,211467,4
81,Slow Hands,Niall Horan,786808,https://open.spotify.com/track/167NczpNbRF7oWakJaY3Hh,167NczpNbRF7oWakJaY3Hh,0.728,0.426,0,-6.69,1,0.0509,0.0142,0,0.0546,0.844,85.908,audio_features,167NczpNbRF7oWakJaY3Hh,spotify:track:167NczpNbRF7oWakJaY3Hh,https://api.spotify.com/v1/tracks/167NczpNbRF7oWakJaY3Hh,https://api.spotify.com/v1/audio-analysis/167NczpNbRF7oWakJaY3Hh,188174,4
82,Your Song,Rita Ora,768517,https://open.spotify.com/track/4c2W3VKsOFoIg2SFaO6DY5,4c2W3VKsOFoIg2SFaO6DY5,0.855,0.624,1,-4.093,1,0.0488,0.158,0,0.0513,0.962,117.959,audio_features,4c2W3VKsOFoIg2SFaO6DY5,spotify:track:4c2W3VKsOFoIg2SFaO6DY5,https://api.spotify.com/v1/tracks/4c2W3VKsOFoIg2SFaO6DY5,https://api.spotify.com/v1/audio-analysis/4c2W3VKsOFoIg2SFaO6DY5,180757,4
83,Tú Foto,Ozuna,764927,https://open.spotify.com/track/5zSOVwaY3sVjnmLhuEfsuf,5zSOVwaY3sVjnmLhuEfsuf,0.748,0.565,7,-5.895,1,0.0476,0.164,0.00169,0.103,0.812,175.92,audio_features,5zSOVwaY3sVjnmLhuEfsuf,spotify:track:5zSOVwaY3sVjnmLhuEfsuf,https://api.spotify.com/v1/tracks/5zSOVwaY3sVjnmLhuEfsuf,https://api.spotify.com/v1/audio-analysis/5zSOVwaY3sVjnmLhuEfsuf,193227,4
84,Fuck Love (feat. Trippie Redd),XXXTENTACION,757174,https://open.spotify.com/track/7AQim7LbvFVZJE3O8TYgf2,7AQim7LbvFVZJE3O8TYgf2,0.797,0.533,0,-9.74,0,0.0412,0.0172,0.000152,0.103,0.329,131.036,audio_features,7AQim7LbvFVZJE3O8TYgf2,spotify:track:7AQim7LbvFVZJE3O8TYgf2,https://api.spotify.com/v1/tracks/7AQim7LbvFVZJE3O8TYgf2,https://api.spotify.com/v1/audio-analysis/7AQim7LbvFVZJE3O8TYgf2,146520,4
85,Bad At Love,Halsey,747233,https://open.spotify.com/track/7y9iMe8SOB6z3NoHE2OfXl,7y9iMe8SOB6z3NoHE2OfXl,0.675,0.751,0,-3.539,1,0.0296,0.0604,0,0.0893,0.612,118.384,audio_features,7y9iMe8SOB6z3NoHE2OfXl,spotify:track:7y9iMe8SOB6z3NoHE2OfXl,https://api.spotify.com/v1/tracks/7y9iMe8SOB6z3NoHE2OfXl,https://api.spotify.com/v1/audio-analysis/7y9iMe8SOB6z3NoHE2OfXl,181279,4
86,Mask Off,Future,745062,https://open.spotify.com/track/3rOSwuTsUlJp0Pu0MkN8r8,3rOSwuTsUlJp0Pu0MkN8r8,0.833,0.434,2,-8.795,1,0.431,0.0102,0.0219,0.165,0.281,150.062,audio_features,3rOSwuTsUlJp0Pu0MkN8r8,spotify:track:3rOSwuTsUlJp0Pu0MkN8r8,https://api.spotify.com/v1/tracks/3rOSwuTsUlJp0Pu0MkN8r8,https://api.spotify.com/v1/audio-analysis/3rOSwuTsUlJp0Pu0MkN8r8,204600,4
87,There for You,Martin Garrix,742790,https://open.spotify.com/track/6jA8HL9i4QGzsj6fjoxp8Y,6jA8HL9i4QGzsj6fjoxp8Y,0.611,0.644,6,-7.607,0,0.0553,0.124,0,0.124,0.13,105.969,audio_features,6jA8HL9i4QGzsj6fjoxp8Y,spotify:track:6jA8HL9i4QGzsj6fjoxp8Y,https://api.spotify.com/v1/tracks/6jA8HL9i4QGzsj6fjoxp8Y,https://api.spotify.com/v1/audio-analysis/6jA8HL9i4QGzsj6fjoxp8Y,221904,4
88,Symphony (feat. Zara Larsson),Clean Bandit,733061,https://open.spotify.com/track/1x5sYLZiu9r5E43kMlt9f8,1x5sYLZiu9r5E43kMlt9f8,0.707,0.629,0,-4.581,0,0.0563,0.259,1.6e-05,0.138,0.457,122.863,audio_features,1x5sYLZiu9r5E43kMlt9f8,spotify:track:1x5sYLZiu9r5E43kMlt9f8,https://api.spotify.com/v1/tracks/1x5sYLZiu9r5E43kMlt9f8,https://api.spotify.com/v1/audio-analysis/1x5sYLZiu9r5E43kMlt9f8,212459,4
89,Roll In Peace (feat. XXXTENTACION),Kodak Black,731361,https://open.spotify.com/track/40oKW22ZNNkEdZLJTScaQI,40oKW22ZNNkEdZLJTScaQI,0.747,0.524,10,-6.807,0,0.245,0.0306,0,0.2,0.363,140.053,audio_features,40oKW22ZNNkEdZLJTScaQI,spotify:track:40oKW22ZNNkEdZLJTScaQI,https://api.spotify.com/v1/tracks/40oKW22ZNNkEdZLJTScaQI,https://api.spotify.com/v1/audio-analysis/40oKW22ZNNkEdZLJTScaQI,213132,4
90,Slippery (feat. Gucci Mane),Migos,718024,https://open.spotify.com/track/6p8NuHm8uCGnn2Dtbtf7zE,6p8NuHm8uCGnn2Dtbtf7zE,0.92,0.674,1,-5.662,0,0.264,0.307,0,0.104,0.741,141.967,audio_features,6p8NuHm8uCGnn2Dtbtf7zE,spotify:track:6p8NuHm8uCGnn2Dtbtf7zE,https://api.spotify.com/v1/tracks/6p8NuHm8uCGnn2Dtbtf7zE,https://api.spotify.com/v1/audio-analysis/6p8NuHm8uCGnn2Dtbtf7zE,304041,4
91,That's What I Like,Bruno Mars,714030,https://open.spotify.com/track/0KKkJNfGyhkQ5aFogxQAPU,0KKkJNfGyhkQ5aFogxQAPU,0.853,0.56,1,-4.961,1,0.0406,0.013,0,0.0944,0.86,134.066,audio_features,0KKkJNfGyhkQ5aFogxQAPU,spotify:track:0KKkJNfGyhkQ5aFogxQAPU,https://api.spotify.com/v1/tracks/0KKkJNfGyhkQ5aFogxQAPU,https://api.spotify.com/v1/audio-analysis/0KKkJNfGyhkQ5aFogxQAPU,206693,4
92,Plain Jane,A$AP Ferg,703073,https://open.spotify.com/track/4dVpf9jZjcORqGTLUaeYj9,4dVpf9jZjcORqGTLUaeYj9,0.797,0.844,11,-5.482,1,0.275,0.0651,0,0.087,0.52,170.142,audio_features,4dVpf9jZjcORqGTLUaeYj9,spotify:track:4dVpf9jZjcORqGTLUaeYj9,https://api.spotify.com/v1/tracks/4dVpf9jZjcORqGTLUaeYj9,https://api.spotify.com/v1/audio-analysis/4dVpf9jZjcORqGTLUaeYj9,173600,4
93,Love Galore (feat. Travis Scott),SZA,702833,https://open.spotify.com/track/0q75NwOoFiARAVp4EXU4Bs,0q75NwOoFiARAVp4EXU4Bs,0.795,0.594,0,-6.2,1,0.0747,0.111,0,0.162,0.409,135.002,audio_features,0q75NwOoFiARAVp4EXU4Bs,spotify:track:0q75NwOoFiARAVp4EXU4Bs,https://api.spotify.com/v1/tracks/0q75NwOoFiARAVp4EXU4Bs,https://api.spotify.com/v1/audio-analysis/0q75NwOoFiARAVp4EXU4Bs,275080,4
94,Galway Girl,Ed Sheeran,699845,https://open.spotify.com/track/0afhq8XCExXpqazXczTSve,0afhq8XCExXpqazXczTSve,0.624,0.876,9,-3.374,1,0.1,0.0735,0,0.327,0.781,99.943,audio_features,0afhq8XCExXpqazXczTSve,spotify:track:0afhq8XCExXpqazXczTSve,https://api.spotify.com/v1/tracks/0afhq8XCExXpqazXczTSve,https://api.spotify.com/v1/audio-analysis/0afhq8XCExXpqazXczTSve,170827,4
95,...Ready For It?,Taylor Swift,695888,https://open.spotify.com/track/19WjVVgXjdKXfLXoaDPwTM,19WjVVgXjdKXfLXoaDPwTM,0.616,0.77,2,-6.5,1,0.142,0.0573,0,0.159,0.412,160.049,audio_features,19WjVVgXjdKXfLXoaDPwTM,spotify:track:19WjVVgXjdKXfLXoaDPwTM,https://api.spotify.com/v1/tracks/19WjVVgXjdKXfLXoaDPwTM,https://api.spotify.com/v1/audio-analysis/19WjVVgXjdKXfLXoaDPwTM,208198,4
96,Explícale (feat. Bad Bunny),Yandel,687825,https://open.spotify.com/track/1LszjjoVwDDZcWUQbzeDLG,1LszjjoVwDDZcWUQbzeDLG,0.808,0.69,1,-4.151,1,0.148,0.0583,0,0.103,0.64,125.086,audio_features,1LszjjoVwDDZcWUQbzeDLG,spotify:track:1LszjjoVwDDZcWUQbzeDLG,https://api.spotify.com/v1/tracks/1LszjjoVwDDZcWUQbzeDLG,https://api.spotify.com/v1/audio-analysis/1LszjjoVwDDZcWUQbzeDLG,223147,4
97,Pretty Girl - Cheat Codes X CADE Remix,Maggie Lindemann,684547,https://open.spotify.com/track/1NDxZ7cFAo481dtYWdrUnR,1NDxZ7cFAo481dtYWdrUnR,0.703,0.868,7,-4.661,0,0.0291,0.15,0.132,0.104,0.733,121.03,audio_features,1NDxZ7cFAo481dtYWdrUnR,spotify:track:1NDxZ7cFAo481dtYWdrUnR,https://api.spotify.com/v1/tracks/1NDxZ7cFAo481dtYWdrUnR,https://api.spotify.com/v1/audio-analysis/1NDxZ7cFAo481dtYWdrUnR,193613,4
98,It Ain't Me (with Selena Gomez),Kygo,677635,https://open.spotify.com/track/3eR23VReFzcdmS7TYCrhCe,3eR23VReFzcdmS7TYCrhCe,0.64,0.533,0,-6.596,1,0.0706,0.119,0,0.0864,0.515,99.968,audio_features,3eR23VReFzcdmS7TYCrhCe,spotify:track:3eR23VReFzcdmS7TYCrhCe,https://api.spotify.com/v1/tracks/3eR23VReFzcdmS7TYCrhCe,https://api.spotify.com/v1/audio-analysis/3eR23VReFzcdmS7TYCrhCe,220781,4
99,Hey DJ,CNCO,675831,https://open.spotify.com/track/209gZgcfLq2aUuu51vOWBl,209gZgcfLq2aUuu51vOWBl,0.792,0.819,5,-5.418,1,0.0867,0.0309,0,0.389,0.433,89.98,audio_features,209gZgcfLq2aUuu51vOWBl,spotify:track:209gZgcfLq2aUuu51vOWBl,https://api.spotify.com/v1/tracks/209gZgcfLq2aUuu51vOWBl,https://api.spotify.com/v1/audio-analysis/209gZgcfLq2aUuu51vOWBl,205520,4
100,El Farsante,Ozuna,675061,https://open.spotify.com/track/5EId1m4DNwTf3at31w8bPJ,5EId1m4DNwTf3at31w8bPJ,0.735,0.703,6,-4.249,1,0.0611,0.2,0,0.259,0.323,120.007,audio_features,5EId1m4DNwTf3at31w8bPJ,spotify:track:5EId1m4DNwTf3at31w8bPJ,https://api.spotify.com/v1/tracks/5EId1m4DNwTf3at31w8bPJ,https://api.spotify.com/v1/audio-analysis/5EId1m4DNwTf3at31w8bPJ,233827,4
101,If I'm Lucky,Jason Derulo,673712,https://open.spotify.com/track/6eUncuJutsFi9BGO1JaBHh,6eUncuJutsFi9BGO1JaBHh,0.897,0.634,4,-6.264,0,0.161,0.00413,0,0.0686,0.506,112.048,audio_features,6eUncuJutsFi9BGO1JaBHh,spotify:track:6eUncuJutsFi9BGO1JaBHh,https://api.spotify.com/v1/tracks/6eUncuJutsFi9BGO1JaBHh,https://api.spotify.com/v1/audio-analysis/6eUncuJutsFi9BGO1JaBHh,212014,4
102,Closer,The Chainsmokers,672159,https://open.spotify.com/track/7BKLCZ1jbUBVqRi2FVlTVw,7BKLCZ1jbUBVqRi2FVlTVw,0.748,0.524,8,-5.599,1,0.0338,0.414,0,0.111,0.661,95.01,audio_features,7BKLCZ1jbUBVqRi2FVlTVw,spotify:track:7BKLCZ1jbUBVqRi2FVlTVw,https://api.spotify.com/v1/tracks/7BKLCZ1jbUBVqRi2FVlTVw,https://api.spotify.com/v1/audio-analysis/7BKLCZ1jbUBVqRi2FVlTVw,244960,4
103,Redbone,Childish Gambino,669775,https://open.spotify.com/track/3kxfsdsCpFgN412fpnW85Y,3kxfsdsCpFgN412fpnW85Y,0.745,0.356,1,-10.425,1,0.0941,0.172,0.00943,0.123,0.607,160.033,audio_features,3kxfsdsCpFgN412fpnW85Y,spotify:track:3kxfsdsCpFgN412fpnW85Y,https://api.spotify.com/v1/tracks/3kxfsdsCpFgN412fpnW85Y,https://api.spotify.com/v1/audio-analysis/3kxfsdsCpFgN412fpnW85Y,326933,4
104,White Iverson,Post Malone,665303,https://open.spotify.com/track/6eT7xZZlB2mwyzJ2sUKG6w,6eT7xZZlB2mwyzJ2sUKG6w,0.675,0.562,7,-7.678,1,0.0352,0.233,0,0.0816,0.309,130.098,audio_features,6eT7xZZlB2mwyzJ2sUKG6w,spotify:track:6eT7xZZlB2mwyzJ2sUKG6w,https://api.spotify.com/v1/tracks/6eT7xZZlB2mwyzJ2sUKG6w,https://api.spotify.com/v1/audio-analysis/6eT7xZZlB2mwyzJ2sUKG6w,256533,4
105,Drowning (feat. Kodak Black),A Boogie Wit da Hoodie,658173,https://open.spotify.com/track/1f5cbQtDrykjarZVrShaDI,1f5cbQtDrykjarZVrShaDI,0.839,0.81,5,-5.274,0,0.0568,0.501,0,0.117,0.814,129.014,audio_features,1f5cbQtDrykjarZVrShaDI,spotify:track:1f5cbQtDrykjarZVrShaDI,https://api.spotify.com/v1/tracks/1f5cbQtDrykjarZVrShaDI,https://api.spotify.com/v1/audio-analysis/1f5cbQtDrykjarZVrShaDI,209269,4
106,Rake It Up,Yo Gotti,655259,https://open.spotify.com/track/6c7D34787LOtPm8tzhsLgH,6c7D34787LOtPm8tzhsLgH,0.91,0.444,1,-8.126,0,0.344,0.022,0,0.137,0.53,149.953,audio_features,6c7D34787LOtPm8tzhsLgH,spotify:track:6c7D34787LOtPm8tzhsLgH,https://api.spotify.com/v1/tracks/6c7D34787LOtPm8tzhsLgH,https://api.spotify.com/v1/audio-analysis/6c7D34787LOtPm8tzhsLgH,276333,4
107,Krippy Kush,Farruko,650367,https://open.spotify.com/track/7FfpP3YZ6fOWMdxkIAtud9,7FfpP3YZ6fOWMdxkIAtud9,0.708,0.56,9,-7.132,1,0.129,0.0668,0,0.111,0.411,163.043,audio_features,7FfpP3YZ6fOWMdxkIAtud9,spotify:track:7FfpP3YZ6fOWMdxkIAtud9,https://api.spotify.com/v1/tracks/7FfpP3YZ6fOWMdxkIAtud9,https://api.spotify.com/v1/audio-analysis/7FfpP3YZ6fOWMdxkIAtud9,230520,4
108,Stay (with Alessia Cara),Zedd,648580,https://open.spotify.com/track/0dA2Mk56wEzDgegdC6R17g,0dA2Mk56wEzDgegdC6R17g,0.679,0.634,5,-5.024,0,0.0654,0.232,0,0.115,0.498,102.013,audio_features,0dA2Mk56wEzDgegdC6R17g,spotify:track:0dA2Mk56wEzDgegdC6R17g,https://api.spotify.com/v1/tracks/0dA2Mk56wEzDgegdC6R17g,https://api.spotify.com/v1/audio-analysis/0dA2Mk56wEzDgegdC6R17g,210091,4
109,DNA,BTS,647604,https://open.spotify.com/track/5SE57ljOIUJ1ybL9U6CuBH,5SE57ljOIUJ1ybL9U6CuBH,0.598,0.775,1,-4.035,0,0.0545,0.022,0,0.0677,0.687,129.819,audio_features,5SE57ljOIUJ1ybL9U6CuBH,spotify:track:5SE57ljOIUJ1ybL9U6CuBH,https://api.spotify.com/v1/tracks/5SE57ljOIUJ1ybL9U6CuBH,https://api.spotify.com/v1/audio-analysis/5SE57ljOIUJ1ybL9U6CuBH,223123,4
110,Help Me Out (with Julia Michaels),Maroon 5,634149,https://open.spotify.com/track/2uSLx5uwRIhiA3sJJraNqX,2uSLx5uwRIhiA3sJJraNqX,0.938,0.549,11,-4.884,1,0.067,0.479,3.92e-05,0.101,0.52,115.036,audio_features,2uSLx5uwRIhiA3sJJraNqX,spotify:track:2uSLx5uwRIhiA3sJJraNqX,https://api.spotify.com/v1/tracks/2uSLx5uwRIhiA3sJJraNqX,https://api.spotify.com/v1/audio-analysis/2uSLx5uwRIhiA3sJJraNqX,193604,4
111,No Promises (feat. Demi Lovato),Cheat Codes,625440,https://open.spotify.com/track/1louJpMmzEicAn7lzDalPW,1louJpMmzEicAn7lzDalPW,0.741,0.667,10,-5.445,1,0.134,0.0575,0,0.106,0.595,112.956,audio_features,1louJpMmzEicAn7lzDalPW,spotify:track:1louJpMmzEicAn7lzDalPW,https://api.spotify.com/v1/tracks/1louJpMmzEicAn7lzDalPW,https://api.spotify.com/v1/audio-analysis/1louJpMmzEicAn7lzDalPW,223504,4
112,Everybody Dies In Their Nightmares,XXXTENTACION,624017,https://open.spotify.com/track/3GVkPk8mqxz0itaAriG1L7,3GVkPk8mqxz0itaAriG1L7,0.734,0.57,7,-7.066,0,0.133,0.847,2.14e-05,0.112,0.689,129.953,audio_features,3GVkPk8mqxz0itaAriG1L7,spotify:track:3GVkPk8mqxz0itaAriG1L7,https://api.spotify.com/v1/tracks/3GVkPk8mqxz0itaAriG1L7,https://api.spotify.com/v1/audio-analysis/3GVkPk8mqxz0itaAriG1L7,95467,4
113,Vuelve,Daddy Yankee,612416,https://open.spotify.com/track/0lJCqIx5BhZtf6QtYI2fbv,0lJCqIx5BhZtf6QtYI2fbv,0.73,0.538,1,-5.612,1,0.0319,0.188,0,0.123,0.215,130.023,audio_features,0lJCqIx5BhZtf6QtYI2fbv,spotify:track:0lJCqIx5BhZtf6QtYI2fbv,https://api.spotify.com/v1/tracks/0lJCqIx5BhZtf6QtYI2fbv,https://api.spotify.com/v1/audio-analysis/0lJCqIx5BhZtf6QtYI2fbv,279613,4
114,"I Don’t Wanna Live Forever (Fifty Shades Darker) - From ""Fifty Shades Darker (Original Motion Picture Soundtrack)""",ZAYN,605678,https://open.spotify.com/track/3NdDpSvN911VPGivFlV5d0,3NdDpSvN911VPGivFlV5d0,0.735,0.451,0,-8.374,1,0.0585,0.0631,1.3e-05,0.325,0.0862,117.973,audio_features,3NdDpSvN911VPGivFlV5d0,spotify:track:3NdDpSvN911VPGivFlV5d0,https://api.spotify.com/v1/tracks/3NdDpSvN911VPGivFlV5d0,https://api.spotify.com/v1/audio-analysis/3NdDpSvN911VPGivFlV5d0,245200,4
115,Bella y Sensual,Romeo Santos,600557,https://open.spotify.com/track/0ERbK7qVqveCaBWIiYCrl3,0ERbK7qVqveCaBWIiYCrl3,0.635,0.713,11,-6.909,1,0.0937,0.228,0,0.0506,0.749,179.864,audio_features,0ERbK7qVqveCaBWIiYCrl3,spotify:track:0ERbK7qVqveCaBWIiYCrl3,https://api.spotify.com/v1/tracks/0ERbK7qVqveCaBWIiYCrl3,https://api.spotify.com/v1/audio-analysis/0ERbK7qVqveCaBWIiYCrl3,204701,4
116,Starboy,The Weeknd,590905,https://open.spotify.com/track/5aAx2yezTd8zXrkmtKl66Z,5aAx2yezTd8zXrkmtKl66Z,0.681,0.594,7,-7.028,1,0.282,0.165,3.49e-06,0.134,0.535,186.054,audio_features,5aAx2yezTd8zXrkmtKl66Z,spotify:track:5aAx2yezTd8zXrkmtKl66Z,https://api.spotify.com/v1/tracks/5aAx2yezTd8zXrkmtKl66Z,https://api.spotify.com/v1/audio-analysis/5aAx2yezTd8zXrkmtKl66Z,230453,4
117,Photograph,Ed Sheeran,590885,https://open.spotify.com/track/6fxVffaTuwjgEk5h9QyRjy,6fxVffaTuwjgEk5h9QyRjy,0.614,0.379,4,-10.48,1,0.0476,0.607,0.000464,0.0986,0.201,107.989,audio_features,6fxVffaTuwjgEk5h9QyRjy,spotify:track:6fxVffaTuwjgEk5h9QyRjy,https://api.spotify.com/v1/tracks/6fxVffaTuwjgEk5h9QyRjy,https://api.spotify.com/v1/audio-analysis/6fxVffaTuwjgEk5h9QyRjy,258987,4
118,OK,Robin Schulz,587682,https://open.spotify.com/track/3bWAqKDWg6u1davspr5IkS,3bWAqKDWg6u1davspr5IkS,0.653,0.81,7,-6.032,0,0.0558,0.118,0,0.126,0.583,121.951,audio_features,3bWAqKDWg6u1davspr5IkS,spotify:track:3bWAqKDWg6u1davspr5IkS,https://api.spotify.com/v1/tracks/3bWAqKDWg6u1davspr5IkS,https://api.spotify.com/v1/audio-analysis/3bWAqKDWg6u1davspr5IkS,189307,4
119,Transportin',Kodak Black,583968,https://open.spotify.com/track/1WIZiOuNO3woKfdlSK2gNn,1WIZiOuNO3woKfdlSK2gNn,0.804,0.66,10,-4.86,0,0.0726,0.0319,0,0.103,0.257,94.053,audio_features,1WIZiOuNO3woKfdlSK2gNn,spotify:track:1WIZiOuNO3woKfdlSK2gNn,https://api.spotify.com/v1/tracks/1WIZiOuNO3woKfdlSK2gNn,https://api.spotify.com/v1/audio-analysis/1WIZiOuNO3woKfdlSK2gNn,169345,4
120,3 A.M.,Jesse & Joy,575937,https://open.spotify.com/track/0yyZN5ASdrYu0XYWFzfxUu,0yyZN5ASdrYu0XYWFzfxUu,0.702,0.84,0,-3.547,1,0.0879,0.0112,0,0.119,0.624,101.99,audio_features,0yyZN5ASdrYu0XYWFzfxUu,spotify:track:0yyZN5ASdrYu0XYWFzfxUu,https://api.spotify.com/v1/tracks/0yyZN5ASdrYu0XYWFzfxUu,https://api.spotify.com/v1/audio-analysis/0yyZN5ASdrYu0XYWFzfxUu,183573,4
121,One Dance,Drake,574704,https://open.spotify.com/track/1xznGGDReH1oQq0xzbwXa3,1xznGGDReH1oQq0xzbwXa3,0.791,0.619,1,-5.886,1,0.0532,0.00784,0.00423,0.351,0.371,103.989,audio_features,1xznGGDReH1oQq0xzbwXa3,spotify:track:1xznGGDReH1oQq0xzbwXa3,https://api.spotify.com/v1/tracks/1xznGGDReH1oQq0xzbwXa3,https://api.spotify.com/v1/audio-analysis/1xznGGDReH1oQq0xzbwXa3,173987,4
122,Passionfruit,Drake,571690,https://open.spotify.com/track/7hDc8b7IXETo14hHIHdnhd,7hDc8b7IXETo14hHIHdnhd,0.809,0.463,11,-11.377,1,0.0396,0.256,0.085,0.109,0.364,111.98,audio_features,7hDc8b7IXETo14hHIHdnhd,spotify:track:7hDc8b7IXETo14hHIHdnhd,https://api.spotify.com/v1/tracks/7hDc8b7IXETo14hHIHdnhd,https://api.spotify.com/v1/audio-analysis/7hDc8b7IXETo14hHIHdnhd,298941,4
123,Thinking out Loud,Ed Sheeran,571508,https://open.spotify.com/track/1Slwb6dOYkBlWal1PGtnNg,1Slwb6dOYkBlWal1PGtnNg,0.781,0.445,2,-6.061,1,0.0295,0.474,0,0.184,0.591,78.998,audio_features,1Slwb6dOYkBlWal1PGtnNg,spotify:track:1Slwb6dOYkBlWal1PGtnNg,https://api.spotify.com/v1/tracks/1Slwb6dOYkBlWal1PGtnNg,https://api.spotify.com/v1/audio-analysis/1Slwb6dOYkBlWal1PGtnNg,281560,4
124,DNA.,Kendrick Lamar,571491,https://open.spotify.com/track/6HZILIRieu8S0iqY8kIKhj,6HZILIRieu8S0iqY8kIKhj,0.638,0.523,1,-6.664,1,0.357,0.00454,0,0.0842,0.422,139.913,audio_features,6HZILIRieu8S0iqY8kIKhj,spotify:track:6HZILIRieu8S0iqY8kIKhj,https://api.spotify.com/v1/tracks/6HZILIRieu8S0iqY8kIKhj,https://api.spotify.com/v1/audio-analysis/6HZILIRieu8S0iqY8kIKhj,185947,4
125,Issues,Julia Michaels,566441,https://open.spotify.com/track/6D0b04NJIKfEMg040WioJQ,6D0b04NJIKfEMg040WioJQ,0.706,0.427,8,-6.864,1,0.0879,0.413,0,0.0609,0.42,113.804,audio_features,6D0b04NJIKfEMg040WioJQ,spotify:track:6D0b04NJIKfEMg040WioJQ,https://api.spotify.com/v1/tracks/6D0b04NJIKfEMg040WioJQ,https://api.spotify.com/v1/audio-analysis/6D0b04NJIKfEMg040WioJQ,176320,4
126,Was du Liebe nennst,Bausa,562756,https://open.spotify.com/track/4hKWUzhQWsOkgT6LnDEASe,4hKWUzhQWsOkgT6LnDEASe,0.874,0.487,2,-8.154,1,0.0641,0.393,2.96e-05,0.0524,0.746,144.956,audio_features,4hKWUzhQWsOkgT6LnDEASe,spotify:track:4hKWUzhQWsOkgT6LnDEASe,https://api.spotify.com/v1/tracks/4hKWUzhQWsOkgT6LnDEASe,https://api.spotify.com/v1/audio-analysis/4hKWUzhQWsOkgT6LnDEASe,203630,4
127,Rich Love (with Seeb),OneRepublic,560255,https://open.spotify.com/track/7aF09WaavZAmAWuUeYxlYD,7aF09WaavZAmAWuUeYxlYD,0.593,0.868,1,-3.573,0,0.295,0.183,0,0.365,0.496,104.988,audio_features,7aF09WaavZAmAWuUeYxlYD,spotify:track:7aF09WaavZAmAWuUeYxlYD,https://api.spotify.com/v1/tracks/7aF09WaavZAmAWuUeYxlYD,https://api.spotify.com/v1/audio-analysis/7aF09WaavZAmAWuUeYxlYD,201257,4
128,Loco Enamorado,Abraham Mateo,558076,https://open.spotify.com/track/4N1c5rmWOzRmB9SMacr5wB,4N1c5rmWOzRmB9SMacr5wB,0.69,0.872,11,-2.984,0,0.0588,0.226,0,0.0858,0.731,94.0,audio_features,4N1c5rmWOzRmB9SMacr5wB,spotify:track:4N1c5rmWOzRmB9SMacr5wB,https://api.spotify.com/v1/tracks/4N1c5rmWOzRmB9SMacr5wB,https://api.spotify.com/v1/audio-analysis/4N1c5rmWOzRmB9SMacr5wB,252200,4
129,Magnolia,Playboi Carti,557201,https://open.spotify.com/track/1e1JKLEDKP7hEQzJfNAgPl,1e1JKLEDKP7hEQzJfNAgPl,0.791,0.582,11,-7.323,0,0.286,0.0114,0,0.35,0.443,162.991,audio_features,1e1JKLEDKP7hEQzJfNAgPl,spotify:track:1e1JKLEDKP7hEQzJfNAgPl,https://api.spotify.com/v1/tracks/1e1JKLEDKP7hEQzJfNAgPl,https://api.spotify.com/v1/audio-analysis/1e1JKLEDKP7hEQzJfNAgPl,181812,4
130,Malibu,Miley Cyrus,549319,https://open.spotify.com/track/1UZOjK1BwmwWU14Erba9CZ,1UZOjK1BwmwWU14Erba9CZ,0.573,0.781,8,-6.406,1,0.0555,0.0767,2.64e-05,0.0813,0.343,139.934,audio_features,1UZOjK1BwmwWU14Erba9CZ,spotify:track:1UZOjK1BwmwWU14Erba9CZ,https://api.spotify.com/v1/tracks/1UZOjK1BwmwWU14Erba9CZ,https://api.spotify.com/v1/audio-analysis/1UZOjK1BwmwWU14Erba9CZ,231907,4
131,The Race,Tay-K,540798,https://open.spotify.com/track/5RCfvwDewu6p2x1mEI6smX,5RCfvwDewu6p2x1mEI6smX,0.788,0.533,9,-7.594,1,0.352,0.0168,0,0.204,0.468,80.04,audio_features,5RCfvwDewu6p2x1mEI6smX,spotify:track:5RCfvwDewu6p2x1mEI6smX,https://api.spotify.com/v1/tracks/5RCfvwDewu6p2x1mEI6smX,https://api.spotify.com/v1/audio-analysis/5RCfvwDewu6p2x1mEI6smX,140945,4
132,Swish Swish,Katy Perry,540007,https://open.spotify.com/track/2kVHAQKVtczchKctctzbtK,2kVHAQKVtczchKctctzbtK,0.836,0.716,5,-5.211,0,0.0549,0.0196,1.83e-05,0.101,0.534,119.938,audio_features,2kVHAQKVtczchKctctzbtK,spotify:track:2kVHAQKVtczchKctctzbtK,https://api.spotify.com/v1/tracks/2kVHAQKVtczchKctctzbtK,https://api.spotify.com/v1/audio-analysis/2kVHAQKVtczchKctctzbtK,242510,4
133,do re mi (feat. Gucci Mane),blackbear,539730,https://open.spotify.com/track/53mrVsi49rLHIaKBiSvElG,53mrVsi49rLHIaKBiSvElG,0.746,0.647,8,-6.388,1,0.052,0.007,0,0.156,0.196,112.015,audio_features,53mrVsi49rLHIaKBiSvElG,spotify:track:53mrVsi49rLHIaKBiSvElG,https://api.spotify.com/v1/tracks/53mrVsi49rLHIaKBiSvElG,https://api.spotify.com/v1/audio-analysis/53mrVsi49rLHIaKBiSvElG,233705,3
134,Look At Me!,XXXTENTACION,539505,https://open.spotify.com/track/7floNISpH8VF4z4459Qo18,7floNISpH8VF4z4459Qo18,0.763,0.726,1,-6.405,1,0.282,0.259,0,0.0976,0.349,139.059,audio_features,7floNISpH8VF4z4459Qo18,spotify:track:7floNISpH8VF4z4459Qo18,https://api.spotify.com/v1/tracks/7floNISpH8VF4z4459Qo18,https://api.spotify.com/v1/audio-analysis/7floNISpH8VF4z4459Qo18,126346,4
135,Como Antes (feat. Wisin),Yandel,535846,https://open.spotify.com/track/5YzA563GXTuwQaRq24z1k5,5YzA563GXTuwQaRq24z1k5,0.813,0.876,1,-4.278,0,0.172,0.182,0,0.394,0.746,94.987,audio_features,5YzA563GXTuwQaRq24z1k5,spotify:track:5YzA563GXTuwQaRq24z1k5,https://api.spotify.com/v1/tracks/5YzA563GXTuwQaRq24z1k5,https://api.spotify.com/v1/audio-analysis/5YzA563GXTuwQaRq24z1k5,210773,4
136,I Feel It Coming,The Weeknd,535538,https://open.spotify.com/track/5GXAXm5YOmYT0kL5jHvYBt,5GXAXm5YOmYT0kL5jHvYBt,0.773,0.819,0,-5.946,0,0.118,0.426,0,0.0679,0.585,92.99,audio_features,5GXAXm5YOmYT0kL5jHvYBt,spotify:track:5GXAXm5YOmYT0kL5jHvYBt,https://api.spotify.com/v1/tracks/5GXAXm5YOmYT0kL5jHvYBt,https://api.spotify.com/v1/audio-analysis/5GXAXm5YOmYT0kL5jHvYBt,269187,4
137,Rockabye (feat. Sean Paul & Anne-Marie),Clean Bandit,531845,https://open.spotify.com/track/5knuzwU65gJK7IF5yJsuaW,5knuzwU65gJK7IF5yJsuaW,0.72,0.763,9,-4.068,0,0.0523,0.406,0,0.18,0.742,101.965,audio_features,5knuzwU65gJK7IF5yJsuaW,spotify:track:5knuzwU65gJK7IF5yJsuaW,https://api.spotify.com/v1/tracks/5knuzwU65gJK7IF5yJsuaW,https://api.spotify.com/v1/audio-analysis/5knuzwU65gJK7IF5yJsuaW,251088,4
138,Curve (feat. The Weeknd),Gucci Mane,530149,https://open.spotify.com/track/2yuyaYAELoMG4ApV5wJsWR,2yuyaYAELoMG4ApV5wJsWR,0.76,0.476,8,-8.103,1,0.241,0.294,0,0.1,0.354,147.01,audio_features,2yuyaYAELoMG4ApV5wJsWR,spotify:track:2yuyaYAELoMG4ApV5wJsWR,https://api.spotify.com/v1/tracks/2yuyaYAELoMG4ApV5wJsWR,https://api.spotify.com/v1/audio-analysis/2yuyaYAELoMG4ApV5wJsWR,161990,4
139,LOVE. FEAT. ZACARI.,Kendrick Lamar,527139,https://open.spotify.com/track/6PGoSes0D9eUDeeAafB2As,6PGoSes0D9eUDeeAafB2As,0.8,0.585,10,-7.343,1,0.0924,0.264,0,0.153,0.779,126.058,audio_features,6PGoSes0D9eUDeeAafB2As,spotify:track:6PGoSes0D9eUDeeAafB2As,https://api.spotify.com/v1/tracks/6PGoSes0D9eUDeeAafB2As,https://api.spotify.com/v1/audio-analysis/6PGoSes0D9eUDeeAafB2As,213400,4
140,Scared to Be Lonely,Martin Garrix,525183,https://open.spotify.com/track/3ebXMykcMXOcLeJ9xZ17XH,3ebXMykcMXOcLeJ9xZ17XH,0.584,0.54,1,-7.786,0,0.0576,0.0895,0,0.261,0.195,137.972,audio_features,3ebXMykcMXOcLeJ9xZ17XH,spotify:track:3ebXMykcMXOcLeJ9xZ17XH,https://api.spotify.com/v1/tracks/3ebXMykcMXOcLeJ9xZ17XH,https://api.spotify.com/v1/audio-analysis/3ebXMykcMXOcLeJ9xZ17XH,220883,4
141,Praying,Kesha,523581,https://open.spotify.com/track/0jdny0dhgjUwoIp5GkqEaA,0jdny0dhgjUwoIp5GkqEaA,0.576,0.39,10,-7.202,1,0.0297,0.491,0,0.111,0.319,73.433,audio_features,0jdny0dhgjUwoIp5GkqEaA,spotify:track:0jdny0dhgjUwoIp5GkqEaA,https://api.spotify.com/v1/tracks/0jdny0dhgjUwoIp5GkqEaA,https://api.spotify.com/v1/audio-analysis/0jdny0dhgjUwoIp5GkqEaA,230267,4
142,Fetish (feat. Gucci Mane),Selena Gomez,520773,https://open.spotify.com/track/0XLOf9LhyazPX9Ld8jPiUq,0XLOf9LhyazPX9Ld8jPiUq,0.708,0.61,2,-4.522,1,0.0574,0.0204,4.45e-06,0.0641,0.305,123.038,audio_features,0XLOf9LhyazPX9Ld8jPiUq,spotify:track:0XLOf9LhyazPX9Ld8jPiUq,https://api.spotify.com/v1/tracks/0XLOf9LhyazPX9Ld8jPiUq,https://api.spotify.com/v1/audio-analysis/0XLOf9LhyazPX9Ld8jPiUq,186113,4
143,Body Like A Back Road,Sam Hunt,518483,https://open.spotify.com/track/7mldq42yDuxiUNn08nvzHO,7mldq42yDuxiUNn08nvzHO,0.732,0.458,5,-7.225,1,0.0311,0.447,0,0.136,0.661,98.938,audio_features,7mldq42yDuxiUNn08nvzHO,spotify:track:7mldq42yDuxiUNn08nvzHO,https://api.spotify.com/v1/tracks/7mldq42yDuxiUNn08nvzHO,https://api.spotify.com/v1/audio-analysis/7mldq42yDuxiUNn08nvzHO,165387,4
144,"Know No Better (feat. Travis Scott, Camila Cabello & Quavo)",Major Lazer,517992,https://open.spotify.com/track/3Ytr1SUCUi6J3L9dRFx5iH,3Ytr1SUCUi6J3L9dRFx5iH,0.738,0.814,7,-4.414,0,0.0999,0.132,9.64e-06,0.126,0.483,119.041,audio_features,3Ytr1SUCUi6J3L9dRFx5iH,spotify:track:3Ytr1SUCUi6J3L9dRFx5iH,https://api.spotify.com/v1/tracks/3Ytr1SUCUi6J3L9dRFx5iH,https://api.spotify.com/v1/audio-analysis/3Ytr1SUCUi6J3L9dRFx5iH,225850,4
145,Si Tú La Ves (feat. Wisin),Nicky Jam,516859,https://open.spotify.com/track/4yN6xPLopmTLvc27pO9LIE,4yN6xPLopmTLvc27pO9LIE,0.685,0.731,5,-5.119,0,0.093,0.204,0,0.0722,0.786,177.912,audio_features,4yN6xPLopmTLvc27pO9LIE,spotify:track:4yN6xPLopmTLvc27pO9LIE,https://api.spotify.com/v1/tracks/4yN6xPLopmTLvc27pO9LIE,https://api.spotify.com/v1/audio-analysis/4yN6xPLopmTLvc27pO9LIE,221027,4
146,Castle on the Hill,Ed Sheeran,513063,https://open.spotify.com/track/6PCUP3dWmTjcTtXY02oFdT,6PCUP3dWmTjcTtXY02oFdT,0.461,0.834,2,-4.868,1,0.0989,0.0232,1.14e-05,0.14,0.471,135.007,audio_features,6PCUP3dWmTjcTtXY02oFdT,spotify:track:6PCUP3dWmTjcTtXY02oFdT,https://api.spotify.com/v1/tracks/6PCUP3dWmTjcTtXY02oFdT,https://api.spotify.com/v1/audio-analysis/6PCUP3dWmTjcTtXY02oFdT,261154,4
147,Relationship (feat. Future),Young Thug,507626,https://open.spotify.com/track/25oOaleife6E2MIKmFkPvg,25oOaleife6E2MIKmFkPvg,0.842,0.597,2,-6.336,1,0.0627,0.00252,0,0.124,0.298,145.992,audio_features,25oOaleife6E2MIKmFkPvg,spotify:track:25oOaleife6E2MIKmFkPvg,https://api.spotify.com/v1/tracks/25oOaleife6E2MIKmFkPvg,https://api.spotify.com/v1/audio-analysis/25oOaleife6E2MIKmFkPvg,215307,4
148,"Sola (Remix) [feat. Daddy Yankee, Wisin, Farruko, Zion & Lennox]",Anuel AA,504889,https://open.spotify.com/track/5q2JbCNi4FcnglgPfxcV65,5q2JbCNi4FcnglgPfxcV65,0.639,0.869,11,-4.024,1,0.147,0.27,0,0.0802,0.767,169.801,audio_features,5q2JbCNi4FcnglgPfxcV65,spotify:track:5q2JbCNi4FcnglgPfxcV65,https://api.spotify.com/v1/tracks/5q2JbCNi4FcnglgPfxcV65,https://api.spotify.com/v1/audio-analysis/5q2JbCNi4FcnglgPfxcV65,307910,4
149,La Rompe Corazones,Daddy Yankee,504771,https://open.spotify.com/track/4okba5wu9mMLXx79DXLKi3,4okba5wu9mMLXx79DXLKi3,0.685,0.859,5,-2.595,0,0.0553,0.116,0,0.317,0.891,176.018,audio_features,4okba5wu9mMLXx79DXLKi3,spotify:track:4okba5wu9mMLXx79DXLKi3,https://api.spotify.com/v1/tracks/4okba5wu9mMLXx79DXLKi3,https://api.spotify.com/v1/audio-analysis/4okba5wu9mMLXx79DXLKi3,204520,4
150,Revenge (feat. Eminem),P!nk,500225,https://open.spotify.com/track/3OEer2dQj1eWhSqxatGiru,3OEer2dQj1eWhSqxatGiru,0.725,0.749,10,-7.474,0,0.356,0.0452,0,0.175,0.761,87.03,audio_features,3OEer2dQj1eWhSqxatGiru,spotify:track:3OEer2dQj1eWhSqxatGiru,https://api.spotify.com/v1/tracks/3OEer2dQj1eWhSqxatGiru,https://api.spotify.com/v1/audio-analysis/3OEer2dQj1eWhSqxatGiru,226160,4
151,No Limit,G-Eazy,499548,https://open.spotify.com/track/2Xqd0wUttjueBfdcltADOv,2Xqd0wUttjueBfdcltADOv,0.838,0.771,1,-3.791,1,0.244,0.0117,0,0.0853,0.405,175.957,audio_features,2Xqd0wUttjueBfdcltADOv,spotify:track:2Xqd0wUttjueBfdcltADOv,https://api.spotify.com/v1/tracks/2Xqd0wUttjueBfdcltADOv,https://api.spotify.com/v1/audio-analysis/2Xqd0wUttjueBfdcltADOv,245387,4
152,Happier,Ed Sheeran,499365,https://open.spotify.com/track/2RttW7RAu5nOAfq6YFvApB,2RttW7RAu5nOAfq6YFvApB,0.522,0.385,0,-7.355,1,0.0288,0.536,0,0.135,0.236,89.792,audio_features,2RttW7RAu5nOAfq6YFvApB,spotify:track:2RttW7RAu5nOAfq6YFvApB,https://api.spotify.com/v1/tracks/2RttW7RAu5nOAfq6YFvApB,https://api.spotify.com/v1/audio-analysis/2RttW7RAu5nOAfq6YFvApB,207520,4
153,Mr. Brightside,The Killers,499038,https://open.spotify.com/track/7oK9VyNzrYvRFo7nQEYkWN,7oK9VyNzrYvRFo7nQEYkWN,0.356,0.924,1,-3.74,1,0.0808,0.00101,0,0.0953,0.232,148.017,audio_features,7oK9VyNzrYvRFo7nQEYkWN,spotify:track:7oK9VyNzrYvRFo7nQEYkWN,https://api.spotify.com/v1/tracks/7oK9VyNzrYvRFo7nQEYkWN,https://api.spotify.com/v1/audio-analysis/7oK9VyNzrYvRFo7nQEYkWN,222587,4
154,The Last Of The Real Ones,Fall Out Boy,498683,https://open.spotify.com/track/7cQMJ0wDqVS5iM0JIvP6Ay,7cQMJ0wDqVS5iM0JIvP6Ay,0.577,0.882,8,-5.224,1,0.0492,0.00527,0,0.257,0.564,115.022,audio_features,7cQMJ0wDqVS5iM0JIvP6Ay,spotify:track:7cQMJ0wDqVS5iM0JIvP6Ay,https://api.spotify.com/v1/tracks/7cQMJ0wDqVS5iM0JIvP6Ay,https://api.spotify.com/v1/audio-analysis/7cQMJ0wDqVS5iM0JIvP6Ay,230427,4
155,Most Girls,Hailee Steinfeld,497540,https://open.spotify.com/track/2mfUa8bLs2s5N4VaqJZ4lZ,2mfUa8bLs2s5N4VaqJZ4lZ,0.755,0.57,9,-7.132,1,0.0888,0.0416,0,0.0891,0.406,102.991,audio_features,2mfUa8bLs2s5N4VaqJZ4lZ,spotify:track:2mfUa8bLs2s5N4VaqJZ4lZ,https://api.spotify.com/v1/tracks/2mfUa8bLs2s5N4VaqJZ4lZ,https://api.spotify.com/v1/audio-analysis/2mfUa8bLs2s5N4VaqJZ4lZ,204400,4
156,"Lose Yourself - From ""8 Mile"" Soundtrack",Eminem,496490,https://open.spotify.com/track/5Z01UMMf7V1o0MzF86s6WJ,5Z01UMMf7V1o0MzF86s6WJ,0.692,0.744,2,-4.565,1,0.257,0.00868,0.000423,0.359,0.0612,171.374,audio_features,5Z01UMMf7V1o0MzF86s6WJ,spotify:track:5Z01UMMf7V1o0MzF86s6WJ,https://api.spotify.com/v1/tracks/5Z01UMMf7V1o0MzF86s6WJ,https://api.spotify.com/v1/audio-analysis/5Z01UMMf7V1o0MzF86s6WJ,326467,4
157,Man's Not Hot,Big Shaq,496219,https://open.spotify.com/track/2nUJvBO87SkxCViQsLc9Zr,2nUJvBO87SkxCViQsLc9Zr,0.895,0.885,0,-4.182,1,0.268,0.11,4.04e-05,0.106,0.633,134.973,audio_features,2nUJvBO87SkxCViQsLc9Zr,spotify:track:2nUJvBO87SkxCViQsLc9Zr,https://api.spotify.com/v1/tracks/2nUJvBO87SkxCViQsLc9Zr,https://api.spotify.com/v1/audio-analysis/2nUJvBO87SkxCViQsLc9Zr,186027,4
158,Sign of the Times,Harry Styles,495759,https://open.spotify.com/track/5Ohxk2dO5COHF1krpoPigN,5Ohxk2dO5COHF1krpoPigN,0.516,0.595,5,-4.63,1,0.0313,0.0275,0,0.109,0.222,119.972,audio_features,5Ohxk2dO5COHF1krpoPigN,spotify:track:5Ohxk2dO5COHF1krpoPigN,https://api.spotify.com/v1/tracks/5Ohxk2dO5COHF1krpoPigN,https://api.spotify.com/v1/audio-analysis/5Ohxk2dO5COHF1krpoPigN,340707,4
159,iSpy (feat. Lil Yachty),KYLE,495235,https://open.spotify.com/track/2EEeOnHehOozLq4aS0n6SL,2EEeOnHehOozLq4aS0n6SL,0.746,0.653,7,-6.745,1,0.289,0.378,0,0.229,0.672,75.016,audio_features,2EEeOnHehOozLq4aS0n6SL,spotify:track:2EEeOnHehOozLq4aS0n6SL,https://api.spotify.com/v1/tracks/2EEeOnHehOozLq4aS0n6SL,https://api.spotify.com/v1/audio-analysis/2EEeOnHehOozLq4aS0n6SL,253107,4
160,Ahora Me Llama,KAROL G,494757,https://open.spotify.com/track/61HHDBLqF3AmSvLfHKNGd2,61HHDBLqF3AmSvLfHKNGd2,0.664,0.576,7,-5.395,0,0.0349,0.0073,6.28e-05,0.0912,0.121,134.934,audio_features,61HHDBLqF3AmSvLfHKNGd2,spotify:track:61HHDBLqF3AmSvLfHKNGd2,https://api.spotify.com/v1/tracks/61HHDBLqF3AmSvLfHKNGd2,https://api.spotify.com/v1/audio-analysis/61HHDBLqF3AmSvLfHKNGd2,233293,4
161,Candy Paint,Post Malone,492916,https://open.spotify.com/track/4wdZdkEugVVorAfzqRqC6N,4wdZdkEugVVorAfzqRqC6N,0.672,0.684,4,-5.468,1,0.158,0.604,0,0.081,0.428,180.008,audio_features,4wdZdkEugVVorAfzqRqC6N,spotify:track:4wdZdkEugVVorAfzqRqC6N,https://api.spotify.com/v1/tracks/4wdZdkEugVVorAfzqRqC6N,https://api.spotify.com/v1/audio-analysis/4wdZdkEugVVorAfzqRqC6N,229053,4
162,Beautiful Trauma,P!nk,490771,https://open.spotify.com/track/2DlIwu1iDTILEMXA7MUotn,2DlIwu1iDTILEMXA7MUotn,0.412,0.619,7,-6.39,1,0.0725,0.0868,2.55e-06,0.4,0.234,95.977,audio_features,2DlIwu1iDTILEMXA7MUotn,spotify:track:2DlIwu1iDTILEMXA7MUotn,https://api.spotify.com/v1/tracks/2DlIwu1iDTILEMXA7MUotn,https://api.spotify.com/v1/audio-analysis/2DlIwu1iDTILEMXA7MUotn,250053,4
163,We Don't Talk Anymore (feat. Selena Gomez),Charlie Puth,490544,https://open.spotify.com/track/68EMU2RD1ECNeOeJ5qAXCV,68EMU2RD1ECNeOeJ5qAXCV,0.728,0.563,1,-8.053,0,0.134,0.621,0,0.179,0.352,100.017,audio_features,68EMU2RD1ECNeOeJ5qAXCV,spotify:track:68EMU2RD1ECNeOeJ5qAXCV,https://api.spotify.com/v1/tracks/68EMU2RD1ECNeOeJ5qAXCV,https://api.spotify.com/v1/audio-analysis/68EMU2RD1ECNeOeJ5qAXCV,217707,4
164,Easy Love,Lauv,490439,https://open.spotify.com/track/2ZE3DJuizYTad2S4CvRRhK,2ZE3DJuizYTad2S4CvRRhK,0.745,0.481,2,-8.291,1,0.054,0.302,3.67e-06,0.0808,0.229,137.001,audio_features,2ZE3DJuizYTad2S4CvRRhK,spotify:track:2ZE3DJuizYTad2S4CvRRhK,https://api.spotify.com/v1/tracks/2ZE3DJuizYTad2S4CvRRhK,https://api.spotify.com/v1/audio-analysis/2ZE3DJuizYTad2S4CvRRhK,224449,4
165,Me llamas (feat. Maluma) - Remix,Piso 21,487855,https://open.spotify.com/track/5hEM0JchdVzQ5PwvSfITeX,5hEM0JchdVzQ5PwvSfITeX,0.76,0.838,7,-3.828,0,0.0529,0.547,1.3e-06,0.0664,0.745,93.05,audio_features,5hEM0JchdVzQ5PwvSfITeX,spotify:track:5hEM0JchdVzQ5PwvSfITeX,https://api.spotify.com/v1/tracks/5hEM0JchdVzQ5PwvSfITeX,https://api.spotify.com/v1/audio-analysis/5hEM0JchdVzQ5PwvSfITeX,210323,4
166,Bad and Boujee (feat. Lil Uzi Vert),Migos,482054,https://open.spotify.com/track/4Km5HrUvYTaSUfiSGPJeQR,4Km5HrUvYTaSUfiSGPJeQR,0.927,0.665,11,-5.313,1,0.244,0.061,0,0.123,0.175,127.076,audio_features,4Km5HrUvYTaSUfiSGPJeQR,spotify:track:4Km5HrUvYTaSUfiSGPJeQR,https://api.spotify.com/v1/tracks/4Km5HrUvYTaSUfiSGPJeQR,https://api.spotify.com/v1/audio-analysis/4Km5HrUvYTaSUfiSGPJeQR,343150,4
167,Otra vez (feat. J Balvin),Zion & Lennox,479551,https://open.spotify.com/track/3QwBODjSEzelZyVjxPOHdq,3QwBODjSEzelZyVjxPOHdq,0.832,0.772,10,-5.429,1,0.1,0.0559,0.000486,0.44,0.704,96.016,audio_features,3QwBODjSEzelZyVjxPOHdq,spotify:track:3QwBODjSEzelZyVjxPOHdq,https://api.spotify.com/v1/tracks/3QwBODjSEzelZyVjxPOHdq,https://api.spotify.com/v1/audio-analysis/3QwBODjSEzelZyVjxPOHdq,209453,4
168,LOYALTY. FEAT. RIHANNA.,Kendrick Lamar,478186,https://open.spotify.com/track/6SwRhMLwNqEi6alNPVG00n,6SwRhMLwNqEi6alNPVG00n,0.658,0.535,9,-8.983,0,0.0573,0.0265,0,0.2,0.419,110.684,audio_features,6SwRhMLwNqEi6alNPVG00n,spotify:track:6SwRhMLwNqEi6alNPVG00n,https://api.spotify.com/v1/tracks/6SwRhMLwNqEi6alNPVG00n,https://api.spotify.com/v1/audio-analysis/6SwRhMLwNqEi6alNPVG00n,227360,4
169,Would You Ever,Skrillex,475793,https://open.spotify.com/track/57p8CBvPOxrvyCbn6ttl5r,57p8CBvPOxrvyCbn6ttl5r,0.653,0.91,10,-3.36,1,0.0566,0.0079,0,0.318,0.0921,126.047,audio_features,57p8CBvPOxrvyCbn6ttl5r,spotify:track:57p8CBvPOxrvyCbn6ttl5r,https://api.spotify.com/v1/tracks/57p8CBvPOxrvyCbn6ttl5r,https://api.spotify.com/v1/audio-analysis/57p8CBvPOxrvyCbn6ttl5r,234286,4
170,It's A Vibe,2 Chainz,474715,https://open.spotify.com/track/6H0AwSQ20mo62jGlPGB8S6,6H0AwSQ20mo62jGlPGB8S6,0.822,0.502,7,-7.38,1,0.148,0.0312,0.000887,0.114,0.525,73.003,audio_features,6H0AwSQ20mo62jGlPGB8S6,spotify:track:6H0AwSQ20mo62jGlPGB8S6,https://api.spotify.com/v1/tracks/6H0AwSQ20mo62jGlPGB8S6,https://api.spotify.com/v1/audio-analysis/6H0AwSQ20mo62jGlPGB8S6,210200,4
171,What Ifs (feat. Lauren Alaina),Kane Brown,474660,https://open.spotify.com/track/7zVCrzzEJU7u24sbJPXA5W,7zVCrzzEJU7u24sbJPXA5W,0.612,0.799,10,-4.603,1,0.0275,0.00898,0,0.172,0.687,125.976,audio_features,7zVCrzzEJU7u24sbJPXA5W,spotify:track:7zVCrzzEJU7u24sbJPXA5W,https://api.spotify.com/v1/tracks/7zVCrzzEJU7u24sbJPXA5W,https://api.spotify.com/v1/audio-analysis/7zVCrzzEJU7u24sbJPXA5W,188253,4
172,Slide (feat. Frank Ocean & Migos),Calvin Harris,471114,https://open.spotify.com/track/7tr2za8SQg2CI8EDgrdtNl,7tr2za8SQg2CI8EDgrdtNl,0.736,0.795,1,-3.299,0,0.0545,0.498,1.21e-06,0.254,0.511,104.066,audio_features,7tr2za8SQg2CI8EDgrdtNl,spotify:track:7tr2za8SQg2CI8EDgrdtNl,https://api.spotify.com/v1/tracks/7tr2za8SQg2CI8EDgrdtNl,https://api.spotify.com/v1/audio-analysis/7tr2za8SQg2CI8EDgrdtNl,230813,4
173,Paris,The Chainsmokers,470465,https://open.spotify.com/track/72jbDTw1piOOj770jWNeaG,72jbDTw1piOOj770jWNeaG,0.653,0.658,2,-6.428,1,0.0304,0.0215,1.66e-06,0.0939,0.219,99.99,audio_features,72jbDTw1piOOj770jWNeaG,spotify:track:72jbDTw1piOOj770jWNeaG,https://api.spotify.com/v1/tracks/72jbDTw1piOOj770jWNeaG,https://api.spotify.com/v1/audio-analysis/72jbDTw1piOOj770jWNeaG,221507,4
174,Wonderwall - Remastered,Oasis,468273,https://open.spotify.com/track/5qqabIl2vWzo9ApSC317sa,5qqabIl2vWzo9ApSC317sa,0.378,0.896,2,-4.066,1,0.0407,0.000452,0,0.194,0.469,174.302,audio_features,5qqabIl2vWzo9ApSC317sa,spotify:track:5qqabIl2vWzo9ApSC317sa,https://api.spotify.com/v1/tracks/5qqabIl2vWzo9ApSC317sa,https://api.spotify.com/v1/audio-analysis/5qqabIl2vWzo9ApSC317sa,258773,4
175,Let Me Love You,DJ Snake,468258,https://open.spotify.com/track/4pdPtRcBmOSQDlJ3Fk945m,4pdPtRcBmOSQDlJ3Fk945m,0.476,0.718,8,-5.309,1,0.0576,0.0784,1.02e-05,0.122,0.142,199.864,audio_features,4pdPtRcBmOSQDlJ3Fk945m,spotify:track:4pdPtRcBmOSQDlJ3Fk945m,https://api.spotify.com/v1/tracks/4pdPtRcBmOSQDlJ3Fk945m,https://api.spotify.com/v1/audio-analysis/4pdPtRcBmOSQDlJ3Fk945m,205947,4
176,Treat You Better,Shawn Mendes,467668,https://open.spotify.com/track/4Hf7WnR761jpxPr5D46Bcd,4Hf7WnR761jpxPr5D46Bcd,0.624,0.803,10,-4.105,0,0.246,0.123,0,0.114,0.821,166.018,audio_features,4Hf7WnR761jpxPr5D46Bcd,spotify:track:4Hf7WnR761jpxPr5D46Bcd,https://api.spotify.com/v1/tracks/4Hf7WnR761jpxPr5D46Bcd,https://api.spotify.com/v1/audio-analysis/4Hf7WnR761jpxPr5D46Bcd,187973,4
177,Is That for Me,Alesso,466165,https://open.spotify.com/track/2KwojFDebQV4J2b0JMRR5Q,2KwojFDebQV4J2b0JMRR5Q,0.761,0.785,8,-5.502,1,0.0505,0.234,0.237,0.0573,0.58,104.992,audio_features,2KwojFDebQV4J2b0JMRR5Q,spotify:track:2KwojFDebQV4J2b0JMRR5Q,https://api.spotify.com/v1/tracks/2KwojFDebQV4J2b0JMRR5Q,https://api.spotify.com/v1/audio-analysis/2KwojFDebQV4J2b0JMRR5Q,169270,4
178,Sigo Extrañándote,J Balvin,461707,https://open.spotify.com/track/6qDF4wWL49CAVbgT7yuHl8,6qDF4wWL49CAVbgT7yuHl8,0.889,0.853,9,-4.26,1,0.241,0.154,0.000107,0.205,0.922,93.022,audio_features,6qDF4wWL49CAVbgT7yuHl8,spotify:track:6qDF4wWL49CAVbgT7yuHl8,https://api.spotify.com/v1/tracks/6qDF4wWL49CAVbgT7yuHl8,https://api.spotify.com/v1/audio-analysis/6qDF4wWL49CAVbgT7yuHl8,201280,4
179,Stay With Me,Sam Smith,457187,https://open.spotify.com/track/5Db9VIdDsN5yu3Eu7CT0i4,5Db9VIdDsN5yu3Eu7CT0i4,0.479,0.419,0,-6.517,1,0.0389,0.568,0.000217,0.11,0.186,85.014,audio_features,5Db9VIdDsN5yu3Eu7CT0i4,spotify:track:5Db9VIdDsN5yu3Eu7CT0i4,https://api.spotify.com/v1/tracks/5Db9VIdDsN5yu3Eu7CT0i4,https://api.spotify.com/v1/audio-analysis/5Db9VIdDsN5yu3Eu7CT0i4,172724,4
180,The Scientist,Coldplay,456283,https://open.spotify.com/track/75JFxkI2RXiU7L9VXzMkle,75JFxkI2RXiU7L9VXzMkle,0.557,0.442,5,-7.224,1,0.0243,0.731,1.46e-05,0.11,0.213,146.277,audio_features,75JFxkI2RXiU7L9VXzMkle,spotify:track:75JFxkI2RXiU7L9VXzMkle,https://api.spotify.com/v1/tracks/75JFxkI2RXiU7L9VXzMkle,https://api.spotify.com/v1/audio-analysis/75JFxkI2RXiU7L9VXzMkle,309600,4
181,24K Magic,Bruno Mars,455469,https://open.spotify.com/track/6b8Be6ljOzmkOmFslEb23P,6b8Be6ljOzmkOmFslEb23P,0.818,0.803,1,-4.282,1,0.0797,0.034,0,0.153,0.632,106.97,audio_features,6b8Be6ljOzmkOmFslEb23P,spotify:track:6b8Be6ljOzmkOmFslEb23P,https://api.spotify.com/v1/tracks/6b8Be6ljOzmkOmFslEb23P,https://api.spotify.com/v1/audio-analysis/6b8Be6ljOzmkOmFslEb23P,225983,4
182,Don't Let Me Down (feat. Daya),The Chainsmokers,453901,https://open.spotify.com/track/0QsvXIfqM0zZoerQfsI9lm,0QsvXIfqM0zZoerQfsI9lm,0.542,0.859,11,-5.651,1,0.197,0.16,0.00466,0.137,0.403,159.797,audio_features,0QsvXIfqM0zZoerQfsI9lm,spotify:track:0QsvXIfqM0zZoerQfsI9lm,https://api.spotify.com/v1/tracks/0QsvXIfqM0zZoerQfsI9lm,https://api.spotify.com/v1/audio-analysis/0QsvXIfqM0zZoerQfsI9lm,208053,4
183,'Till I Collapse,Eminem,447584,https://open.spotify.com/track/6yr8GiTHWvFfi4o6Q5ebdT,6yr8GiTHWvFfi4o6Q5ebdT,0.551,0.851,1,-3.277,1,0.197,0.0748,0,0.0784,0.1,171.411,audio_features,6yr8GiTHWvFfi4o6Q5ebdT,spotify:track:6yr8GiTHWvFfi4o6Q5ebdT,https://api.spotify.com/v1/tracks/6yr8GiTHWvFfi4o6Q5ebdT,https://api.spotify.com/v1/audio-analysis/6yr8GiTHWvFfi4o6Q5ebdT,297893,4
184,Crying in the Club,Camila Cabello,446255,https://open.spotify.com/track/1SJtlNRJDeYHioymcvsqev,1SJtlNRJDeYHioymcvsqev,0.334,0.617,6,-5.834,0,0.383,0.334,0,0.163,0.603,85.227,audio_features,1SJtlNRJDeYHioymcvsqev,spotify:track:1SJtlNRJDeYHioymcvsqev,https://api.spotify.com/v1/tracks/1SJtlNRJDeYHioymcvsqev,https://api.spotify.com/v1/audio-analysis/1SJtlNRJDeYHioymcvsqev,216391,4
185,I Just Can't,R3HAB,445137,https://open.spotify.com/track/3gfmFoJgmn9LiIj5mV8oSS,3gfmFoJgmn9LiIj5mV8oSS,0.652,0.595,6,-6.944,0,0.0419,0.162,0,0.148,0.303,77.538,audio_features,3gfmFoJgmn9LiIj5mV8oSS,spotify:track:3gfmFoJgmn9LiIj5mV8oSS,https://api.spotify.com/v1/tracks/3gfmFoJgmn9LiIj5mV8oSS,https://api.spotify.com/v1/audio-analysis/3gfmFoJgmn9LiIj5mV8oSS,156000,4
186,Starving,Hailee Steinfeld,439978,https://open.spotify.com/track/6875MeXyCW0wLyT72Eetmo,6875MeXyCW0wLyT72Eetmo,0.668,0.613,4,-4.225,1,0.102,0.414,0,0.102,0.498,99.852,audio_features,6875MeXyCW0wLyT72Eetmo,spotify:track:6875MeXyCW0wLyT72Eetmo,https://api.spotify.com/v1/tracks/6875MeXyCW0wLyT72Eetmo,https://api.spotify.com/v1/audio-analysis/6875MeXyCW0wLyT72Eetmo,181933,4
187,"CAN'T STOP THE FEELING! (Original Song from DreamWorks Animation's ""TROLLS"")",Justin Timberlake,437389,https://open.spotify.com/track/6JV2JOEocMgcZxYSZelKcc,6JV2JOEocMgcZxYSZelKcc,0.667,0.83,0,-5.715,1,0.0749,0.0123,0,0.191,0.701,113.03,audio_features,6JV2JOEocMgcZxYSZelKcc,spotify:track:6JV2JOEocMgcZxYSZelKcc,https://api.spotify.com/v1/tracks/6JV2JOEocMgcZxYSZelKcc,https://api.spotify.com/v1/audio-analysis/6JV2JOEocMgcZxYSZelKcc,236002,4
188,Sauce It Up,Lil Uzi Vert,437029,https://open.spotify.com/track/1uL78kFWxhz3umTMWJu8n5,1uL78kFWxhz3umTMWJu8n5,0.813,0.528,6,-6.305,0,0.313,0.0715,0,0.125,0.131,79.532,audio_features,1uL78kFWxhz3umTMWJu8n5,spotify:track:1uL78kFWxhz3umTMWJu8n5,https://api.spotify.com/v1/tracks/1uL78kFWxhz3umTMWJu8n5,https://api.spotify.com/v1/audio-analysis/1uL78kFWxhz3umTMWJu8n5,207039,4
189,Solo Dance,Martin Jensen,436508,https://open.spotify.com/track/6HUnnBwYZqcED1eQztxMBN,6HUnnBwYZqcED1eQztxMBN,0.744,0.836,6,-2.396,0,0.0507,0.0435,0,0.194,0.36,114.965,audio_features,6HUnnBwYZqcED1eQztxMBN,spotify:track:6HUnnBwYZqcED1eQztxMBN,https://api.spotify.com/v1/tracks/6HUnnBwYZqcED1eQztxMBN,https://api.spotify.com/v1/audio-analysis/6HUnnBwYZqcED1eQztxMBN,174933,4
190,El Amante,Nicky Jam,434351,https://open.spotify.com/track/3umS4y3uQDkqekNjVpiRUs,3umS4y3uQDkqekNjVpiRUs,0.683,0.691,8,-5.535,1,0.0432,0.243,0,0.14,0.732,179.91,audio_features,3umS4y3uQDkqekNjVpiRUs,spotify:track:3umS4y3uQDkqekNjVpiRUs,https://api.spotify.com/v1/tracks/3umS4y3uQDkqekNjVpiRUs,https://api.spotify.com/v1/audio-analysis/3umS4y3uQDkqekNjVpiRUs,219507,4
191,Love Yourself,Justin Bieber,431717,https://open.spotify.com/track/3hB5DgAiMAQ4DzYbsMq1IT,3hB5DgAiMAQ4DzYbsMq1IT,0.609,0.378,4,-9.828,1,0.438,0.835,0,0.28,0.515,100.418,audio_features,3hB5DgAiMAQ4DzYbsMq1IT,spotify:track:3hB5DgAiMAQ4DzYbsMq1IT,https://api.spotify.com/v1/tracks/3hB5DgAiMAQ4DzYbsMq1IT,https://api.spotify.com/v1/audio-analysis/3hB5DgAiMAQ4DzYbsMq1IT,233720,4
192,Me Enamoré,Shakira,430512,https://open.spotify.com/track/4qknM1pQz53QOyfDVTjcM9,4qknM1pQz53QOyfDVTjcM9,0.74,0.879,9,-2.251,0,0.105,0.193,8.25e-05,0.0928,0.948,103.71,audio_features,4qknM1pQz53QOyfDVTjcM9,spotify:track:4qknM1pQz53QOyfDVTjcM9,https://api.spotify.com/v1/tracks/4qknM1pQz53QOyfDVTjcM9,https://api.spotify.com/v1/audio-analysis/4qknM1pQz53QOyfDVTjcM9,226893,4
193,Now Or Never,Halsey,418612,https://open.spotify.com/track/7i2DJ88J7jQ8K7zqFX2fW8,7i2DJ88J7jQ8K7zqFX2fW8,0.67,0.585,6,-4.861,0,0.0354,0.107,1.11e-06,0.131,0.447,110.03,audio_features,7i2DJ88J7jQ8K7zqFX2fW8,spotify:track:7i2DJ88J7jQ8K7zqFX2fW8,https://api.spotify.com/v1/tracks/7i2DJ88J7jQ8K7zqFX2fW8,https://api.spotify.com/v1/audio-analysis/7i2DJ88J7jQ8K7zqFX2fW8,214802,4
194,All of Me,John Legend,414711,https://open.spotify.com/track/2q6tgiA9tpb6DMguABwCWE,2q6tgiA9tpb6DMguABwCWE,0.422,0.264,8,-7.064,1,0.0322,0.922,0,0.132,0.331,119.93,audio_features,2q6tgiA9tpb6DMguABwCWE,spotify:track:2q6tgiA9tpb6DMguABwCWE,https://api.spotify.com/v1/tracks/2q6tgiA9tpb6DMguABwCWE,https://api.spotify.com/v1/audio-analysis/2q6tgiA9tpb6DMguABwCWE,269560,4
195,Faded,Alan Walker,414655,https://open.spotify.com/track/7gHs73wELdeycvS48JfIos,7gHs73wELdeycvS48JfIos,0.589,0.651,6,-5.097,1,0.0306,0.0291,3.2e-06,0.111,0.166,90.011,audio_features,7gHs73wELdeycvS48JfIos,spotify:track:7gHs73wELdeycvS48JfIos,https://api.spotify.com/v1/tracks/7gHs73wELdeycvS48JfIos,https://api.spotify.com/v1/audio-analysis/7gHs73wELdeycvS48JfIos,212627,4
196,wokeuplikethis*,Playboi Carti,413997,https://open.spotify.com/track/59J5nzL1KniFHnU120dQzt,59J5nzL1KniFHnU120dQzt,0.785,0.62,8,-6.667,1,0.254,0.0138,0,0.15,0.478,78.477,audio_features,59J5nzL1KniFHnU120dQzt,spotify:track:59J5nzL1KniFHnU120dQzt,https://api.spotify.com/v1/tracks/59J5nzL1KniFHnU120dQzt,https://api.spotify.com/v1/audio-analysis/59J5nzL1KniFHnU120dQzt,235535,4
197,Side To Side,Ariana Grande,412929,https://open.spotify.com/track/4pLwZjInHj3SimIyN9SnOz,4pLwZjInHj3SimIyN9SnOz,0.648,0.738,6,-5.883,0,0.247,0.0408,0,0.292,0.603,159.145,audio_features,4pLwZjInHj3SimIyN9SnOz,spotify:track:4pLwZjInHj3SimIyN9SnOz,https://api.spotify.com/v1/tracks/4pLwZjInHj3SimIyN9SnOz,https://api.spotify.com/v1/audio-analysis/4pLwZjInHj3SimIyN9SnOz,226160,4
198,Signs,Drake,410664,https://open.spotify.com/track/5EnYT6F7wEcdege6mDHEfO,5EnYT6F7wEcdege6mDHEfO,0.801,0.727,0,-4.687,1,0.0606,0.0864,0.00406,0.112,0.218,107.371,audio_features,5EnYT6F7wEcdege6mDHEfO,spotify:track:5EnYT6F7wEcdege6mDHEfO,https://api.spotify.com/v1/tracks/5EnYT6F7wEcdege6mDHEfO,https://api.spotify.com/v1/audio-analysis/5EnYT6F7wEcdege6mDHEfO,234373,4
199,Bad Liar,Selena Gomez,409495,https://open.spotify.com/track/1sCxVKWImDZSZKvG0U9B23,1sCxVKWImDZSZKvG0U9B23,0.953,0.41,1,-6.543,1,0.0705,0.175,0,0.0768,0.718,121.074,audio_features,1sCxVKWImDZSZKvG0U9B23,spotify:track:1sCxVKWImDZSZKvG0U9B23,https://api.spotify.com/v1/tracks/1sCxVKWImDZSZKvG0U9B23,https://api.spotify.com/v1/audio-analysis/1sCxVKWImDZSZKvG0U9B23,214648,4
200,Mercy,Shawn Mendes,408986,https://open.spotify.com/track/4TZy1wLyHec06pwgFYDh1a,4TZy1wLyHec06pwgFYDh1a,0.469,0.68,11,-4.921,0,0.117,0.137,0,0.11,0.374,147.734,audio_features,4TZy1wLyHec06pwgFYDh1a,spotify:track:4TZy1wLyHec06pwgFYDh1a,https://api.spotify.com/v1/tracks/4TZy1wLyHec06pwgFYDh1a,https://api.spotify.com/v1/audio-analysis/4TZy1wLyHec06pwgFYDh1a,208733,4
