Position,Track Name,Artist,Streams,URL,trackID,danceability,energy,key,loudness,mode,speechiness,acousticness,instrumentalness,liveness,valence,tempo,type,id,uri,track_href,analysis_url,duration_ms,time_signature
1,Shape of You,Ed Sheeran,7081620,https://open.spotify.com/track/7qiZfU4dY1lWllzX7mPBI3,7qiZfU4dY1lWllzX7mPBI3,0.825,0.652,1,-3.183,0,0.0802,0.581,0,0.0931,0.931,95.977,audio_features,7qiZfU4dY1lWllzX7mPBI3,spotify:track:7qiZfU4dY1lWllzX7mPBI3,https://api.spotify.com/v1/tracks/7qiZfU4dY1lWllzX7mPBI3,https://api.spotify.com/v1/audio-analysis/7qiZfU4dY1lWllzX7mPBI3,233713,4
2,Castle on the Hill,Ed Sheeran,4318590,https://open.spotify.com/track/6PCUP3dWmTjcTtXY02oFdT,6PCUP3dWmTjcTtXY02oFdT,0.461,0.834,2,-4.868,1,0.0989,0.0232,1.14e-05,0.14,0.471,135.007,audio_features,6PCUP3dWmTjcTtXY02oFdT,spotify:track:6PCUP3dWmTjcTtXY02oFdT,https://api.spotify.com/v1/tracks/6PCUP3dWmTjcTtXY02oFdT,https://api.spotify.com/v1/audio-analysis/6PCUP3dWmTjcTtXY02oFdT,261154,4
3,Starboy,The Weeknd,3565509,https://open.spotify.com/track/5aAx2yezTd8zXrkmtKl66Z,5aAx2yezTd8zXrkmtKl66Z,0.681,0.594,7,-7.028,1,0.282,0.165,3.49e-06,0.134,0.535,186.054,audio_features,5aAx2yezTd8zXrkmtKl66Z,spotify:track:5aAx2yezTd8zXrkmtKl66Z,https://api.spotify.com/v1/tracks/5aAx2yezTd8zXrkmtKl66Z,https://api.spotify.com/v1/audio-analysis/5aAx2yezTd8zXrkmtKl66Z,230453,4
4,"I Don’t Wanna Live Forever (Fifty Shades Darker) - From ""Fifty Shades Darker (Original Motion Picture Soundtrack)""",ZAYN,3296224,https://open.spotify.com/track/3NdDpSvN911VPGivFlV5d0,3NdDpSvN911VPGivFlV5d0,0.735,0.451,0,-8.374,1,0.0585,0.0631,1.3e-05,0.325,0.0862,117.973,audio_features,3NdDpSvN911VPGivFlV5d0,spotify:track:3NdDpSvN911VPGivFlV5d0,https://api.spotify.com/v1/tracks/3NdDpSvN911VPGivFlV5d0,https://api.spotify.com/v1/audio-analysis/3NdDpSvN911VPGivFlV5d0,245200,4
5,Rockabye (feat. Sean Paul & Anne-Marie),Clean Bandit,3204571,https://open.spotify.com/track/5knuzwU65gJK7IF5yJsuaW,5knuzwU65gJK7IF5yJsuaW,0.72,0.763,9,-4.068,0,0.0523,0.406,0,0.18,0.742,101.965,audio_features,5knuzwU65gJK7IF5yJsuaW,spotify:track:5knuzwU65gJK7IF5yJsuaW,https://api.spotify.com/v1/tracks/5knuzwU65gJK7IF5yJsuaW,https://api.spotify.com/v1/audio-analysis/5knuzwU65gJK7IF5yJsuaW,251088,4
6,Closer,The Chainsmokers,2978360,https://open.spotify.com/track/7BKLCZ1jbUBVqRi2FVlTVw,7BKLCZ1jbUBVqRi2FVlTVw,0.748,0.524,8,-5.599,1,0.0338,0.414,0,0.111,0.661,95.01,audio_features,7BKLCZ1jbUBVqRi2FVlTVw,spotify:track:7BKLCZ1jbUBVqRi2FVlTVw,https://api.spotify.com/v1/tracks/7BKLCZ1jbUBVqRi2FVlTVw,https://api.spotify.com/v1/audio-analysis/7BKLCZ1jbUBVqRi2FVlTVw,244960,4
7,Say You Won't Let Go,James Arthur,2700028,https://open.spotify.com/track/5uCax9HTNlzGybIStD3vDh,5uCax9HTNlzGybIStD3vDh,0.358,0.557,10,-7.398,1,0.059,0.695,0,0.0902,0.494,85.043,audio_features,5uCax9HTNlzGybIStD3vDh,spotify:track:5uCax9HTNlzGybIStD3vDh,https://api.spotify.com/v1/tracks/5uCax9HTNlzGybIStD3vDh,https://api.spotify.com/v1/audio-analysis/5uCax9HTNlzGybIStD3vDh,211467,4
8,I Feel It Coming,The Weeknd,2653707,https://open.spotify.com/track/5GXAXm5YOmYT0kL5jHvYBt,5GXAXm5YOmYT0kL5jHvYBt,0.773,0.819,0,-5.946,0,0.118,0.426,0,0.0679,0.585,92.99,audio_features,5GXAXm5YOmYT0kL5jHvYBt,spotify:track:5GXAXm5YOmYT0kL5jHvYBt,https://api.spotify.com/v1/tracks/5GXAXm5YOmYT0kL5jHvYBt,https://api.spotify.com/v1/audio-analysis/5GXAXm5YOmYT0kL5jHvYBt,269187,4
9,Don't Wanna Know,Maroon 5,2629010,https://open.spotify.com/track/5MFzQMkrl1FOOng9tq6R9r,5MFzQMkrl1FOOng9tq6R9r,0.783,0.623,7,-6.126,1,0.08,0.338,0,0.0975,0.447,100.048,audio_features,5MFzQMkrl1FOOng9tq6R9r,spotify:track:5MFzQMkrl1FOOng9tq6R9r,https://api.spotify.com/v1/tracks/5MFzQMkrl1FOOng9tq6R9r,https://api.spotify.com/v1/audio-analysis/5MFzQMkrl1FOOng9tq6R9r,214480,4
10,Fake Love,Drake,2574514,https://open.spotify.com/track/343YBumqHu19cGoGARUTsd,343YBumqHu19cGoGARUTsd,0.928,0.481,9,-9.35,0,0.287,0.105,0,0.176,0.613,134.007,audio_features,343YBumqHu19cGoGARUTsd,spotify:track:343YBumqHu19cGoGARUTsd,https://api.spotify.com/v1/tracks/343YBumqHu19cGoGARUTsd,https://api.spotify.com/v1/audio-analysis/343YBumqHu19cGoGARUTsd,210937,4
11,Bad and Boujee (feat. Lil Uzi Vert),Migos,2478495,https://open.spotify.com/track/4Km5HrUvYTaSUfiSGPJeQR,4Km5HrUvYTaSUfiSGPJeQR,0.927,0.665,11,-5.313,1,0.244,0.061,0,0.123,0.175,127.076,audio_features,4Km5HrUvYTaSUfiSGPJeQR,spotify:track:4Km5HrUvYTaSUfiSGPJeQR,https://api.spotify.com/v1/tracks/4Km5HrUvYTaSUfiSGPJeQR,https://api.spotify.com/v1/audio-analysis/4Km5HrUvYTaSUfiSGPJeQR,343150,4
12,Let Me Love You,DJ Snake,2377275,https://open.spotify.com/track/4pdPtRcBmOSQDlJ3Fk945m,4pdPtRcBmOSQDlJ3Fk945m,0.476,0.718,8,-5.309,1,0.0576,0.0784,1.02e-05,0.122,0.142,199.864,audio_features,4pdPtRcBmOSQDlJ3Fk945m,spotify:track:4pdPtRcBmOSQDlJ3Fk945m,https://api.spotify.com/v1/tracks/4pdPtRcBmOSQDlJ3Fk945m,https://api.spotify.com/v1/audio-analysis/4pdPtRcBmOSQDlJ3Fk945m,205947,4
13,24K Magic,Bruno Mars,2255848,https://open.spotify.com/track/6b8Be6ljOzmkOmFslEb23P,6b8Be6ljOzmkOmFslEb23P,0.818,0.803,1,-4.282,1,0.0797,0.034,0,0.153,0.632,106.97,audio_features,6b8Be6ljOzmkOmFslEb23P,spotify:track:6b8Be6ljOzmkOmFslEb23P,https://api.spotify.com/v1/tracks/6b8Be6ljOzmkOmFslEb23P,https://api.spotify.com/v1/audio-analysis/6b8Be6ljOzmkOmFslEb23P,225983,4
14,Call On Me - Ryan Riback Extended Remix,Starley,2219271,https://open.spotify.com/track/78rIJddV4X0HkNAInEcYde,78rIJddV4X0HkNAInEcYde,0.67,0.838,0,-4.031,1,0.0362,0.0604,0.000611,0.159,0.717,104.998,audio_features,78rIJddV4X0HkNAInEcYde,spotify:track:78rIJddV4X0HkNAInEcYde,https://api.spotify.com/v1/tracks/78rIJddV4X0HkNAInEcYde,https://api.spotify.com/v1/audio-analysis/78rIJddV4X0HkNAInEcYde,222041,4
15,Chantaje (feat. Maluma),Shakira,2155741,https://open.spotify.com/track/6mICuAdrwEjh6Y6lroV2Kg,6mICuAdrwEjh6Y6lroV2Kg,0.852,0.773,8,-2.921,0,0.0776,0.187,3.05e-05,0.159,0.907,102.034,audio_features,6mICuAdrwEjh6Y6lroV2Kg,spotify:track:6mICuAdrwEjh6Y6lroV2Kg,https://api.spotify.com/v1/tracks/6mICuAdrwEjh6Y6lroV2Kg,https://api.spotify.com/v1/audio-analysis/6mICuAdrwEjh6Y6lroV2Kg,195840,4
16,Just Hold On,Steve Aoki,2097390,https://open.spotify.com/track/3EmmCZoqpWOTY1g2GBwJoR,3EmmCZoqpWOTY1g2GBwJoR,0.647,0.932,11,-3.515,1,0.0824,0.00383,1.5e-06,0.0574,0.374,114.991,audio_features,3EmmCZoqpWOTY1g2GBwJoR,spotify:track:3EmmCZoqpWOTY1g2GBwJoR,https://api.spotify.com/v1/tracks/3EmmCZoqpWOTY1g2GBwJoR,https://api.spotify.com/v1/audio-analysis/3EmmCZoqpWOTY1g2GBwJoR,198774,4
17,Black Beatles,Rae Sremmurd,2042996,https://open.spotify.com/track/6fujklziTHa8uoM5OQSfIo,6fujklziTHa8uoM5OQSfIo,0.794,0.632,0,-6.163,1,0.0649,0.142,0,0.128,0.355,145.926,audio_features,6fujklziTHa8uoM5OQSfIo,spotify:track:6fujklziTHa8uoM5OQSfIo,https://api.spotify.com/v1/tracks/6fujklziTHa8uoM5OQSfIo,https://api.spotify.com/v1/audio-analysis/6fujklziTHa8uoM5OQSfIo,291893,4
18,Bad Things (with Camila Cabello),Machine Gun Kelly,2013911,https://open.spotify.com/track/1PSBzsahR2AKwLJgx8ehBj,1PSBzsahR2AKwLJgx8ehBj,0.697,0.691,2,-4.757,1,0.146,0.214,0,0.185,0.305,137.853,audio_features,1PSBzsahR2AKwLJgx8ehBj,spotify:track:1PSBzsahR2AKwLJgx8ehBj,https://api.spotify.com/v1/tracks/1PSBzsahR2AKwLJgx8ehBj,https://api.spotify.com/v1/audio-analysis/1PSBzsahR2AKwLJgx8ehBj,239293,4
19,One Dance,Drake,1847116,https://open.spotify.com/track/1xznGGDReH1oQq0xzbwXa3,1xznGGDReH1oQq0xzbwXa3,0.791,0.619,1,-5.886,1,0.0532,0.00784,0.00423,0.351,0.371,103.989,audio_features,1xznGGDReH1oQq0xzbwXa3,spotify:track:1xznGGDReH1oQq0xzbwXa3,https://api.spotify.com/v1/tracks/1xznGGDReH1oQq0xzbwXa3,https://api.spotify.com/v1/audio-analysis/1xznGGDReH1oQq0xzbwXa3,173987,4
20,Cold Water (feat. Justin Bieber & MØ),Major Lazer,1836586,https://open.spotify.com/track/6DNtNfH8hXkqOX1sjqmI7p,6DNtNfH8hXkqOX1sjqmI7p,0.608,0.798,6,-5.092,0,0.0432,0.0736,0,0.156,0.501,92.943,audio_features,6DNtNfH8hXkqOX1sjqmI7p,spotify:track:6DNtNfH8hXkqOX1sjqmI7p,https://api.spotify.com/v1/tracks/6DNtNfH8hXkqOX1sjqmI7p,https://api.spotify.com/v1/audio-analysis/6DNtNfH8hXkqOX1sjqmI7p,185352,4
21,Side To Side,Ariana Grande,1832384,https://open.spotify.com/track/4pLwZjInHj3SimIyN9SnOz,4pLwZjInHj3SimIyN9SnOz,0.648,0.738,6,-5.883,0,0.247,0.0408,0,0.292,0.603,159.145,audio_features,4pLwZjInHj3SimIyN9SnOz,spotify:track:4pLwZjInHj3SimIyN9SnOz,https://api.spotify.com/v1/tracks/4pLwZjInHj3SimIyN9SnOz,https://api.spotify.com/v1/audio-analysis/4pLwZjInHj3SimIyN9SnOz,226160,4
22,In the Name of Love,Martin Garrix,1770827,https://open.spotify.com/track/04DwTuZ2VBdJCCC5TROn7L,04DwTuZ2VBdJCCC5TROn7L,0.49,0.485,4,-6.237,0,0.0406,0.0592,0,0.337,0.196,133.889,audio_features,04DwTuZ2VBdJCCC5TROn7L,spotify:track:04DwTuZ2VBdJCCC5TROn7L,https://api.spotify.com/v1/tracks/04DwTuZ2VBdJCCC5TROn7L,https://api.spotify.com/v1/audio-analysis/04DwTuZ2VBdJCCC5TROn7L,195840,4
23,Mercy,Shawn Mendes,1709759,https://open.spotify.com/track/4TZy1wLyHec06pwgFYDh1a,4TZy1wLyHec06pwgFYDh1a,0.469,0.68,11,-4.921,0,0.117,0.137,0,0.11,0.374,147.734,audio_features,4TZy1wLyHec06pwgFYDh1a,spotify:track:4TZy1wLyHec06pwgFYDh1a,https://api.spotify.com/v1/tracks/4TZy1wLyHec06pwgFYDh1a,https://api.spotify.com/v1/audio-analysis/4TZy1wLyHec06pwgFYDh1a,208733,4
24,All We Know,The Chainsmokers,1645026,https://open.spotify.com/track/2rizacJSyD9S1IQUxUxnsK,2rizacJSyD9S1IQUxUxnsK,0.662,0.586,0,-8.821,1,0.0307,0.097,0.00272,0.115,0.296,90.0,audio_features,2rizacJSyD9S1IQUxUxnsK,spotify:track:2rizacJSyD9S1IQUxUxnsK,https://api.spotify.com/v1/tracks/2rizacJSyD9S1IQUxUxnsK,https://api.spotify.com/v1/audio-analysis/2rizacJSyD9S1IQUxUxnsK,194080,4
25,Starving,Hailee Steinfeld,1550515,https://open.spotify.com/track/1qOLh0tI7trd1zdDKxYZTe,1qOLh0tI7trd1zdDKxYZTe,0.636,0.633,4,-4.23,1,0.126,0.371,0,0.102,0.512,99.721,audio_features,1qOLh0tI7trd1zdDKxYZTe,spotify:track:1qOLh0tI7trd1zdDKxYZTe,https://api.spotify.com/v1/tracks/1qOLh0tI7trd1zdDKxYZTe,https://api.spotify.com/v1/audio-analysis/1qOLh0tI7trd1zdDKxYZTe,181880,4
26,All Night,The Vamps,1501314,https://open.spotify.com/track/1yNyoWWWikbLhwIGWjZuDW,1yNyoWWWikbLhwIGWjZuDW,0.563,0.775,8,-6.433,1,0.0366,0.00251,0,0.326,0.458,144.945,audio_features,1yNyoWWWikbLhwIGWjZuDW,spotify:track:1yNyoWWWikbLhwIGWjZuDW,https://api.spotify.com/v1/tracks/1yNyoWWWikbLhwIGWjZuDW,https://api.spotify.com/v1/audio-analysis/1yNyoWWWikbLhwIGWjZuDW,197793,4
27,My Way,Calvin Harris,1475791,https://open.spotify.com/track/1vvNmPOiUuyCbgWmtc6yfm,1vvNmPOiUuyCbgWmtc6yfm,0.819,0.913,4,-3.059,0,0.0427,0.0935,3.72e-05,0.161,0.536,119.989,audio_features,1vvNmPOiUuyCbgWmtc6yfm,spotify:track:1vvNmPOiUuyCbgWmtc6yfm,https://api.spotify.com/v1/tracks/1vvNmPOiUuyCbgWmtc6yfm,https://api.spotify.com/v1/audio-analysis/1vvNmPOiUuyCbgWmtc6yfm,219160,4
28,I Would Like,Zara Larsson,1472251,https://open.spotify.com/track/4Q4jmPHwu0wrJvqrld0FQ6,4Q4jmPHwu0wrJvqrld0FQ6,0.486,0.713,2,-3.949,0,0.0524,0.0853,0,0.0839,0.297,121.028,audio_features,4Q4jmPHwu0wrJvqrld0FQ6,spotify:track:4Q4jmPHwu0wrJvqrld0FQ6,https://api.spotify.com/v1/tracks/4Q4jmPHwu0wrJvqrld0FQ6,https://api.spotify.com/v1/audio-analysis/4Q4jmPHwu0wrJvqrld0FQ6,226720,4
29,Shed a Light,Robin Schulz,1454321,https://open.spotify.com/track/1cG0umU5TKStygKsPFZ9pY,1cG0umU5TKStygKsPFZ9pY,0.483,0.787,8,-5.244,1,0.102,0.112,0,0.257,0.58,122.058,audio_features,1cG0umU5TKStygKsPFZ9pY,spotify:track:1cG0umU5TKStygKsPFZ9pY,https://api.spotify.com/v1/tracks/1cG0umU5TKStygKsPFZ9pY,https://api.spotify.com/v1/audio-analysis/1cG0umU5TKStygKsPFZ9pY,191379,4
30,"How Far I'll Go - From ""Moana""",Alessia Cara,1443793,https://open.spotify.com/track/5hYTyyh2odQKphUbMqc5gN,5hYTyyh2odQKphUbMqc5gN,0.314,0.555,9,-9.601,1,0.37,0.157,0.000108,0.067,0.159,179.666,audio_features,5hYTyyh2odQKphUbMqc5gN,spotify:track:5hYTyyh2odQKphUbMqc5gN,https://api.spotify.com/v1/tracks/5hYTyyh2odQKphUbMqc5gN,https://api.spotify.com/v1/audio-analysis/5hYTyyh2odQKphUbMqc5gN,175517,4
31,Scars To Your Beautiful,Alessia Cara,1431256,https://open.spotify.com/track/0prNGof3XqfTvNDxHonvdK,0prNGof3XqfTvNDxHonvdK,0.573,0.739,0,-5.74,1,0.129,0.0285,0,0.111,0.451,97.085,audio_features,0prNGof3XqfTvNDxHonvdK,spotify:track:0prNGof3XqfTvNDxHonvdK,https://api.spotify.com/v1/tracks/0prNGof3XqfTvNDxHonvdK,https://api.spotify.com/v1/audio-analysis/0prNGof3XqfTvNDxHonvdK,230227,4
32,Now and Later,Sage The Gemini,1430717,https://open.spotify.com/track/43jBqV3j3Xi1g6wO0bhIMd,43jBqV3j3Xi1g6wO0bhIMd,0.781,0.57,11,-5.874,0,0.188,0.273,0,0.196,0.858,107.059,audio_features,43jBqV3j3Xi1g6wO0bhIMd,spotify:track:43jBqV3j3Xi1g6wO0bhIMd,https://api.spotify.com/v1/tracks/43jBqV3j3Xi1g6wO0bhIMd,https://api.spotify.com/v1/audio-analysis/43jBqV3j3Xi1g6wO0bhIMd,193181,4
33,Hear Me Now,Alok,1422324,https://open.spotify.com/track/1a5Yu5L18qNxVhXx38njON,1a5Yu5L18qNxVhXx38njON,0.788,0.43,11,-7.757,1,0.0419,0.537,0.00261,0.0936,0.461,121.996,audio_features,1a5Yu5L18qNxVhXx38njON,spotify:track:1a5Yu5L18qNxVhXx38njON,https://api.spotify.com/v1/tracks/1a5Yu5L18qNxVhXx38njON,https://api.spotify.com/v1/audio-analysis/1a5Yu5L18qNxVhXx38njON,192846,4
34,Heathens,Twenty One Pilots,1410108,https://open.spotify.com/track/6i0V12jOa3mr6uu4WYhUBr,6i0V12jOa3mr6uu4WYhUBr,0.732,0.396,4,-9.348,0,0.0286,0.0841,3.58e-05,0.105,0.548,90.024,audio_features,6i0V12jOa3mr6uu4WYhUBr,spotify:track:6i0V12jOa3mr6uu4WYhUBr,https://api.spotify.com/v1/tracks/6i0V12jOa3mr6uu4WYhUBr,https://api.spotify.com/v1/audio-analysis/6i0V12jOa3mr6uu4WYhUBr,195920,4
35,Love Me Now,John Legend,1394997,https://open.spotify.com/track/6nxQdXa1uAL0rY72wPZu89,6nxQdXa1uAL0rY72wPZu89,0.488,0.762,8,-3.842,1,0.0865,0.591,0,0.0763,0.709,123.889,audio_features,6nxQdXa1uAL0rY72wPZu89,spotify:track:6nxQdXa1uAL0rY72wPZu89,https://api.spotify.com/v1/tracks/6nxQdXa1uAL0rY72wPZu89,https://api.spotify.com/v1/audio-analysis/6nxQdXa1uAL0rY72wPZu89,210293,4
36,By Your Side,Jonas Blue,1372950,https://open.spotify.com/track/1D3ODoXHBLpdxolZRHWV1j,1D3ODoXHBLpdxolZRHWV1j,0.696,0.743,6,-3.838,1,0.0331,0.0778,0,0.0581,0.644,122.978,audio_features,1D3ODoXHBLpdxolZRHWV1j,spotify:track:1D3ODoXHBLpdxolZRHWV1j,https://api.spotify.com/v1/tracks/1D3ODoXHBLpdxolZRHWV1j,https://api.spotify.com/v1/audio-analysis/1D3ODoXHBLpdxolZRHWV1j,201254,4
37,Treat You Better,Shawn Mendes,1339849,https://open.spotify.com/track/4Hf7WnR761jpxPr5D46Bcd,4Hf7WnR761jpxPr5D46Bcd,0.624,0.803,10,-4.105,0,0.246,0.123,0,0.114,0.821,166.018,audio_features,4Hf7WnR761jpxPr5D46Bcd,spotify:track:4Hf7WnR761jpxPr5D46Bcd,https://api.spotify.com/v1/tracks/4Hf7WnR761jpxPr5D46Bcd,https://api.spotify.com/v1/audio-analysis/4Hf7WnR761jpxPr5D46Bcd,187973,4
38,Reggaetón Lento (Bailemos),CNCO,1289889,https://open.spotify.com/track/3AEZUABDXNtecAOSC1qTfo,3AEZUABDXNtecAOSC1qTfo,0.761,0.838,4,-3.073,0,0.0502,0.4,0,0.176,0.71,93.974,audio_features,3AEZUABDXNtecAOSC1qTfo,spotify:track:3AEZUABDXNtecAOSC1qTfo,https://api.spotify.com/v1/tracks/3AEZUABDXNtecAOSC1qTfo,https://api.spotify.com/v1/audio-analysis/3AEZUABDXNtecAOSC1qTfo,222560,4
39,Don't Let Me Down (feat. Daya),The Chainsmokers,1282768,https://open.spotify.com/track/0QsvXIfqM0zZoerQfsI9lm,0QsvXIfqM0zZoerQfsI9lm,0.542,0.859,11,-5.651,1,0.197,0.16,0.00466,0.137,0.403,159.797,audio_features,0QsvXIfqM0zZoerQfsI9lm,spotify:track:0QsvXIfqM0zZoerQfsI9lm,https://api.spotify.com/v1/tracks/0QsvXIfqM0zZoerQfsI9lm,https://api.spotify.com/v1/audio-analysis/0QsvXIfqM0zZoerQfsI9lm,208053,4
40,Alone,Alan Walker,1255666,https://open.spotify.com/track/0JiVRyTJcJnmlwCZ854K4p,0JiVRyTJcJnmlwCZ854K4p,0.676,0.929,10,-3.194,1,0.0458,0.186,0.000405,0.121,0.157,97.019,audio_features,0JiVRyTJcJnmlwCZ854K4p,spotify:track:0JiVRyTJcJnmlwCZ854K4p,https://api.spotify.com/v1/tracks/0JiVRyTJcJnmlwCZ854K4p,https://api.spotify.com/v1/audio-analysis/0JiVRyTJcJnmlwCZ854K4p,161200,4
41,Bounce Back,Big Sean,1254173,https://open.spotify.com/track/0SGkqnVQo9KPytSri1H6cF,0SGkqnVQo9KPytSri1H6cF,0.78,0.575,1,-5.628,0,0.139,0.106,0,0.129,0.273,81.502,audio_features,0SGkqnVQo9KPytSri1H6cF,spotify:track:0SGkqnVQo9KPytSri1H6cF,https://api.spotify.com/v1/tracks/0SGkqnVQo9KPytSri1H6cF,https://api.spotify.com/v1/audio-analysis/0SGkqnVQo9KPytSri1H6cF,222360,4
42,Caroline,Aminé,1220007,https://open.spotify.com/track/5GFDrUTLGJix84sNhjCG0g,5GFDrUTLGJix84sNhjCG0g,0.945,0.394,10,-8.571,1,0.492,0.303,0,0.131,0.743,120.058,audio_features,5GFDrUTLGJix84sNhjCG0g,spotify:track:5GFDrUTLGJix84sNhjCG0g,https://api.spotify.com/v1/tracks/5GFDrUTLGJix84sNhjCG0g,https://api.spotify.com/v1/audio-analysis/5GFDrUTLGJix84sNhjCG0g,209747,4
43,Photograph,Ed Sheeran,1152503,https://open.spotify.com/track/6fxVffaTuwjgEk5h9QyRjy,6fxVffaTuwjgEk5h9QyRjy,0.614,0.379,4,-10.48,1,0.0476,0.607,0.000464,0.0986,0.201,107.989,audio_features,6fxVffaTuwjgEk5h9QyRjy,spotify:track:6fxVffaTuwjgEk5h9QyRjy,https://api.spotify.com/v1/tracks/6fxVffaTuwjgEk5h9QyRjy,https://api.spotify.com/v1/audio-analysis/6fxVffaTuwjgEk5h9QyRjy,258987,4
44,We Don't Talk Anymore (feat. Selena Gomez),Charlie Puth,1143421,https://open.spotify.com/track/68EMU2RD1ECNeOeJ5qAXCV,68EMU2RD1ECNeOeJ5qAXCV,0.728,0.563,1,-8.053,0,0.134,0.621,0,0.179,0.352,100.017,audio_features,68EMU2RD1ECNeOeJ5qAXCV,spotify:track:68EMU2RD1ECNeOeJ5qAXCV,https://api.spotify.com/v1/tracks/68EMU2RD1ECNeOeJ5qAXCV,https://api.spotify.com/v1/audio-analysis/68EMU2RD1ECNeOeJ5qAXCV,217707,4
45,"CAN'T STOP THE FEELING! (Original Song from DreamWorks Animation's ""TROLLS"")",Justin Timberlake,1127980,https://open.spotify.com/track/6JV2JOEocMgcZxYSZelKcc,6JV2JOEocMgcZxYSZelKcc,0.667,0.83,0,-5.715,1,0.0749,0.0123,0,0.191,0.701,113.03,audio_features,6JV2JOEocMgcZxYSZelKcc,spotify:track:6JV2JOEocMgcZxYSZelKcc,https://api.spotify.com/v1/tracks/6JV2JOEocMgcZxYSZelKcc,https://api.spotify.com/v1/audio-analysis/6JV2JOEocMgcZxYSZelKcc,236002,4
46,Broccoli (feat. Lil Yachty),Shelley FKA DRAM,1106037,https://open.spotify.com/track/7yyRTcZmCiyzzJlNzGC9Ol,7yyRTcZmCiyzzJlNzGC9Ol,0.886,0.525,8,-7.39,1,0.131,0.236,0,0.057,0.708,145.99,audio_features,7yyRTcZmCiyzzJlNzGC9Ol,spotify:track:7yyRTcZmCiyzzJlNzGC9Ol,https://api.spotify.com/v1/tracks/7yyRTcZmCiyzzJlNzGC9Ol,https://api.spotify.com/v1/audio-analysis/7yyRTcZmCiyzzJlNzGC9Ol,225205,4
47,The Greatest (feat. Kendrick Lamar),Sia,1088593,https://open.spotify.com/track/7xHWNBFm6ObGEQPaUxHuKO,7xHWNBFm6ObGEQPaUxHuKO,0.668,0.725,1,-6.127,1,0.266,0.0102,0.000479,0.0561,0.729,191.944,audio_features,7xHWNBFm6ObGEQPaUxHuKO,spotify:track:7xHWNBFm6ObGEQPaUxHuKO,https://api.spotify.com/v1/tracks/7xHWNBFm6ObGEQPaUxHuKO,https://api.spotify.com/v1/audio-analysis/7xHWNBFm6ObGEQPaUxHuKO,210227,4
48,Cheap Thrills,Sia,1083334,https://open.spotify.com/track/27SdWb2rFzO6GWiYDBTD9j,27SdWb2rFzO6GWiYDBTD9j,0.628,0.698,6,-5.608,0,0.105,0.0472,0.00143,0.0907,0.732,89.976,audio_features,27SdWb2rFzO6GWiYDBTD9j,spotify:track:27SdWb2rFzO6GWiYDBTD9j,https://api.spotify.com/v1/tracks/27SdWb2rFzO6GWiYDBTD9j,https://api.spotify.com/v1/audio-analysis/27SdWb2rFzO6GWiYDBTD9j,211667,4
49,Safari,J Balvin,1081493,https://open.spotify.com/track/6rQSrBHf7HlZjtcMZ4S4bO,6rQSrBHf7HlZjtcMZ4S4bO,0.508,0.687,0,-4.361,1,0.326,0.551,3.41e-06,0.126,0.555,180.044,audio_features,6rQSrBHf7HlZjtcMZ4S4bO,spotify:track:6rQSrBHf7HlZjtcMZ4S4bO,https://api.spotify.com/v1/tracks/6rQSrBHf7HlZjtcMZ4S4bO,https://api.spotify.com/v1/audio-analysis/6rQSrBHf7HlZjtcMZ4S4bO,205600,4
50,Solo Dance,Martin Jensen,1052594,https://open.spotify.com/track/6HUnnBwYZqcED1eQztxMBN,6HUnnBwYZqcED1eQztxMBN,0.744,0.836,6,-2.396,0,0.0507,0.0435,0,0.194,0.36,114.965,audio_features,6HUnnBwYZqcED1eQztxMBN,spotify:track:6HUnnBwYZqcED1eQztxMBN,https://api.spotify.com/v1/tracks/6HUnnBwYZqcED1eQztxMBN,https://api.spotify.com/v1/audio-analysis/6HUnnBwYZqcED1eQztxMBN,174933,4
51,The Mack,Nevada,1050795,https://open.spotify.com/track/7aV2mflaASUmGhCErm7kBO,7aV2mflaASUmGhCErm7kBO,0.707,0.883,0,-4.281,1,0.0602,0.0707,0,0.23,0.541,106.031,audio_features,7aV2mflaASUmGhCErm7kBO,spotify:track:7aV2mflaASUmGhCErm7kBO,https://api.spotify.com/v1/tracks/7aV2mflaASUmGhCErm7kBO,https://api.spotify.com/v1/audio-analysis/7aV2mflaASUmGhCErm7kBO,167038,4
52,All Time Low,Jon Bellion,974033,https://open.spotify.com/track/1CnPYaKxTVb4LWOtiGOm0m,1CnPYaKxTVb4LWOtiGOm0m,0.617,0.567,0,-4.188,1,0.0828,0.0584,0,0.0933,0.505,90.246,audio_features,1CnPYaKxTVb4LWOtiGOm0m,spotify:track:1CnPYaKxTVb4LWOtiGOm0m,https://api.spotify.com/v1/tracks/1CnPYaKxTVb4LWOtiGOm0m,https://api.spotify.com/v1/audio-analysis/1CnPYaKxTVb4LWOtiGOm0m,217603,4
53,Party Monster,The Weeknd,950623,https://open.spotify.com/track/4F7A0DXBrmUAkp32uenhZt,4F7A0DXBrmUAkp32uenhZt,0.573,0.63,1,-8.389,1,0.105,0.189,2.31e-05,0.259,0.218,77.525,audio_features,4F7A0DXBrmUAkp32uenhZt,spotify:track:4F7A0DXBrmUAkp32uenhZt,https://api.spotify.com/v1/tracks/4F7A0DXBrmUAkp32uenhZt,https://api.spotify.com/v1/audio-analysis/4F7A0DXBrmUAkp32uenhZt,249213,4
54,Human,Rag'n'Bone Man,939779,https://open.spotify.com/track/58zsLZPvfflaiIbNWoA22O,58zsLZPvfflaiIbNWoA22O,0.602,0.707,11,-4.097,1,0.302,0.393,0,0.165,0.554,75.09,audio_features,58zsLZPvfflaiIbNWoA22O,spotify:track:58zsLZPvfflaiIbNWoA22O,https://api.spotify.com/v1/tracks/58zsLZPvfflaiIbNWoA22O,https://api.spotify.com/v1/audio-analysis/58zsLZPvfflaiIbNWoA22O,200187,4
55,Make Me (Cry),Noah Cyrus,920726,https://open.spotify.com/track/2BrzlUj1u1CtvaJDGIKpsP,2BrzlUj1u1CtvaJDGIKpsP,0.588,0.471,0,-7.287,1,0.0577,0.592,0.00146,0.0733,0.209,152.881,audio_features,2BrzlUj1u1CtvaJDGIKpsP,spotify:track:2BrzlUj1u1CtvaJDGIKpsP,https://api.spotify.com/v1/tracks/2BrzlUj1u1CtvaJDGIKpsP,https://api.spotify.com/v1/audio-analysis/2BrzlUj1u1CtvaJDGIKpsP,242081,4
56,I Took A Pill In Ibiza - Seeb Remix,Mike Posner,912533,https://open.spotify.com/track/17Fd6Yb7mSbinKG8LoWfFl,17Fd6Yb7mSbinKG8LoWfFl,0.663,0.713,7,-6.647,0,0.112,0.0353,7.68e-06,0.0843,0.69,101.965,audio_features,17Fd6Yb7mSbinKG8LoWfFl,spotify:track:17Fd6Yb7mSbinKG8LoWfFl,https://api.spotify.com/v1/tracks/17Fd6Yb7mSbinKG8LoWfFl,https://api.spotify.com/v1/audio-analysis/17Fd6Yb7mSbinKG8LoWfFl,197933,4
57,Water Under the Bridge,Adele,903632,https://open.spotify.com/track/4vb4mFvYsr2h6enhjJsq9Y,4vb4mFvYsr2h6enhjJsq9Y,0.596,0.838,5,-6.52,0,0.0704,0.0189,1.54e-05,0.108,0.472,94.982,audio_features,4vb4mFvYsr2h6enhjJsq9Y,spotify:track:4vb4mFvYsr2h6enhjJsq9Y,https://api.spotify.com/v1/tracks/4vb4mFvYsr2h6enhjJsq9Y,https://api.spotify.com/v1/audio-analysis/4vb4mFvYsr2h6enhjJsq9Y,240427,4
58,Vente Pa' Ca (feat. Maluma),Ricky Martin,898144,https://open.spotify.com/track/7DM4BPaS7uofFul3ywMe46,7DM4BPaS7uofFul3ywMe46,0.663,0.92,11,-4.07,0,0.226,0.00431,1.69e-05,0.101,0.533,99.935,audio_features,7DM4BPaS7uofFul3ywMe46,spotify:track:7DM4BPaS7uofFul3ywMe46,https://api.spotify.com/v1/tracks/7DM4BPaS7uofFul3ywMe46,https://api.spotify.com/v1/audio-analysis/7DM4BPaS7uofFul3ywMe46,259196,4
59,Otra vez (feat. J Balvin),Zion & Lennox,897522,https://open.spotify.com/track/3QwBODjSEzelZyVjxPOHdq,3QwBODjSEzelZyVjxPOHdq,0.832,0.772,10,-5.429,1,0.1,0.0559,0.000486,0.44,0.704,96.016,audio_features,3QwBODjSEzelZyVjxPOHdq,spotify:track:3QwBODjSEzelZyVjxPOHdq,https://api.spotify.com/v1/tracks/3QwBODjSEzelZyVjxPOHdq,https://api.spotify.com/v1/audio-analysis/3QwBODjSEzelZyVjxPOHdq,209453,4
60,Deja Vu,J. Cole,868665,https://open.spotify.com/track/6I6NX6tjGsxFAsIfGzY9lJ,6I6NX6tjGsxFAsIfGzY9lJ,0.657,0.421,9,-11.378,1,0.412,0.352,0.000218,0.187,0.181,174.063,audio_features,6I6NX6tjGsxFAsIfGzY9lJ,spotify:track:6I6NX6tjGsxFAsIfGzY9lJ,https://api.spotify.com/v1/tracks/6I6NX6tjGsxFAsIfGzY9lJ,https://api.spotify.com/v1/audio-analysis/6I6NX6tjGsxFAsIfGzY9lJ,264747,4
61,Sunset Lover,Petit Biscuit,866960,https://open.spotify.com/track/0hNduWmlWmEmuwEFcYvRu1,0hNduWmlWmEmuwEFcYvRu1,0.783,0.467,6,-9.474,1,0.0503,0.729,0.809,0.109,0.236,90.838,audio_features,0hNduWmlWmEmuwEFcYvRu1,spotify:track:0hNduWmlWmEmuwEFcYvRu1,https://api.spotify.com/v1/tracks/0hNduWmlWmEmuwEFcYvRu1,https://api.spotify.com/v1/audio-analysis/0hNduWmlWmEmuwEFcYvRu1,237793,4
62,Sexual,NEIKED,860314,https://open.spotify.com/track/3AsAuGTaDQzavZZThyYlop,3AsAuGTaDQzavZZThyYlop,0.803,0.569,2,-7.392,1,0.0739,0.0623,0,0.083,0.809,107.986,audio_features,3AsAuGTaDQzavZZThyYlop,spotify:track:3AsAuGTaDQzavZZThyYlop,https://api.spotify.com/v1/tracks/3AsAuGTaDQzavZZThyYlop,https://api.spotify.com/v1/audio-analysis/3AsAuGTaDQzavZZThyYlop,188889,4
63,Thinking out Loud,Ed Sheeran,858590,https://open.spotify.com/track/1Slwb6dOYkBlWal1PGtnNg,1Slwb6dOYkBlWal1PGtnNg,0.781,0.445,2,-6.061,1,0.0295,0.474,0,0.184,0.591,78.998,audio_features,1Slwb6dOYkBlWal1PGtnNg,spotify:track:1Slwb6dOYkBlWal1PGtnNg,https://api.spotify.com/v1/tracks/1Slwb6dOYkBlWal1PGtnNg,https://api.spotify.com/v1/audio-analysis/1Slwb6dOYkBlWal1PGtnNg,281560,4
64,This Is What You Came For (feat. Rihanna),Calvin Harris,855303,https://open.spotify.com/track/0azC730Exh71aQlOt9Zj3y,0azC730Exh71aQlOt9Zj3y,0.63,0.928,9,-2.787,0,0.0331,0.199,0.124,0.148,0.465,123.963,audio_features,0azC730Exh71aQlOt9Zj3y,spotify:track:0azC730Exh71aQlOt9Zj3y,https://api.spotify.com/v1/tracks/0azC730Exh71aQlOt9Zj3y,https://api.spotify.com/v1/audio-analysis/0azC730Exh71aQlOt9Zj3y,222160,4
65,Lot to Learn,Luke Christopher,837100,https://open.spotify.com/track/3TRFq09DUgYj1mug6RRqJW,3TRFq09DUgYj1mug6RRqJW,0.405,0.846,6,-3.57,1,0.195,0.0948,0,0.0666,0.602,82.232,audio_features,3TRFq09DUgYj1mug6RRqJW,spotify:track:3TRFq09DUgYj1mug6RRqJW,https://api.spotify.com/v1/tracks/3TRFq09DUgYj1mug6RRqJW,https://api.spotify.com/v1/audio-analysis/3TRFq09DUgYj1mug6RRqJW,248337,4
66,Don't Leave,Snakehips,815871,https://open.spotify.com/track/0Zx8khUcEfCFK2AEoIhC92,0Zx8khUcEfCFK2AEoIhC92,0.657,0.703,1,-3.402,1,0.0753,0.222,0,0.256,0.338,122.381,audio_features,0Zx8khUcEfCFK2AEoIhC92,spotify:track:0Zx8khUcEfCFK2AEoIhC92,https://api.spotify.com/v1/tracks/0Zx8khUcEfCFK2AEoIhC92,https://api.spotify.com/v1/audio-analysis/0Zx8khUcEfCFK2AEoIhC92,214693,4
67,Too Good,Drake,810033,https://open.spotify.com/track/11KJSRSgaDxqydKYiD2Jew,11KJSRSgaDxqydKYiD2Jew,0.804,0.648,7,-7.805,1,0.117,0.0573,3.49e-05,0.102,0.392,117.983,audio_features,11KJSRSgaDxqydKYiD2Jew,spotify:track:11KJSRSgaDxqydKYiD2Jew,https://api.spotify.com/v1/tracks/11KJSRSgaDxqydKYiD2Jew,https://api.spotify.com/v1/audio-analysis/11KJSRSgaDxqydKYiD2Jew,263373,4
68,Perfect Strangers,Jonas Blue,803834,https://open.spotify.com/track/1CUVN2kn7mW5FjkqXTR2W1,1CUVN2kn7mW5FjkqXTR2W1,0.742,0.819,1,-5.307,1,0.0487,0.372,0,0.277,0.709,117.986,audio_features,1CUVN2kn7mW5FjkqXTR2W1,spotify:track:1CUVN2kn7mW5FjkqXTR2W1,https://api.spotify.com/v1/tracks/1CUVN2kn7mW5FjkqXTR2W1,https://api.spotify.com/v1/audio-analysis/1CUVN2kn7mW5FjkqXTR2W1,196613,4
69,Ride,Twenty One Pilots,802262,https://open.spotify.com/track/2Z8WuEywRWYTKe1NybPQEW,2Z8WuEywRWYTKe1NybPQEW,0.645,0.713,6,-5.355,1,0.0393,0.00835,0,0.113,0.566,74.989,audio_features,2Z8WuEywRWYTKe1NybPQEW,spotify:track:2Z8WuEywRWYTKe1NybPQEW,https://api.spotify.com/v1/tracks/2Z8WuEywRWYTKe1NybPQEW,https://api.spotify.com/v1/audio-analysis/2Z8WuEywRWYTKe1NybPQEW,214507,4
70,iSpy (feat. Lil Yachty),KYLE,785724,https://open.spotify.com/track/2EEeOnHehOozLq4aS0n6SL,2EEeOnHehOozLq4aS0n6SL,0.746,0.653,7,-6.745,1,0.289,0.378,0,0.229,0.672,75.016,audio_features,2EEeOnHehOozLq4aS0n6SL,spotify:track:2EEeOnHehOozLq4aS0n6SL,https://api.spotify.com/v1/tracks/2EEeOnHehOozLq4aS0n6SL,https://api.spotify.com/v1/audio-analysis/2EEeOnHehOozLq4aS0n6SL,253107,4
71,Work from Home (feat. Ty Dolla $ign),Fifth Harmony,780465,https://open.spotify.com/track/4tCtwWceOPWzenK2HAIJSb,4tCtwWceOPWzenK2HAIJSb,0.803,0.585,8,-5.861,1,0.0432,0.103,3.94e-06,0.0644,0.593,105.017,audio_features,4tCtwWceOPWzenK2HAIJSb,spotify:track:4tCtwWceOPWzenK2HAIJSb,https://api.spotify.com/v1/tracks/4tCtwWceOPWzenK2HAIJSb,https://api.spotify.com/v1/audio-analysis/4tCtwWceOPWzenK2HAIJSb,214480,4
72,Setting Fires,The Chainsmokers,777994,https://open.spotify.com/track/0B8B8cVRFIG1yznoQe7c9s,0B8B8cVRFIG1yznoQe7c9s,0.626,0.717,8,-5.751,0,0.0375,0.017,0,0.261,0.56,105.039,audio_features,0B8B8cVRFIG1yznoQe7c9s,spotify:track:0B8B8cVRFIG1yznoQe7c9s,https://api.spotify.com/v1/tracks/0B8B8cVRFIG1yznoQe7c9s,https://api.spotify.com/v1/audio-analysis/0B8B8cVRFIG1yznoQe7c9s,247427,4
73,"i hate u, i love u (feat. olivia o'brien)",gnash,776141,https://open.spotify.com/track/7vRriwrloYVaoAe3a9wJHe,7vRriwrloYVaoAe3a9wJHe,0.492,0.275,6,-13.4,0,0.3,0.687,0,0.101,0.18,92.6,audio_features,7vRriwrloYVaoAe3a9wJHe,spotify:track:7vRriwrloYVaoAe3a9wJHe,https://api.spotify.com/v1/tracks/7vRriwrloYVaoAe3a9wJHe,https://api.spotify.com/v1/audio-analysis/7vRriwrloYVaoAe3a9wJHe,251034,4
74,Stressed Out,Twenty One Pilots,771040,https://open.spotify.com/track/3CRDbSIZ4r5MsZ0YwxuEkn,3CRDbSIZ4r5MsZ0YwxuEkn,0.734,0.637,4,-5.677,0,0.141,0.0462,2.29e-05,0.0602,0.648,169.977,audio_features,3CRDbSIZ4r5MsZ0YwxuEkn,spotify:track:3CRDbSIZ4r5MsZ0YwxuEkn,https://api.spotify.com/v1/tracks/3CRDbSIZ4r5MsZ0YwxuEkn,https://api.spotify.com/v1/audio-analysis/3CRDbSIZ4r5MsZ0YwxuEkn,202333,4
75,Chill Bill (feat. J. Davi$ & Spooks),Rob $tone,762978,https://open.spotify.com/track/5uDASfU19gDxSjW8cnCaBp,5uDASfU19gDxSjW8cnCaBp,0.886,0.427,6,-10.028,1,0.145,0.0312,0.00099,0.0906,0.23,108.034,audio_features,5uDASfU19gDxSjW8cnCaBp,spotify:track:5uDASfU19gDxSjW8cnCaBp,https://api.spotify.com/v1/tracks/5uDASfU19gDxSjW8cnCaBp,https://api.spotify.com/v1/audio-analysis/5uDASfU19gDxSjW8cnCaBp,177184,4
76,I Got You,Bebe Rexha,756688,https://open.spotify.com/track/1FUViuNSldssMIawrOXF2i,1FUViuNSldssMIawrOXF2i,0.609,0.887,9,-4.749,0,0.0507,0.0504,4.76e-06,0.09,0.316,97.99,audio_features,1FUViuNSldssMIawrOXF2i,spotify:track:1FUViuNSldssMIawrOXF2i,https://api.spotify.com/v1/tracks/1FUViuNSldssMIawrOXF2i,https://api.spotify.com/v1/audio-analysis/1FUViuNSldssMIawrOXF2i,191812,4
77,Panda,Desiigner,750596,https://open.spotify.com/track/5OOkp4U9P9oL23maHFHL1h,5OOkp4U9P9oL23maHFHL1h,0.576,0.766,10,-4.943,0,0.449,0.028,1.68e-06,0.366,0.236,144.833,audio_features,5OOkp4U9P9oL23maHFHL1h,spotify:track:5OOkp4U9P9oL23maHFHL1h,https://api.spotify.com/v1/tracks/5OOkp4U9P9oL23maHFHL1h,https://api.spotify.com/v1/audio-analysis/5OOkp4U9P9oL23maHFHL1h,246761,4
78,Faded,Alan Walker,741686,https://open.spotify.com/track/7gHs73wELdeycvS48JfIos,7gHs73wELdeycvS48JfIos,0.589,0.651,6,-5.097,1,0.0306,0.0291,3.2e-06,0.111,0.166,90.011,audio_features,7gHs73wELdeycvS48JfIos,spotify:track:7gHs73wELdeycvS48JfIos,https://api.spotify.com/v1/tracks/7gHs73wELdeycvS48JfIos,https://api.spotify.com/v1/audio-analysis/7gHs73wELdeycvS48JfIos,212627,4
79,X (feat. Future),21 Savage,740309,https://open.spotify.com/track/6fwdbPMwP1zVStm8FybmkO,6fwdbPMwP1zVStm8FybmkO,0.835,0.413,1,-9.81,1,0.396,0.373,0.00133,0.101,0.111,149.004,audio_features,6fwdbPMwP1zVStm8FybmkO,spotify:track:6fwdbPMwP1zVStm8FybmkO,https://api.spotify.com/v1/tracks/6fwdbPMwP1zVStm8FybmkO,https://api.spotify.com/v1/audio-analysis/6fwdbPMwP1zVStm8FybmkO,258880,4
80,Trust Nobody (feat. Selena Gomez & Tory Lanez),Cashmere Cat,732752,https://open.spotify.com/track/2wDjpPW3HZdA9quPPmZAMu,2wDjpPW3HZdA9quPPmZAMu,0.42,0.636,10,-7.216,1,0.22,0.494,0,0.122,0.784,156.104,audio_features,2wDjpPW3HZdA9quPPmZAMu,spotify:track:2wDjpPW3HZdA9quPPmZAMu,https://api.spotify.com/v1/tracks/2wDjpPW3HZdA9quPPmZAMu,https://api.spotify.com/v1/audio-analysis/2wDjpPW3HZdA9quPPmZAMu,215670,5
81,Love Yourself,Justin Bieber,730005,https://open.spotify.com/track/3hB5DgAiMAQ4DzYbsMq1IT,3hB5DgAiMAQ4DzYbsMq1IT,0.609,0.378,4,-9.828,1,0.438,0.835,0,0.28,0.515,100.418,audio_features,3hB5DgAiMAQ4DzYbsMq1IT,spotify:track:3hB5DgAiMAQ4DzYbsMq1IT,https://api.spotify.com/v1/tracks/3hB5DgAiMAQ4DzYbsMq1IT,https://api.spotify.com/v1/audio-analysis/3hB5DgAiMAQ4DzYbsMq1IT,233720,4
82,Work,Rihanna,711505,https://open.spotify.com/track/14WWzenpaEgQZlqPq2nk4v,14WWzenpaEgQZlqPq2nk4v,0.725,0.534,11,-6.238,1,0.0946,0.0752,0,0.0919,0.558,91.974,audio_features,14WWzenpaEgQZlqPq2nk4v,spotify:track:14WWzenpaEgQZlqPq2nk4v,https://api.spotify.com/v1/tracks/14WWzenpaEgQZlqPq2nk4v,https://api.spotify.com/v1/audio-analysis/14WWzenpaEgQZlqPq2nk4v,219320,4
83,"Sucker for Pain (with Wiz Khalifa, Imagine Dragons, Logic & Ty Dolla $ign feat. X Ambassadors)",Lil Wayne,705969,https://open.spotify.com/track/4dASQiO1Eoo3RJvt74FtXB,4dASQiO1Eoo3RJvt74FtXB,0.502,0.786,9,-4.378,0,0.317,0.255,0,0.65,0.739,169.021,audio_features,4dASQiO1Eoo3RJvt74FtXB,spotify:track:4dASQiO1Eoo3RJvt74FtXB,https://api.spotify.com/v1/tracks/4dASQiO1Eoo3RJvt74FtXB,https://api.spotify.com/v1/audio-analysis/4dASQiO1Eoo3RJvt74FtXB,243491,4
84,Sorry,Justin Bieber,701906,https://open.spotify.com/track/69bp2EbF7Q2rqc5N3ylezZ,69bp2EbF7Q2rqc5N3ylezZ,0.654,0.76,0,-3.669,0,0.045,0.0797,0,0.299,0.41,99.945,audio_features,69bp2EbF7Q2rqc5N3ylezZ,spotify:track:69bp2EbF7Q2rqc5N3ylezZ,https://api.spotify.com/v1/tracks/69bp2EbF7Q2rqc5N3ylezZ,https://api.spotify.com/v1/audio-analysis/69bp2EbF7Q2rqc5N3ylezZ,200787,4
85,Sneakin’,Drake,701330,https://open.spotify.com/track/4ckuS4Nj4FZ7i3Def3Br8W,4ckuS4Nj4FZ7i3Def3Br8W,0.806,0.558,8,-6.538,1,0.172,0.00496,1.45e-06,0.16,0.26,85.011,audio_features,4ckuS4Nj4FZ7i3Def3Br8W,spotify:track:4ckuS4Nj4FZ7i3Def3Br8W,https://api.spotify.com/v1/tracks/4ckuS4Nj4FZ7i3Def3Br8W,https://api.spotify.com/v1/audio-analysis/4ckuS4Nj4FZ7i3Def3Br8W,251333,4
86,Lighthouse - Andrelli Remix,Hearts & Colors,699372,https://open.spotify.com/track/04CttTezSnv71USiiG9mIo,04CttTezSnv71USiiG9mIo,0.595,0.662,11,-6.858,0,0.0362,0.0178,0,0.0804,0.417,96.053,audio_features,04CttTezSnv71USiiG9mIo,spotify:track:04CttTezSnv71USiiG9mIo,https://api.spotify.com/v1/tracks/04CttTezSnv71USiiG9mIo,https://api.spotify.com/v1/audio-analysis/04CttTezSnv71USiiG9mIo,218447,4
87,Versace on the Floor,Bruno Mars,696746,https://open.spotify.com/track/0kN8xEmgMW9mh7UmDYHlJP,0kN8xEmgMW9mh7UmDYHlJP,0.578,0.574,2,-6.209,1,0.0454,0.196,0,0.083,0.301,174.152,audio_features,0kN8xEmgMW9mh7UmDYHlJP,spotify:track:0kN8xEmgMW9mh7UmDYHlJP,https://api.spotify.com/v1/tracks/0kN8xEmgMW9mh7UmDYHlJP,https://api.spotify.com/v1/audio-analysis/0kN8xEmgMW9mh7UmDYHlJP,261240,4
88,Redbone,Childish Gambino,695588,https://open.spotify.com/track/3kxfsdsCpFgN412fpnW85Y,3kxfsdsCpFgN412fpnW85Y,0.745,0.356,1,-10.425,1,0.0941,0.172,0.00943,0.123,0.607,160.033,audio_features,3kxfsdsCpFgN412fpnW85Y,spotify:track:3kxfsdsCpFgN412fpnW85Y,https://api.spotify.com/v1/tracks/3kxfsdsCpFgN412fpnW85Y,https://api.spotify.com/v1/audio-analysis/3kxfsdsCpFgN412fpnW85Y,326933,4
89,No Heart,21 Savage,693670,https://open.spotify.com/track/4gmmRb6bZJffOOiww1JGTO,4gmmRb6bZJffOOiww1JGTO,0.906,0.444,4,-8.692,0,0.384,0.136,6.44e-05,0.173,0.678,140.063,audio_features,4gmmRb6bZJffOOiww1JGTO,spotify:track:4gmmRb6bZJffOOiww1JGTO,https://api.spotify.com/v1/tracks/4gmmRb6bZJffOOiww1JGTO,https://api.spotify.com/v1/audio-analysis/4gmmRb6bZJffOOiww1JGTO,235040,4
90,The Ocean (feat. Shy Martin),Mike Perry,687198,https://open.spotify.com/track/2CPqh63wRVscbceKcPxwvv,2CPqh63wRVscbceKcPxwvv,0.632,0.575,5,-6.478,1,0.029,0.0225,1.81e-06,0.104,0.188,90.037,audio_features,2CPqh63wRVscbceKcPxwvv,spotify:track:2CPqh63wRVscbceKcPxwvv,https://api.spotify.com/v1/tracks/2CPqh63wRVscbceKcPxwvv,https://api.spotify.com/v1/audio-analysis/2CPqh63wRVscbceKcPxwvv,183414,4
91,Traicionera,Sebastian Yatra,681144,https://open.spotify.com/track/5J1c3M4EldCfNxXwrwt8mT,5J1c3M4EldCfNxXwrwt8mT,0.776,0.669,11,-4.933,1,0.0638,0.142,0,0.219,0.661,91.012,audio_features,5J1c3M4EldCfNxXwrwt8mT,spotify:track:5J1c3M4EldCfNxXwrwt8mT,https://api.spotify.com/v1/tracks/5J1c3M4EldCfNxXwrwt8mT,https://api.spotify.com/v1/audio-analysis/5J1c3M4EldCfNxXwrwt8mT,228467,4
92,Hymn for the Weekend - Seeb Remix,Coldplay,678819,https://open.spotify.com/track/1OAiWI2oPmglaOiv9fdioU,1OAiWI2oPmglaOiv9fdioU,0.564,0.849,0,-3.516,0,0.0517,0.00868,4.68e-06,0.12,0.427,102.028,audio_features,1OAiWI2oPmglaOiv9fdioU,spotify:track:1OAiWI2oPmglaOiv9fdioU,https://api.spotify.com/v1/tracks/1OAiWI2oPmglaOiv9fdioU,https://api.spotify.com/v1/audio-analysis/1OAiWI2oPmglaOiv9fdioU,212647,4
93,Weak,AJR,677991,https://open.spotify.com/track/3E2Zh20GDCR9B1EYjfXWyv,3E2Zh20GDCR9B1EYjfXWyv,0.673,0.637,5,-4.518,1,0.0429,0.137,0,0.184,0.678,123.98,audio_features,3E2Zh20GDCR9B1EYjfXWyv,spotify:track:3E2Zh20GDCR9B1EYjfXWyv,https://api.spotify.com/v1/tracks/3E2Zh20GDCR9B1EYjfXWyv,https://api.spotify.com/v1/audio-analysis/3E2Zh20GDCR9B1EYjfXWyv,201160,4
94,Steady 1234 (feat. Jasmine Thompson & Skizzy Mars),Vice,676847,https://open.spotify.com/track/40UroIGvsMPLPBYwH8rMNA,40UroIGvsMPLPBYwH8rMNA,0.779,0.671,9,-5.829,1,0.0814,0.153,1.12e-05,0.115,0.718,104.953,audio_features,40UroIGvsMPLPBYwH8rMNA,spotify:track:40UroIGvsMPLPBYwH8rMNA,https://api.spotify.com/v1/tracks/40UroIGvsMPLPBYwH8rMNA,https://api.spotify.com/v1/audio-analysis/40UroIGvsMPLPBYwH8rMNA,177095,4
95,Sidewalks,The Weeknd,674959,https://open.spotify.com/track/4h90qkbnW1Qq6pBhoPvwko,4h90qkbnW1Qq6pBhoPvwko,0.542,0.72,1,-5.136,0,0.0628,0.147,0,0.348,0.623,149.828,audio_features,4h90qkbnW1Qq6pBhoPvwko,spotify:track:4h90qkbnW1Qq6pBhoPvwko,https://api.spotify.com/v1/tracks/4h90qkbnW1Qq6pBhoPvwko,https://api.spotify.com/v1/audio-analysis/4h90qkbnW1Qq6pBhoPvwko,231360,4
96,Shout Out to My Ex,Little Mix,660575,https://open.spotify.com/track/0YHUITU3w6ws1v8ehT264g,0YHUITU3w6ws1v8ehT264g,0.774,0.739,0,-4.022,1,0.0952,0.0316,5.95e-06,0.119,0.823,126.002,audio_features,0YHUITU3w6ws1v8ehT264g,spotify:track:0YHUITU3w6ws1v8ehT264g,https://api.spotify.com/v1/tracks/0YHUITU3w6ws1v8ehT264g,https://api.spotify.com/v1/audio-analysis/0YHUITU3w6ws1v8ehT264g,246240,4
97,Needed Me,Rihanna,653740,https://open.spotify.com/track/1Tt4sE4pXi57mTD1GCzsqm,1Tt4sE4pXi57mTD1GCzsqm,0.671,0.314,5,-8.091,0,0.244,0.11,0,0.0825,0.296,110.898,audio_features,1Tt4sE4pXi57mTD1GCzsqm,spotify:track:1Tt4sE4pXi57mTD1GCzsqm,https://api.spotify.com/v1/tracks/1Tt4sE4pXi57mTD1GCzsqm,https://api.spotify.com/v1/audio-analysis/1Tt4sE4pXi57mTD1GCzsqm,191600,4
98,Controlla,Drake,644935,https://open.spotify.com/track/6F609ICg9Spjrw1epsAnpa,6F609ICg9Spjrw1epsAnpa,0.607,0.476,10,-11.076,0,0.249,0.0773,0,0.113,0.347,122.976,audio_features,6F609ICg9Spjrw1epsAnpa,spotify:track:6F609ICg9Spjrw1epsAnpa,https://api.spotify.com/v1/tracks/6F609ICg9Spjrw1epsAnpa,https://api.spotify.com/v1/audio-analysis/6F609ICg9Spjrw1epsAnpa,245227,5
99,Six Feet Under,The Weeknd,644913,https://open.spotify.com/track/4mU5iXHeLgbR94siF7p1sY,4mU5iXHeLgbR94siF7p1sY,0.772,0.504,6,-8.219,0,0.0761,0.129,0,0.125,0.244,140.035,audio_features,4mU5iXHeLgbR94siF7p1sY,spotify:track:4mU5iXHeLgbR94siF7p1sY,https://api.spotify.com/v1/tracks/4mU5iXHeLgbR94siF7p1sY,https://api.spotify.com/v1/audio-analysis/4mU5iXHeLgbR94siF7p1sY,237573,4
100,Capsize,FRENSHIP,644608,https://open.spotify.com/track/2XMTqoHHSH0lvuXrvIEdco,2XMTqoHHSH0lvuXrvIEdco,0.683,0.708,5,-6.244,0,0.0305,0.0398,0.155,0.686,0.355,92.991,audio_features,2XMTqoHHSH0lvuXrvIEdco,spotify:track:2XMTqoHHSH0lvuXrvIEdco,https://api.spotify.com/v1/tracks/2XMTqoHHSH0lvuXrvIEdco,https://api.spotify.com/v1/audio-analysis/2XMTqoHHSH0lvuXrvIEdco,237707,4
101,Some Kind Of Drug (feat. Marc E. Bassy),G-Eazy,636211,https://open.spotify.com/track/1Bqxj0aH5KewYHKUg1IdrF,1Bqxj0aH5KewYHKUg1IdrF,0.586,0.525,0,-8.968,1,0.498,0.0705,0,0.0729,0.491,126.51,audio_features,1Bqxj0aH5KewYHKUg1IdrF,spotify:track:1Bqxj0aH5KewYHKUg1IdrF,https://api.spotify.com/v1/tracks/1Bqxj0aH5KewYHKUg1IdrF,https://api.spotify.com/v1/audio-analysis/1Bqxj0aH5KewYHKUg1IdrF,222467,4
102,La Bicicleta,Carlos Vives,630783,https://open.spotify.com/track/0sXvAOmXgjR2QUqLK1MltU,0sXvAOmXgjR2QUqLK1MltU,0.736,0.964,0,-2.147,1,0.129,0.198,2.32e-06,0.336,0.953,179.935,audio_features,0sXvAOmXgjR2QUqLK1MltU,spotify:track:0sXvAOmXgjR2QUqLK1MltU,https://api.spotify.com/v1/tracks/0sXvAOmXgjR2QUqLK1MltU,https://api.spotify.com/v1/audio-analysis/0sXvAOmXgjR2QUqLK1MltU,227707,4
103,Fresh Eyes,Andy Grammer,624288,https://open.spotify.com/track/4nMlau89VAjmV7agkl7OY3,4nMlau89VAjmV7agkl7OY3,0.822,0.544,0,-6.797,1,0.0332,0.562,2.4e-05,0.144,0.861,122.047,audio_features,4nMlau89VAjmV7agkl7OY3,spotify:track:4nMlau89VAjmV7agkl7OY3,https://api.spotify.com/v1/tracks/4nMlau89VAjmV7agkl7OY3,https://api.spotify.com/v1/audio-analysis/4nMlau89VAjmV7agkl7OY3,198001,4
104,Light It Up (feat. Nyla & Fuse ODG) - Remix,Major Lazer,616244,https://open.spotify.com/track/0L7loeTIg6akW84aEQZpCT,0L7loeTIg6akW84aEQZpCT,0.746,0.877,9,-3.782,0,0.0666,0.0375,0.000833,0.233,0.751,107.985,audio_features,0L7loeTIg6akW84aEQZpCT,spotify:track:0L7loeTIg6akW84aEQZpCT,https://api.spotify.com/v1/tracks/0L7loeTIg6akW84aEQZpCT,https://api.spotify.com/v1/audio-analysis/0L7loeTIg6akW84aEQZpCT,166138,4
105,7 Years,Lukas Graham,610242,https://open.spotify.com/track/7129iqBafaphfc3WPCGC0L,7129iqBafaphfc3WPCGC0L,0.742,0.479,10,-5.83,1,0.0551,0.29,0,0.391,0.346,119.951,audio_features,7129iqBafaphfc3WPCGC0L,spotify:track:7129iqBafaphfc3WPCGC0L,https://api.spotify.com/v1/tracks/7129iqBafaphfc3WPCGC0L,https://api.spotify.com/v1/audio-analysis/7129iqBafaphfc3WPCGC0L,237300,4
106,Cake By The Ocean,DNCE,596729,https://open.spotify.com/track/2aFiaMXmWsM3Vj72F9ksBl,2aFiaMXmWsM3Vj72F9ksBl,0.774,0.764,4,-5.445,0,0.0518,0.156,0,0.0383,0.912,118.997,audio_features,2aFiaMXmWsM3Vj72F9ksBl,spotify:track:2aFiaMXmWsM3Vj72F9ksBl,https://api.spotify.com/v1/tracks/2aFiaMXmWsM3Vj72F9ksBl,https://api.spotify.com/v1/audio-analysis/2aFiaMXmWsM3Vj72F9ksBl,219147,4
107,No Lie,Sean Paul,595963,https://open.spotify.com/track/3cFsmM51N5zMAuu1nNY4Tw,3cFsmM51N5zMAuu1nNY4Tw,0.741,0.891,7,-2.824,1,0.119,0.0437,0,0.256,0.449,102.002,audio_features,3cFsmM51N5zMAuu1nNY4Tw,spotify:track:3cFsmM51N5zMAuu1nNY4Tw,https://api.spotify.com/v1/tracks/3cFsmM51N5zMAuu1nNY4Tw,https://api.spotify.com/v1/audio-analysis/3cFsmM51N5zMAuu1nNY4Tw,221176,4
108,This Town,Niall Horan,594397,https://open.spotify.com/track/5nA67Y0XX9JipZwYxX7Gl7,5nA67Y0XX9JipZwYxX7Gl7,0.687,0.409,9,-7.751,1,0.0311,0.71,0,0.126,0.16,111.861,audio_features,5nA67Y0XX9JipZwYxX7Gl7,spotify:track:5nA67Y0XX9JipZwYxX7Gl7,https://api.spotify.com/v1/tracks/5nA67Y0XX9JipZwYxX7Gl7,https://api.spotify.com/v1/audio-analysis/5nA67Y0XX9JipZwYxX7Gl7,232600,4
109,Dynamite (feat. Pretty Sister),Nause,593403,https://open.spotify.com/track/2Ae5awwKvQpTBKQHr1TYCg,2Ae5awwKvQpTBKQHr1TYCg,0.811,0.801,9,-6.0,0,0.0802,0.0548,2.09e-05,0.0742,0.693,105.055,audio_features,2Ae5awwKvQpTBKQHr1TYCg,spotify:track:2Ae5awwKvQpTBKQHr1TYCg,https://api.spotify.com/v1/tracks/2Ae5awwKvQpTBKQHr1TYCg,https://api.spotify.com/v1/audio-analysis/2Ae5awwKvQpTBKQHr1TYCg,195429,4
110,Dile Que Tu Me Quieres,Ozuna,592671,https://open.spotify.com/track/20ZAJdsKB5IGbGj4ilRt2o,20ZAJdsKB5IGbGj4ilRt2o,0.721,0.687,1,-6.682,1,0.0782,0.0998,0,0.0679,0.825,175.914,audio_features,20ZAJdsKB5IGbGj4ilRt2o,spotify:track:20ZAJdsKB5IGbGj4ilRt2o,https://api.spotify.com/v1/tracks/20ZAJdsKB5IGbGj4ilRt2o,https://api.spotify.com/v1/audio-analysis/20ZAJdsKB5IGbGj4ilRt2o,226400,4
111,"Ay Mi Dios (feat. Pitbull, Yandel & Chacal)",IAmChino,590736,https://open.spotify.com/track/6stYbAJgTszHAHZMPxWWCY,6stYbAJgTszHAHZMPxWWCY,0.761,0.829,0,-3.203,0,0.0681,0.167,0,0.189,0.813,92.033,audio_features,6stYbAJgTszHAHZMPxWWCY,spotify:track:6stYbAJgTszHAHZMPxWWCY,https://api.spotify.com/v1/tracks/6stYbAJgTszHAHZMPxWWCY,https://api.spotify.com/v1/audio-analysis/6stYbAJgTszHAHZMPxWWCY,252003,4
112,You Was Right,Lil Uzi Vert,585920,https://open.spotify.com/track/2ANLarE8yHVsLWW21nj79M,2ANLarE8yHVsLWW21nj79M,0.843,0.359,0,-7.417,1,0.461,0.069,0,0.12,0.156,81.987,audio_features,2ANLarE8yHVsLWW21nj79M,spotify:track:2ANLarE8yHVsLWW21nj79M,https://api.spotify.com/v1/tracks/2ANLarE8yHVsLWW21nj79M,https://api.spotify.com/v1/audio-analysis/2ANLarE8yHVsLWW21nj79M,163944,4
113,Send My Love (To Your New Lover),Adele,578271,https://open.spotify.com/track/4BHzQ9C00ceJxfG16AlNWb,4BHzQ9C00ceJxfG16AlNWb,0.69,0.524,6,-8.39,0,0.103,0.0415,3.16e-06,0.17,0.562,164.023,audio_features,4BHzQ9C00ceJxfG16AlNWb,spotify:track:4BHzQ9C00ceJxfG16AlNWb,https://api.spotify.com/v1/tracks/4BHzQ9C00ceJxfG16AlNWb,https://api.spotify.com/v1/audio-analysis/4BHzQ9C00ceJxfG16AlNWb,223080,4
114,Dancing On My Own,Calum Scott,576490,https://open.spotify.com/track/02WacdrRpm4zlP8H7X6bnQ,02WacdrRpm4zlP8H7X6bnQ,0.608,0.174,1,-8.796,1,0.0332,0.851,1.92e-05,0.0855,0.193,112.175,audio_features,02WacdrRpm4zlP8H7X6bnQ,spotify:track:02WacdrRpm4zlP8H7X6bnQ,https://api.spotify.com/v1/tracks/02WacdrRpm4zlP8H7X6bnQ,https://api.spotify.com/v1/audio-analysis/02WacdrRpm4zlP8H7X6bnQ,260004,4
115,Into You,Ariana Grande,576004,https://open.spotify.com/track/7yHEDfrJNd0zWOfXwydNH0,7yHEDfrJNd0zWOfXwydNH0,0.636,0.727,9,-5.852,1,0.106,0.0161,1.12e-06,0.151,0.358,107.988,audio_features,7yHEDfrJNd0zWOfXwydNH0,spotify:track:7yHEDfrJNd0zWOfXwydNH0,https://api.spotify.com/v1/tracks/7yHEDfrJNd0zWOfXwydNH0,https://api.spotify.com/v1/audio-analysis/7yHEDfrJNd0zWOfXwydNH0,244453,4
116,Love On The Brain,Rihanna,575339,https://open.spotify.com/track/2aksifNn5ph8igDOkPBA02,2aksifNn5ph8igDOkPBA02,0.509,0.637,4,-4.83,0,0.0471,0.0717,1.08e-05,0.0789,0.378,172.006,audio_features,2aksifNn5ph8igDOkPBA02,spotify:track:2aksifNn5ph8igDOkPBA02,https://api.spotify.com/v1/tracks/2aksifNn5ph8igDOkPBA02,https://api.spotify.com/v1/audio-analysis/2aksifNn5ph8igDOkPBA02,224000,3
117,Middle,DJ Snake,575128,https://open.spotify.com/track/4OZEu0Vwq0RB2LAq14v99n,4OZEu0Vwq0RB2LAq14v99n,0.611,0.7,9,-5.331,1,0.0436,0.0199,0,0.0549,0.213,104.981,audio_features,4OZEu0Vwq0RB2LAq14v99n,spotify:track:4OZEu0Vwq0RB2LAq14v99n,https://api.spotify.com/v1/tracks/4OZEu0Vwq0RB2LAq14v99n,https://api.spotify.com/v1/audio-analysis/4OZEu0Vwq0RB2LAq14v99n,220573,4
118,No Problem (feat. Lil Wayne & 2 Chainz),Chance the Rapper,569995,https://open.spotify.com/track/0v9Wz8o0BT8DU38R4ddjeH,0v9Wz8o0BT8DU38R4ddjeH,0.652,0.795,11,-5.192,0,0.174,0.156,0,0.123,0.788,135.018,audio_features,0v9Wz8o0BT8DU38R4ddjeH,spotify:track:0v9Wz8o0BT8DU38R4ddjeH,https://api.spotify.com/v1/tracks/0v9Wz8o0BT8DU38R4ddjeH,https://api.spotify.com/v1/audio-analysis/0v9Wz8o0BT8DU38R4ddjeH,304607,4
119,September Song,JP Cooper,564872,https://open.spotify.com/track/0FuTx2s3YH1ppmtiM6l0zI,0FuTx2s3YH1ppmtiM6l0zI,0.623,0.654,0,-5.675,0,0.0372,0.0545,0,0.0838,0.401,95.921,audio_features,0FuTx2s3YH1ppmtiM6l0zI,spotify:track:0FuTx2s3YH1ppmtiM6l0zI,https://api.spotify.com/v1/tracks/0FuTx2s3YH1ppmtiM6l0zI,https://api.spotify.com/v1/audio-analysis/0FuTx2s3YH1ppmtiM6l0zI,220291,4
120,Swang,Rae Sremmurd,559376,https://open.spotify.com/track/6mapJIPnQ23RTAevUoE0DL,6mapJIPnQ23RTAevUoE0DL,0.681,0.314,8,-9.319,1,0.0581,0.2,9.82e-06,0.1,0.166,139.992,audio_features,6mapJIPnQ23RTAevUoE0DL,spotify:track:6mapJIPnQ23RTAevUoE0DL,https://api.spotify.com/v1/tracks/6mapJIPnQ23RTAevUoE0DL,https://api.spotify.com/v1/audio-analysis/6mapJIPnQ23RTAevUoE0DL,208120,4
121,Not Going Home,DVBBS,558429,https://open.spotify.com/track/042x9bsUBWW2fJgJ6fUh61,042x9bsUBWW2fJgJ6fUh61,0.713,0.733,6,-6.431,1,0.152,0.0933,2.23e-05,0.237,0.502,108.992,audio_features,042x9bsUBWW2fJgJ6fUh61,spotify:track:042x9bsUBWW2fJgJ6fUh61,https://api.spotify.com/v1/tracks/042x9bsUBWW2fJgJ6fUh61,https://api.spotify.com/v1/audio-analysis/042x9bsUBWW2fJgJ6fUh61,196307,4
122,Juju on That Beat (TZ Anthem),Zay Hilfigerrr,551536,https://open.spotify.com/track/1lItf5ZXJc1by9SbPeljFd,1lItf5ZXJc1by9SbPeljFd,0.807,0.887,1,-3.892,1,0.275,0.00381,0,0.391,0.78,160.517,audio_features,1lItf5ZXJc1by9SbPeljFd,spotify:track:1lItf5ZXJc1by9SbPeljFd,https://api.spotify.com/v1/tracks/1lItf5ZXJc1by9SbPeljFd,https://api.spotify.com/v1/audio-analysis/1lItf5ZXJc1by9SbPeljFd,144244,4
123,Love on Me,Galantis,551253,https://open.spotify.com/track/2MHCiOohBZEQuLgDTPvSzF,2MHCiOohBZEQuLgDTPvSzF,0.562,0.906,4,-2.085,1,0.0758,0.105,0,0.145,0.674,124.146,audio_features,2MHCiOohBZEQuLgDTPvSzF,spotify:track:2MHCiOohBZEQuLgDTPvSzF,https://api.spotify.com/v1/tracks/2MHCiOohBZEQuLgDTPvSzF,https://api.spotify.com/v1/audio-analysis/2MHCiOohBZEQuLgDTPvSzF,205920,4
124,Shaky Shaky,Daddy Yankee,548894,https://open.spotify.com/track/58IL315gMSTD37DOZPJ2hf,58IL315gMSTD37DOZPJ2hf,0.899,0.626,6,-4.228,0,0.292,0.076,0,0.0631,0.873,88.007,audio_features,58IL315gMSTD37DOZPJ2hf,spotify:track:58IL315gMSTD37DOZPJ2hf,https://api.spotify.com/v1/tracks/58IL315gMSTD37DOZPJ2hf,https://api.spotify.com/v1/audio-analysis/58IL315gMSTD37DOZPJ2hf,234320,4
125,It's Gotta Be You,Isaiah Firebrace,546071,https://open.spotify.com/track/6cAKeFFYW2aClZSUyvqAEW,6cAKeFFYW2aClZSUyvqAEW,0.422,0.745,8,-4.632,1,0.0378,0.221,0,0.0981,0.588,95.487,audio_features,6cAKeFFYW2aClZSUyvqAEW,spotify:track:6cAKeFFYW2aClZSUyvqAEW,https://api.spotify.com/v1/tracks/6cAKeFFYW2aClZSUyvqAEW,https://api.spotify.com/v1/audio-analysis/6cAKeFFYW2aClZSUyvqAEW,193447,4
126,Me llamas (feat. Maluma) - Remix,Piso 21,545510,https://open.spotify.com/track/5hEM0JchdVzQ5PwvSfITeX,5hEM0JchdVzQ5PwvSfITeX,0.76,0.838,7,-3.828,0,0.0529,0.547,1.3e-06,0.0664,0.745,93.05,audio_features,5hEM0JchdVzQ5PwvSfITeX,spotify:track:5hEM0JchdVzQ5PwvSfITeX,https://api.spotify.com/v1/tracks/5hEM0JchdVzQ5PwvSfITeX,https://api.spotify.com/v1/audio-analysis/5hEM0JchdVzQ5PwvSfITeX,210323,4
127,pick up the phone,Young Thug,544975,https://open.spotify.com/track/20dP2DaMHIAmwWAbp7peSr,20dP2DaMHIAmwWAbp7peSr,0.711,0.739,7,-3.804,0,0.129,0.114,0,0.226,0.43,136.919,audio_features,20dP2DaMHIAmwWAbp7peSr,spotify:track:20dP2DaMHIAmwWAbp7peSr,https://api.spotify.com/v1/tracks/20dP2DaMHIAmwWAbp7peSr,https://api.spotify.com/v1/audio-analysis/20dP2DaMHIAmwWAbp7peSr,252256,4
128,This Girl (Kungs Vs. Cookin' On 3 Burners),Kungs,544003,https://open.spotify.com/track/0tICYNayWWhH9GPeFrfjfD,0tICYNayWWhH9GPeFrfjfD,0.793,0.729,0,-4.77,0,0.0394,0.08,3.1e-05,0.317,0.488,121.972,audio_features,0tICYNayWWhH9GPeFrfjfD,spotify:track:0tICYNayWWhH9GPeFrfjfD,https://api.spotify.com/v1/tracks/0tICYNayWWhH9GPeFrfjfD,https://api.spotify.com/v1/audio-analysis/0tICYNayWWhH9GPeFrfjfD,195547,4
129,Fast Car,Jonas Blue,540570,https://open.spotify.com/track/6OZh916QF8XNunWaP97WEZ,6OZh916QF8XNunWaP97WEZ,0.459,0.587,9,-6.983,1,0.0785,0.453,0,0.307,0.581,113.901,audio_features,6OZh916QF8XNunWaP97WEZ,spotify:track:6OZh916QF8XNunWaP97WEZ,https://api.spotify.com/v1/tracks/6OZh916QF8XNunWaP97WEZ,https://api.spotify.com/v1/audio-analysis/6OZh916QF8XNunWaP97WEZ,212424,4
130,Lean On (feat. MØ & DJ Snake),Major Lazer,539767,https://open.spotify.com/track/4WjH9Bzt3kx7z8kl0awxh4,4WjH9Bzt3kx7z8kl0awxh4,0.723,0.809,7,-3.081,0,0.0625,0.00346,0.00123,0.565,0.274,98.007,audio_features,4WjH9Bzt3kx7z8kl0awxh4,spotify:track:4WjH9Bzt3kx7z8kl0awxh4,https://api.spotify.com/v1/tracks/4WjH9Bzt3kx7z8kl0awxh4,https://api.spotify.com/v1/audio-analysis/4WjH9Bzt3kx7z8kl0awxh4,176561,4
131,Light,San Holo,536690,https://open.spotify.com/track/7zTx8ePYAmPFQuxP3xlXZn,7zTx8ePYAmPFQuxP3xlXZn,0.57,0.763,1,-4.137,1,0.0573,0.0857,2.49e-06,0.0932,0.43,150.088,audio_features,7zTx8ePYAmPFQuxP3xlXZn,spotify:track:7zTx8ePYAmPFQuxP3xlXZn,https://api.spotify.com/v1/tracks/7zTx8ePYAmPFQuxP3xlXZn,https://api.spotify.com/v1/audio-analysis/7zTx8ePYAmPFQuxP3xlXZn,239853,4
132,Touch,Little Mix,536336,https://open.spotify.com/track/5Ua3GXyHwiSfpNTMjq6m2z,5Ua3GXyHwiSfpNTMjq6m2z,0.607,0.718,4,-4.095,1,0.0978,0.032,0,0.403,0.551,101.821,audio_features,5Ua3GXyHwiSfpNTMjq6m2z,spotify:track:5Ua3GXyHwiSfpNTMjq6m2z,https://api.spotify.com/v1/tracks/5Ua3GXyHwiSfpNTMjq6m2z,https://api.spotify.com/v1/audio-analysis/5Ua3GXyHwiSfpNTMjq6m2z,213307,4
133,Final Song,MØ,529141,https://open.spotify.com/track/4qqArAiTPueDxIp7cf87h7,4qqArAiTPueDxIp7cf87h7,0.695,0.672,1,-6.109,0,0.0345,0.014,8.44e-05,0.0756,0.245,104.988,audio_features,4qqArAiTPueDxIp7cf87h7,spotify:track:4qqArAiTPueDxIp7cf87h7,https://api.spotify.com/v1/tracks/4qqArAiTPueDxIp7cf87h7,https://api.spotify.com/v1/audio-analysis/4qqArAiTPueDxIp7cf87h7,235827,4
134,Vacaciones,Wisin,521258,https://open.spotify.com/track/3dQDid3IUNhZy1OehIfYfE,3dQDid3IUNhZy1OehIfYfE,0.772,0.909,6,-3.225,0,0.166,0.256,0,0.255,0.694,96.031,audio_features,3dQDid3IUNhZy1OehIfYfE,spotify:track:3dQDid3IUNhZy1OehIfYfE,https://api.spotify.com/v1/tracks/3dQDid3IUNhZy1OehIfYfE,https://api.spotify.com/v1/audio-analysis/3dQDid3IUNhZy1OehIfYfE,238800,4
135,"Me, Myself & I",G-Eazy,513883,https://open.spotify.com/track/40YcuQysJ0KlGQTeGUosTC,40YcuQysJ0KlGQTeGUosTC,0.757,0.672,0,-6.524,0,0.0955,0.0186,0,0.158,0.382,111.996,audio_features,40YcuQysJ0KlGQTeGUosTC,spotify:track:40YcuQysJ0KlGQTeGUosTC,https://api.spotify.com/v1/tracks/40YcuQysJ0KlGQTeGUosTC,https://api.spotify.com/v1/audio-analysis/40YcuQysJ0KlGQTeGUosTC,251467,4
136,DUELE EL CORAZON (feat. Wisin),Enrique Iglesias,512306,https://open.spotify.com/track/6YZdkObH88npeKrrkb8Ggf,6YZdkObH88npeKrrkb8Ggf,0.724,0.904,8,-3.354,0,0.0966,0.0786,0,0.226,0.846,90.999,audio_features,6YZdkObH88npeKrrkb8Ggf,spotify:track:6YZdkObH88npeKrrkb8Ggf,https://api.spotify.com/v1/tracks/6YZdkObH88npeKrrkb8Ggf,https://api.spotify.com/v1/audio-analysis/6YZdkObH88npeKrrkb8Ggf,200813,4
137,Hello,Adele,511377,https://open.spotify.com/track/4sPmO7WMQUAf45kwMOtONw,4sPmO7WMQUAf45kwMOtONw,0.481,0.451,5,-6.095,0,0.0347,0.336,0,0.0872,0.289,157.966,audio_features,4sPmO7WMQUAf45kwMOtONw,spotify:track:4sPmO7WMQUAf45kwMOtONw,https://api.spotify.com/v1/tracks/4sPmO7WMQUAf45kwMOtONw,https://api.spotify.com/v1/audio-analysis/4sPmO7WMQUAf45kwMOtONw,295493,4
138,Miss You,James Hersey,504426,https://open.spotify.com/track/7of1slAJIWrXxP8ikAHxje,7of1slAJIWrXxP8ikAHxje,0.88,0.605,5,-7.639,0,0.0531,0.104,0.00488,0.106,0.626,120.017,audio_features,7of1slAJIWrXxP8ikAHxje,spotify:track:7of1slAJIWrXxP8ikAHxje,https://api.spotify.com/v1/tracks/7of1slAJIWrXxP8ikAHxje,https://api.spotify.com/v1/audio-analysis/7of1slAJIWrXxP8ikAHxje,206099,4
139,Neighbors,J. Cole,504107,https://open.spotify.com/track/0utlOiJy2weVl9WTkcEWHy,0utlOiJy2weVl9WTkcEWHy,0.898,0.283,6,-12.335,0,0.356,0.319,0.000383,0.11,0.469,138.97,audio_features,0utlOiJy2weVl9WTkcEWHy,spotify:track:0utlOiJy2weVl9WTkcEWHy,https://api.spotify.com/v1/tracks/0utlOiJy2weVl9WTkcEWHy,https://api.spotify.com/v1/audio-analysis/0utlOiJy2weVl9WTkcEWHy,216520,4
140,The Greatest,Sia,502821,https://open.spotify.com/track/6bLopGnirdrilrpdVB6Um1,6bLopGnirdrilrpdVB6Um1,0.639,0.785,10,-6.167,0,0.174,0.0174,0.00107,0.0512,0.686,191.95,audio_features,6bLopGnirdrilrpdVB6Um1,spotify:track:6bLopGnirdrilrpdVB6Um1,https://api.spotify.com/v1/tracks/6bLopGnirdrilrpdVB6Um1,https://api.spotify.com/v1/audio-analysis/6bLopGnirdrilrpdVB6Um1,210920,4
141,Taped up Heart (feat. Clara Mae),KREAM,490990,https://open.spotify.com/track/26hcyzSE154xMZCbFdtInA,26hcyzSE154xMZCbFdtInA,0.675,0.937,0,-3.525,0,0.0509,0.152,0,0.154,0.567,103.961,audio_features,26hcyzSE154xMZCbFdtInA,spotify:track:26hcyzSE154xMZCbFdtInA,https://api.spotify.com/v1/tracks/26hcyzSE154xMZCbFdtInA,https://api.spotify.com/v1/audio-analysis/26hcyzSE154xMZCbFdtInA,218507,4
142,Roses (feat. ROZES),The Chainsmokers,487388,https://open.spotify.com/track/6O6M7pJLABmfBRoGZMu76Y,6O6M7pJLABmfBRoGZMu76Y,0.716,0.806,4,-7.602,1,0.0466,0.0361,0.00413,0.244,0.347,100.033,audio_features,6O6M7pJLABmfBRoGZMu76Y,spotify:track:6O6M7pJLABmfBRoGZMu76Y,https://api.spotify.com/v1/tracks/6O6M7pJLABmfBRoGZMu76Y,https://api.spotify.com/v1/audio-analysis/6O6M7pJLABmfBRoGZMu76Y,225800,4
143,Cake - Challenge Version,Flo Rida,486233,https://open.spotify.com/track/6t2ubAB4iSYOuIpRAOGd4t,6t2ubAB4iSYOuIpRAOGd4t,0.786,0.854,2,-4.247,1,0.0523,0.0729,1.63e-06,0.179,0.687,105.078,audio_features,6t2ubAB4iSYOuIpRAOGd4t,spotify:track:6t2ubAB4iSYOuIpRAOGd4t,https://api.spotify.com/v1/tracks/6t2ubAB4iSYOuIpRAOGd4t,https://api.spotify.com/v1/audio-analysis/6t2ubAB4iSYOuIpRAOGd4t,157165,4
144,OOOUUU,Young M.A,485096,https://open.spotify.com/track/7JYsArznYOjX2jsrT3UEnL,7JYsArznYOjX2jsrT3UEnL,0.635,0.847,7,-3.152,1,0.447,0.533,0,0.154,0.568,166.072,audio_features,7JYsArznYOjX2jsrT3UEnL,spotify:track:7JYsArznYOjX2jsrT3UEnL,https://api.spotify.com/v1/tracks/7JYsArznYOjX2jsrT3UEnL,https://api.spotify.com/v1/audio-analysis/7JYsArznYOjX2jsrT3UEnL,234650,4
145,The A Team,Ed Sheeran,483690,https://open.spotify.com/track/1VdZ0vKfR5jneCmWIUAMxK,1VdZ0vKfR5jneCmWIUAMxK,0.642,0.289,9,-9.918,1,0.0367,0.669,0,0.18,0.407,84.996,audio_features,1VdZ0vKfR5jneCmWIUAMxK,spotify:track:1VdZ0vKfR5jneCmWIUAMxK,https://api.spotify.com/v1/tracks/1VdZ0vKfR5jneCmWIUAMxK,https://api.spotify.com/v1/audio-analysis/1VdZ0vKfR5jneCmWIUAMxK,258373,4
146,Reminder,The Weeknd,482929,https://open.spotify.com/track/37F0uwRSrdzkBiuj0D5UHI,37F0uwRSrdzkBiuj0D5UHI,0.706,0.505,8,-6.923,1,0.193,0.142,0,0.164,0.388,160.053,audio_features,37F0uwRSrdzkBiuj0D5UHI,spotify:track:37F0uwRSrdzkBiuj0D5UHI,https://api.spotify.com/v1/tracks/37F0uwRSrdzkBiuj0D5UHI,https://api.spotify.com/v1/audio-analysis/37F0uwRSrdzkBiuj0D5UHI,218880,4
147,Sex,Cheat Codes,480933,https://open.spotify.com/track/5DA77EqppDmCTWGovd4oTP,5DA77EqppDmCTWGovd4oTP,0.51,0.692,0,-5.825,1,0.171,0.00451,0,0.138,0.209,102.42,audio_features,5DA77EqppDmCTWGovd4oTP,spotify:track:5DA77EqppDmCTWGovd4oTP,https://api.spotify.com/v1/tracks/5DA77EqppDmCTWGovd4oTP,https://api.spotify.com/v1/audio-analysis/5DA77EqppDmCTWGovd4oTP,228361,4
148,Let It Go,James Bay,480537,https://open.spotify.com/track/13HVjjWUZFaWilh2QUJKsP,13HVjjWUZFaWilh2QUJKsP,0.546,0.311,1,-10.396,1,0.0288,0.818,1.65e-05,0.107,0.246,147.464,audio_features,13HVjjWUZFaWilh2QUJKsP,spotify:track:13HVjjWUZFaWilh2QUJKsP,https://api.spotify.com/v1/tracks/13HVjjWUZFaWilh2QUJKsP,https://api.spotify.com/v1/audio-analysis/13HVjjWUZFaWilh2QUJKsP,260533,4
149,"Lose Yourself - From ""8 Mile"" Soundtrack",Eminem,475388,https://open.spotify.com/track/5Z01UMMf7V1o0MzF86s6WJ,5Z01UMMf7V1o0MzF86s6WJ,0.692,0.744,2,-4.565,1,0.257,0.00868,0.000423,0.359,0.0612,171.374,audio_features,5Z01UMMf7V1o0MzF86s6WJ,spotify:track:5Z01UMMf7V1o0MzF86s6WJ,https://api.spotify.com/v1/tracks/5Z01UMMf7V1o0MzF86s6WJ,https://api.spotify.com/v1/audio-analysis/5Z01UMMf7V1o0MzF86s6WJ,326467,4
150,Stitches,Shawn Mendes,473478,https://open.spotify.com/track/1WP1r7fuvRqZRnUaTi2I1Q,1WP1r7fuvRqZRnUaTi2I1Q,0.746,0.754,1,-6.681,1,0.067,0.0152,0,0.0486,0.764,149.882,audio_features,1WP1r7fuvRqZRnUaTi2I1Q,spotify:track:1WP1r7fuvRqZRnUaTi2I1Q,https://api.spotify.com/v1/tracks/1WP1r7fuvRqZRnUaTi2I1Q,https://api.spotify.com/v1/audio-analysis/1WP1r7fuvRqZRnUaTi2I1Q,206880,4
151,Andas En Mi Cabeza,Chino & Nacho,473043,https://open.spotify.com/track/5mey7CLLuFToM2P68Qu1gF,5mey7CLLuFToM2P68Qu1gF,0.68,0.954,9,-1.823,1,0.119,0.0244,0,0.112,0.521,104.029,audio_features,5mey7CLLuFToM2P68Qu1gF,spotify:track:5mey7CLLuFToM2P68Qu1gF,https://api.spotify.com/v1/tracks/5mey7CLLuFToM2P68Qu1gF,https://api.spotify.com/v1/audio-analysis/5mey7CLLuFToM2P68Qu1gF,247493,4
152,Lush Life,Zara Larsson,472191,https://open.spotify.com/track/1rIKgCH4H52lrvDcz50hS8,1rIKgCH4H52lrvDcz50hS8,0.694,0.712,7,-3.923,0,0.046,0.133,0,0.211,0.799,98.022,audio_features,1rIKgCH4H52lrvDcz50hS8,spotify:track:1rIKgCH4H52lrvDcz50hS8,https://api.spotify.com/v1/tracks/1rIKgCH4H52lrvDcz50hS8,https://api.spotify.com/v1/audio-analysis/1rIKgCH4H52lrvDcz50hS8,201122,4
153,Deu Onda,MC G15,468572,https://open.spotify.com/track/0EPxmvsG1BY5td4aTOkWBF,0EPxmvsG1BY5td4aTOkWBF,0.931,0.604,0,-1.41,0,0.0573,0.456,0,0.0488,0.864,129.926,audio_features,0EPxmvsG1BY5td4aTOkWBF,spotify:track:0EPxmvsG1BY5td4aTOkWBF,https://api.spotify.com/v1/tracks/0EPxmvsG1BY5td4aTOkWBF,https://api.spotify.com/v1/audio-analysis/0EPxmvsG1BY5td4aTOkWBF,144039,4
154,Oh Lord,MiC LOWRY,467249,https://open.spotify.com/track/1sTUEdVO85YU8Ymk2jeAls,1sTUEdVO85YU8Ymk2jeAls,0.273,0.794,7,-6.644,0,0.0675,0.0217,0,0.0616,0.377,95.902,audio_features,1sTUEdVO85YU8Ymk2jeAls,spotify:track:1sTUEdVO85YU8Ymk2jeAls,https://api.spotify.com/v1/tracks/1sTUEdVO85YU8Ymk2jeAls,https://api.spotify.com/v1/audio-analysis/1sTUEdVO85YU8Ymk2jeAls,214745,4
155,PILLOWTALK,ZAYN,464328,https://open.spotify.com/track/0PDUDa38GO8lMxLCRc4lL1,0PDUDa38GO8lMxLCRc4lL1,0.584,0.7,11,-4.275,1,0.0456,0.117,0,0.0939,0.438,124.944,audio_features,0PDUDa38GO8lMxLCRc4lL1,spotify:track:0PDUDa38GO8lMxLCRc4lL1,https://api.spotify.com/v1/tracks/0PDUDa38GO8lMxLCRc4lL1,https://api.spotify.com/v1/audio-analysis/0PDUDa38GO8lMxLCRc4lL1,202747,4
156,That's What I Like,Bruno Mars,463894,https://open.spotify.com/track/0KKkJNfGyhkQ5aFogxQAPU,0KKkJNfGyhkQ5aFogxQAPU,0.853,0.56,1,-4.961,1,0.0406,0.013,0,0.0944,0.86,134.066,audio_features,0KKkJNfGyhkQ5aFogxQAPU,spotify:track:0KKkJNfGyhkQ5aFogxQAPU,https://api.spotify.com/v1/tracks/0KKkJNfGyhkQ5aFogxQAPU,https://api.spotify.com/v1/audio-analysis/0KKkJNfGyhkQ5aFogxQAPU,206693,4
157,Borro Cassette,Maluma,462361,https://open.spotify.com/track/6DUdDIRgLqCGq1DwkNWQTN,6DUdDIRgLqCGq1DwkNWQTN,0.73,0.701,5,-5.885,0,0.106,0.132,0,0.151,0.785,175.95,audio_features,6DUdDIRgLqCGq1DwkNWQTN,spotify:track:6DUdDIRgLqCGq1DwkNWQTN,https://api.spotify.com/v1/tracks/6DUdDIRgLqCGq1DwkNWQTN,https://api.spotify.com/v1/audio-analysis/6DUdDIRgLqCGq1DwkNWQTN,207307,4
158,"I See Fire - From ""The Hobbit - The Desolation Of Smaug""",Ed Sheeran,462142,https://open.spotify.com/track/3B7udSGy2PfgoCniMSb523,3B7udSGy2PfgoCniMSb523,0.581,0.0549,10,-20.514,0,0.0397,0.559,0,0.0718,0.234,152.037,audio_features,3B7udSGy2PfgoCniMSb523,spotify:track:3B7udSGy2PfgoCniMSb523,https://api.spotify.com/v1/tracks/3B7udSGy2PfgoCniMSb523,https://api.spotify.com/v1/audio-analysis/3B7udSGy2PfgoCniMSb523,300840,4
159,Oceans Away,A R I Z O N A,462085,https://open.spotify.com/track/6A8dnC0xkiuWN4BshmTB2I,6A8dnC0xkiuWN4BshmTB2I,0.617,0.642,8,-8.624,1,0.0334,0.13,0.157,0.0929,0.221,105.885,audio_features,6A8dnC0xkiuWN4BshmTB2I,spotify:track:6A8dnC0xkiuWN4BshmTB2I,https://api.spotify.com/v1/tracks/6A8dnC0xkiuWN4BshmTB2I,https://api.spotify.com/v1/audio-analysis/6A8dnC0xkiuWN4BshmTB2I,194013,4
160,The Hills,The Weeknd,459790,https://open.spotify.com/track/25khomWgBVamSdKw7hzm3l,25khomWgBVamSdKw7hzm3l,0.356,0.567,0,-7.011,0,0.0798,0.0861,0,0.137,0.109,135.553,audio_features,25khomWgBVamSdKw7hzm3l,spotify:track:25khomWgBVamSdKw7hzm3l,https://api.spotify.com/v1/tracks/25khomWgBVamSdKw7hzm3l,https://api.spotify.com/v1/audio-analysis/25khomWgBVamSdKw7hzm3l,242253,5
161,Ain't My Fault,Zara Larsson,453209,https://open.spotify.com/track/0ADG9OgdVTL7fgREP75BrZ,0ADG9OgdVTL7fgREP75BrZ,0.576,0.782,6,-4.825,0,0.0296,0.00778,0,0.285,0.355,141.153,audio_features,0ADG9OgdVTL7fgREP75BrZ,spotify:track:0ADG9OgdVTL7fgREP75BrZ,https://api.spotify.com/v1/tracks/0ADG9OgdVTL7fgREP75BrZ,https://api.spotify.com/v1/audio-analysis/0ADG9OgdVTL7fgREP75BrZ,224031,4
162,What Do You Mean?,Justin Bieber,450412,https://open.spotify.com/track/3pzjHKrQSvXGHQ98dx18HI,3pzjHKrQSvXGHQ98dx18HI,0.845,0.567,5,-8.118,0,0.0956,0.59,0.00142,0.0811,0.793,125.02,audio_features,3pzjHKrQSvXGHQ98dx18HI,spotify:track:3pzjHKrQSvXGHQ98dx18HI,https://api.spotify.com/v1/tracks/3pzjHKrQSvXGHQ98dx18HI,https://api.spotify.com/v1/audio-analysis/3pzjHKrQSvXGHQ98dx18HI,205680,4
163,Die For You,The Weeknd,450137,https://open.spotify.com/track/2LBqCSwhJGcFQeTHMVGwy3,2LBqCSwhJGcFQeTHMVGwy3,0.586,0.525,1,-7.163,0,0.0615,0.111,0,0.134,0.508,133.629,audio_features,2LBqCSwhJGcFQeTHMVGwy3,spotify:track:2LBqCSwhJGcFQeTHMVGwy3,https://api.spotify.com/v1/tracks/2LBqCSwhJGcFQeTHMVGwy3,https://api.spotify.com/v1/audio-analysis/2LBqCSwhJGcFQeTHMVGwy3,260253,4
164,Love$ick,Mura Masa,450036,https://open.spotify.com/track/5v9N8Rx3QsFvr50cxyQcA3,5v9N8Rx3QsFvr50cxyQcA3,0.665,0.771,1,-5.124,0,0.14,0.126,0.00449,0.27,0.732,88.835,audio_features,5v9N8Rx3QsFvr50cxyQcA3,spotify:track:5v9N8Rx3QsFvr50cxyQcA3,https://api.spotify.com/v1/tracks/5v9N8Rx3QsFvr50cxyQcA3,https://api.spotify.com/v1/audio-analysis/5v9N8Rx3QsFvr50cxyQcA3,192160,4
165,Low Life (feat. The Weeknd),Future,449189,https://open.spotify.com/track/7EiZI6JVHllARrX9PUvAdX,7EiZI6JVHllARrX9PUvAdX,0.722,0.331,8,-7.789,1,0.0725,0.337,0.283,0.146,0.102,143.974,audio_features,7EiZI6JVHllARrX9PUvAdX,spotify:track:7EiZI6JVHllARrX9PUvAdX,https://api.spotify.com/v1/tracks/7EiZI6JVHllARrX9PUvAdX,https://api.spotify.com/v1/audio-analysis/7EiZI6JVHllARrX9PUvAdX,313547,4
166,Jumpman,Drake,448390,https://open.spotify.com/track/27GmP9AWRs744SzKcpJsTZ,27GmP9AWRs744SzKcpJsTZ,0.852,0.553,1,-7.286,1,0.187,0.0559,0,0.332,0.656,142.079,audio_features,27GmP9AWRs744SzKcpJsTZ,spotify:track:27GmP9AWRs744SzKcpJsTZ,https://api.spotify.com/v1/tracks/27GmP9AWRs744SzKcpJsTZ,https://api.spotify.com/v1/audio-analysis/27GmP9AWRs744SzKcpJsTZ,205879,4
167,Used to This (feat. Drake),Future,444150,https://open.spotify.com/track/78sr3ogs4UzITcCNbXM9cM,78sr3ogs4UzITcCNbXM9cM,0.618,0.727,3,-7.224,0,0.208,0.0312,0,0.196,0.401,164.992,audio_features,78sr3ogs4UzITcCNbXM9cM,spotify:track:78sr3ogs4UzITcCNbXM9cM,https://api.spotify.com/v1/tracks/78sr3ogs4UzITcCNbXM9cM,https://api.spotify.com/v1/audio-analysis/78sr3ogs4UzITcCNbXM9cM,180520,4
168,Moves,Big Sean,443844,https://open.spotify.com/track/0Fv5N0cHBsl4bzCbollCAS,0Fv5N0cHBsl4bzCbollCAS,0.812,0.522,2,-5.287,1,0.257,0.0433,0,0.154,0.38,75.524,audio_features,0Fv5N0cHBsl4bzCbollCAS,spotify:track:0Fv5N0cHBsl4bzCbollCAS,https://api.spotify.com/v1/tracks/0Fv5N0cHBsl4bzCbollCAS,https://api.spotify.com/v1/audio-analysis/0Fv5N0cHBsl4bzCbollCAS,142907,4
169,Never Be Like You,Flume,443067,https://open.spotify.com/track/12REd1n8PeiHHWOh066tpr,12REd1n8PeiHHWOh066tpr,0.494,0.559,0,-5.445,1,0.0565,0.436,0,0.164,0.264,119.247,audio_features,12REd1n8PeiHHWOh066tpr,spotify:track:12REd1n8PeiHHWOh066tpr,https://api.spotify.com/v1/tracks/12REd1n8PeiHHWOh066tpr,https://api.spotify.com/v1/audio-analysis/12REd1n8PeiHHWOh066tpr,233337,4
170,Let Me Hold You (Turn Me On),Dante Klein,442468,https://open.spotify.com/track/0lmdsH1MIoLsMymnNpd6HU,0lmdsH1MIoLsMymnNpd6HU,0.68,0.774,1,-3.136,0,0.0697,0.101,0,0.113,0.331,102.949,audio_features,0lmdsH1MIoLsMymnNpd6HU,spotify:track:0lmdsH1MIoLsMymnNpd6HU,https://api.spotify.com/v1/tracks/0lmdsH1MIoLsMymnNpd6HU,https://api.spotify.com/v1/audio-analysis/0lmdsH1MIoLsMymnNpd6HU,163841,4
171,Hotline Bling,Drake,442423,https://open.spotify.com/track/2FBUoWkIuQXwayw2RNo5l6,2FBUoWkIuQXwayw2RNo5l6,0.903,0.62,2,-8.094,1,0.0587,0.00347,0.000119,0.0504,0.539,134.96,audio_features,2FBUoWkIuQXwayw2RNo5l6,spotify:track:2FBUoWkIuQXwayw2RNo5l6,https://api.spotify.com/v1/tracks/2FBUoWkIuQXwayw2RNo5l6,https://api.spotify.com/v1/audio-analysis/2FBUoWkIuQXwayw2RNo5l6,267067,4
172,No Role Modelz,J. Cole,439496,https://open.spotify.com/track/62vpWI1CHwFy7tMIcSStl8,62vpWI1CHwFy7tMIcSStl8,0.692,0.521,10,-8.465,0,0.33,0.301,0,0.0565,0.463,100.45,audio_features,62vpWI1CHwFy7tMIcSStl8,spotify:track:62vpWI1CHwFy7tMIcSStl8,https://api.spotify.com/v1/tracks/62vpWI1CHwFy7tMIcSStl8,https://api.spotify.com/v1/audio-analysis/62vpWI1CHwFy7tMIcSStl8,292987,4
173,Rockin’,The Weeknd,438055,https://open.spotify.com/track/36YCdzT57us0LhDmCYtrNE,36YCdzT57us0LhDmCYtrNE,0.738,0.885,9,-5.547,0,0.206,0.0133,0,0.0821,0.752,112.878,audio_features,36YCdzT57us0LhDmCYtrNE,spotify:track:36YCdzT57us0LhDmCYtrNE,https://api.spotify.com/v1/tracks/36YCdzT57us0LhDmCYtrNE,https://api.spotify.com/v1/audio-analysis/36YCdzT57us0LhDmCYtrNE,232880,4
174,Million Reasons,Lady Gaga,436298,https://open.spotify.com/track/50PWlIBU7PlGGwzgN8TiFJ,50PWlIBU7PlGGwzgN8TiFJ,0.668,0.449,0,-7.897,1,0.0451,0.477,0,0.107,0.154,129.889,audio_features,50PWlIBU7PlGGwzgN8TiFJ,spotify:track:50PWlIBU7PlGGwzgN8TiFJ,https://api.spotify.com/v1/tracks/50PWlIBU7PlGGwzgN8TiFJ,https://api.spotify.com/v1/audio-analysis/50PWlIBU7PlGGwzgN8TiFJ,205280,4
175,You Don't Know Me - Radio Edit,Jax Jones,433203,https://open.spotify.com/track/00lNx0OcTJrS3MKHcB80HY,00lNx0OcTJrS3MKHcB80HY,0.876,0.669,11,-6.054,0,0.138,0.163,0,0.185,0.682,124.007,audio_features,00lNx0OcTJrS3MKHcB80HY,spotify:track:00lNx0OcTJrS3MKHcB80HY,https://api.spotify.com/v1/tracks/00lNx0OcTJrS3MKHcB80HY,https://api.spotify.com/v1/audio-analysis/00lNx0OcTJrS3MKHcB80HY,213947,4
176,goosebumps,Travis Scott,431897,https://open.spotify.com/track/6gBFPUFcJLzWGx4lenP6h2,6gBFPUFcJLzWGx4lenP6h2,0.841,0.728,7,-3.37,1,0.0484,0.0847,0,0.149,0.43,130.049,audio_features,6gBFPUFcJLzWGx4lenP6h2,spotify:track:6gBFPUFcJLzWGx4lenP6h2,https://api.spotify.com/v1/tracks/6gBFPUFcJLzWGx4lenP6h2,https://api.spotify.com/v1/audio-analysis/6gBFPUFcJLzWGx4lenP6h2,243837,4
177,"Cuatro Babys (feat. Trap Capos, Noriel, Bryant Myers & Juhn)",Maluma,428229,https://open.spotify.com/track/0JoHqmlqE0W0i9prt6kcHR,0JoHqmlqE0W0i9prt6kcHR,0.772,0.547,6,-6.373,0,0.0541,0.0983,4.35e-06,0.107,0.0957,130.099,audio_features,0JoHqmlqE0W0i9prt6kcHR,spotify:track:0JoHqmlqE0W0i9prt6kcHR,https://api.spotify.com/v1/tracks/0JoHqmlqE0W0i9prt6kcHR,https://api.spotify.com/v1/audio-analysis/0JoHqmlqE0W0i9prt6kcHR,278107,4
178,Cocoon,Milky Chance,427730,https://open.spotify.com/track/0L87MffumRNWrY2SNUFcvs,0L87MffumRNWrY2SNUFcvs,0.743,0.659,10,-6.755,1,0.0343,0.0998,0.00028,0.0622,0.804,114.033,audio_features,0L87MffumRNWrY2SNUFcvs,spotify:track:0L87MffumRNWrY2SNUFcvs,https://api.spotify.com/v1/tracks/0L87MffumRNWrY2SNUFcvs,https://api.spotify.com/v1/audio-analysis/0L87MffumRNWrY2SNUFcvs,255160,4
179,Cool Girl,Tove Lo,422225,https://open.spotify.com/track/5dKyZWlgjWw1oJgLa4GCZD,5dKyZWlgjWw1oJgLa4GCZD,0.671,0.71,9,-6.997,0,0.109,0.335,4.76e-06,0.074,0.233,102.022,audio_features,5dKyZWlgjWw1oJgLa4GCZD,spotify:track:5dKyZWlgjWw1oJgLa4GCZD,https://api.spotify.com/v1/tracks/5dKyZWlgjWw1oJgLa4GCZD,https://api.spotify.com/v1/audio-analysis/5dKyZWlgjWw1oJgLa4GCZD,199179,4
180,'Till I Collapse,Eminem,418171,https://open.spotify.com/track/6yr8GiTHWvFfi4o6Q5ebdT,6yr8GiTHWvFfi4o6Q5ebdT,0.551,0.851,1,-3.277,1,0.197,0.0748,0,0.0784,0.1,171.411,audio_features,6yr8GiTHWvFfi4o6Q5ebdT,spotify:track:6yr8GiTHWvFfi4o6Q5ebdT,https://api.spotify.com/v1/tracks/6yr8GiTHWvFfi4o6Q5ebdT,https://api.spotify.com/v1/audio-analysis/6yr8GiTHWvFfi4o6Q5ebdT,297893,4
181,Please Don't Go,Joel Adams,416367,https://open.spotify.com/track/3cNjgVBKTJ1SvKhunrCdVy,3cNjgVBKTJ1SvKhunrCdVy,0.513,0.768,4,-4.868,0,0.0587,0.0118,1.94e-05,0.294,0.235,84.264,audio_features,3cNjgVBKTJ1SvKhunrCdVy,spotify:track:3cNjgVBKTJ1SvKhunrCdVy,https://api.spotify.com/v1/tracks/3cNjgVBKTJ1SvKhunrCdVy,https://api.spotify.com/v1/audio-analysis/3cNjgVBKTJ1SvKhunrCdVy,210580,4
182,Immortal,J. Cole,416355,https://open.spotify.com/track/6AGON2BGdPmPMJGiiNuuwl,6AGON2BGdPmPMJGiiNuuwl,0.744,0.43,3,-10.604,0,0.309,0.455,2.73e-06,0.126,0.266,92.039,audio_features,6AGON2BGdPmPMJGiiNuuwl,spotify:track:6AGON2BGdPmPMJGiiNuuwl,https://api.spotify.com/v1/tracks/6AGON2BGdPmPMJGiiNuuwl,https://api.spotify.com/v1/audio-analysis/6AGON2BGdPmPMJGiiNuuwl,201667,4
183,You & Me,Marc E. Bassy,414993,https://open.spotify.com/track/4QdovcM8j50QPlyR7tH4xe,4QdovcM8j50QPlyR7tH4xe,0.693,0.65,1,-8.376,1,0.192,0.0398,0,0.186,0.663,85.026,audio_features,4QdovcM8j50QPlyR7tH4xe,spotify:track:4QdovcM8j50QPlyR7tH4xe,https://api.spotify.com/v1/tracks/4QdovcM8j50QPlyR7tH4xe,https://api.spotify.com/v1/audio-analysis/4QdovcM8j50QPlyR7tH4xe,218480,4
184,Gyal You A Party Animal - Remix,Charly Black,413277,https://open.spotify.com/track/1AkTW13ysu0AJrwuM6UY0I,1AkTW13ysu0AJrwuM6UY0I,0.723,0.889,0,-4.017,1,0.0939,0.0673,0,0.363,0.701,101.032,audio_features,1AkTW13ysu0AJrwuM6UY0I,spotify:track:1AkTW13ysu0AJrwuM6UY0I,https://api.spotify.com/v1/tracks/1AkTW13ysu0AJrwuM6UY0I,https://api.spotify.com/v1/audio-analysis/1AkTW13ysu0AJrwuM6UY0I,224320,4
185,Party (feat. Usher & Gucci Mane),Chris Brown,412951,https://open.spotify.com/track/05Z7jet4VDNVgNQWcYHnrk,05Z7jet4VDNVgNQWcYHnrk,0.762,0.576,1,-4.951,0,0.0829,0.0556,0,0.0869,0.316,142.096,audio_features,05Z7jet4VDNVgNQWcYHnrk,spotify:track:05Z7jet4VDNVgNQWcYHnrk,https://api.spotify.com/v1/tracks/05Z7jet4VDNVgNQWcYHnrk,https://api.spotify.com/v1/audio-analysis/05Z7jet4VDNVgNQWcYHnrk,220813,4
186,No Money,Galantis,409910,https://open.spotify.com/track/0gb1J5UrTpzaU1s3nupgCd,0gb1J5UrTpzaU1s3nupgCd,0.671,0.916,6,-4.014,0,0.0397,0.0282,0.00762,0.24,0.803,126.01,audio_features,0gb1J5UrTpzaU1s3nupgCd,spotify:track:0gb1J5UrTpzaU1s3nupgCd,https://api.spotify.com/v1/tracks/0gb1J5UrTpzaU1s3nupgCd,https://api.spotify.com/v1/audio-analysis/0gb1J5UrTpzaU1s3nupgCd,189127,4
187,All of Me,John Legend,409242,https://open.spotify.com/track/2q6tgiA9tpb6DMguABwCWE,2q6tgiA9tpb6DMguABwCWE,0.422,0.264,8,-7.064,1,0.0322,0.922,0,0.132,0.331,119.93,audio_features,2q6tgiA9tpb6DMguABwCWE,spotify:track:2q6tgiA9tpb6DMguABwCWE,https://api.spotify.com/v1/tracks/2q6tgiA9tpb6DMguABwCWE,https://api.spotify.com/v1/audio-analysis/2q6tgiA9tpb6DMguABwCWE,269560,4
188,Let Her Go,Passenger,406015,https://open.spotify.com/track/2jyjhRf6DVbMPU5zxagN2h,2jyjhRf6DVbMPU5zxagN2h,0.509,0.538,7,-7.335,1,0.0572,0.385,0,0.104,0.244,75.089,audio_features,2jyjhRf6DVbMPU5zxagN2h,spotify:track:2jyjhRf6DVbMPU5zxagN2h,https://api.spotify.com/v1/tracks/2jyjhRf6DVbMPU5zxagN2h,https://api.spotify.com/v1/audio-analysis/2jyjhRf6DVbMPU5zxagN2h,252867,4
189,Say It (feat. Tove Lo),Flume,405855,https://open.spotify.com/track/4sQMalN597HdggTu196aL0,4sQMalN597HdggTu196aL0,0.598,0.532,3,-6.833,0,0.0295,0.0668,3.22e-06,0.0617,0.261,74.963,audio_features,4sQMalN597HdggTu196aL0,spotify:track:4sQMalN597HdggTu196aL0,https://api.spotify.com/v1/tracks/4sQMalN597HdggTu196aL0,https://api.spotify.com/v1/audio-analysis/4sQMalN597HdggTu196aL0,262521,4
190,Can't Feel My Face,The Weeknd,403960,https://open.spotify.com/track/6RsWqX8zABZLhZydXxEFOm,6RsWqX8zABZLhZydXxEFOm,0.702,0.77,9,-5.416,0,0.0482,0.124,0,0.103,0.593,107.951,audio_features,6RsWqX8zABZLhZydXxEFOm,spotify:track:6RsWqX8zABZLhZydXxEFOm,https://api.spotify.com/v1/tracks/6RsWqX8zABZLhZydXxEFOm,https://api.spotify.com/v1/audio-analysis/6RsWqX8zABZLhZydXxEFOm,213520,4
191,Tenerife Sea,Ed Sheeran,402315,https://open.spotify.com/track/6vSwxzO2Qf4BinHSXRwZJe,6vSwxzO2Qf4BinHSXRwZJe,0.53,0.346,8,-10.497,1,0.0376,0.697,1.07e-05,0.105,0.359,121.876,audio_features,6vSwxzO2Qf4BinHSXRwZJe,spotify:track:6vSwxzO2Qf4BinHSXRwZJe,https://api.spotify.com/v1/tracks/6vSwxzO2Qf4BinHSXRwZJe,https://api.spotify.com/v1/audio-analysis/6vSwxzO2Qf4BinHSXRwZJe,241347,4
192,White Iverson,Post Malone,399417,https://open.spotify.com/track/6eT7xZZlB2mwyzJ2sUKG6w,6eT7xZZlB2mwyzJ2sUKG6w,0.675,0.562,7,-7.678,1,0.0352,0.233,0,0.0816,0.309,130.098,audio_features,6eT7xZZlB2mwyzJ2sUKG6w,spotify:track:6eT7xZZlB2mwyzJ2sUKG6w,https://api.spotify.com/v1/tracks/6eT7xZZlB2mwyzJ2sUKG6w,https://api.spotify.com/v1/audio-analysis/6eT7xZZlB2mwyzJ2sUKG6w,256533,4
193,True Colors,The Weeknd,395523,https://open.spotify.com/track/6i759FCuKx713ZnYjtpQGU,6i759FCuKx713ZnYjtpQGU,0.616,0.424,1,-8.237,1,0.251,0.284,0,0.173,0.582,76.676,audio_features,6i759FCuKx713ZnYjtpQGU,spotify:track:6i759FCuKx713ZnYjtpQGU,https://api.spotify.com/v1/tracks/6i759FCuKx713ZnYjtpQGU,https://api.spotify.com/v1/audio-analysis/6i759FCuKx713ZnYjtpQGU,206027,4
194,Secrets,The Weeknd,395079,https://open.spotify.com/track/3DX4Y0egvc0slLcLl31h2p,3DX4Y0egvc0slLcLl31h2p,0.665,0.771,0,-5.779,1,0.0533,0.0155,9.6e-06,0.46,0.764,109.948,audio_features,3DX4Y0egvc0slLcLl31h2p,spotify:track:3DX4Y0egvc0slLcLl31h2p,https://api.spotify.com/v1/tracks/3DX4Y0egvc0slLcLl31h2p,https://api.spotify.com/v1/audio-analysis/3DX4Y0egvc0slLcLl31h2p,265600,4
195,Chillax (feat. Ky-Mani Marley),Farruko,394650,https://open.spotify.com/track/1lxswgIpzV6HhENRvkflES,1lxswgIpzV6HhENRvkflES,0.827,0.646,1,-4.727,0,0.0766,0.0724,0,0.247,0.512,92.057,audio_features,1lxswgIpzV6HhENRvkflES,spotify:track:1lxswgIpzV6HhENRvkflES,https://api.spotify.com/v1/tracks/1lxswgIpzV6HhENRvkflES,https://api.spotify.com/v1/audio-analysis/1lxswgIpzV6HhENRvkflES,197840,4
196,Gold,Kiiara,394365,https://open.spotify.com/track/6WhzFzROw3aq3rPWjgYlxr,6WhzFzROw3aq3rPWjgYlxr,0.6,0.412,8,-9.343,1,0.344,0.615,0.0025,0.134,0.408,113.049,audio_features,6WhzFzROw3aq3rPWjgYlxr,spotify:track:6WhzFzROw3aq3rPWjgYlxr,https://api.spotify.com/v1/tracks/6WhzFzROw3aq3rPWjgYlxr,https://api.spotify.com/v1/audio-analysis/6WhzFzROw3aq3rPWjgYlxr,225882,5
197,Stay With Me,Sam Smith,387791,https://open.spotify.com/track/5Db9VIdDsN5yu3Eu7CT0i4,5Db9VIdDsN5yu3Eu7CT0i4,0.479,0.419,0,-6.517,1,0.0389,0.568,0.000217,0.11,0.186,85.014,audio_features,5Db9VIdDsN5yu3Eu7CT0i4,spotify:track:5Db9VIdDsN5yu3Eu7CT0i4,https://api.spotify.com/v1/tracks/5Db9VIdDsN5yu3Eu7CT0i4,https://api.spotify.com/v1/audio-analysis/5Db9VIdDsN5yu3Eu7CT0i4,172724,4
198,The Scientist,Coldplay,386649,https://open.spotify.com/track/75JFxkI2RXiU7L9VXzMkle,75JFxkI2RXiU7L9VXzMkle,0.557,0.442,5,-7.224,1,0.0243,0.731,1.46e-05,0.11,0.213,146.277,audio_features,75JFxkI2RXiU7L9VXzMkle,spotify:track:75JFxkI2RXiU7L9VXzMkle,https://api.spotify.com/v1/tracks/75JFxkI2RXiU7L9VXzMkle,https://api.spotify.com/v1/audio-analysis/75JFxkI2RXiU7L9VXzMkle,309600,4
199,Would I Lie to You - Radio Edit,David Guetta,385521,https://open.spotify.com/track/4PdJSsESm34djLfBde9Pr2,4PdJSsESm34djLfBde9Pr2,0.671,0.826,7,-5.766,0,0.309,0.00718,0,0.631,0.774,123.986,audio_features,4PdJSsESm34djLfBde9Pr2,spotify:track:4PdJSsESm34djLfBde9Pr2,https://api.spotify.com/v1/tracks/4PdJSsESm34djLfBde9Pr2,https://api.spotify.com/v1/audio-analysis/4PdJSsESm34djLfBde9Pr2,197648,4
200,Mr. Brightside,The Killers,383709,https://open.spotify.com/track/7oK9VyNzrYvRFo7nQEYkWN,7oK9VyNzrYvRFo7nQEYkWN,0.356,0.924,1,-3.74,1,0.0808,0.00101,0,0.0953,0.232,148.017,audio_features,7oK9VyNzrYvRFo7nQEYkWN,spotify:track:7oK9VyNzrYvRFo7nQEYkWN,https://api.spotify.com/v1/tracks/7oK9VyNzrYvRFo7nQEYkWN,https://api.spotify.com/v1/audio-analysis/7oK9VyNzrYvRFo7nQEYkWN,222587,4
