Position,Track Name,Artist,Streams,URL,trackID,danceability,energy,key,loudness,mode,speechiness,acousticness,instrumentalness,liveness,valence,tempo,type,id,uri,track_href,analysis_url,duration_ms,time_signature
1,All I Want for Christmas Is You,Mariah Carey,5023033,https://open.spotify.com/track/0bYg9bo50gSsH3LtXe2SQn,0bYg9bo50gSsH3LtXe2SQn,0.336,0.627,7,-7.463,1,0.0384,0.164,0,0.0708,0.35,150.273,audio_features,0bYg9bo50gSsH3LtXe2SQn,spotify:track:0bYg9bo50gSsH3LtXe2SQn,https://api.spotify.com/v1/tracks/0bYg9bo50gSsH3LtXe2SQn,https://api.spotify.com/v1/audio-analysis/0bYg9bo50gSsH3LtXe2SQn,241107,4
2,rockstar,Post Malone,4481297,https://open.spotify.com/track/7wGoVu4Dady5GV0Sv4UIsx,7wGoVu4Dady5GV0Sv4UIsx,0.577,0.522,5,-6.594,0,0.0984,0.13,9.03e-05,0.142,0.119,159.772,audio_features,7wGoVu4Dady5GV0Sv4UIsx,spotify:track:7wGoVu4Dady5GV0Sv4UIsx,https://api.spotify.com/v1/tracks/7wGoVu4Dady5GV0Sv4UIsx,https://api.spotify.com/v1/audio-analysis/7wGoVu4Dady5GV0Sv4UIsx,218320,4
3,Last Christmas,Wham!,3899081,https://open.spotify.com/track/2FRnf9qhLbvw8fu4IBXx78,2FRnf9qhLbvw8fu4IBXx78,0.735,0.478,2,-12.472,1,0.0293,0.189,2.48e-06,0.355,0.947,107.682,audio_features,2FRnf9qhLbvw8fu4IBXx78,spotify:track:2FRnf9qhLbvw8fu4IBXx78,https://api.spotify.com/v1/tracks/2FRnf9qhLbvw8fu4IBXx78,https://api.spotify.com/v1/audio-analysis/2FRnf9qhLbvw8fu4IBXx78,262960,4
4,Havana,Camila Cabello,3751528,https://open.spotify.com/track/0ofbQMrRDsUaVKq2mGLEAb,0ofbQMrRDsUaVKq2mGLEAb,0.768,0.517,7,-4.323,0,0.0312,0.186,3.8e-05,0.104,0.418,104.992,audio_features,0ofbQMrRDsUaVKq2mGLEAb,spotify:track:0ofbQMrRDsUaVKq2mGLEAb,https://api.spotify.com/v1/tracks/0ofbQMrRDsUaVKq2mGLEAb,https://api.spotify.com/v1/audio-analysis/0ofbQMrRDsUaVKq2mGLEAb,216897,4
5,River (feat. Ed Sheeran),Eminem,3691982,https://open.spotify.com/track/5UEnHoDYpsxlfzWLZIc7LD,5UEnHoDYpsxlfzWLZIc7LD,0.757,0.748,8,-5.794,0,0.473,0.17,0,0.0759,0.693,90.052,audio_features,5UEnHoDYpsxlfzWLZIc7LD,spotify:track:5UEnHoDYpsxlfzWLZIc7LD,https://api.spotify.com/v1/tracks/5UEnHoDYpsxlfzWLZIc7LD,https://api.spotify.com/v1/audio-analysis/5UEnHoDYpsxlfzWLZIc7LD,221013,4
6,New Rules,Dua Lipa,2952745,https://open.spotify.com/track/2ekn2ttSfGqwhhate0LSR0,2ekn2ttSfGqwhhate0LSR0,0.762,0.7,9,-6.021,0,0.0694,0.00261,1.56e-05,0.153,0.608,116.073,audio_features,2ekn2ttSfGqwhhate0LSR0,spotify:track:2ekn2ttSfGqwhhate0LSR0,https://api.spotify.com/v1/tracks/2ekn2ttSfGqwhhate0LSR0,https://api.spotify.com/v1/audio-analysis/2ekn2ttSfGqwhhate0LSR0,209320,4
7,Wolves,Selena Gomez,2764360,https://open.spotify.com/track/7EmGUiUaOSGDnUUQUDrOXC,7EmGUiUaOSGDnUUQUDrOXC,0.715,0.802,11,-4.647,0,0.0394,0.139,0,0.177,0.327,124.989,audio_features,7EmGUiUaOSGDnUUQUDrOXC,spotify:track:7EmGUiUaOSGDnUUQUDrOXC,https://api.spotify.com/v1/tracks/7EmGUiUaOSGDnUUQUDrOXC,https://api.spotify.com/v1/audio-analysis/7EmGUiUaOSGDnUUQUDrOXC,197993,4
8,Perfect,Ed Sheeran,2678478,https://open.spotify.com/track/0tgVpDi06FyKpA1z0VMD4v,0tgVpDi06FyKpA1z0VMD4v,0.599,0.448,8,-6.312,1,0.0232,0.163,0,0.106,0.168,95.05,audio_features,0tgVpDi06FyKpA1z0VMD4v,spotify:track:0tgVpDi06FyKpA1z0VMD4v,https://api.spotify.com/v1/tracks/0tgVpDi06FyKpA1z0VMD4v,https://api.spotify.com/v1/audio-analysis/0tgVpDi06FyKpA1z0VMD4v,263400,3
9,Gucci Gang,Lil Pump,2547649,https://open.spotify.com/track/43ZyHQITOjhciSUUNPVRHc,43ZyHQITOjhciSUUNPVRHc,0.936,0.523,5,-6.71,1,0.0597,0.239,0,0.117,0.699,119.889,audio_features,43ZyHQITOjhciSUUNPVRHc,spotify:track:43ZyHQITOjhciSUUNPVRHc,https://api.spotify.com/v1/tracks/43ZyHQITOjhciSUUNPVRHc,https://api.spotify.com/v1/audio-analysis/43ZyHQITOjhciSUUNPVRHc,124056,4
10,Échame La Culpa,Luis Fonsi,2507870,https://open.spotify.com/track/1zsG4eaZmkA1dvjDDsAGLK,1zsG4eaZmkA1dvjDDsAGLK,0.724,0.895,7,-3.617,1,0.0411,0.0322,0,0.097,0.64,96.022,audio_features,1zsG4eaZmkA1dvjDDsAGLK,spotify:track:1zsG4eaZmkA1dvjDDsAGLK,https://api.spotify.com/v1/tracks/1zsG4eaZmkA1dvjDDsAGLK,https://api.spotify.com/v1/audio-analysis/1zsG4eaZmkA1dvjDDsAGLK,173720,4
11,Let You Down,NF,2475097,https://open.spotify.com/track/6mrKP2jyIQmM0rw6fQryjr,6mrKP2jyIQmM0rw6fQryjr,0.659,0.716,5,-5.673,0,0.111,0.33,0,0.173,0.437,148.015,audio_features,6mrKP2jyIQmM0rw6fQryjr,spotify:track:6mrKP2jyIQmM0rw6fQryjr,https://api.spotify.com/v1/tracks/6mrKP2jyIQmM0rw6fQryjr,https://api.spotify.com/v1/audio-analysis/6mrKP2jyIQmM0rw6fQryjr,212120,4
12,Him & I (with Halsey),G-Eazy,2381759,https://open.spotify.com/track/5k38wzpLb15YgncyWdTZE4,5k38wzpLb15YgncyWdTZE4,0.589,0.731,2,-6.343,1,0.0868,0.0534,0,0.308,0.191,87.908,audio_features,5k38wzpLb15YgncyWdTZE4,spotify:track:5k38wzpLb15YgncyWdTZE4,https://api.spotify.com/v1/tracks/5k38wzpLb15YgncyWdTZE4,https://api.spotify.com/v1/audio-analysis/5k38wzpLb15YgncyWdTZE4,268867,4
13,Do They Know It's Christmas? - 1984 Version,Band Aid,2371954,https://open.spotify.com/track/1hvpDAxZPKjKztOc72sv06,1hvpDAxZPKjKztOc72sv06,0.599,0.642,0,-6.936,1,0.0363,0.164,3.33e-05,0.0992,0.349,115.412,audio_features,1hvpDAxZPKjKztOc72sv06,spotify:track:1hvpDAxZPKjKztOc72sv06,https://api.spotify.com/v1/tracks/1hvpDAxZPKjKztOc72sv06,https://api.spotify.com/v1/audio-analysis/1hvpDAxZPKjKztOc72sv06,222533,4
14,Perfect Duet (Ed Sheeran & Beyoncé),Ed Sheeran,2332581,https://open.spotify.com/track/1bhUWB0zJMIKr9yVPrkEuI,1bhUWB0zJMIKr9yVPrkEuI,0.587,0.299,8,-7.365,1,0.0263,0.779,0,0.123,0.356,94.992,audio_features,1bhUWB0zJMIKr9yVPrkEuI,spotify:track:1bhUWB0zJMIKr9yVPrkEuI,https://api.spotify.com/v1/tracks/1bhUWB0zJMIKr9yVPrkEuI,https://api.spotify.com/v1/audio-analysis/1bhUWB0zJMIKr9yVPrkEuI,259550,3
15,It's Beginning to Look a Lot like Christmas,Michael Bublé,2328041,https://open.spotify.com/track/0lLdorYw7lVrJydTINhWdI,0lLdorYw7lVrJydTINhWdI,0.339,0.214,4,-11.714,1,0.0375,0.908,7.47e-06,0.341,0.363,94.775,audio_features,0lLdorYw7lVrJydTINhWdI,spotify:track:0lLdorYw7lVrJydTINhWdI,https://api.spotify.com/v1/tracks/0lLdorYw7lVrJydTINhWdI,https://api.spotify.com/v1/audio-analysis/0lLdorYw7lVrJydTINhWdI,206640,3
16,What Lovers Do (feat. SZA),Maroon 5,2311872,https://open.spotify.com/track/3hBBKuWJfxlIlnd9QFoC8k,3hBBKuWJfxlIlnd9QFoC8k,0.795,0.615,5,-5.211,0,0.0671,0.0786,2.98e-06,0.0855,0.393,110.009,audio_features,3hBBKuWJfxlIlnd9QFoC8k,spotify:track:3hBBKuWJfxlIlnd9QFoC8k,https://api.spotify.com/v1/tracks/3hBBKuWJfxlIlnd9QFoC8k,https://api.spotify.com/v1/audio-analysis/3hBBKuWJfxlIlnd9QFoC8k,199849,4
17,Too Good At Goodbyes,Sam Smith,2255189,https://open.spotify.com/track/1mXVgsBdtIVeCLJnSnmtdV,1mXVgsBdtIVeCLJnSnmtdV,0.681,0.372,5,-8.237,1,0.0432,0.64,0,0.169,0.476,91.873,audio_features,1mXVgsBdtIVeCLJnSnmtdV,spotify:track:1mXVgsBdtIVeCLJnSnmtdV,https://api.spotify.com/v1/tracks/1mXVgsBdtIVeCLJnSnmtdV,https://api.spotify.com/v1/audio-analysis/1mXVgsBdtIVeCLJnSnmtdV,201000,4
18,Shape of You,Ed Sheeran,2202228,https://open.spotify.com/track/7qiZfU4dY1lWllzX7mPBI3,7qiZfU4dY1lWllzX7mPBI3,0.825,0.652,1,-3.183,0,0.0802,0.581,0,0.0931,0.931,95.977,audio_features,7qiZfU4dY1lWllzX7mPBI3,spotify:track:7qiZfU4dY1lWllzX7mPBI3,https://api.spotify.com/v1/tracks/7qiZfU4dY1lWllzX7mPBI3,https://api.spotify.com/v1/audio-analysis/7qiZfU4dY1lWllzX7mPBI3,233713,4
19,Santa Tell Me,Ariana Grande,2139080,https://open.spotify.com/track/1ADjWm8QNhgNV8yCNNgQ1T,1ADjWm8QNhgNV8yCNNgQ1T,0.464,0.63,7,-7.337,1,0.182,0.0464,0,0.295,0.527,132.96,audio_features,1ADjWm8QNhgNV8yCNNgQ1T,spotify:track:1ADjWm8QNhgNV8yCNNgQ1T,https://api.spotify.com/v1/tracks/1ADjWm8QNhgNV8yCNNgQ1T,https://api.spotify.com/v1/audio-analysis/1ADjWm8QNhgNV8yCNNgQ1T,204093,5
20,Silence,Marshmello,2102346,https://open.spotify.com/track/7vGuf3Y35N4wmASOKLUVVU,7vGuf3Y35N4wmASOKLUVVU,0.52,0.761,4,-3.093,1,0.0853,0.256,4.96e-06,0.17,0.286,141.971,audio_features,7vGuf3Y35N4wmASOKLUVVU,spotify:track:7vGuf3Y35N4wmASOKLUVVU,https://api.spotify.com/v1/tracks/7vGuf3Y35N4wmASOKLUVVU,https://api.spotify.com/v1/audio-analysis/7vGuf3Y35N4wmASOKLUVVU,180823,4
21,It's the Most Wonderful Time of the Year,Andy Williams,2055724,https://open.spotify.com/track/5hslUAKq9I9CG2bAulFkHN,5hslUAKq9I9CG2bAulFkHN,0.24,0.598,7,-8.435,1,0.0369,0.766,0,0.117,0.776,201.629,audio_features,5hslUAKq9I9CG2bAulFkHN,spotify:track:5hslUAKq9I9CG2bAulFkHN,https://api.spotify.com/v1/tracks/5hslUAKq9I9CG2bAulFkHN,https://api.spotify.com/v1/audio-analysis/5hslUAKq9I9CG2bAulFkHN,151933,3
22,Rockin' Around The Christmas Tree - Single Version,Brenda Lee,2053242,https://open.spotify.com/track/3T7dNA7O8c3Axj5WyDNcH3,3T7dNA7O8c3Axj5WyDNcH3,0.703,0.407,8,-12.155,1,0.0504,0.706,0,0.45,0.849,140.057,audio_features,3T7dNA7O8c3Axj5WyDNcH3,spotify:track:3T7dNA7O8c3Axj5WyDNcH3,https://api.spotify.com/v1/tracks/3T7dNA7O8c3Axj5WyDNcH3,https://api.spotify.com/v1/audio-analysis/3T7dNA7O8c3Axj5WyDNcH3,125827,4
23,Happy Xmas (War Is Over) - Remastered 2010,John Lennon,2031602,https://open.spotify.com/track/3zJw3rugfpVrmBeDDnUYzy,3zJw3rugfpVrmBeDDnUYzy,0.328,0.607,2,-11.076,1,0.0315,0.318,0,0.765,0.395,146.537,audio_features,3zJw3rugfpVrmBeDDnUYzy,spotify:track:3zJw3rugfpVrmBeDDnUYzy,https://api.spotify.com/v1/tracks/3zJw3rugfpVrmBeDDnUYzy,https://api.spotify.com/v1/audio-analysis/3zJw3rugfpVrmBeDDnUYzy,213880,3
24,I Fall Apart,Post Malone,1982290,https://open.spotify.com/track/75ZvA4QfFiZvzhj2xkaWAh,75ZvA4QfFiZvzhj2xkaWAh,0.556,0.538,8,-5.408,0,0.0382,0.0689,0,0.196,0.291,143.95,audio_features,75ZvA4QfFiZvzhj2xkaWAh,spotify:track:75ZvA4QfFiZvzhj2xkaWAh,https://api.spotify.com/v1/tracks/75ZvA4QfFiZvzhj2xkaWAh,https://api.spotify.com/v1/audio-analysis/75ZvA4QfFiZvzhj2xkaWAh,223347,4
25,Driving Home for Christmas,Chris Rea,1979159,https://open.spotify.com/track/0ZoHHROTzwIYeNAHRPedTY,0ZoHHROTzwIYeNAHRPedTY,0.603,0.705,9,-7.547,1,0.0328,0.556,0.000123,0.342,0.89,90.12,audio_features,0ZoHHROTzwIYeNAHRPedTY,spotify:track:0ZoHHROTzwIYeNAHRPedTY,https://api.spotify.com/v1/tracks/0ZoHHROTzwIYeNAHRPedTY,https://api.spotify.com/v1/audio-analysis/0ZoHHROTzwIYeNAHRPedTY,239947,4
26,Corazón,Maluma,1924241,https://open.spotify.com/track/4lESS6vuruP6a79KWRaQou,4lESS6vuruP6a79KWRaQou,0.871,0.768,4,-5.401,0,0.122,0.283,2.25e-05,0.162,0.765,98.989,audio_features,4lESS6vuruP6a79KWRaQou,spotify:track:4lESS6vuruP6a79KWRaQou,https://api.spotify.com/v1/tracks/4lESS6vuruP6a79KWRaQou,https://api.spotify.com/v1/audio-analysis/4lESS6vuruP6a79KWRaQou,184067,4
27,Vai malandra (feat. Tropkillaz & DJ Yuri Martins),Anitta,1866191,https://open.spotify.com/track/6u0EAxf1OJTLS7CvInuNd7,6u0EAxf1OJTLS7CvInuNd7,0.876,0.55,2,-5.464,1,0.152,0.0227,4.52e-05,0.294,0.557,129.924,audio_features,6u0EAxf1OJTLS7CvInuNd7,spotify:track:6u0EAxf1OJTLS7CvInuNd7,https://api.spotify.com/v1/tracks/6u0EAxf1OJTLS7CvInuNd7,https://api.spotify.com/v1/audio-analysis/6u0EAxf1OJTLS7CvInuNd7,201532,4
28,Sensualidad,Bad Bunny,1857344,https://open.spotify.com/track/5hcisvFMidkMJlElTO9Qmw,5hcisvFMidkMJlElTO9Qmw,0.807,0.681,11,-6.268,1,0.0983,0.423,0,0.0962,0.676,140.006,audio_features,5hcisvFMidkMJlElTO9Qmw,spotify:track:5hcisvFMidkMJlElTO9Qmw,https://api.spotify.com/v1/tracks/5hcisvFMidkMJlElTO9Qmw,https://api.spotify.com/v1/audio-analysis/5hcisvFMidkMJlElTO9Qmw,297485,4
29,Downtown,Anitta,1856481,https://open.spotify.com/track/3Ga6eKrUFf12ouh9Yw3v2D,3Ga6eKrUFf12ouh9Yw3v2D,0.775,0.679,4,-4.985,0,0.135,0.18,7.26e-05,0.068,0.619,166.008,audio_features,3Ga6eKrUFf12ouh9Yw3v2D,spotify:track:3Ga6eKrUFf12ouh9Yw3v2D,https://api.spotify.com/v1/tracks/3Ga6eKrUFf12ouh9Yw3v2D,https://api.spotify.com/v1/audio-analysis/3Ga6eKrUFf12ouh9Yw3v2D,193456,4
30,Dusk Till Dawn - Radio Edit,ZAYN,1837559,https://open.spotify.com/track/1j4kHkkpqZRBwE0A4CN4Yv,1j4kHkkpqZRBwE0A4CN4Yv,0.258,0.437,11,-6.593,0,0.039,0.101,1.27e-06,0.106,0.0967,180.043,audio_features,1j4kHkkpqZRBwE0A4CN4Yv,spotify:track:1j4kHkkpqZRBwE0A4CN4Yv,https://api.spotify.com/v1/tracks/1j4kHkkpqZRBwE0A4CN4Yv,https://api.spotify.com/v1/audio-analysis/1j4kHkkpqZRBwE0A4CN4Yv,239000,4
31,Criminal,Natti Natasha,1779438,https://open.spotify.com/track/6Za3190Sbw39BBC77WSS1C,6Za3190Sbw39BBC77WSS1C,0.814,0.813,2,-3.023,0,0.0561,0.03,9.33e-05,0.255,0.839,79.997,audio_features,6Za3190Sbw39BBC77WSS1C,spotify:track:6Za3190Sbw39BBC77WSS1C,https://api.spotify.com/v1/tracks/6Za3190Sbw39BBC77WSS1C,https://api.spotify.com/v1/audio-analysis/6Za3190Sbw39BBC77WSS1C,232550,4
32,White Christmas,Bing Crosby,1751359,https://open.spotify.com/track/4so0Wek9Ig1p6CRCHuINwW,4so0Wek9Ig1p6CRCHuINwW,0.317,0.158,9,-16.485,1,0.0381,0.673,0.353,0.338,0.247,130.503,audio_features,4so0Wek9Ig1p6CRCHuINwW,spotify:track:4so0Wek9Ig1p6CRCHuINwW,https://api.spotify.com/v1/tracks/4so0Wek9Ig1p6CRCHuINwW,https://api.spotify.com/v1/audio-analysis/4so0Wek9Ig1p6CRCHuINwW,177480,3
33,"Let Me Go (with Alesso, Florida Georgia Line & watt)",Hailee Steinfeld,1630755,https://open.spotify.com/track/5AEtlRudpgdT5FtNiuly6Y,5AEtlRudpgdT5FtNiuly6Y,0.659,0.717,8,-4.202,1,0.0581,0.0393,0,0.0769,0.71,103.036,audio_features,5AEtlRudpgdT5FtNiuly6Y,spotify:track:5AEtlRudpgdT5FtNiuly6Y,https://api.spotify.com/v1/tracks/5AEtlRudpgdT5FtNiuly6Y,https://api.spotify.com/v1/audio-analysis/5AEtlRudpgdT5FtNiuly6Y,174800,4
34,Jingle Bell Rock,Bobby Helms,1605960,https://open.spotify.com/track/1cImYkHOQMFE7AZC9aOk4y,1cImYkHOQMFE7AZC9aOk4y,0.741,0.34,2,-13.421,1,0.0446,0.614,0,0.0955,0.838,119.606,audio_features,1cImYkHOQMFE7AZC9aOk4y,spotify:track:1cImYkHOQMFE7AZC9aOk4y,https://api.spotify.com/v1/tracks/1cImYkHOQMFE7AZC9aOk4y,https://api.spotify.com/v1/audio-analysis/1cImYkHOQMFE7AZC9aOk4y,129893,4
35,Let It Snow! Let It Snow! Let It Snow! (with The B. Swanson Quartet),Frank Sinatra,1589120,https://open.spotify.com/track/7inXu0Eaeg02VsM8kHNvzM,7inXu0Eaeg02VsM8kHNvzM,0.603,0.321,2,-11.489,1,0.0599,0.881,0,0.34,0.844,143.104,audio_features,7inXu0Eaeg02VsM8kHNvzM,spotify:track:7inXu0Eaeg02VsM8kHNvzM,https://api.spotify.com/v1/tracks/7inXu0Eaeg02VsM8kHNvzM,https://api.spotify.com/v1/audio-analysis/7inXu0Eaeg02VsM8kHNvzM,155600,4
36,No Limit,G-Eazy,1558286,https://open.spotify.com/track/2DQ1ITjI0YoLFzuADN1ZBW,2DQ1ITjI0YoLFzuADN1ZBW,0.838,0.771,1,-3.791,1,0.244,0.0117,0,0.0853,0.405,175.957,audio_features,2DQ1ITjI0YoLFzuADN1ZBW,spotify:track:2DQ1ITjI0YoLFzuADN1ZBW,https://api.spotify.com/v1/tracks/2DQ1ITjI0YoLFzuADN1ZBW,https://api.spotify.com/v1/audio-analysis/2DQ1ITjI0YoLFzuADN1ZBW,245387,4
37,Thunder,Imagine Dragons,1556164,https://open.spotify.com/track/0tKcYR2II1VCQWT79i5NrW,0tKcYR2II1VCQWT79i5NrW,0.6,0.81,0,-4.749,1,0.0479,0.00683,0.21,0.155,0.298,167.88,audio_features,0tKcYR2II1VCQWT79i5NrW,spotify:track:0tKcYR2II1VCQWT79i5NrW,https://api.spotify.com/v1/tracks/0tKcYR2II1VCQWT79i5NrW,https://api.spotify.com/v1/audio-analysis/0tKcYR2II1VCQWT79i5NrW,187147,4
38,XO Tour Llif3,Lil Uzi Vert,1547492,https://open.spotify.com/track/7GX5flRQZVHRAGd6B4TmDO,7GX5flRQZVHRAGd6B4TmDO,0.732,0.75,11,-6.366,0,0.231,0.00264,0,0.109,0.401,155.096,audio_features,7GX5flRQZVHRAGd6B4TmDO,spotify:track:7GX5flRQZVHRAGd6B4TmDO,https://api.spotify.com/v1/tracks/7GX5flRQZVHRAGd6B4TmDO,https://api.spotify.com/v1/audio-analysis/7GX5flRQZVHRAGd6B4TmDO,182707,4
39,Mistletoe,Justin Bieber,1534018,https://open.spotify.com/track/32OWobmyAz8J2qA8iWekyS,32OWobmyAz8J2qA8iWekyS,0.666,0.543,6,-9.188,0,0.0446,0.511,0,0.0911,0.881,161.947,audio_features,32OWobmyAz8J2qA8iWekyS,spotify:track:32OWobmyAz8J2qA8iWekyS,https://api.spotify.com/v1/tracks/32OWobmyAz8J2qA8iWekyS,https://api.spotify.com/v1/audio-analysis/32OWobmyAz8J2qA8iWekyS,182947,4
40,Se Preparó,Ozuna,1533355,https://open.spotify.com/track/1m69ELEgE6k5ZWsap40ozt,1m69ELEgE6k5ZWsap40ozt,0.739,0.821,1,-4.233,1,0.0852,0.222,9.6e-06,0.311,0.693,171.077,audio_features,1m69ELEgE6k5ZWsap40ozt,spotify:track:1m69ELEgE6k5ZWsap40ozt,https://api.spotify.com/v1/tracks/1m69ELEgE6k5ZWsap40ozt,https://api.spotify.com/v1/audio-analysis/1m69ELEgE6k5ZWsap40ozt,188080,4
41,Candy Paint,Post Malone,1532279,https://open.spotify.com/track/42CeaId2XNlxugDvyqHfDf,42CeaId2XNlxugDvyqHfDf,0.765,0.688,4,-5.566,1,0.0841,0.633,0,0.0734,0.434,90.013,audio_features,42CeaId2XNlxugDvyqHfDf,spotify:track:42CeaId2XNlxugDvyqHfDf,https://api.spotify.com/v1/tracks/42CeaId2XNlxugDvyqHfDf,https://api.spotify.com/v1/audio-analysis/42CeaId2XNlxugDvyqHfDf,229573,4
42,Young Dumb & Broke,Khalid,1530812,https://open.spotify.com/track/5Z3GHaZ6ec9bsiI5BenrbY,5Z3GHaZ6ec9bsiI5BenrbY,0.798,0.539,1,-6.351,1,0.0421,0.199,1.66e-05,0.165,0.394,136.949,audio_features,5Z3GHaZ6ec9bsiI5BenrbY,spotify:track:5Z3GHaZ6ec9bsiI5BenrbY,https://api.spotify.com/v1/tracks/5Z3GHaZ6ec9bsiI5BenrbY,https://api.spotify.com/v1/audio-analysis/5Z3GHaZ6ec9bsiI5BenrbY,202547,4
43,Feliz Navidad,José Feliciano,1530553,https://open.spotify.com/track/7taXf5odg9xCAZERYfyOkS,7taXf5odg9xCAZERYfyOkS,0.485,0.857,2,-7.059,1,0.0442,0.534,0,0.347,0.963,148.749,audio_features,7taXf5odg9xCAZERYfyOkS,spotify:track:7taXf5odg9xCAZERYfyOkS,https://api.spotify.com/v1/tracks/7taXf5odg9xCAZERYfyOkS,https://api.spotify.com/v1/audio-analysis/7taXf5odg9xCAZERYfyOkS,182360,4
44,How Long,Charlie Puth,1506552,https://open.spotify.com/track/32DGGj6KlNuBr6WaqRxpxi,32DGGj6KlNuBr6WaqRxpxi,0.849,0.581,1,-5.243,0,0.0767,0.189,3.61e-06,0.0805,0.779,110.008,audio_features,32DGGj6KlNuBr6WaqRxpxi,spotify:track:32DGGj6KlNuBr6WaqRxpxi,https://api.spotify.com/v1/tracks/32DGGj6KlNuBr6WaqRxpxi,https://api.spotify.com/v1/audio-analysis/32DGGj6KlNuBr6WaqRxpxi,198237,4
45,Mi Gente,J Balvin,1497627,https://open.spotify.com/track/2rb5MvYT7ZIxbKW5hfcHx8,2rb5MvYT7ZIxbKW5hfcHx8,0.543,0.677,11,-4.915,0,0.0993,0.0148,6.21e-06,0.13,0.294,103.809,audio_features,2rb5MvYT7ZIxbKW5hfcHx8,spotify:track:2rb5MvYT7ZIxbKW5hfcHx8,https://api.spotify.com/v1/tracks/2rb5MvYT7ZIxbKW5hfcHx8,https://api.spotify.com/v1/audio-analysis/2rb5MvYT7ZIxbKW5hfcHx8,189440,4
46,I Miss You (feat. Julia Michaels),Clean Bandit,1470733,https://open.spotify.com/track/2xmrfQpmS2iJExTlklLoAL,2xmrfQpmS2iJExTlklLoAL,0.638,0.658,3,-6.318,1,0.0456,0.245,3.77e-06,0.0919,0.33,105.076,audio_features,2xmrfQpmS2iJExTlklLoAL,spotify:track:2xmrfQpmS2iJExTlklLoAL,https://api.spotify.com/v1/tracks/2xmrfQpmS2iJExTlklLoAL,https://api.spotify.com/v1/audio-analysis/2xmrfQpmS2iJExTlklLoAL,205748,4
47,Ric Flair Drip (& Metro Boomin),Offset,1460155,https://open.spotify.com/track/7sO5G9EABYOXQKNPNiE9NR,7sO5G9EABYOXQKNPNiE9NR,0.88,0.428,9,-8.28,1,0.206,0.149,5.07e-05,0.114,0.333,100.007,audio_features,7sO5G9EABYOXQKNPNiE9NR,spotify:track:7sO5G9EABYOXQKNPNiE9NR,https://api.spotify.com/v1/tracks/7sO5G9EABYOXQKNPNiE9NR,https://api.spotify.com/v1/audio-analysis/7sO5G9EABYOXQKNPNiE9NR,172800,4
48,Fairytale of New York (feat. Kirsty MacColl),The Pogues,1450374,https://open.spotify.com/track/3VTNVsTTu05dmTsVFrmGpK,3VTNVsTTu05dmTsVFrmGpK,0.271,0.551,2,-7.48,1,0.0457,0.582,4.16e-05,0.256,0.428,78.111,audio_features,3VTNVsTTu05dmTsVFrmGpK,spotify:track:3VTNVsTTu05dmTsVFrmGpK,https://api.spotify.com/v1/tracks/3VTNVsTTu05dmTsVFrmGpK,https://api.spotify.com/v1/audio-analysis/3VTNVsTTu05dmTsVFrmGpK,272467,4
49,Congratulations,Post Malone,1448535,https://open.spotify.com/track/3a1lNhkSLSkpJE4MSHpDu9,3a1lNhkSLSkpJE4MSHpDu9,0.63,0.804,6,-4.183,1,0.0363,0.215,0,0.253,0.492,123.146,audio_features,3a1lNhkSLSkpJE4MSHpDu9,spotify:track:3a1lNhkSLSkpJE4MSHpDu9,https://api.spotify.com/v1/tracks/3a1lNhkSLSkpJE4MSHpDu9,https://api.spotify.com/v1/audio-analysis/3a1lNhkSLSkpJE4MSHpDu9,220293,4
50,Man's Not Hot,Big Shaq,1443061,https://open.spotify.com/track/2nUJvBO87SkxCViQsLc9Zr,2nUJvBO87SkxCViQsLc9Zr,0.895,0.885,0,-4.182,1,0.268,0.11,4.04e-05,0.106,0.633,134.973,audio_features,2nUJvBO87SkxCViQsLc9Zr,spotify:track:2nUJvBO87SkxCViQsLc9Zr,https://api.spotify.com/v1/tracks/2nUJvBO87SkxCViQsLc9Zr,https://api.spotify.com/v1/audio-analysis/2nUJvBO87SkxCViQsLc9Zr,186027,4
51,Wonderful Christmastime - Remastered 2011 / Edited Version,Paul McCartney,1412844,https://open.spotify.com/track/4gavOCQdZ2g86gkvi17FM7,4gavOCQdZ2g86gkvi17FM7,0.774,0.511,11,-8.914,1,0.0319,0.322,0,0.0672,0.771,94.736,audio_features,4gavOCQdZ2g86gkvi17FM7,spotify:track:4gavOCQdZ2g86gkvi17FM7,https://api.spotify.com/v1/tracks/4gavOCQdZ2g86gkvi17FM7,https://api.spotify.com/v1/audio-analysis/4gavOCQdZ2g86gkvi17FM7,227653,4
52,Meant to Be (feat. Florida Georgia Line),Bebe Rexha,1388782,https://open.spotify.com/track/7iDa6hUg2VgEL1o1HjmfBn,7iDa6hUg2VgEL1o1HjmfBn,0.643,0.783,10,-6.458,1,0.0856,0.047,0,0.083,0.579,154.084,audio_features,7iDa6hUg2VgEL1o1HjmfBn,spotify:track:7iDa6hUg2VgEL1o1HjmfBn,https://api.spotify.com/v1/tracks/7iDa6hUg2VgEL1o1HjmfBn,https://api.spotify.com/v1/audio-analysis/7iDa6hUg2VgEL1o1HjmfBn,163870,4
53,Mayores,Becky G,1384850,https://open.spotify.com/track/7JNh1cfm0eXjqFVOzKLyau,7JNh1cfm0eXjqFVOzKLyau,0.743,0.855,5,-3.976,0,0.0436,0.141,0.0045,0.099,0.871,96.989,audio_features,7JNh1cfm0eXjqFVOzKLyau,spotify:track:7JNh1cfm0eXjqFVOzKLyau,https://api.spotify.com/v1/tracks/7JNh1cfm0eXjqFVOzKLyau,https://api.spotify.com/v1/audio-analysis/7JNh1cfm0eXjqFVOzKLyau,202453,4
54,1-800-273-8255,Logic,1369960,https://open.spotify.com/track/5tz69p7tJuGPeMGwNTxYuV,5tz69p7tJuGPeMGwNTxYuV,0.62,0.574,5,-7.788,0,0.0479,0.569,0,0.19,0.357,100.023,audio_features,5tz69p7tJuGPeMGwNTxYuV,spotify:track:5tz69p7tJuGPeMGwNTxYuV,https://api.spotify.com/v1/tracks/5tz69p7tJuGPeMGwNTxYuV,https://api.spotify.com/v1/audio-analysis/5tz69p7tJuGPeMGwNTxYuV,250173,4
55,The Christmas Song (Merry Christmas To You),Nat King Cole,1349406,https://open.spotify.com/track/5humEOJehpAwMJEJmb0JJ2,5humEOJehpAwMJEJmb0JJ2,0.31,0.095,1,-17.828,1,0.0366,0.904,3.43e-05,0.128,0.188,72.76,audio_features,5humEOJehpAwMJEJmb0JJ2,spotify:track:5humEOJehpAwMJEJmb0JJ2,https://api.spotify.com/v1/tracks/5humEOJehpAwMJEJmb0JJ2,https://api.spotify.com/v1/audio-analysis/5humEOJehpAwMJEJmb0JJ2,190973,4
56,Me Rehúso,Danny Ocean,1349253,https://open.spotify.com/track/6De0lHrwBfPfrhorm9q1Xl,6De0lHrwBfPfrhorm9q1Xl,0.744,0.804,1,-6.327,1,0.0677,0.0231,0,0.0494,0.426,104.823,audio_features,6De0lHrwBfPfrhorm9q1Xl,spotify:track:6De0lHrwBfPfrhorm9q1Xl,https://api.spotify.com/v1/tracks/6De0lHrwBfPfrhorm9q1Xl,https://api.spotify.com/v1/audio-analysis/6De0lHrwBfPfrhorm9q1Xl,205715,4
57,Bartier Cardi (feat. 21 Savage),Cardi B,1343866,https://open.spotify.com/track/75FDPwaULRdYDn4StFN2rT,75FDPwaULRdYDn4StFN2rT,0.909,0.546,8,-7.513,1,0.175,0.000704,0.000823,0.36,0.0986,138.043,audio_features,75FDPwaULRdYDn4StFN2rT,spotify:track:75FDPwaULRdYDn4StFN2rT,https://api.spotify.com/v1/tracks/75FDPwaULRdYDn4StFN2rT,https://api.spotify.com/v1/audio-analysis/75FDPwaULRdYDn4StFN2rT,224613,4
58,Have Yourself A Merry Little Christmas,Sam Smith,1312578,https://open.spotify.com/track/7Hz6LLOVxrojLPIHJJ1S0E,7Hz6LLOVxrojLPIHJJ1S0E,0.426,0.177,5,-9.429,1,0.0436,0.954,0,0.317,0.317,133.483,audio_features,7Hz6LLOVxrojLPIHJJ1S0E,spotify:track:7Hz6LLOVxrojLPIHJJ1S0E,https://api.spotify.com/v1/tracks/7Hz6LLOVxrojLPIHJJ1S0E,https://api.spotify.com/v1/audio-analysis/7Hz6LLOVxrojLPIHJJ1S0E,170964,1
59,Déjala Que Vuelva (feat. Manuel Turizo),Piso 21,1289601,https://open.spotify.com/track/33bnxcjePIkcmNjEFTJX0l,33bnxcjePIkcmNjEFTJX0l,0.681,0.788,1,-4.323,1,0.0785,0.0482,0,0.0753,0.839,170.019,audio_features,33bnxcjePIkcmNjEFTJX0l,spotify:track:33bnxcjePIkcmNjEFTJX0l,https://api.spotify.com/v1/tracks/33bnxcjePIkcmNjEFTJX0l,https://api.spotify.com/v1/audio-analysis/33bnxcjePIkcmNjEFTJX0l,220117,4
60,Unforgettable,French Montana,1273677,https://open.spotify.com/track/3B54sVLJ402zGa6Xm4YGNe,3B54sVLJ402zGa6Xm4YGNe,0.726,0.769,6,-5.043,1,0.123,0.0293,0.0101,0.104,0.733,97.985,audio_features,3B54sVLJ402zGa6Xm4YGNe,spotify:track:3B54sVLJ402zGa6Xm4YGNe,https://api.spotify.com/v1/tracks/3B54sVLJ402zGa6Xm4YGNe,https://api.spotify.com/v1/audio-analysis/3B54sVLJ402zGa6Xm4YGNe,233902,4
61,Bank Account,21 Savage,1271112,https://open.spotify.com/track/2fQrGHiQOvpL9UgPvtYy6G,2fQrGHiQOvpL9UgPvtYy6G,0.884,0.346,8,-8.228,0,0.351,0.0151,7.04e-06,0.0871,0.376,75.016,audio_features,2fQrGHiQOvpL9UgPvtYy6G,spotify:track:2fQrGHiQOvpL9UgPvtYy6G,https://api.spotify.com/v1/tracks/2fQrGHiQOvpL9UgPvtYy6G,https://api.spotify.com/v1/audio-analysis/2fQrGHiQOvpL9UgPvtYy6G,220307,4
62,HUMBLE.,Kendrick Lamar,1269069,https://open.spotify.com/track/7KXjTSCq5nL1LoYtL7XAwS,7KXjTSCq5nL1LoYtL7XAwS,0.908,0.621,1,-6.638,0,0.102,0.000282,5.39e-05,0.0958,0.421,150.011,audio_features,7KXjTSCq5nL1LoYtL7XAwS,spotify:track:7KXjTSCq5nL1LoYtL7XAwS,https://api.spotify.com/v1/tracks/7KXjTSCq5nL1LoYtL7XAwS,https://api.spotify.com/v1/audio-analysis/7KXjTSCq5nL1LoYtL7XAwS,177000,4
63,Holly Jolly Christmas,Michael Bublé,1212284,https://open.spotify.com/track/6tjituizSxwSmBB5vtgHZE,6tjituizSxwSmBB5vtgHZE,0.647,0.465,7,-8.308,1,0.0428,0.865,0,0.0882,0.699,151.251,audio_features,6tjituizSxwSmBB5vtgHZE,spotify:track:6tjituizSxwSmBB5vtgHZE,https://api.spotify.com/v1/tracks/6tjituizSxwSmBB5vtgHZE,https://api.spotify.com/v1/audio-analysis/6tjituizSxwSmBB5vtgHZE,119787,4
64,Merry Christmas Everyone - Remastered,Shakin' Stevens,1211860,https://open.spotify.com/track/2ISl1zekPsc26sUQpVt8UB,2ISl1zekPsc26sUQpVt8UB,0.541,0.909,9,-3.101,1,0.0358,0.128,0,0.128,0.962,203.862,audio_features,2ISl1zekPsc26sUQpVt8UB,spotify:track:2ISl1zekPsc26sUQpVt8UB,https://api.spotify.com/v1/tracks/2ISl1zekPsc26sUQpVt8UB,https://api.spotify.com/v1/audio-analysis/2ISl1zekPsc26sUQpVt8UB,220160,4
65,Blue Christmas,Elvis Presley,1208743,https://open.spotify.com/track/3QiAAp20rPC3dcAtKtMaqQ,3QiAAp20rPC3dcAtKtMaqQ,0.465,0.27,4,-16.661,1,0.0425,0.9,0.00104,0.145,0.58,94.518,audio_features,3QiAAp20rPC3dcAtKtMaqQ,spotify:track:3QiAAp20rPC3dcAtKtMaqQ,https://api.spotify.com/v1/tracks/3QiAAp20rPC3dcAtKtMaqQ,https://api.spotify.com/v1/audio-analysis/3QiAAp20rPC3dcAtKtMaqQ,129173,4
66,Stargazing,Kygo,1204352,https://open.spotify.com/track/0Zbbxnx4SGGHoIow4PpISP,0Zbbxnx4SGGHoIow4PpISP,0.677,0.497,5,-5.763,1,0.0809,0.152,0,0.0911,0.419,99.137,audio_features,0Zbbxnx4SGGHoIow4PpISP,spotify:track:0Zbbxnx4SGGHoIow4PpISP,https://api.spotify.com/v1/tracks/0Zbbxnx4SGGHoIow4PpISP,https://api.spotify.com/v1/audio-analysis/0Zbbxnx4SGGHoIow4PpISP,236853,4
67,Feel It Still,Portugal. The Man,1197362,https://open.spotify.com/track/6QgjcU0zLnzq5OrUoSZ3OK,6QgjcU0zLnzq5OrUoSZ3OK,0.801,0.795,1,-5.115,0,0.0504,0.0417,0.000113,0.0717,0.754,79.028,audio_features,6QgjcU0zLnzq5OrUoSZ3OK,spotify:track:6QgjcU0zLnzq5OrUoSZ3OK,https://api.spotify.com/v1/tracks/6QgjcU0zLnzq5OrUoSZ3OK,https://api.spotify.com/v1/audio-analysis/6QgjcU0zLnzq5OrUoSZ3OK,163253,4
68,Santa's Coming for Us,Sia,1191013,https://open.spotify.com/track/3AlpkljBS1AU7HFVPms8K6,3AlpkljBS1AU7HFVPms8K6,0.669,0.854,1,-4.486,1,0.0999,0.0205,0,0.047,0.707,93.057,audio_features,3AlpkljBS1AU7HFVPms8K6,spotify:track:3AlpkljBS1AU7HFVPms8K6,https://api.spotify.com/v1/tracks/3AlpkljBS1AU7HFVPms8K6,https://api.spotify.com/v1/audio-analysis/3AlpkljBS1AU7HFVPms8K6,206533,4
69,A Holly Jolly Christmas - Single Version,Burl Ives,1155081,https://open.spotify.com/track/65Q2mv3UlVi9eO70OpsmSe,65Q2mv3UlVi9eO70OpsmSe,0.683,0.375,0,-13.056,1,0.0303,0.579,0,0.076,0.888,140.467,audio_features,65Q2mv3UlVi9eO70OpsmSe,spotify:track:65Q2mv3UlVi9eO70OpsmSe,https://api.spotify.com/v1/tracks/65Q2mv3UlVi9eO70OpsmSe,https://api.spotify.com/v1/audio-analysis/65Q2mv3UlVi9eO70OpsmSe,135533,4
70,Perro Fiel (feat. Nicky Jam),Shakira,1149049,https://open.spotify.com/track/70lnL3QaSOIIyMa2X9aVRL,70lnL3QaSOIIyMa2X9aVRL,0.75,0.76,1,-4.836,1,0.198,0.187,0,0.0548,0.893,183.817,audio_features,70lnL3QaSOIIyMa2X9aVRL,spotify:track:70lnL3QaSOIIyMa2X9aVRL,https://api.spotify.com/v1/tracks/70lnL3QaSOIIyMa2X9aVRL,https://api.spotify.com/v1/audio-analysis/70lnL3QaSOIIyMa2X9aVRL,195213,4
71,Christmas Lights,Coldplay,1130812,https://open.spotify.com/track/4fzyvSu73BhGvi96p2zwjL,4fzyvSu73BhGvi96p2zwjL,0.312,0.418,7,-9.146,1,0.0296,0.131,0.000679,0.0836,0.237,130.795,audio_features,4fzyvSu73BhGvi96p2zwjL,spotify:track:4fzyvSu73BhGvi96p2zwjL,https://api.spotify.com/v1/tracks/4fzyvSu73BhGvi96p2zwjL,https://api.spotify.com/v1/audio-analysis/4fzyvSu73BhGvi96p2zwjL,242496,4
72,Modern Slavery,Huncho Jack,1129454,https://open.spotify.com/track/7J6bnDDitOwfelaJNixHhL,7J6bnDDitOwfelaJNixHhL,0.765,0.733,4,-3.509,0,0.165,0.00186,0,0.297,0.495,133.966,audio_features,7J6bnDDitOwfelaJNixHhL,spotify:track:7J6bnDDitOwfelaJNixHhL,https://api.spotify.com/v1/tracks/7J6bnDDitOwfelaJNixHhL,https://api.spotify.com/v1/audio-analysis/7J6bnDDitOwfelaJNixHhL,148560,4
73,Dubai Shit,Huncho Jack,1093415,https://open.spotify.com/track/6urLjX35oXXRYtcH1b3dCh,6urLjX35oXXRYtcH1b3dCh,0.774,0.529,5,-4.479,0,0.0532,0.0674,0,0.0814,0.227,138.072,audio_features,6urLjX35oXXRYtcH1b3dCh,spotify:track:6urLjX35oXXRYtcH1b3dCh,https://api.spotify.com/v1/tracks/6urLjX35oXXRYtcH1b3dCh,https://api.spotify.com/v1/audio-analysis/6urLjX35oXXRYtcH1b3dCh,228431,4
74,Eye 2 Eye,Huncho Jack,1081637,https://open.spotify.com/track/4vwfOiyWxXeEdx4ejAJgdx,4vwfOiyWxXeEdx4ejAJgdx,0.818,0.65,2,-4.328,1,0.148,0.00122,0,0.104,0.163,146.015,audio_features,4vwfOiyWxXeEdx4ejAJgdx,spotify:track:4vwfOiyWxXeEdx4ejAJgdx,https://api.spotify.com/v1/tracks/4vwfOiyWxXeEdx4ejAJgdx,https://api.spotify.com/v1/audio-analysis/4vwfOiyWxXeEdx4ejAJgdx,190679,4
75,MotorSport,Migos,1077318,https://open.spotify.com/track/1YZfcVLbbJwfizR5cDOp3q,1YZfcVLbbJwfizR5cDOp3q,0.901,0.529,2,-4.443,1,0.191,0.0519,0,0.179,0.146,138.003,audio_features,1YZfcVLbbJwfizR5cDOp3q,spotify:track:1YZfcVLbbJwfizR5cDOp3q,https://api.spotify.com/v1/tracks/1YZfcVLbbJwfizR5cDOp3q,https://api.spotify.com/v1/audio-analysis/1YZfcVLbbJwfizR5cDOp3q,307660,4
76,Attention,Charlie Puth,1075044,https://open.spotify.com/track/4iLqG9SeJSnt0cSPICSjxv,4iLqG9SeJSnt0cSPICSjxv,0.774,0.626,3,-4.432,0,0.0432,0.0969,3.12e-05,0.0848,0.777,100.041,audio_features,4iLqG9SeJSnt0cSPICSjxv,spotify:track:4iLqG9SeJSnt0cSPICSjxv,https://api.spotify.com/v1/tracks/4iLqG9SeJSnt0cSPICSjxv,https://api.spotify.com/v1/audio-analysis/4iLqG9SeJSnt0cSPICSjxv,211475,4
77,Que Va,Alex Sensation,1069544,https://open.spotify.com/track/7ofxPmTNMj2GP07g1VZa0O,7ofxPmTNMj2GP07g1VZa0O,0.771,0.835,0,-3.388,1,0.0507,0.13,0,0.0601,0.817,91.012,audio_features,7ofxPmTNMj2GP07g1VZa0O,spotify:track:7ofxPmTNMj2GP07g1VZa0O,https://api.spotify.com/v1/tracks/7ofxPmTNMj2GP07g1VZa0O,https://api.spotify.com/v1/audio-analysis/7ofxPmTNMj2GP07g1VZa0O,238160,4
78,Anywhere,Rita Ora,1063074,https://open.spotify.com/track/7EI6Iki24tBHAMxtb4xQN2,7EI6Iki24tBHAMxtb4xQN2,0.628,0.797,11,-3.953,0,0.0596,0.0364,0,0.104,0.321,106.93,audio_features,7EI6Iki24tBHAMxtb4xQN2,spotify:track:7EI6Iki24tBHAMxtb4xQN2,https://api.spotify.com/v1/tracks/7EI6Iki24tBHAMxtb4xQN2,https://api.spotify.com/v1/audio-analysis/7EI6Iki24tBHAMxtb4xQN2,215064,4
79,Sorry Not Sorry,Demi Lovato,1056223,https://open.spotify.com/track/3m660poUr1chesgkkjQM7P,3m660poUr1chesgkkjQM7P,0.704,0.633,11,-6.923,0,0.241,0.0214,0,0.29,0.863,144.021,audio_features,3m660poUr1chesgkkjQM7P,spotify:track:3m660poUr1chesgkkjQM7P,https://api.spotify.com/v1/tracks/3m660poUr1chesgkkjQM7P,https://api.spotify.com/v1/audio-analysis/3m660poUr1chesgkkjQM7P,203760,4
80,Black & Chinese,Huncho Jack,1047242,https://open.spotify.com/track/628Ueb4sRiXApObhcU9iPU,628Ueb4sRiXApObhcU9iPU,0.668,0.844,1,-4.151,1,0.0956,0.00389,0.00879,0.119,0.33,159.108,audio_features,628Ueb4sRiXApObhcU9iPU,spotify:track:628Ueb4sRiXApObhcU9iPU,https://api.spotify.com/v1/tracks/628Ueb4sRiXApObhcU9iPU,https://api.spotify.com/v1/audio-analysis/628Ueb4sRiXApObhcU9iPU,172017,4
81,Never Be the Same,Camila Cabello,1046473,https://open.spotify.com/track/6VpQdig9pdpTSIFItgkJV5,6VpQdig9pdpTSIFItgkJV5,0.643,0.709,0,-4.343,1,0.0733,0.145,0.000449,0.115,0.264,129.961,audio_features,6VpQdig9pdpTSIFItgkJV5,spotify:track:6VpQdig9pdpTSIFItgkJV5,https://api.spotify.com/v1/tracks/6VpQdig9pdpTSIFItgkJV5,https://api.spotify.com/v1/audio-analysis/6VpQdig9pdpTSIFItgkJV5,227088,4
82,Something Just Like This,The Chainsmokers,1036470,https://open.spotify.com/track/6RUKPb4LETWmmr3iAEQktW,6RUKPb4LETWmmr3iAEQktW,0.617,0.635,11,-6.769,0,0.0317,0.0498,1.44e-05,0.164,0.446,103.019,audio_features,6RUKPb4LETWmmr3iAEQktW,spotify:track:6RUKPb4LETWmmr3iAEQktW,https://api.spotify.com/v1/tracks/6RUKPb4LETWmmr3iAEQktW,https://api.spotify.com/v1/audio-analysis/6RUKPb4LETWmmr3iAEQktW,247160,4
83,Despacito - Remix,Luis Fonsi,1033036,https://open.spotify.com/track/5CtI0qwDJkDQGwXD1H1cLb,5CtI0qwDJkDQGwXD1H1cLb,0.694,0.815,2,-4.328,1,0.12,0.229,0,0.0924,0.813,88.931,audio_features,5CtI0qwDJkDQGwXD1H1cLb,spotify:track:5CtI0qwDJkDQGwXD1H1cLb,https://api.spotify.com/v1/tracks/5CtI0qwDJkDQGwXD1H1cLb,https://api.spotify.com/v1/audio-analysis/5CtI0qwDJkDQGwXD1H1cLb,228827,4
84,So Far Away (feat. Jamie Scott & Romy Dya),Martin Garrix,1032927,https://open.spotify.com/track/0OlnLZY4cmQzT6ZGttvWBM,0OlnLZY4cmQzT6ZGttvWBM,0.526,0.52,6,-7.985,0,0.0569,0.435,0,0.197,0.13,149.119,audio_features,0OlnLZY4cmQzT6ZGttvWBM,spotify:track:0OlnLZY4cmQzT6ZGttvWBM,https://api.spotify.com/v1/tracks/0OlnLZY4cmQzT6ZGttvWBM,https://api.spotify.com/v1/audio-analysis/0OlnLZY4cmQzT6ZGttvWBM,183637,4
85,Step Into Christmas,Elton John,1031997,https://open.spotify.com/track/3YQUpKTmtgPJf8u6ooi9KA,3YQUpKTmtgPJf8u6ooi9KA,0.532,0.926,2,-5.536,1,0.0357,0.112,9.84e-06,0.318,0.814,140.137,audio_features,3YQUpKTmtgPJf8u6ooi9KA,spotify:track:3YQUpKTmtgPJf8u6ooi9KA,https://api.spotify.com/v1/tracks/3YQUpKTmtgPJf8u6ooi9KA,https://api.spotify.com/v1/audio-analysis/3YQUpKTmtgPJf8u6ooi9KA,272394,4
86,Santa Baby (with Henri René & His Orchestra),Eartha Kitt,1030145,https://open.spotify.com/track/1foCxQtxBweJtZmdxhEHVO,1foCxQtxBweJtZmdxhEHVO,0.7,0.138,8,-12.347,1,0.0612,0.902,0,0.185,0.49,84.487,audio_features,1foCxQtxBweJtZmdxhEHVO,spotify:track:1foCxQtxBweJtZmdxhEHVO,https://api.spotify.com/v1/tracks/1foCxQtxBweJtZmdxhEHVO,https://api.spotify.com/v1/audio-analysis/1foCxQtxBweJtZmdxhEHVO,206067,4
87,Bodak Yellow,Cardi B,1027216,https://open.spotify.com/track/2771LMNxwf62FTAdpJMQfM,2771LMNxwf62FTAdpJMQfM,0.929,0.723,11,-5.792,0,0.109,0.0672,0,0.346,0.458,125.022,audio_features,2771LMNxwf62FTAdpJMQfM,spotify:track:2771LMNxwf62FTAdpJMQfM,https://api.spotify.com/v1/tracks/2771LMNxwf62FTAdpJMQfM,https://api.spotify.com/v1/audio-analysis/2771LMNxwf62FTAdpJMQfM,223962,4
88,Believer,Imagine Dragons,1015658,https://open.spotify.com/track/0CcQNd8CINkwQfe1RDtGV6,0CcQNd8CINkwQfe1RDtGV6,0.779,0.787,10,-4.305,0,0.108,0.0524,0,0.14,0.708,124.982,audio_features,0CcQNd8CINkwQfe1RDtGV6,spotify:track:0CcQNd8CINkwQfe1RDtGV6,https://api.spotify.com/v1/tracks/0CcQNd8CINkwQfe1RDtGV6,https://api.spotify.com/v1/audio-analysis/0CcQNd8CINkwQfe1RDtGV6,204347,4
89,Báilame - Remix,Nacho,1005601,https://open.spotify.com/track/3VClLWqNn80Llv0PJOsKgr,3VClLWqNn80Llv0PJOsKgr,0.791,0.866,6,-4.236,1,0.0497,0.248,5.29e-06,0.0696,0.71,96.011,audio_features,3VClLWqNn80Llv0PJOsKgr,spotify:track:3VClLWqNn80Llv0PJOsKgr,https://api.spotify.com/v1/tracks/3VClLWqNn80Llv0PJOsKgr,https://api.spotify.com/v1/audio-analysis/3VClLWqNn80Llv0PJOsKgr,217080,4
90,Havana - Remix,Camila Cabello,1004850,https://open.spotify.com/track/3whrwq4DtvucphBPUogRuJ,3whrwq4DtvucphBPUogRuJ,0.751,0.579,2,-4.036,1,0.0321,0.398,2.28e-05,0.133,0.349,105.031,audio_features,3whrwq4DtvucphBPUogRuJ,spotify:track:3whrwq4DtvucphBPUogRuJ,https://api.spotify.com/v1/tracks/3whrwq4DtvucphBPUogRuJ,https://api.spotify.com/v1/audio-analysis/3whrwq4DtvucphBPUogRuJ,199095,4
91,Lonely Together (feat. Rita Ora),Avicii,997948,https://open.spotify.com/track/2OALaHcDdKkjYEpAr0Qzab,2OALaHcDdKkjYEpAr0Qzab,0.655,0.666,5,-5.309,1,0.0612,0.134,2.12e-05,0.0683,0.272,102.977,audio_features,2OALaHcDdKkjYEpAr0Qzab,spotify:track:2OALaHcDdKkjYEpAr0Qzab,https://api.spotify.com/v1/tracks/2OALaHcDdKkjYEpAr0Qzab,https://api.spotify.com/v1/audio-analysis/2OALaHcDdKkjYEpAr0Qzab,181812,4
92,Tip Toe (feat. French Montana),Jason Derulo,975087,https://open.spotify.com/track/2z4pcBLQXF2BXKFvd0BuB6,2z4pcBLQXF2BXKFvd0BuB6,0.845,0.709,10,-4.547,0,0.0714,0.0233,0,0.094,0.62,98.062,audio_features,2z4pcBLQXF2BXKFvd0BuB6,spotify:track:2z4pcBLQXF2BXKFvd0BuB6,https://api.spotify.com/v1/tracks/2z4pcBLQXF2BXKFvd0BuB6,https://api.spotify.com/v1/audio-analysis/2z4pcBLQXF2BXKFvd0BuB6,187521,4
93,Carol of the Bells,Mykola Dmytrovych Leontovych,973303,https://open.spotify.com/track/4tHqQMWSqmL6YjXwsqthDI,4tHqQMWSqmL6YjXwsqthDI,0.418,0.106,8,-22.507,0,0.0448,0.994,0.0292,0.179,0.8,46.718,audio_features,4tHqQMWSqmL6YjXwsqthDI,spotify:track:4tHqQMWSqmL6YjXwsqthDI,https://api.spotify.com/v1/tracks/4tHqQMWSqmL6YjXwsqthDI,https://api.spotify.com/v1/audio-analysis/4tHqQMWSqmL6YjXwsqthDI,85267,4
94,Underneath the Tree,Kelly Clarkson,973226,https://open.spotify.com/track/3nAp4IvdMPPWEH9uuXFFV5,3nAp4IvdMPPWEH9uuXFFV5,0.509,0.812,8,-5.438,1,0.0537,0.0013,1.99e-05,0.214,0.689,159.876,audio_features,3nAp4IvdMPPWEH9uuXFFV5,spotify:track:3nAp4IvdMPPWEH9uuXFFV5,https://api.spotify.com/v1/tracks/3nAp4IvdMPPWEH9uuXFFV5,https://api.spotify.com/v1/audio-analysis/3nAp4IvdMPPWEH9uuXFFV5,229640,4
95,"Home (with Machine Gun Kelly, X Ambassadors & Bebe Rexha)",Machine Gun Kelly,972743,https://open.spotify.com/track/0OI7AFifLSoGzpb8bdBLLV,0OI7AFifLSoGzpb8bdBLLV,0.653,0.718,3,-5.232,0,0.213,0.00413,0,0.0537,0.216,82.034,audio_features,0OI7AFifLSoGzpb8bdBLLV,spotify:track:0OI7AFifLSoGzpb8bdBLLV,https://api.spotify.com/v1/tracks/0OI7AFifLSoGzpb8bdBLLV,https://api.spotify.com/v1/audio-analysis/0OI7AFifLSoGzpb8bdBLLV,202805,4
96,Felices los 4,Maluma,971484,https://open.spotify.com/track/0qYTZCo5Bwh1nsUFGZP3zn,0qYTZCo5Bwh1nsUFGZP3zn,0.755,0.789,5,-4.502,1,0.146,0.231,0,0.351,0.737,93.973,audio_features,0qYTZCo5Bwh1nsUFGZP3zn,spotify:track:0qYTZCo5Bwh1nsUFGZP3zn,https://api.spotify.com/v1/tracks/0qYTZCo5Bwh1nsUFGZP3zn,https://api.spotify.com/v1/audio-analysis/0qYTZCo5Bwh1nsUFGZP3zn,229849,4
97,My Only Wish (This Year),Britney Spears,966830,https://open.spotify.com/track/7aiVBCp1ibIWE5GeHkbtxr,7aiVBCp1ibIWE5GeHkbtxr,0.665,0.844,0,-3.777,1,0.0273,0.171,0,0.225,0.665,147.073,audio_features,7aiVBCp1ibIWE5GeHkbtxr,spotify:track:7aiVBCp1ibIWE5GeHkbtxr,https://api.spotify.com/v1/tracks/7aiVBCp1ibIWE5GeHkbtxr,https://api.spotify.com/v1/audio-analysis/7aiVBCp1ibIWE5GeHkbtxr,255733,4
98,It's Beginning to Look a Lot Like Christmas (with Mitchell Ayres & His Orchestra),Perry Como,966431,https://open.spotify.com/track/6IeK3Ap5m3HabwJxgI6eSE,6IeK3Ap5m3HabwJxgI6eSE,0.724,0.276,7,-12.25,1,0.0599,0.76,0,0.116,0.718,112.874,audio_features,6IeK3Ap5m3HabwJxgI6eSE,spotify:track:6IeK3Ap5m3HabwJxgI6eSE,https://api.spotify.com/v1/tracks/6IeK3Ap5m3HabwJxgI6eSE,https://api.spotify.com/v1/audio-analysis/6IeK3Ap5m3HabwJxgI6eSE,155933,4
99,White Christmas (with Shania Twain),Michael Bublé,962734,https://open.spotify.com/track/2gbCG4Rt9984UZ7Tc0dIFd,2gbCG4Rt9984UZ7Tc0dIFd,0.628,0.484,10,-7.588,1,0.0319,0.469,1.23e-05,0.126,0.642,63.476,audio_features,2gbCG4Rt9984UZ7Tc0dIFd,spotify:track:2gbCG4Rt9984UZ7Tc0dIFd,https://api.spotify.com/v1/tracks/2gbCG4Rt9984UZ7Tc0dIFd,https://api.spotify.com/v1/audio-analysis/2gbCG4Rt9984UZ7Tc0dIFd,216627,4
100,I Like Me Better,Lauv,958949,https://open.spotify.com/track/1wjzFQodRWrPcQ0AnYnvQ9,1wjzFQodRWrPcQ0AnYnvQ9,0.752,0.505,9,-7.621,1,0.253,0.535,2.55e-06,0.104,0.419,91.97,audio_features,1wjzFQodRWrPcQ0AnYnvQ9,spotify:track:1wjzFQodRWrPcQ0AnYnvQ9,https://api.spotify.com/v1/tracks/1wjzFQodRWrPcQ0AnYnvQ9,https://api.spotify.com/v1/audio-analysis/1wjzFQodRWrPcQ0AnYnvQ9,197437,4
101,Hallelujah,Pentatonix,957427,https://open.spotify.com/track/550rQQCGkrTzvp4SfpOPzx,550rQQCGkrTzvp4SfpOPzx,0.322,0.377,7,-7.385,0,0.0356,0.454,0,0.338,0.366,118.669,audio_features,550rQQCGkrTzvp4SfpOPzx,spotify:track:550rQQCGkrTzvp4SfpOPzx,https://api.spotify.com/v1/tracks/550rQQCGkrTzvp4SfpOPzx,https://api.spotify.com/v1/audio-analysis/550rQQCGkrTzvp4SfpOPzx,268960,4
102,Suena El Dembow,Joey Montana,948621,https://open.spotify.com/track/5TysCiZtv1HnSWcTcUFusI,5TysCiZtv1HnSWcTcUFusI,0.688,0.859,0,-4.447,1,0.0609,0.186,0,0.121,0.695,92.042,audio_features,5TysCiZtv1HnSWcTcUFusI,spotify:track:5TysCiZtv1HnSWcTcUFusI,https://api.spotify.com/v1/tracks/5TysCiZtv1HnSWcTcUFusI,https://api.spotify.com/v1/audio-analysis/5TysCiZtv1HnSWcTcUFusI,195813,4
103,Escápate Conmigo (feat. Ozuna),Wisin,948427,https://open.spotify.com/track/1KSqYYJFyfTecXFk9M0prc,1KSqYYJFyfTecXFk9M0prc,0.744,0.859,11,-3.166,1,0.0795,0.0256,6.27e-05,0.0881,0.787,91.977,audio_features,1KSqYYJFyfTecXFk9M0prc,spotify:track:1KSqYYJFyfTecXFk9M0prc,https://api.spotify.com/v1/tracks/1KSqYYJFyfTecXFk9M0prc,https://api.spotify.com/v1/audio-analysis/1KSqYYJFyfTecXFk9M0prc,232787,4
104,PICK IT UP (feat. A$AP Rocky),Famous Dex,945916,https://open.spotify.com/track/3ncgNpxLoBQ65ABk4djDyd,3ncgNpxLoBQ65ABk4djDyd,0.921,0.467,1,-8.443,1,0.119,0.0149,0.000238,0.334,0.287,135.995,audio_features,3ncgNpxLoBQ65ABk4djDyd,spotify:track:3ncgNpxLoBQ65ABk4djDyd,https://api.spotify.com/v1/tracks/3ncgNpxLoBQ65ABk4djDyd,https://api.spotify.com/v1/audio-analysis/3ncgNpxLoBQ65ABk4djDyd,191252,4
105,Friends (with BloodPop®),Justin Bieber,927955,https://open.spotify.com/track/7nZmah2llfvLDiUjm0kiyz,7nZmah2llfvLDiUjm0kiyz,0.744,0.739,8,-5.35,1,0.0387,0.00459,0,0.306,0.649,104.99,audio_features,7nZmah2llfvLDiUjm0kiyz,spotify:track:7nZmah2llfvLDiUjm0kiyz,https://api.spotify.com/v1/tracks/7nZmah2llfvLDiUjm0kiyz,https://api.spotify.com/v1/audio-analysis/7nZmah2llfvLDiUjm0kiyz,189467,4
106,Motorcycle Patches,Huncho Jack,925170,https://open.spotify.com/track/7g7raxdQpiLZT7aOlib4S1,7g7raxdQpiLZT7aOlib4S1,0.868,0.657,8,-4.853,1,0.113,0.0158,0,0.0995,0.436,162.867,audio_features,7g7raxdQpiLZT7aOlib4S1,spotify:track:7g7raxdQpiLZT7aOlib4S1,https://api.spotify.com/v1/tracks/7g7raxdQpiLZT7aOlib4S1,https://api.spotify.com/v1/audio-analysis/7g7raxdQpiLZT7aOlib4S1,191410,4
107,Plain Jane,A$AP Ferg,910337,https://open.spotify.com/track/4dVpf9jZjcORqGTLUaeYj9,4dVpf9jZjcORqGTLUaeYj9,0.797,0.844,11,-5.482,1,0.275,0.0651,0,0.087,0.52,170.142,audio_features,4dVpf9jZjcORqGTLUaeYj9,spotify:track:4dVpf9jZjcORqGTLUaeYj9,https://api.spotify.com/v1/tracks/4dVpf9jZjcORqGTLUaeYj9,https://api.spotify.com/v1/audio-analysis/4dVpf9jZjcORqGTLUaeYj9,173600,4
108,Jingle Bell Rock - Daryl's Version,Daryl Hall & John Oates,909809,https://open.spotify.com/track/6pVW5LRWgeLaHudxauOTJU,6pVW5LRWgeLaHudxauOTJU,0.666,0.841,2,-3.592,1,0.0312,0.613,0,0.113,0.84,128.706,audio_features,6pVW5LRWgeLaHudxauOTJU,spotify:track:6pVW5LRWgeLaHudxauOTJU,https://api.spotify.com/v1/tracks/6pVW5LRWgeLaHudxauOTJU,https://api.spotify.com/v1/audio-analysis/6pVW5LRWgeLaHudxauOTJU,126360,4
109,All Falls Down (feat. Juliander),Alan Walker,909401,https://open.spotify.com/track/5yFSF6qQA1rcLsQRnBsZgb,5yFSF6qQA1rcLsQRnBsZgb,0.658,0.678,1,-4.407,1,0.058,0.303,0,0.361,0.662,97.976,audio_features,5yFSF6qQA1rcLsQRnBsZgb,spotify:track:5yFSF6qQA1rcLsQRnBsZgb,https://api.spotify.com/v1/tracks/5yFSF6qQA1rcLsQRnBsZgb,https://api.spotify.com/v1/audio-analysis/5yFSF6qQA1rcLsQRnBsZgb,199111,4
110,More Than You Know,Axwell /\ Ingrosso,907624,https://open.spotify.com/track/71bBFbfn2OBK5QwUJSLS44,71bBFbfn2OBK5QwUJSLS44,0.642,0.733,5,-5.001,0,0.0343,0.0274,0,0.266,0.519,123.075,audio_features,71bBFbfn2OBK5QwUJSLS44,spotify:track:71bBFbfn2OBK5QwUJSLS44,https://api.spotify.com/v1/tracks/71bBFbfn2OBK5QwUJSLS44,https://api.spotify.com/v1/audio-analysis/71bBFbfn2OBK5QwUJSLS44,203000,4
111,Winter Wonderland,Bing Crosby,905543,https://open.spotify.com/track/5VEuraNSVxMTzDTtrmL3lQ,5VEuraNSVxMTzDTtrmL3lQ,0.648,0.228,3,-12.335,1,0.0454,0.769,0,0.0983,0.503,125.526,audio_features,5VEuraNSVxMTzDTtrmL3lQ,spotify:track:5VEuraNSVxMTzDTtrmL3lQ,https://api.spotify.com/v1/tracks/5VEuraNSVxMTzDTtrmL3lQ,https://api.spotify.com/v1/audio-analysis/5VEuraNSVxMTzDTtrmL3lQ,144827,4
112,Jocelyn Flores,XXXTENTACION,905028,https://open.spotify.com/track/7m9OqQk4RVRkw9JJdeAw96,7m9OqQk4RVRkw9JJdeAw96,0.872,0.391,0,-9.144,0,0.242,0.469,4.13e-06,0.297,0.437,134.021,audio_features,7m9OqQk4RVRkw9JJdeAw96,spotify:track:7m9OqQk4RVRkw9JJdeAw96,https://api.spotify.com/v1/tracks/7m9OqQk4RVRkw9JJdeAw96,https://api.spotify.com/v1/audio-analysis/7m9OqQk4RVRkw9JJdeAw96,119133,4
113,Robarte un Beso,Carlos Vives,904359,https://open.spotify.com/track/0JcNysfWVWaMS7R6vzGB2k,0JcNysfWVWaMS7R6vzGB2k,0.742,0.859,10,-4.942,1,0.0482,0.0824,0,0.359,0.652,95.046,audio_features,0JcNysfWVWaMS7R6vzGB2k,spotify:track:0JcNysfWVWaMS7R6vzGB2k,https://api.spotify.com/v1/tracks/0JcNysfWVWaMS7R6vzGB2k,https://api.spotify.com/v1/audio-analysis/0JcNysfWVWaMS7R6vzGB2k,194742,4
114,Bonita,J Balvin,897507,https://open.spotify.com/track/693iqPOQvhI7PobtR8CC8v,693iqPOQvhI7PobtR8CC8v,0.782,0.868,5,-1.715,0,0.04,0.0106,0.00252,0.29,0.884,96.042,audio_features,693iqPOQvhI7PobtR8CC8v,spotify:track:693iqPOQvhI7PobtR8CC8v,https://api.spotify.com/v1/tracks/693iqPOQvhI7PobtR8CC8v,https://api.spotify.com/v1/audio-analysis/693iqPOQvhI7PobtR8CC8v,265747,4
115,I'll Be Home,Meghan Trainor,893300,https://open.spotify.com/track/1hy6kKvsPbv7VTcllCuATC,1hy6kKvsPbv7VTcllCuATC,0.514,0.362,2,-7.758,1,0.0263,0.303,9.3e-06,0.104,0.301,84.767,audio_features,1hy6kKvsPbv7VTcllCuATC,spotify:track:1hy6kKvsPbv7VTcllCuATC,https://api.spotify.com/v1/tracks/1hy6kKvsPbv7VTcllCuATC,https://api.spotify.com/v1/audio-analysis/1hy6kKvsPbv7VTcllCuATC,219440,4
116,End Game,Taylor Swift,889114,https://open.spotify.com/track/2x0WlnmfG39ZuDmstl9xfX,2x0WlnmfG39ZuDmstl9xfX,0.649,0.589,2,-6.237,1,0.0558,0.00845,0,0.108,0.151,159.073,audio_features,2x0WlnmfG39ZuDmstl9xfX,spotify:track:2x0WlnmfG39ZuDmstl9xfX,https://api.spotify.com/v1/tracks/2x0WlnmfG39ZuDmstl9xfX,https://api.spotify.com/v1/audio-analysis/2x0WlnmfG39ZuDmstl9xfX,244827,4
117,Christmas Time Is Here - Vocal,Vince Guaraldi Trio,887928,https://open.spotify.com/track/299lFlaAsNQdgbIZNPmIA0,299lFlaAsNQdgbIZNPmIA0,0.388,0.145,9,-19.697,0,0.0318,0.978,6.86e-06,0.0997,0.0911,75.474,audio_features,299lFlaAsNQdgbIZNPmIA0,spotify:track:299lFlaAsNQdgbIZNPmIA0,https://api.spotify.com/v1/tracks/299lFlaAsNQdgbIZNPmIA0,https://api.spotify.com/v1/audio-analysis/299lFlaAsNQdgbIZNPmIA0,166387,3
118,Bum Bum Tam Tam,MC Fioti,882484,https://open.spotify.com/track/4zWO4gvuFtw6EJZC5FFGlr,4zWO4gvuFtw6EJZC5FFGlr,0.896,0.673,1,-3.872,1,0.139,0.346,1.28e-05,0.206,0.714,131.99,audio_features,4zWO4gvuFtw6EJZC5FFGlr,spotify:track:4zWO4gvuFtw6EJZC5FFGlr,https://api.spotify.com/v1/tracks/4zWO4gvuFtw6EJZC5FFGlr,https://api.spotify.com/v1/audio-analysis/4zWO4gvuFtw6EJZC5FFGlr,213989,4
119,Codeine Dreaming (feat. Lil Wayne),Kodak Black,865072,https://open.spotify.com/track/4DTpngLjoHj5gFxEZFeD3J,4DTpngLjoHj5gFxEZFeD3J,0.736,0.604,1,-7.357,0,0.222,0.0652,6.43e-05,0.124,0.574,155.007,audio_features,4DTpngLjoHj5gFxEZFeD3J,spotify:track:4DTpngLjoHj5gFxEZFeD3J,https://api.spotify.com/v1/tracks/4DTpngLjoHj5gFxEZFeD3J,https://api.spotify.com/v1/audio-analysis/4DTpngLjoHj5gFxEZFeD3J,264532,4
120,There's Nothing Holdin' Me Back,Shawn Mendes,862370,https://open.spotify.com/track/79cuOz3SPQTuFrp8WgftAu,79cuOz3SPQTuFrp8WgftAu,0.857,0.8,2,-4.035,1,0.0583,0.381,0,0.0913,0.966,121.996,audio_features,79cuOz3SPQTuFrp8WgftAu,spotify:track:79cuOz3SPQTuFrp8WgftAu,https://api.spotify.com/v1/tracks/79cuOz3SPQTuFrp8WgftAu,https://api.spotify.com/v1/audio-analysis/79cuOz3SPQTuFrp8WgftAu,199440,4
121,Santa Baby,Kylie Minogue,842956,https://open.spotify.com/track/2SBr3MK1sdMs8IxdRcN6qz,2SBr3MK1sdMs8IxdRcN6qz,0.675,0.384,1,-7.12,1,0.045,0.752,0,0.167,0.415,86.953,audio_features,2SBr3MK1sdMs8IxdRcN6qz,spotify:track:2SBr3MK1sdMs8IxdRcN6qz,https://api.spotify.com/v1/tracks/2SBr3MK1sdMs8IxdRcN6qz,https://api.spotify.com/v1/audio-analysis/2SBr3MK1sdMs8IxdRcN6qz,201653,4
122,Huncho Jack,Huncho Jack,834396,https://open.spotify.com/track/5vuiHi3QYbwcm1OKJOYnrf,5vuiHi3QYbwcm1OKJOYnrf,0.793,0.574,5,-3.509,0,0.0435,0.011,0,0.156,0.0601,136.982,audio_features,5vuiHi3QYbwcm1OKJOYnrf,spotify:track:5vuiHi3QYbwcm1OKJOYnrf,https://api.spotify.com/v1/tracks/5vuiHi3QYbwcm1OKJOYnrf,https://api.spotify.com/v1/audio-analysis/5vuiHi3QYbwcm1OKJOYnrf,199227,4
123,Betrayed,Lil Xan,832252,https://open.spotify.com/track/6NWl2m8asvH83xjuXVNsuG,6NWl2m8asvH83xjuXVNsuG,0.823,0.419,10,-10.358,0,0.165,0.416,0,0.105,0.277,119.958,audio_features,6NWl2m8asvH83xjuXVNsuG,spotify:track:6NWl2m8asvH83xjuXVNsuG,https://api.spotify.com/v1/tracks/6NWl2m8asvH83xjuXVNsuG,https://api.spotify.com/v1/audio-analysis/6NWl2m8asvH83xjuXVNsuG,187453,4
124,Sky Walker (feat. Travis Scott),Miguel,831284,https://open.spotify.com/track/5WoaF1B5XIEnWfmb5NZikf,5WoaF1B5XIEnWfmb5NZikf,0.674,0.506,6,-10.532,1,0.0434,0.173,0,0.0866,0.183,145.965,audio_features,5WoaF1B5XIEnWfmb5NZikf,spotify:track:5WoaF1B5XIEnWfmb5NZikf,https://api.spotify.com/v1/tracks/5WoaF1B5XIEnWfmb5NZikf,https://api.spotify.com/v1/audio-analysis/5WoaF1B5XIEnWfmb5NZikf,259333,4
125,Despacito (Featuring Daddy Yankee),Luis Fonsi,828571,https://open.spotify.com/track/4aWmUDTfIPGksMNLV2rQP2,4aWmUDTfIPGksMNLV2rQP2,0.66,0.786,2,-4.757,1,0.17,0.209,0,0.112,0.846,177.833,audio_features,4aWmUDTfIPGksMNLV2rQP2,spotify:track:4aWmUDTfIPGksMNLV2rQP2,https://api.spotify.com/v1/tracks/4aWmUDTfIPGksMNLV2rQP2,https://api.spotify.com/v1/audio-analysis/4aWmUDTfIPGksMNLV2rQP2,228200,4
126,Vuelve,Daddy Yankee,826004,https://open.spotify.com/track/0lJCqIx5BhZtf6QtYI2fbv,0lJCqIx5BhZtf6QtYI2fbv,0.73,0.538,1,-5.612,1,0.0319,0.188,0,0.123,0.215,130.023,audio_features,0lJCqIx5BhZtf6QtYI2fbv,spotify:track:0lJCqIx5BhZtf6QtYI2fbv,https://api.spotify.com/v1/tracks/0lJCqIx5BhZtf6QtYI2fbv,https://api.spotify.com/v1/audio-analysis/0lJCqIx5BhZtf6QtYI2fbv,279613,4
127,Run Rudolph Run - Single Version,Chuck Berry,825687,https://open.spotify.com/track/2pnPe4pJtq7689i5ydzvJJ,2pnPe4pJtq7689i5ydzvJJ,0.681,0.715,7,-10.609,0,0.0912,0.812,9.43e-06,0.0777,0.957,152.132,audio_features,2pnPe4pJtq7689i5ydzvJJ,spotify:track:2pnPe4pJtq7689i5ydzvJJ,https://api.spotify.com/v1/tracks/2pnPe4pJtq7689i5ydzvJJ,https://api.spotify.com/v1/audio-analysis/2pnPe4pJtq7689i5ydzvJJ,165733,4
128,LOVE. FEAT. ZACARI.,Kendrick Lamar,819425,https://open.spotify.com/track/6PGoSes0D9eUDeeAafB2As,6PGoSes0D9eUDeeAafB2As,0.8,0.585,10,-7.343,1,0.0924,0.264,0,0.153,0.779,126.058,audio_features,6PGoSes0D9eUDeeAafB2As,spotify:track:6PGoSes0D9eUDeeAafB2As,https://api.spotify.com/v1/tracks/6PGoSes0D9eUDeeAafB2As,https://api.spotify.com/v1/audio-analysis/6PGoSes0D9eUDeeAafB2As,213400,4
129,SUTRA,Sebastian Yatra,818159,https://open.spotify.com/track/5TmZYdHW6HJ9gt7Aokuql5,5TmZYdHW6HJ9gt7Aokuql5,0.746,0.745,9,-3.311,1,0.146,0.0474,1.71e-06,0.15,0.828,180.081,audio_features,5TmZYdHW6HJ9gt7Aokuql5,spotify:track:5TmZYdHW6HJ9gt7Aokuql5,https://api.spotify.com/v1/tracks/5TmZYdHW6HJ9gt7Aokuql5,https://api.spotify.com/v1/audio-analysis/5TmZYdHW6HJ9gt7Aokuql5,203853,4
130,Glorious (feat. Skylar Grey),Macklemore,813748,https://open.spotify.com/track/0CokSRCu5hZgPxcZBaEzVE,0CokSRCu5hZgPxcZBaEzVE,0.731,0.794,0,-5.126,0,0.0522,0.0323,2.59e-05,0.112,0.356,139.994,audio_features,0CokSRCu5hZgPxcZBaEzVE,spotify:track:0CokSRCu5hZgPxcZBaEzVE,https://api.spotify.com/v1/tracks/0CokSRCu5hZgPxcZBaEzVE,https://api.spotify.com/v1/audio-analysis/0CokSRCu5hZgPxcZBaEzVE,220454,4
131,Jingle Bells (feat. The Puppini Sisters),Michael Bublé,813338,https://open.spotify.com/track/4qBejt9FeqLI9blHI1Nq1x,4qBejt9FeqLI9blHI1Nq1x,0.702,0.588,5,-5.914,1,0.0563,0.634,0,0.198,0.849,122.945,audio_features,4qBejt9FeqLI9blHI1Nq1x,spotify:track:4qBejt9FeqLI9blHI1Nq1x,https://api.spotify.com/v1/tracks/4qBejt9FeqLI9blHI1Nq1x,https://api.spotify.com/v1/audio-analysis/4qBejt9FeqLI9blHI1Nq1x,159973,3
132,Walk On Water (feat. Beyoncé),Eminem,813189,https://open.spotify.com/track/5PIBgH1cUFwu5IiUk9tnN9,5PIBgH1cUFwu5IiUk9tnN9,0.468,0.444,9,-10.217,0,0.291,0.796,0,0.619,0.637,76.019,audio_features,5PIBgH1cUFwu5IiUk9tnN9,spotify:track:5PIBgH1cUFwu5IiUk9tnN9,https://api.spotify.com/v1/tracks/5PIBgH1cUFwu5IiUk9tnN9,https://api.spotify.com/v1/audio-analysis/5PIBgH1cUFwu5IiUk9tnN9,303640,3
133,MIC Drop (feat. Desiigner) [Steve Aoki Remix],BTS,805550,https://open.spotify.com/track/7Ed6BkggCS2KaKY5YlINaF,7Ed6BkggCS2KaKY5YlINaF,0.613,0.842,10,-4.332,0,0.219,0.0157,0,0.23,0.645,169.917,audio_features,7Ed6BkggCS2KaKY5YlINaF,spotify:track:7Ed6BkggCS2KaKY5YlINaF,https://api.spotify.com/v1/tracks/7Ed6BkggCS2KaKY5YlINaF,https://api.spotify.com/v1/audio-analysis/7Ed6BkggCS2KaKY5YlINaF,238726,4
134,I Get the Bag (feat. Migos),Gucci Mane,803065,https://open.spotify.com/track/1XRgIKC5TPwo7nWGyKqgG0,1XRgIKC5TPwo7nWGyKqgG0,0.89,0.633,11,-5.475,1,0.168,0.0232,0.000343,0.0993,0.425,139.948,audio_features,1XRgIKC5TPwo7nWGyKqgG0,spotify:track:1XRgIKC5TPwo7nWGyKqgG0,https://api.spotify.com/v1/tracks/1XRgIKC5TPwo7nWGyKqgG0,https://api.spotify.com/v1/audio-analysis/1XRgIKC5TPwo7nWGyKqgG0,233087,4
135,Sleigh Ride,The Ronettes,802797,https://open.spotify.com/track/5ASM6Qjiav2xPe7gRkQMsQ,5ASM6Qjiav2xPe7gRkQMsQ,0.529,0.772,2,-7.013,1,0.0287,0.403,2.21e-06,0.316,0.853,91.751,audio_features,5ASM6Qjiav2xPe7gRkQMsQ,spotify:track:5ASM6Qjiav2xPe7gRkQMsQ,https://api.spotify.com/v1/tracks/5ASM6Qjiav2xPe7gRkQMsQ,https://api.spotify.com/v1/audio-analysis/5ASM6Qjiav2xPe7gRkQMsQ,181267,4
136,Bella y Sensual,Romeo Santos,801002,https://open.spotify.com/track/0ERbK7qVqveCaBWIiYCrl3,0ERbK7qVqveCaBWIiYCrl3,0.635,0.713,11,-6.909,1,0.0937,0.228,0,0.0506,0.749,179.864,audio_features,0ERbK7qVqveCaBWIiYCrl3,spotify:track:0ERbK7qVqveCaBWIiYCrl3,https://api.spotify.com/v1/tracks/0ERbK7qVqveCaBWIiYCrl3,https://api.spotify.com/v1/audio-analysis/0ERbK7qVqveCaBWIiYCrl3,204701,4
137,BUTTERFLY EFFECT,Travis Scott,799938,https://open.spotify.com/track/1yxgsra98r3qAtxqiGZPiX,1yxgsra98r3qAtxqiGZPiX,0.763,0.598,11,-6.865,1,0.0539,0.0714,0,0.112,0.182,140.987,audio_features,1yxgsra98r3qAtxqiGZPiX,spotify:track:1yxgsra98r3qAtxqiGZPiX,https://api.spotify.com/v1/tracks/1yxgsra98r3qAtxqiGZPiX,https://api.spotify.com/v1/audio-analysis/1yxgsra98r3qAtxqiGZPiX,190678,4
138,Galway Girl,Ed Sheeran,794145,https://open.spotify.com/track/0afhq8XCExXpqazXczTSve,0afhq8XCExXpqazXczTSve,0.624,0.876,9,-3.374,1,0.1,0.0735,0,0.327,0.781,99.943,audio_features,0afhq8XCExXpqazXczTSve,spotify:track:0afhq8XCExXpqazXczTSve,https://api.spotify.com/v1/tracks/0afhq8XCExXpqazXczTSve,https://api.spotify.com/v1/audio-analysis/0afhq8XCExXpqazXczTSve,170827,4
139,Say You Won't Let Go,James Arthur,793009,https://open.spotify.com/track/5uCax9HTNlzGybIStD3vDh,5uCax9HTNlzGybIStD3vDh,0.358,0.557,10,-7.398,1,0.059,0.695,0,0.0902,0.494,85.043,audio_features,5uCax9HTNlzGybIStD3vDh,spotify:track:5uCax9HTNlzGybIStD3vDh,https://api.spotify.com/v1/tracks/5uCax9HTNlzGybIStD3vDh,https://api.spotify.com/v1/audio-analysis/5uCax9HTNlzGybIStD3vDh,211467,4
140,Saint,Huncho Jack,791460,https://open.spotify.com/track/7foypmc7KZyU716Yv63BPe,7foypmc7KZyU716Yv63BPe,0.866,0.648,1,-3.675,1,0.0543,0.009,0,0.0967,0.0798,150.058,audio_features,7foypmc7KZyU716Yv63BPe,spotify:track:7foypmc7KZyU716Yv63BPe,https://api.spotify.com/v1/tracks/7foypmc7KZyU716Yv63BPe,https://api.spotify.com/v1/audio-analysis/7foypmc7KZyU716Yv63BPe,140793,4
141,goosebumps,Travis Scott,790282,https://open.spotify.com/track/6gBFPUFcJLzWGx4lenP6h2,6gBFPUFcJLzWGx4lenP6h2,0.841,0.728,7,-3.37,1,0.0484,0.0847,0,0.149,0.43,130.049,audio_features,6gBFPUFcJLzWGx4lenP6h2,spotify:track:6gBFPUFcJLzWGx4lenP6h2,https://api.spotify.com/v1/tracks/6gBFPUFcJLzWGx4lenP6h2,https://api.spotify.com/v1/audio-analysis/6gBFPUFcJLzWGx4lenP6h2,243837,4
142,"I'm the One (feat. Justin Bieber, Quavo, Chance the Rapper & Lil Wayne)",DJ Khaled,785921,https://open.spotify.com/track/3DXncPQOG4VBw3QHh3S817,3DXncPQOG4VBw3QHh3S817,0.609,0.668,7,-4.284,1,0.0367,0.0552,0,0.167,0.811,80.924,audio_features,3DXncPQOG4VBw3QHh3S817,spotify:track:3DXncPQOG4VBw3QHh3S817,https://api.spotify.com/v1/tracks/3DXncPQOG4VBw3QHh3S817,https://api.spotify.com/v1/audio-analysis/3DXncPQOG4VBw3QHh3S817,288600,4
143,Look What You Made Me Do,Taylor Swift,784650,https://open.spotify.com/track/1P17dC1amhFzptugyAO7Il,1P17dC1amhFzptugyAO7Il,0.766,0.709,9,-6.471,0,0.123,0.204,1.41e-05,0.126,0.506,128.07,audio_features,1P17dC1amhFzptugyAO7Il,spotify:track:1P17dC1amhFzptugyAO7Il,https://api.spotify.com/v1/tracks/1P17dC1amhFzptugyAO7Il,https://api.spotify.com/v1/audio-analysis/1P17dC1amhFzptugyAO7Il,211853,4
144,Bad At Love,Halsey,783524,https://open.spotify.com/track/7y9iMe8SOB6z3NoHE2OfXl,7y9iMe8SOB6z3NoHE2OfXl,0.675,0.751,0,-3.539,1,0.0296,0.0604,0,0.0893,0.612,118.384,audio_features,7y9iMe8SOB6z3NoHE2OfXl,spotify:track:7y9iMe8SOB6z3NoHE2OfXl,https://api.spotify.com/v1/tracks/7y9iMe8SOB6z3NoHE2OfXl,https://api.spotify.com/v1/audio-analysis/7y9iMe8SOB6z3NoHE2OfXl,181279,4
145,Santa Claus Is Coming to Town,Michael Bublé,775120,https://open.spotify.com/track/5Ber68jZ7ytegr2UISEdb7,5Ber68jZ7ytegr2UISEdb7,0.594,0.389,10,-7.109,1,0.0517,0.785,0,0.0313,0.396,122.331,audio_features,5Ber68jZ7ytegr2UISEdb7,spotify:track:5Ber68jZ7ytegr2UISEdb7,https://api.spotify.com/v1/tracks/5Ber68jZ7ytegr2UISEdb7,https://api.spotify.com/v1/audio-analysis/5Ber68jZ7ytegr2UISEdb7,171093,4
146,Strip That Down,Liam Payne,773170,https://open.spotify.com/track/6EpRaXYhGOB3fj4V2uDkMJ,6EpRaXYhGOB3fj4V2uDkMJ,0.869,0.485,6,-5.595,1,0.0545,0.246,0,0.0765,0.527,106.028,audio_features,6EpRaXYhGOB3fj4V2uDkMJ,spotify:track:6EpRaXYhGOB3fj4V2uDkMJ,https://api.spotify.com/v1/tracks/6EpRaXYhGOB3fj4V2uDkMJ,https://api.spotify.com/v1/audio-analysis/6EpRaXYhGOB3fj4V2uDkMJ,204502,4
147,Wanted You (feat. Lil Uzi Vert),NAV,772994,https://open.spotify.com/track/790MhTXPFrYkrqCKvpg4t1,790MhTXPFrYkrqCKvpg4t1,0.795,0.728,9,-4.712,0,0.0544,0.207,0,0.237,0.582,146.979,audio_features,790MhTXPFrYkrqCKvpg4t1,spotify:track:790MhTXPFrYkrqCKvpg4t1,https://api.spotify.com/v1/tracks/790MhTXPFrYkrqCKvpg4t1,https://api.spotify.com/v1/audio-analysis/790MhTXPFrYkrqCKvpg4t1,228080,4
148,"Feels (feat. Pharrell Williams, Katy Perry & Big Sean)",Calvin Harris,769507,https://open.spotify.com/track/5bcTCxgc7xVfSaMV3RuVke,5bcTCxgc7xVfSaMV3RuVke,0.893,0.745,11,-3.105,0,0.0571,0.0642,0,0.0943,0.872,101.018,audio_features,5bcTCxgc7xVfSaMV3RuVke,spotify:track:5bcTCxgc7xVfSaMV3RuVke,https://api.spotify.com/v1/tracks/5bcTCxgc7xVfSaMV3RuVke,https://api.spotify.com/v1/audio-analysis/5bcTCxgc7xVfSaMV3RuVke,223413,4
149,Location,Khalid,767148,https://open.spotify.com/track/152lZdxL1OR0ZMW6KquMif,152lZdxL1OR0ZMW6KquMif,0.736,0.449,1,-11.462,0,0.425,0.33,0.000162,0.0898,0.326,80.126,audio_features,152lZdxL1OR0ZMW6KquMif,spotify:track:152lZdxL1OR0ZMW6KquMif,https://api.spotify.com/v1/tracks/152lZdxL1OR0ZMW6KquMif,https://api.spotify.com/v1/audio-analysis/152lZdxL1OR0ZMW6KquMif,219080,4
150,Wild Thoughts (feat. Rihanna & Bryson Tiller),DJ Khaled,766180,https://open.spotify.com/track/1OAh8uOEOvTDqkKFsKksCi,1OAh8uOEOvTDqkKFsKksCi,0.671,0.672,0,-3.094,0,0.0688,0.0329,0,0.118,0.632,97.979,audio_features,1OAh8uOEOvTDqkKFsKksCi,spotify:track:1OAh8uOEOvTDqkKFsKksCi,https://api.spotify.com/v1/tracks/1OAh8uOEOvTDqkKFsKksCi,https://api.spotify.com/v1/audio-analysis/1OAh8uOEOvTDqkKFsKksCi,204173,4
151,Little Saint Nick - 1991 Remix,The Beach Boys,763050,https://open.spotify.com/track/5xlS0QkVrSH7ssEbBgBzbM,5xlS0QkVrSH7ssEbBgBzbM,0.602,0.553,11,-9.336,1,0.0328,0.108,0,0.0512,0.971,130.594,audio_features,5xlS0QkVrSH7ssEbBgBzbM,spotify:track:5xlS0QkVrSH7ssEbBgBzbM,https://api.spotify.com/v1/tracks/5xlS0QkVrSH7ssEbBgBzbM,https://api.spotify.com/v1/audio-analysis/5xlS0QkVrSH7ssEbBgBzbM,118840,4
152,Thank God It's Christmas - Non-Album Single,Queen,761682,https://open.spotify.com/track/05X6aMCQR09E6smUmw9qms,05X6aMCQR09E6smUmw9qms,0.296,0.421,7,-8.891,1,0.0285,0.214,0,0.232,0.335,83.425,audio_features,05X6aMCQR09E6smUmw9qms,spotify:track:05X6aMCQR09E6smUmw9qms,https://api.spotify.com/v1/tracks/05X6aMCQR09E6smUmw9qms,https://api.spotify.com/v1/audio-analysis/05X6aMCQR09E6smUmw9qms,261627,5
153,Una Lady Como Tú,Manuel Turizo,758205,https://open.spotify.com/track/7MHN1aCFtLXjownGhvEQlF,7MHN1aCFtLXjownGhvEQlF,0.788,0.477,4,-7.348,1,0.0434,0.549,0,0.349,0.86,94.983,audio_features,7MHN1aCFtLXjownGhvEQlF,spotify:track:7MHN1aCFtLXjownGhvEQlF,https://api.spotify.com/v1/tracks/7MHN1aCFtLXjownGhvEQlF,https://api.spotify.com/v1/audio-analysis/7MHN1aCFtLXjownGhvEQlF,213027,4
154,That's What I Like,Bruno Mars,752815,https://open.spotify.com/track/0KKkJNfGyhkQ5aFogxQAPU,0KKkJNfGyhkQ5aFogxQAPU,0.853,0.56,1,-4.961,1,0.0406,0.013,0,0.0944,0.86,134.066,audio_features,0KKkJNfGyhkQ5aFogxQAPU,spotify:track:0KKkJNfGyhkQ5aFogxQAPU,https://api.spotify.com/v1/tracks/0KKkJNfGyhkQ5aFogxQAPU,https://api.spotify.com/v1/audio-analysis/0KKkJNfGyhkQ5aFogxQAPU,206693,4
155,Santa Claus Is Coming To Town,The Jackson 5,742582,https://open.spotify.com/track/6a1hzBiTkgqTsDA0Xgfh9z,6a1hzBiTkgqTsDA0Xgfh9z,0.682,0.577,0,-11.309,1,0.0352,0.271,0.000786,0.0796,0.943,147.331,audio_features,6a1hzBiTkgqTsDA0Xgfh9z,spotify:track:6a1hzBiTkgqTsDA0Xgfh9z,https://api.spotify.com/v1/tracks/6a1hzBiTkgqTsDA0Xgfh9z,https://api.spotify.com/v1/audio-analysis/6a1hzBiTkgqTsDA0Xgfh9z,143773,4
156,"Santa Claus Is Comin' to Town - Live at C.W. Post College, Greenvale, NY - December 1975",Bruce Springsteen,738027,https://open.spotify.com/track/6s2wpWPFPAgKg2LXxi1Oee,6s2wpWPFPAgKg2LXxi1Oee,0.355,0.668,0,-8.444,1,0.0482,0.362,1.23e-06,0.727,0.413,139.734,audio_features,6s2wpWPFPAgKg2LXxi1Oee,spotify:track:6s2wpWPFPAgKg2LXxi1Oee,https://api.spotify.com/v1/tracks/6s2wpWPFPAgKg2LXxi1Oee,https://api.spotify.com/v1/audio-analysis/6s2wpWPFPAgKg2LXxi1Oee,267600,4
157,What About Us,P!nk,726684,https://open.spotify.com/track/0Qh38w01QRXK6KHIv0e3hb,0Qh38w01QRXK6KHIv0e3hb,0.489,0.588,1,-6.177,1,0.0507,0.0285,2.11e-06,0.0906,0.187,113.617,audio_features,0Qh38w01QRXK6KHIv0e3hb,spotify:track:0Qh38w01QRXK6KHIv0e3hb,https://api.spotify.com/v1/tracks/0Qh38w01QRXK6KHIv0e3hb,https://api.spotify.com/v1/audio-analysis/0Qh38w01QRXK6KHIv0e3hb,269600,4
158,Saint Laurent Mask,Huncho Jack,725600,https://open.spotify.com/track/7JGyxh8G8QZnu4AMJuCqlj,7JGyxh8G8QZnu4AMJuCqlj,0.771,0.596,11,-4.086,1,0.0414,0.0379,0,0.169,0.0745,135.012,audio_features,7JGyxh8G8QZnu4AMJuCqlj,spotify:track:7JGyxh8G8QZnu4AMJuCqlj,https://api.spotify.com/v1/tracks/7JGyxh8G8QZnu4AMJuCqlj,https://api.spotify.com/v1/audio-analysis/7JGyxh8G8QZnu4AMJuCqlj,190437,4
159,Cold December Night,Michael Bublé,722091,https://open.spotify.com/track/4FPrAERfkPKOBKrRoyuxLu,4FPrAERfkPKOBKrRoyuxLu,0.517,0.702,3,-6.763,1,0.0247,0.00722,0,0.0896,0.414,83.873,audio_features,4FPrAERfkPKOBKrRoyuxLu,spotify:track:4FPrAERfkPKOBKrRoyuxLu,https://api.spotify.com/v1/tracks/4FPrAERfkPKOBKrRoyuxLu,https://api.spotify.com/v1/audio-analysis/4FPrAERfkPKOBKrRoyuxLu,198267,4
160,Tell Me You Love Me,Demi Lovato,721594,https://open.spotify.com/track/5Htb1uFQ1KrkFXlefS8oGj,5Htb1uFQ1KrkFXlefS8oGj,0.516,0.592,3,-5.465,0,0.0566,0.0247,0,0.181,0.271,82.05,audio_features,5Htb1uFQ1KrkFXlefS8oGj,spotify:track:5Htb1uFQ1KrkFXlefS8oGj,https://api.spotify.com/v1/tracks/5Htb1uFQ1KrkFXlefS8oGj,https://api.spotify.com/v1/audio-analysis/5Htb1uFQ1KrkFXlefS8oGj,236987,4
161,Symphony (feat. Zara Larsson),Clean Bandit,721267,https://open.spotify.com/track/1x5sYLZiu9r5E43kMlt9f8,1x5sYLZiu9r5E43kMlt9f8,0.707,0.629,0,-4.581,0,0.0563,0.259,1.6e-05,0.138,0.457,122.863,audio_features,1x5sYLZiu9r5E43kMlt9f8,spotify:track:1x5sYLZiu9r5E43kMlt9f8,https://api.spotify.com/v1/tracks/1x5sYLZiu9r5E43kMlt9f8,https://api.spotify.com/v1/audio-analysis/1x5sYLZiu9r5E43kMlt9f8,212459,4
162,Naked,James Arthur,719469,https://open.spotify.com/track/7krbSH3rd8lhIZvuzTV3Bl,7krbSH3rd8lhIZvuzTV3Bl,0.529,0.607,6,-6.781,1,0.0574,0.104,0,0.0631,0.238,101.966,audio_features,7krbSH3rd8lhIZvuzTV3Bl,spotify:track:7krbSH3rd8lhIZvuzTV3Bl,https://api.spotify.com/v1/tracks/7krbSH3rd8lhIZvuzTV3Bl,https://api.spotify.com/v1/audio-analysis/7krbSH3rd8lhIZvuzTV3Bl,234107,4
163,Mask Off,Future,718712,https://open.spotify.com/track/0VgkVdmE4gld66l8iyGjgx,0VgkVdmE4gld66l8iyGjgx,0.833,0.434,2,-8.795,1,0.431,0.0102,0.0219,0.165,0.281,150.062,audio_features,0VgkVdmE4gld66l8iyGjgx,spotify:track:0VgkVdmE4gld66l8iyGjgx,https://api.spotify.com/v1/tracks/0VgkVdmE4gld66l8iyGjgx,https://api.spotify.com/v1/audio-analysis/0VgkVdmE4gld66l8iyGjgx,204600,4
164,Go Flex,Post Malone,711293,https://open.spotify.com/track/5yuShbu70mtHXY0yLzCQLQ,5yuShbu70mtHXY0yLzCQLQ,0.665,0.498,5,-8.185,1,0.0832,0.228,0,0.0757,0.127,81.967,audio_features,5yuShbu70mtHXY0yLzCQLQ,spotify:track:5yuShbu70mtHXY0yLzCQLQ,https://api.spotify.com/v1/tracks/5yuShbu70mtHXY0yLzCQLQ,https://api.spotify.com/v1/audio-analysis/5yuShbu70mtHXY0yLzCQLQ,179613,4
165,Real Friends,Camila Cabello,706702,https://open.spotify.com/track/4V6MRo0CEAC9MwAm7dkPuL,4V6MRo0CEAC9MwAm7dkPuL,0.74,0.303,3,-8.612,1,0.117,0.835,0,0.0782,0.819,91.958,audio_features,4V6MRo0CEAC9MwAm7dkPuL,spotify:track:4V6MRo0CEAC9MwAm7dkPuL,https://api.spotify.com/v1/tracks/4V6MRo0CEAC9MwAm7dkPuL,https://api.spotify.com/v1/audio-analysis/4V6MRo0CEAC9MwAm7dkPuL,213933,4
166,"Merry Christmas, Happy Holidays",*NSYNC,705819,https://open.spotify.com/track/15coTBAzEN1bOeipoNDZAR,15coTBAzEN1bOeipoNDZAR,0.643,0.939,5,-3.967,1,0.0463,0.104,0,0.881,0.756,104.999,audio_features,15coTBAzEN1bOeipoNDZAR,spotify:track:15coTBAzEN1bOeipoNDZAR,https://api.spotify.com/v1/tracks/15coTBAzEN1bOeipoNDZAR,https://api.spotify.com/v1/audio-analysis/15coTBAzEN1bOeipoNDZAR,255307,4
167,Closer,The Chainsmokers,705002,https://open.spotify.com/track/7BKLCZ1jbUBVqRi2FVlTVw,7BKLCZ1jbUBVqRi2FVlTVw,0.748,0.524,8,-5.599,1,0.0338,0.414,0,0.111,0.661,95.01,audio_features,7BKLCZ1jbUBVqRi2FVlTVw,spotify:track:7BKLCZ1jbUBVqRi2FVlTVw,https://api.spotify.com/v1/tracks/7BKLCZ1jbUBVqRi2FVlTVw,https://api.spotify.com/v1/audio-analysis/7BKLCZ1jbUBVqRi2FVlTVw,244960,4
168,Mama,Jonas Blue,701982,https://open.spotify.com/track/0NiXXAI876aGImAd6rTj8w,0NiXXAI876aGImAd6rTj8w,0.739,0.792,11,-4.256,0,0.0418,0.091,0,0.0516,0.547,104.016,audio_features,0NiXXAI876aGImAd6rTj8w,spotify:track:0NiXXAI876aGImAd6rTj8w,https://api.spotify.com/v1/tracks/0NiXXAI876aGImAd6rTj8w,https://api.spotify.com/v1/audio-analysis/0NiXXAI876aGImAd6rTj8w,181615,4
169,Rockin' Around The Christmas Tree,Miley Cyrus,700536,https://open.spotify.com/track/5lyikKk6KFWfWCuDDir9Fx,5lyikKk6KFWfWCuDDir9Fx,0.603,0.713,10,-7.579,0,0.0351,0.0409,0,0.27,0.796,141.985,audio_features,5lyikKk6KFWfWCuDDir9Fx,spotify:track:5lyikKk6KFWfWCuDDir9Fx,https://api.spotify.com/v1/tracks/5lyikKk6KFWfWCuDDir9Fx,https://api.spotify.com/v1/audio-analysis/5lyikKk6KFWfWCuDDir9Fx,116547,4
170,Sober,G-Eazy,690645,https://open.spotify.com/track/3qk4wRMDlaeagZGjSYbsOV,3qk4wRMDlaeagZGjSYbsOV,0.558,0.766,6,-5.953,0,0.231,0.263,0,0.32,0.182,96.281,audio_features,3qk4wRMDlaeagZGjSYbsOV,spotify:track:3qk4wRMDlaeagZGjSYbsOV,https://api.spotify.com/v1/tracks/3qk4wRMDlaeagZGjSYbsOV,https://api.spotify.com/v1/audio-analysis/3qk4wRMDlaeagZGjSYbsOV,203960,4
171,It Ain't Me (with Selena Gomez),Kygo,688377,https://open.spotify.com/track/3eR23VReFzcdmS7TYCrhCe,3eR23VReFzcdmS7TYCrhCe,0.64,0.533,0,-6.596,1,0.0706,0.119,0,0.0864,0.515,99.968,audio_features,3eR23VReFzcdmS7TYCrhCe,spotify:track:3eR23VReFzcdmS7TYCrhCe,https://api.spotify.com/v1/tracks/3eR23VReFzcdmS7TYCrhCe,https://api.spotify.com/v1/audio-analysis/3eR23VReFzcdmS7TYCrhCe,220781,4
172,Swalla (feat. Nicki Minaj & Ty Dolla $ign),Jason Derulo,687064,https://open.spotify.com/track/6kex4EBAj0WHXDKZMEJaaF,6kex4EBAj0WHXDKZMEJaaF,0.696,0.817,1,-3.862,1,0.109,0.075,0,0.187,0.782,98.064,audio_features,6kex4EBAj0WHXDKZMEJaaF,spotify:track:6kex4EBAj0WHXDKZMEJaaF,https://api.spotify.com/v1/tracks/6kex4EBAj0WHXDKZMEJaaF,https://api.spotify.com/v1/audio-analysis/6kex4EBAj0WHXDKZMEJaaF,216409,4
173,Dirty Sexy Money (feat. Charli XCX & French Montana),David Guetta,685021,https://open.spotify.com/track/0tPQPaOKM32WgMSbPCYyRH,0tPQPaOKM32WgMSbPCYyRH,0.721,0.873,1,-4.741,1,0.119,0.0789,0,0.0824,0.552,79.943,audio_features,0tPQPaOKM32WgMSbPCYyRH,spotify:track:0tPQPaOKM32WgMSbPCYyRH,https://api.spotify.com/v1/tracks/0tPQPaOKM32WgMSbPCYyRH,https://api.spotify.com/v1/audio-analysis/0tPQPaOKM32WgMSbPCYyRH,172687,4
174,Ahora Dice,Chris Jeday,684332,https://open.spotify.com/track/22eADXu8DfOAUEDw4vU8qy,22eADXu8DfOAUEDw4vU8qy,0.708,0.693,6,-5.516,1,0.138,0.246,0,0.129,0.427,143.965,audio_features,22eADXu8DfOAUEDw4vU8qy,spotify:track:22eADXu8DfOAUEDw4vU8qy,https://api.spotify.com/v1/tracks/22eADXu8DfOAUEDw4vU8qy,https://api.spotify.com/v1/audio-analysis/22eADXu8DfOAUEDw4vU8qy,271080,4
175,Baby It's Cold Outside (duet with Michael Bublé),Idina Menzel,683840,https://open.spotify.com/track/0Ie5uiv54KgCr7P4sYDTHl,0Ie5uiv54KgCr7P4sYDTHl,0.553,0.476,0,-8.869,1,0.0649,0.647,0,0.281,0.558,113.401,audio_features,0Ie5uiv54KgCr7P4sYDTHl,spotify:track:0Ie5uiv54KgCr7P4sYDTHl,https://api.spotify.com/v1/tracks/0Ie5uiv54KgCr7P4sYDTHl,https://api.spotify.com/v1/audio-analysis/0Ie5uiv54KgCr7P4sYDTHl,166147,3
176,3 A.M.,Jesse & Joy,682943,https://open.spotify.com/track/0yyZN5ASdrYu0XYWFzfxUu,0yyZN5ASdrYu0XYWFzfxUu,0.702,0.84,0,-3.547,1,0.0879,0.0112,0,0.119,0.624,101.99,audio_features,0yyZN5ASdrYu0XYWFzfxUu,spotify:track:0yyZN5ASdrYu0XYWFzfxUu,https://api.spotify.com/v1/tracks/0yyZN5ASdrYu0XYWFzfxUu,https://api.spotify.com/v1/audio-analysis/0yyZN5ASdrYu0XYWFzfxUu,183573,4
177,Snowman,Sia,681909,https://open.spotify.com/track/3E6Ydoy1H8ePoigc10Mgsa,3E6Ydoy1H8ePoigc10Mgsa,0.716,0.512,1,-6.257,1,0.0331,0.483,0,0.0928,0.326,104.957,audio_features,3E6Ydoy1H8ePoigc10Mgsa,spotify:track:3E6Ydoy1H8ePoigc10Mgsa,https://api.spotify.com/v1/tracks/3E6Ydoy1H8ePoigc10Mgsa,https://api.spotify.com/v1/audio-analysis/3E6Ydoy1H8ePoigc10Mgsa,165907,3
178,Whatever It Takes,Imagine Dragons,680554,https://open.spotify.com/track/4IWAyPf1KMq7JCyGeCjTeH,4IWAyPf1KMq7JCyGeCjTeH,0.675,0.649,1,-4.953,1,0.0315,0.0429,0,0.128,0.537,134.955,audio_features,4IWAyPf1KMq7JCyGeCjTeH,spotify:track:4IWAyPf1KMq7JCyGeCjTeH,https://api.spotify.com/v1/tracks/4IWAyPf1KMq7JCyGeCjTeH,https://api.spotify.com/v1/audio-analysis/4IWAyPf1KMq7JCyGeCjTeH,201240,4
179,Mary's Boy Child / Oh My Lord,Boney M.,680069,https://open.spotify.com/track/2qqZ5fOGuNvYVzgPFDLQ4l,2qqZ5fOGuNvYVzgPFDLQ4l,0.781,0.718,0,-8.722,1,0.0361,0.278,0,0.202,0.925,112.542,audio_features,2qqZ5fOGuNvYVzgPFDLQ4l,spotify:track:2qqZ5fOGuNvYVzgPFDLQ4l,https://api.spotify.com/v1/tracks/2qqZ5fOGuNvYVzgPFDLQ4l,https://api.spotify.com/v1/audio-analysis/2qqZ5fOGuNvYVzgPFDLQ4l,241427,4
180,Believe,Eminem,676942,https://open.spotify.com/track/2XDhuJvvx2wcIROXbfTTYr,2XDhuJvvx2wcIROXbfTTYr,0.886,0.488,1,-5.628,0,0.184,0.166,0,0.343,0.114,130.064,audio_features,2XDhuJvvx2wcIROXbfTTYr,spotify:track:2XDhuJvvx2wcIROXbfTTYr,https://api.spotify.com/v1/tracks/2XDhuJvvx2wcIROXbfTTYr,https://api.spotify.com/v1/audio-analysis/2XDhuJvvx2wcIROXbfTTYr,315347,4
181,Photograph,Ed Sheeran,675858,https://open.spotify.com/track/6fxVffaTuwjgEk5h9QyRjy,6fxVffaTuwjgEk5h9QyRjy,0.614,0.379,4,-10.48,1,0.0476,0.607,0.000464,0.0986,0.201,107.989,audio_features,6fxVffaTuwjgEk5h9QyRjy,spotify:track:6fxVffaTuwjgEk5h9QyRjy,https://api.spotify.com/v1/tracks/6fxVffaTuwjgEk5h9QyRjy,https://api.spotify.com/v1/audio-analysis/6fxVffaTuwjgEk5h9QyRjy,258987,4
182,Go,Huncho Jack,669445,https://open.spotify.com/track/4RgoqOBE34Q6zZj8K7RUAx,4RgoqOBE34Q6zZj8K7RUAx,0.755,0.898,5,-0.777,0,0.042,0.32,4.93e-05,0.309,0.576,135.057,audio_features,4RgoqOBE34Q6zZj8K7RUAx,spotify:track:4RgoqOBE34Q6zZj8K7RUAx,https://api.spotify.com/v1/tracks/4RgoqOBE34Q6zZj8K7RUAx,https://api.spotify.com/v1/audio-analysis/4RgoqOBE34Q6zZj8K7RUAx,156530,4
183,Wait,Maroon 5,661927,https://open.spotify.com/track/1Qg9jWGDkKAGZXj5v2OG59,1Qg9jWGDkKAGZXj5v2OG59,0.659,0.604,8,-5.084,1,0.0542,0.0889,0,0.105,0.407,126.135,audio_features,1Qg9jWGDkKAGZXj5v2OG59,spotify:track:1Qg9jWGDkKAGZXj5v2OG59,https://api.spotify.com/v1/tracks/1Qg9jWGDkKAGZXj5v2OG59,https://api.spotify.com/v1/audio-analysis/1Qg9jWGDkKAGZXj5v2OG59,190643,4
184,Chambea,Bad Bunny,661495,https://open.spotify.com/track/6ElmxV9B2mSNscEjP27M7i,6ElmxV9B2mSNscEjP27M7i,0.854,0.868,0,-3.455,1,0.154,0.24,0.00204,0.152,0.631,115.99,audio_features,6ElmxV9B2mSNscEjP27M7i,spotify:track:6ElmxV9B2mSNscEjP27M7i,https://api.spotify.com/v1/tracks/6ElmxV9B2mSNscEjP27M7i,https://api.spotify.com/v1/audio-analysis/6ElmxV9B2mSNscEjP27M7i,192000,4
185,All I Want for Christmas Is You,Michael Bublé,657455,https://open.spotify.com/track/0xPaZrF25ltzvz1a2Pm5DQ,0xPaZrF25ltzvz1a2Pm5DQ,0.503,0.465,8,-8.077,0,0.0274,0.42,0,0.101,0.143,141.793,audio_features,0xPaZrF25ltzvz1a2Pm5DQ,spotify:track:0xPaZrF25ltzvz1a2Pm5DQ,https://api.spotify.com/v1/tracks/0xPaZrF25ltzvz1a2Pm5DQ,https://api.spotify.com/v1/audio-analysis/0xPaZrF25ltzvz1a2Pm5DQ,171827,4
186,Tú Foto,Ozuna,655806,https://open.spotify.com/track/5zSOVwaY3sVjnmLhuEfsuf,5zSOVwaY3sVjnmLhuEfsuf,0.748,0.565,7,-5.895,1,0.0476,0.164,0.00169,0.103,0.812,175.92,audio_features,5zSOVwaY3sVjnmLhuEfsuf,spotify:track:5zSOVwaY3sVjnmLhuEfsuf,https://api.spotify.com/v1/tracks/5zSOVwaY3sVjnmLhuEfsuf,https://api.spotify.com/v1/audio-analysis/5zSOVwaY3sVjnmLhuEfsuf,193227,4
187,"Have Yourself A Merry Little Christmas - ""Meet Me In St. Louis"" Original Cast Recording",Judy Garland,654093,https://open.spotify.com/track/4eqne0oIdt9GW2ubiliny0,4eqne0oIdt9GW2ubiliny0,0.273,0.161,6,-16.091,1,0.0357,0.961,0.000905,0.112,0.111,64.16,audio_features,4eqne0oIdt9GW2ubiliny0,spotify:track:4eqne0oIdt9GW2ubiliny0,https://api.spotify.com/v1/tracks/4eqne0oIdt9GW2ubiliny0,https://api.spotify.com/v1/audio-analysis/4eqne0oIdt9GW2ubiliny0,162200,4
188,Fuck Love (feat. Trippie Redd),XXXTENTACION,646463,https://open.spotify.com/track/7AQim7LbvFVZJE3O8TYgf2,7AQim7LbvFVZJE3O8TYgf2,0.797,0.533,0,-9.74,0,0.0412,0.0172,0.000152,0.103,0.329,131.036,audio_features,7AQim7LbvFVZJE3O8TYgf2,spotify:track:7AQim7LbvFVZJE3O8TYgf2,https://api.spotify.com/v1/tracks/7AQim7LbvFVZJE3O8TYgf2,https://api.spotify.com/v1/audio-analysis/7AQim7LbvFVZJE3O8TYgf2,146520,4
189,Ghostface Killers,21 Savage,646134,https://open.spotify.com/track/5u6vkDnOyaf8LsteDAj2ub,5u6vkDnOyaf8LsteDAj2ub,0.782,0.436,2,-7.033,1,0.155,0.331,1.3e-05,0.342,0.243,82.994,audio_features,5u6vkDnOyaf8LsteDAj2ub,spotify:track:5u6vkDnOyaf8LsteDAj2ub,https://api.spotify.com/v1/tracks/5u6vkDnOyaf8LsteDAj2ub,https://api.spotify.com/v1/audio-analysis/5u6vkDnOyaf8LsteDAj2ub,268933,4
190,Moon Rock,Huncho Jack,645696,https://open.spotify.com/track/7bTH8LgGSwyNNE4r1k95Zp,7bTH8LgGSwyNNE4r1k95Zp,0.72,0.717,8,-4.043,1,0.046,0.0092,0,0.147,0.198,142.926,audio_features,7bTH8LgGSwyNNE4r1k95Zp,spotify:track:7bTH8LgGSwyNNE4r1k95Zp,https://api.spotify.com/v1/tracks/7bTH8LgGSwyNNE4r1k95Zp,https://api.spotify.com/v1/audio-analysis/7bTH8LgGSwyNNE4r1k95Zp,151184,4
191,Explícale (feat. Bad Bunny),Yandel,645438,https://open.spotify.com/track/1LszjjoVwDDZcWUQbzeDLG,1LszjjoVwDDZcWUQbzeDLG,0.808,0.69,1,-4.151,1,0.148,0.0583,0,0.103,0.64,125.086,audio_features,1LszjjoVwDDZcWUQbzeDLG,spotify:track:1LszjjoVwDDZcWUQbzeDLG,https://api.spotify.com/v1/tracks/1LszjjoVwDDZcWUQbzeDLG,https://api.spotify.com/v1/audio-analysis/1LszjjoVwDDZcWUQbzeDLG,223147,4
192,Starboy,The Weeknd,644806,https://open.spotify.com/track/5aAx2yezTd8zXrkmtKl66Z,5aAx2yezTd8zXrkmtKl66Z,0.681,0.594,7,-7.028,1,0.282,0.165,3.49e-06,0.134,0.535,186.054,audio_features,5aAx2yezTd8zXrkmtKl66Z,spotify:track:5aAx2yezTd8zXrkmtKl66Z,https://api.spotify.com/v1/tracks/5aAx2yezTd8zXrkmtKl66Z,https://api.spotify.com/v1/audio-analysis/5aAx2yezTd8zXrkmtKl66Z,230453,4
193,"I Don’t Wanna Live Forever (Fifty Shades Darker) - From ""Fifty Shades Darker (Original Motion Picture Soundtrack)""",ZAYN,635331,https://open.spotify.com/track/3NdDpSvN911VPGivFlV5d0,3NdDpSvN911VPGivFlV5d0,0.735,0.451,0,-8.374,1,0.0585,0.0631,1.3e-05,0.325,0.0862,117.973,audio_features,3NdDpSvN911VPGivFlV5d0,spotify:track:3NdDpSvN911VPGivFlV5d0,https://api.spotify.com/v1/tracks/3NdDpSvN911VPGivFlV5d0,https://api.spotify.com/v1/audio-analysis/3NdDpSvN911VPGivFlV5d0,245200,4
194,Thinking out Loud,Ed Sheeran,631282,https://open.spotify.com/track/1Slwb6dOYkBlWal1PGtnNg,1Slwb6dOYkBlWal1PGtnNg,0.781,0.445,2,-6.061,1,0.0295,0.474,0,0.184,0.591,78.998,audio_features,1Slwb6dOYkBlWal1PGtnNg,spotify:track:1Slwb6dOYkBlWal1PGtnNg,https://api.spotify.com/v1/tracks/1Slwb6dOYkBlWal1PGtnNg,https://api.spotify.com/v1/audio-analysis/1Slwb6dOYkBlWal1PGtnNg,281560,4
195,One More Sleep,Leona Lewis,630828,https://open.spotify.com/track/78pn8k7RogKo2oxl0DyX6d,78pn8k7RogKo2oxl0DyX6d,0.638,0.813,11,-3.849,1,0.0362,0.464,0,0.344,0.754,112.986,audio_features,78pn8k7RogKo2oxl0DyX6d,spotify:track:78pn8k7RogKo2oxl0DyX6d,https://api.spotify.com/v1/tracks/78pn8k7RogKo2oxl0DyX6d,https://api.spotify.com/v1/audio-analysis/78pn8k7RogKo2oxl0DyX6d,239587,4
196,You Make It Feel Like Christmas (feat. Blake Shelton),Gwen Stefani,627112,https://open.spotify.com/track/6C81GGUCNbEmR8gMIi0CpH,6C81GGUCNbEmR8gMIi0CpH,0.515,0.876,0,-4.286,1,0.0603,0.0123,0,0.124,0.917,185.967,audio_features,6C81GGUCNbEmR8gMIi0CpH,spotify:track:6C81GGUCNbEmR8gMIi0CpH,https://api.spotify.com/v1/tracks/6C81GGUCNbEmR8gMIi0CpH,https://api.spotify.com/v1/audio-analysis/6C81GGUCNbEmR8gMIi0CpH,156773,4
197,White Iverson,Post Malone,626296,https://open.spotify.com/track/6eT7xZZlB2mwyzJ2sUKG6w,6eT7xZZlB2mwyzJ2sUKG6w,0.675,0.562,7,-7.678,1,0.0352,0.233,0,0.0816,0.309,130.098,audio_features,6eT7xZZlB2mwyzJ2sUKG6w,spotify:track:6eT7xZZlB2mwyzJ2sUKG6w,https://api.spotify.com/v1/tracks/6eT7xZZlB2mwyzJ2sUKG6w,https://api.spotify.com/v1/audio-analysis/6eT7xZZlB2mwyzJ2sUKG6w,256533,4
198,Slippery (feat. Gucci Mane),Migos,625256,https://open.spotify.com/track/6p8NuHm8uCGnn2Dtbtf7zE,6p8NuHm8uCGnn2Dtbtf7zE,0.92,0.674,1,-5.662,0,0.264,0.307,0,0.104,0.741,141.967,audio_features,6p8NuHm8uCGnn2Dtbtf7zE,spotify:track:6p8NuHm8uCGnn2Dtbtf7zE,https://api.spotify.com/v1/tracks/6p8NuHm8uCGnn2Dtbtf7zE,https://api.spotify.com/v1/audio-analysis/6p8NuHm8uCGnn2Dtbtf7zE,304041,4
199,How U Feel,Huncho Jack,625210,https://open.spotify.com/track/7CWiWkccuRRdrmaW6AjVEf,7CWiWkccuRRdrmaW6AjVEf,0.86,0.799,2,-2.446,1,0.149,0.0532,2.54e-05,0.369,0.491,140.005,audio_features,7CWiWkccuRRdrmaW6AjVEf,spotify:track:7CWiWkccuRRdrmaW6AjVEf,https://api.spotify.com/v1/tracks/7CWiWkccuRRdrmaW6AjVEf,https://api.spotify.com/v1/audio-analysis/7CWiWkccuRRdrmaW6AjVEf,205682,4
200,Bella,Wolfine,623845,https://open.spotify.com/track/1Ft13La2daEGqz5yWJC7lx,1Ft13La2daEGqz5yWJC7lx,0.909,0.493,3,-6.688,1,0.0735,0.128,0.000147,0.127,0.844,94.016,audio_features,1Ft13La2daEGqz5yWJC7lx,spotify:track:1Ft13La2daEGqz5yWJC7lx,https://api.spotify.com/v1/tracks/1Ft13La2daEGqz5yWJC7lx,https://api.spotify.com/v1/audio-analysis/1Ft13La2daEGqz5yWJC7lx,197120,4
