Position,Track Name,Artist,Streams,URL,trackID,danceability,energy,key,loudness,mode,speechiness,acousticness,instrumentalness,liveness,valence,tempo,type,id,uri,track_href,analysis_url,duration_ms,time_signature
1,rockstar,Post Malone,5192318,https://open.spotify.com/track/7wGoVu4Dady5GV0Sv4UIsx,7wGoVu4Dady5GV0Sv4UIsx,0.577,0.522,5,-6.594,0,0.0984,0.13,9.03e-05,0.142,0.119,159.772,audio_features,7wGoVu4Dady5GV0Sv4UIsx,spotify:track:7wGoVu4Dady5GV0Sv4UIsx,https://api.spotify.com/v1/tracks/7wGoVu4Dady5GV0Sv4UIsx,https://api.spotify.com/v1/audio-analysis/7wGoVu4Dady5GV0Sv4UIsx,218320,4
2,Havana,Camila Cabello,4207781,https://open.spotify.com/track/0ofbQMrRDsUaVKq2mGLEAb,0ofbQMrRDsUaVKq2mGLEAb,0.768,0.517,7,-4.323,0,0.0312,0.186,3.8e-05,0.104,0.418,104.992,audio_features,0ofbQMrRDsUaVKq2mGLEAb,spotify:track:0ofbQMrRDsUaVKq2mGLEAb,https://api.spotify.com/v1/tracks/0ofbQMrRDsUaVKq2mGLEAb,https://api.spotify.com/v1/audio-analysis/0ofbQMrRDsUaVKq2mGLEAb,216897,4
3,Wolves,Selena Gomez,3490859,https://open.spotify.com/track/7EmGUiUaOSGDnUUQUDrOXC,7EmGUiUaOSGDnUUQUDrOXC,0.715,0.802,11,-4.647,0,0.0394,0.139,0,0.177,0.327,124.989,audio_features,7EmGUiUaOSGDnUUQUDrOXC,spotify:track:7EmGUiUaOSGDnUUQUDrOXC,https://api.spotify.com/v1/tracks/7EmGUiUaOSGDnUUQUDrOXC,https://api.spotify.com/v1/audio-analysis/7EmGUiUaOSGDnUUQUDrOXC,197993,4
4,Perfect,Ed Sheeran,3480461,https://open.spotify.com/track/0tgVpDi06FyKpA1z0VMD4v,0tgVpDi06FyKpA1z0VMD4v,0.599,0.448,8,-6.312,1,0.0232,0.163,0,0.106,0.168,95.05,audio_features,0tgVpDi06FyKpA1z0VMD4v,spotify:track:0tgVpDi06FyKpA1z0VMD4v,https://api.spotify.com/v1/tracks/0tgVpDi06FyKpA1z0VMD4v,https://api.spotify.com/v1/audio-analysis/0tgVpDi06FyKpA1z0VMD4v,263400,3
5,New Rules,Dua Lipa,3404561,https://open.spotify.com/track/2ekn2ttSfGqwhhate0LSR0,2ekn2ttSfGqwhhate0LSR0,0.762,0.7,9,-6.021,0,0.0694,0.00261,1.56e-05,0.153,0.608,116.073,audio_features,2ekn2ttSfGqwhhate0LSR0,spotify:track:2ekn2ttSfGqwhhate0LSR0,https://api.spotify.com/v1/tracks/2ekn2ttSfGqwhhate0LSR0,https://api.spotify.com/v1/audio-analysis/2ekn2ttSfGqwhhate0LSR0,209320,4
6,Too Good At Goodbyes,Sam Smith,3073701,https://open.spotify.com/track/1mXVgsBdtIVeCLJnSnmtdV,1mXVgsBdtIVeCLJnSnmtdV,0.681,0.372,5,-8.237,1,0.0432,0.64,0,0.169,0.476,91.873,audio_features,1mXVgsBdtIVeCLJnSnmtdV,spotify:track:1mXVgsBdtIVeCLJnSnmtdV,https://api.spotify.com/v1/tracks/1mXVgsBdtIVeCLJnSnmtdV,https://api.spotify.com/v1/audio-analysis/1mXVgsBdtIVeCLJnSnmtdV,201000,4
7,Gucci Gang,Lil Pump,3044694,https://open.spotify.com/track/43ZyHQITOjhciSUUNPVRHc,43ZyHQITOjhciSUUNPVRHc,0.936,0.523,5,-6.71,1,0.0597,0.239,0,0.117,0.699,119.889,audio_features,43ZyHQITOjhciSUUNPVRHc,spotify:track:43ZyHQITOjhciSUUNPVRHc,https://api.spotify.com/v1/tracks/43ZyHQITOjhciSUUNPVRHc,https://api.spotify.com/v1/audio-analysis/43ZyHQITOjhciSUUNPVRHc,124056,4
8,What Lovers Do (feat. SZA),Maroon 5,2957941,https://open.spotify.com/track/3hBBKuWJfxlIlnd9QFoC8k,3hBBKuWJfxlIlnd9QFoC8k,0.795,0.615,5,-5.211,0,0.0671,0.0786,2.98e-06,0.0855,0.393,110.009,audio_features,3hBBKuWJfxlIlnd9QFoC8k,spotify:track:3hBBKuWJfxlIlnd9QFoC8k,https://api.spotify.com/v1/tracks/3hBBKuWJfxlIlnd9QFoC8k,https://api.spotify.com/v1/audio-analysis/3hBBKuWJfxlIlnd9QFoC8k,199849,4
9,Let You Down,NF,2823006,https://open.spotify.com/track/6mrKP2jyIQmM0rw6fQryjr,6mrKP2jyIQmM0rw6fQryjr,0.659,0.716,5,-5.673,0,0.111,0.33,0,0.173,0.437,148.015,audio_features,6mrKP2jyIQmM0rw6fQryjr,spotify:track:6mrKP2jyIQmM0rw6fQryjr,https://api.spotify.com/v1/tracks/6mrKP2jyIQmM0rw6fQryjr,https://api.spotify.com/v1/audio-analysis/6mrKP2jyIQmM0rw6fQryjr,212120,4
10,Silence,Marshmello,2666963,https://open.spotify.com/track/7vGuf3Y35N4wmASOKLUVVU,7vGuf3Y35N4wmASOKLUVVU,0.52,0.761,4,-3.093,1,0.0853,0.256,4.96e-06,0.17,0.286,141.971,audio_features,7vGuf3Y35N4wmASOKLUVVU,spotify:track:7vGuf3Y35N4wmASOKLUVVU,https://api.spotify.com/v1/tracks/7vGuf3Y35N4wmASOKLUVVU,https://api.spotify.com/v1/audio-analysis/7vGuf3Y35N4wmASOKLUVVU,180823,4
11,Échame La Culpa,Luis Fonsi,2665337,https://open.spotify.com/track/1zsG4eaZmkA1dvjDDsAGLK,1zsG4eaZmkA1dvjDDsAGLK,0.724,0.895,7,-3.617,1,0.0411,0.0322,0,0.097,0.64,96.022,audio_features,1zsG4eaZmkA1dvjDDsAGLK,spotify:track:1zsG4eaZmkA1dvjDDsAGLK,https://api.spotify.com/v1/tracks/1zsG4eaZmkA1dvjDDsAGLK,https://api.spotify.com/v1/audio-analysis/1zsG4eaZmkA1dvjDDsAGLK,173720,4
12,Dusk Till Dawn - Radio Edit,ZAYN,2590310,https://open.spotify.com/track/1j4kHkkpqZRBwE0A4CN4Yv,1j4kHkkpqZRBwE0A4CN4Yv,0.258,0.437,11,-6.593,0,0.039,0.101,1.27e-06,0.106,0.0967,180.043,audio_features,1j4kHkkpqZRBwE0A4CN4Yv,spotify:track:1j4kHkkpqZRBwE0A4CN4Yv,https://api.spotify.com/v1/tracks/1j4kHkkpqZRBwE0A4CN4Yv,https://api.spotify.com/v1/audio-analysis/1j4kHkkpqZRBwE0A4CN4Yv,239000,4
13,I Fall Apart,Post Malone,2422914,https://open.spotify.com/track/75ZvA4QfFiZvzhj2xkaWAh,75ZvA4QfFiZvzhj2xkaWAh,0.556,0.538,8,-5.408,0,0.0382,0.0689,0,0.196,0.291,143.95,audio_features,75ZvA4QfFiZvzhj2xkaWAh,spotify:track:75ZvA4QfFiZvzhj2xkaWAh,https://api.spotify.com/v1/tracks/75ZvA4QfFiZvzhj2xkaWAh,https://api.spotify.com/v1/audio-analysis/75ZvA4QfFiZvzhj2xkaWAh,223347,4
14,"Let Me Go (with Alesso, Florida Georgia Line & watt)",Hailee Steinfeld,2034746,https://open.spotify.com/track/5AEtlRudpgdT5FtNiuly6Y,5AEtlRudpgdT5FtNiuly6Y,0.659,0.717,8,-4.202,1,0.0581,0.0393,0,0.0769,0.71,103.036,audio_features,5AEtlRudpgdT5FtNiuly6Y,spotify:track:5AEtlRudpgdT5FtNiuly6Y,https://api.spotify.com/v1/tracks/5AEtlRudpgdT5FtNiuly6Y,https://api.spotify.com/v1/audio-analysis/5AEtlRudpgdT5FtNiuly6Y,174800,4
15,Young Dumb & Broke,Khalid,2028246,https://open.spotify.com/track/5Z3GHaZ6ec9bsiI5BenrbY,5Z3GHaZ6ec9bsiI5BenrbY,0.798,0.539,1,-6.351,1,0.0421,0.199,1.66e-05,0.165,0.394,136.949,audio_features,5Z3GHaZ6ec9bsiI5BenrbY,spotify:track:5Z3GHaZ6ec9bsiI5BenrbY,https://api.spotify.com/v1/tracks/5Z3GHaZ6ec9bsiI5BenrbY,https://api.spotify.com/v1/audio-analysis/5Z3GHaZ6ec9bsiI5BenrbY,202547,4
16,How Long,Charlie Puth,2018117,https://open.spotify.com/track/32DGGj6KlNuBr6WaqRxpxi,32DGGj6KlNuBr6WaqRxpxi,0.849,0.581,1,-5.243,0,0.0767,0.189,3.61e-06,0.0805,0.779,110.008,audio_features,32DGGj6KlNuBr6WaqRxpxi,spotify:track:32DGGj6KlNuBr6WaqRxpxi,https://api.spotify.com/v1/tracks/32DGGj6KlNuBr6WaqRxpxi,https://api.spotify.com/v1/audio-analysis/32DGGj6KlNuBr6WaqRxpxi,198237,4
17,1-800-273-8255,Logic,1912910,https://open.spotify.com/track/5tz69p7tJuGPeMGwNTxYuV,5tz69p7tJuGPeMGwNTxYuV,0.62,0.574,5,-7.788,0,0.0479,0.569,0,0.19,0.357,100.023,audio_features,5tz69p7tJuGPeMGwNTxYuV,spotify:track:5tz69p7tJuGPeMGwNTxYuV,https://api.spotify.com/v1/tracks/5tz69p7tJuGPeMGwNTxYuV,https://api.spotify.com/v1/audio-analysis/5tz69p7tJuGPeMGwNTxYuV,250173,4
18,Shape of You,Ed Sheeran,1883617,https://open.spotify.com/track/7qiZfU4dY1lWllzX7mPBI3,7qiZfU4dY1lWllzX7mPBI3,0.825,0.652,1,-3.183,0,0.0802,0.581,0,0.0931,0.931,95.977,audio_features,7qiZfU4dY1lWllzX7mPBI3,spotify:track:7qiZfU4dY1lWllzX7mPBI3,https://api.spotify.com/v1/tracks/7qiZfU4dY1lWllzX7mPBI3,https://api.spotify.com/v1/audio-analysis/7qiZfU4dY1lWllzX7mPBI3,233713,4
19,Stargazing,Kygo,1845526,https://open.spotify.com/track/0Zbbxnx4SGGHoIow4PpISP,0Zbbxnx4SGGHoIow4PpISP,0.677,0.497,5,-5.763,1,0.0809,0.152,0,0.0911,0.419,99.137,audio_features,0Zbbxnx4SGGHoIow4PpISP,spotify:track:0Zbbxnx4SGGHoIow4PpISP,https://api.spotify.com/v1/tracks/0Zbbxnx4SGGHoIow4PpISP,https://api.spotify.com/v1/audio-analysis/0Zbbxnx4SGGHoIow4PpISP,236853,4
20,Candy Paint,Post Malone,1819846,https://open.spotify.com/track/42CeaId2XNlxugDvyqHfDf,42CeaId2XNlxugDvyqHfDf,0.765,0.688,4,-5.566,1,0.0841,0.633,0,0.0734,0.434,90.013,audio_features,42CeaId2XNlxugDvyqHfDf,spotify:track:42CeaId2XNlxugDvyqHfDf,https://api.spotify.com/v1/tracks/42CeaId2XNlxugDvyqHfDf,https://api.spotify.com/v1/audio-analysis/42CeaId2XNlxugDvyqHfDf,229573,4
21,Thunder,Imagine Dragons,1703484,https://open.spotify.com/track/0tKcYR2II1VCQWT79i5NrW,0tKcYR2II1VCQWT79i5NrW,0.6,0.81,0,-4.749,1,0.0479,0.00683,0.21,0.155,0.298,167.88,audio_features,0tKcYR2II1VCQWT79i5NrW,spotify:track:0tKcYR2II1VCQWT79i5NrW,https://api.spotify.com/v1/tracks/0tKcYR2II1VCQWT79i5NrW,https://api.spotify.com/v1/audio-analysis/0tKcYR2II1VCQWT79i5NrW,187147,4
22,Sensualidad,Bad Bunny,1696682,https://open.spotify.com/track/5hcisvFMidkMJlElTO9Qmw,5hcisvFMidkMJlElTO9Qmw,0.807,0.681,11,-6.268,1,0.0983,0.423,0,0.0962,0.676,140.006,audio_features,5hcisvFMidkMJlElTO9Qmw,spotify:track:5hcisvFMidkMJlElTO9Qmw,https://api.spotify.com/v1/tracks/5hcisvFMidkMJlElTO9Qmw,https://api.spotify.com/v1/audio-analysis/5hcisvFMidkMJlElTO9Qmw,297485,4
23,I Miss You (feat. Julia Michaels),Clean Bandit,1680321,https://open.spotify.com/track/2xmrfQpmS2iJExTlklLoAL,2xmrfQpmS2iJExTlklLoAL,0.638,0.658,3,-6.318,1,0.0456,0.245,3.77e-06,0.0919,0.33,105.076,audio_features,2xmrfQpmS2iJExTlklLoAL,spotify:track:2xmrfQpmS2iJExTlklLoAL,https://api.spotify.com/v1/tracks/2xmrfQpmS2iJExTlklLoAL,https://api.spotify.com/v1/audio-analysis/2xmrfQpmS2iJExTlklLoAL,205748,4
24,All I Want for Christmas Is You,Mariah Carey,1674275,https://open.spotify.com/track/0bYg9bo50gSsH3LtXe2SQn,0bYg9bo50gSsH3LtXe2SQn,0.336,0.627,7,-7.463,1,0.0384,0.164,0,0.0708,0.35,150.273,audio_features,0bYg9bo50gSsH3LtXe2SQn,spotify:track:0bYg9bo50gSsH3LtXe2SQn,https://api.spotify.com/v1/tracks/0bYg9bo50gSsH3LtXe2SQn,https://api.spotify.com/v1/audio-analysis/0bYg9bo50gSsH3LtXe2SQn,241107,4
25,Lonely Together (feat. Rita Ora),Avicii,1673276,https://open.spotify.com/track/2OALaHcDdKkjYEpAr0Qzab,2OALaHcDdKkjYEpAr0Qzab,0.655,0.666,5,-5.309,1,0.0612,0.134,2.12e-05,0.0683,0.272,102.977,audio_features,2OALaHcDdKkjYEpAr0Qzab,spotify:track:2OALaHcDdKkjYEpAr0Qzab,https://api.spotify.com/v1/tracks/2OALaHcDdKkjYEpAr0Qzab,https://api.spotify.com/v1/audio-analysis/2OALaHcDdKkjYEpAr0Qzab,181812,4
26,Criminal,Natti Natasha,1669318,https://open.spotify.com/track/6Za3190Sbw39BBC77WSS1C,6Za3190Sbw39BBC77WSS1C,0.814,0.813,2,-3.023,0,0.0561,0.03,9.33e-05,0.255,0.839,79.997,audio_features,6Za3190Sbw39BBC77WSS1C,spotify:track:6Za3190Sbw39BBC77WSS1C,https://api.spotify.com/v1/tracks/6Za3190Sbw39BBC77WSS1C,https://api.spotify.com/v1/audio-analysis/6Za3190Sbw39BBC77WSS1C,232550,4
27,XO Tour Llif3,Lil Uzi Vert,1640366,https://open.spotify.com/track/7GX5flRQZVHRAGd6B4TmDO,7GX5flRQZVHRAGd6B4TmDO,0.732,0.75,11,-6.366,0,0.231,0.00264,0,0.109,0.401,155.096,audio_features,7GX5flRQZVHRAGd6B4TmDO,spotify:track:7GX5flRQZVHRAGd6B4TmDO,https://api.spotify.com/v1/tracks/7GX5flRQZVHRAGd6B4TmDO,https://api.spotify.com/v1/audio-analysis/7GX5flRQZVHRAGd6B4TmDO,182707,4
28,Bank Account,21 Savage,1639606,https://open.spotify.com/track/2fQrGHiQOvpL9UgPvtYy6G,2fQrGHiQOvpL9UgPvtYy6G,0.884,0.346,8,-8.228,0,0.351,0.0151,7.04e-06,0.0871,0.376,75.016,audio_features,2fQrGHiQOvpL9UgPvtYy6G,spotify:track:2fQrGHiQOvpL9UgPvtYy6G,https://api.spotify.com/v1/tracks/2fQrGHiQOvpL9UgPvtYy6G,https://api.spotify.com/v1/audio-analysis/2fQrGHiQOvpL9UgPvtYy6G,220307,4
29,Downtown,Anitta,1625813,https://open.spotify.com/track/3Ga6eKrUFf12ouh9Yw3v2D,3Ga6eKrUFf12ouh9Yw3v2D,0.775,0.679,4,-4.985,0,0.135,0.18,7.26e-05,0.068,0.619,166.008,audio_features,3Ga6eKrUFf12ouh9Yw3v2D,spotify:track:3Ga6eKrUFf12ouh9Yw3v2D,https://api.spotify.com/v1/tracks/3Ga6eKrUFf12ouh9Yw3v2D,https://api.spotify.com/v1/audio-analysis/3Ga6eKrUFf12ouh9Yw3v2D,193456,4
30,Meant to Be (feat. Florida Georgia Line),Bebe Rexha,1612580,https://open.spotify.com/track/7iDa6hUg2VgEL1o1HjmfBn,7iDa6hUg2VgEL1o1HjmfBn,0.643,0.783,10,-6.458,1,0.0856,0.047,0,0.083,0.579,154.084,audio_features,7iDa6hUg2VgEL1o1HjmfBn,spotify:track:7iDa6hUg2VgEL1o1HjmfBn,https://api.spotify.com/v1/tracks/7iDa6hUg2VgEL1o1HjmfBn,https://api.spotify.com/v1/audio-analysis/7iDa6hUg2VgEL1o1HjmfBn,163870,4
31,Unforgettable,French Montana,1611505,https://open.spotify.com/track/3B54sVLJ402zGa6Xm4YGNe,3B54sVLJ402zGa6Xm4YGNe,0.726,0.769,6,-5.043,1,0.123,0.0293,0.0101,0.104,0.733,97.985,audio_features,3B54sVLJ402zGa6Xm4YGNe,spotify:track:3B54sVLJ402zGa6Xm4YGNe,https://api.spotify.com/v1/tracks/3B54sVLJ402zGa6Xm4YGNe,https://api.spotify.com/v1/audio-analysis/3B54sVLJ402zGa6Xm4YGNe,233902,4
32,Congratulations,Post Malone,1580052,https://open.spotify.com/track/3a1lNhkSLSkpJE4MSHpDu9,3a1lNhkSLSkpJE4MSHpDu9,0.63,0.804,6,-4.183,1,0.0363,0.215,0,0.253,0.492,123.146,audio_features,3a1lNhkSLSkpJE4MSHpDu9,spotify:track:3a1lNhkSLSkpJE4MSHpDu9,https://api.spotify.com/v1/tracks/3a1lNhkSLSkpJE4MSHpDu9,https://api.spotify.com/v1/audio-analysis/3a1lNhkSLSkpJE4MSHpDu9,220293,4
33,Feel It Still,Portugal. The Man,1555406,https://open.spotify.com/track/6QgjcU0zLnzq5OrUoSZ3OK,6QgjcU0zLnzq5OrUoSZ3OK,0.801,0.795,1,-5.115,0,0.0504,0.0417,0.000113,0.0717,0.754,79.028,audio_features,6QgjcU0zLnzq5OrUoSZ3OK,spotify:track:6QgjcU0zLnzq5OrUoSZ3OK,https://api.spotify.com/v1/tracks/6QgjcU0zLnzq5OrUoSZ3OK,https://api.spotify.com/v1/audio-analysis/6QgjcU0zLnzq5OrUoSZ3OK,163253,4
34,Ric Flair Drip (& Metro Boomin),Offset,1535558,https://open.spotify.com/track/7sO5G9EABYOXQKNPNiE9NR,7sO5G9EABYOXQKNPNiE9NR,0.88,0.428,9,-8.28,1,0.206,0.149,5.07e-05,0.114,0.333,100.007,audio_features,7sO5G9EABYOXQKNPNiE9NR,spotify:track:7sO5G9EABYOXQKNPNiE9NR,https://api.spotify.com/v1/tracks/7sO5G9EABYOXQKNPNiE9NR,https://api.spotify.com/v1/audio-analysis/7sO5G9EABYOXQKNPNiE9NR,172800,4
35,Plain Jane,A$AP Ferg,1505110,https://open.spotify.com/track/4dVpf9jZjcORqGTLUaeYj9,4dVpf9jZjcORqGTLUaeYj9,0.797,0.844,11,-5.482,1,0.275,0.0651,0,0.087,0.52,170.142,audio_features,4dVpf9jZjcORqGTLUaeYj9,spotify:track:4dVpf9jZjcORqGTLUaeYj9,https://api.spotify.com/v1/tracks/4dVpf9jZjcORqGTLUaeYj9,https://api.spotify.com/v1/audio-analysis/4dVpf9jZjcORqGTLUaeYj9,173600,4
36,Sorry Not Sorry,Demi Lovato,1494419,https://open.spotify.com/track/3m660poUr1chesgkkjQM7P,3m660poUr1chesgkkjQM7P,0.704,0.633,11,-6.923,0,0.241,0.0214,0,0.29,0.863,144.021,audio_features,3m660poUr1chesgkkjQM7P,spotify:track:3m660poUr1chesgkkjQM7P,https://api.spotify.com/v1/tracks/3m660poUr1chesgkkjQM7P,https://api.spotify.com/v1/audio-analysis/3m660poUr1chesgkkjQM7P,203760,4
37,No Limit,G-Eazy,1489785,https://open.spotify.com/track/2Xqd0wUttjueBfdcltADOv,2Xqd0wUttjueBfdcltADOv,0.838,0.771,1,-3.791,1,0.244,0.0117,0,0.0853,0.405,175.957,audio_features,2Xqd0wUttjueBfdcltADOv,spotify:track:2Xqd0wUttjueBfdcltADOv,https://api.spotify.com/v1/tracks/2Xqd0wUttjueBfdcltADOv,https://api.spotify.com/v1/audio-analysis/2Xqd0wUttjueBfdcltADOv,245387,4
38,Mi Gente,J Balvin,1469664,https://open.spotify.com/track/2rb5MvYT7ZIxbKW5hfcHx8,2rb5MvYT7ZIxbKW5hfcHx8,0.543,0.677,11,-4.915,0,0.0993,0.0148,6.21e-06,0.13,0.294,103.809,audio_features,2rb5MvYT7ZIxbKW5hfcHx8,spotify:track:2rb5MvYT7ZIxbKW5hfcHx8,https://api.spotify.com/v1/tracks/2rb5MvYT7ZIxbKW5hfcHx8,https://api.spotify.com/v1/audio-analysis/2rb5MvYT7ZIxbKW5hfcHx8,189440,4
39,Se Preparó,Ozuna,1442672,https://open.spotify.com/track/1m69ELEgE6k5ZWsap40ozt,1m69ELEgE6k5ZWsap40ozt,0.739,0.821,1,-4.233,1,0.0852,0.222,9.6e-06,0.311,0.693,171.077,audio_features,1m69ELEgE6k5ZWsap40ozt,spotify:track:1m69ELEgE6k5ZWsap40ozt,https://api.spotify.com/v1/tracks/1m69ELEgE6k5ZWsap40ozt,https://api.spotify.com/v1/audio-analysis/1m69ELEgE6k5ZWsap40ozt,188080,4
40,MotorSport,Migos,1366912,https://open.spotify.com/track/1YZfcVLbbJwfizR5cDOp3q,1YZfcVLbbJwfizR5cDOp3q,0.901,0.529,2,-4.443,1,0.191,0.0519,0,0.179,0.146,138.003,audio_features,1YZfcVLbbJwfizR5cDOp3q,spotify:track:1YZfcVLbbJwfizR5cDOp3q,https://api.spotify.com/v1/tracks/1YZfcVLbbJwfizR5cDOp3q,https://api.spotify.com/v1/audio-analysis/1YZfcVLbbJwfizR5cDOp3q,307660,4
41,Mayores,Becky G,1363866,https://open.spotify.com/track/7JNh1cfm0eXjqFVOzKLyau,7JNh1cfm0eXjqFVOzKLyau,0.743,0.855,5,-3.976,0,0.0436,0.141,0.0045,0.099,0.871,96.989,audio_features,7JNh1cfm0eXjqFVOzKLyau,spotify:track:7JNh1cfm0eXjqFVOzKLyau,https://api.spotify.com/v1/tracks/7JNh1cfm0eXjqFVOzKLyau,https://api.spotify.com/v1/audio-analysis/7JNh1cfm0eXjqFVOzKLyau,202453,4
42,Me Rehúso,Danny Ocean,1313098,https://open.spotify.com/track/6De0lHrwBfPfrhorm9q1Xl,6De0lHrwBfPfrhorm9q1Xl,0.744,0.804,1,-6.327,1,0.0677,0.0231,0,0.0494,0.426,104.823,audio_features,6De0lHrwBfPfrhorm9q1Xl,spotify:track:6De0lHrwBfPfrhorm9q1Xl,https://api.spotify.com/v1/tracks/6De0lHrwBfPfrhorm9q1Xl,https://api.spotify.com/v1/audio-analysis/6De0lHrwBfPfrhorm9q1Xl,205715,4
43,Attention,Charlie Puth,1290388,https://open.spotify.com/track/4iLqG9SeJSnt0cSPICSjxv,4iLqG9SeJSnt0cSPICSjxv,0.774,0.626,3,-4.432,0,0.0432,0.0969,3.12e-05,0.0848,0.777,100.041,audio_features,4iLqG9SeJSnt0cSPICSjxv,spotify:track:4iLqG9SeJSnt0cSPICSjxv,https://api.spotify.com/v1/tracks/4iLqG9SeJSnt0cSPICSjxv,https://api.spotify.com/v1/audio-analysis/4iLqG9SeJSnt0cSPICSjxv,211475,4
44,Walk On Water (feat. Beyoncé),Eminem,1275306,https://open.spotify.com/track/5b2QnYcT9rQIkhRWt4HztQ,5b2QnYcT9rQIkhRWt4HztQ,0.49,0.598,9,-4.814,0,0.186,0.801,0,0.576,0.61,84.004,audio_features,5b2QnYcT9rQIkhRWt4HztQ,spotify:track:5b2QnYcT9rQIkhRWt4HztQ,https://api.spotify.com/v1/tracks/5b2QnYcT9rQIkhRWt4HztQ,https://api.spotify.com/v1/audio-analysis/5b2QnYcT9rQIkhRWt4HztQ,303781,4
45,I Like Me Better,Lauv,1273861,https://open.spotify.com/track/1wjzFQodRWrPcQ0AnYnvQ9,1wjzFQodRWrPcQ0AnYnvQ9,0.752,0.505,9,-7.621,1,0.253,0.535,2.55e-06,0.104,0.419,91.97,audio_features,1wjzFQodRWrPcQ0AnYnvQ9,spotify:track:1wjzFQodRWrPcQ0AnYnvQ9,https://api.spotify.com/v1/tracks/1wjzFQodRWrPcQ0AnYnvQ9,https://api.spotify.com/v1/audio-analysis/1wjzFQodRWrPcQ0AnYnvQ9,197437,4
46,Man's Not Hot,Big Shaq,1263482,https://open.spotify.com/track/2nUJvBO87SkxCViQsLc9Zr,2nUJvBO87SkxCViQsLc9Zr,0.895,0.885,0,-4.182,1,0.268,0.11,4.04e-05,0.106,0.633,134.973,audio_features,2nUJvBO87SkxCViQsLc9Zr,spotify:track:2nUJvBO87SkxCViQsLc9Zr,https://api.spotify.com/v1/tracks/2nUJvBO87SkxCViQsLc9Zr,https://api.spotify.com/v1/audio-analysis/2nUJvBO87SkxCViQsLc9Zr,186027,4
47,Friends (with BloodPop®),Justin Bieber,1258986,https://open.spotify.com/track/7nZmah2llfvLDiUjm0kiyz,7nZmah2llfvLDiUjm0kiyz,0.744,0.739,8,-5.35,1,0.0387,0.00459,0,0.306,0.649,104.99,audio_features,7nZmah2llfvLDiUjm0kiyz,spotify:track:7nZmah2llfvLDiUjm0kiyz,https://api.spotify.com/v1/tracks/7nZmah2llfvLDiUjm0kiyz,https://api.spotify.com/v1/audio-analysis/7nZmah2llfvLDiUjm0kiyz,189467,4
48,Perro Fiel (feat. Nicky Jam),Shakira,1245303,https://open.spotify.com/track/70lnL3QaSOIIyMa2X9aVRL,70lnL3QaSOIIyMa2X9aVRL,0.75,0.76,1,-4.836,1,0.198,0.187,0,0.0548,0.893,183.817,audio_features,70lnL3QaSOIIyMa2X9aVRL,spotify:track:70lnL3QaSOIIyMa2X9aVRL,https://api.spotify.com/v1/tracks/70lnL3QaSOIIyMa2X9aVRL,https://api.spotify.com/v1/audio-analysis/70lnL3QaSOIIyMa2X9aVRL,195213,4
49,Glorious (feat. Skylar Grey),Macklemore,1175931,https://open.spotify.com/track/0CokSRCu5hZgPxcZBaEzVE,0CokSRCu5hZgPxcZBaEzVE,0.731,0.794,0,-5.126,0,0.0522,0.0323,2.59e-05,0.112,0.356,139.994,audio_features,0CokSRCu5hZgPxcZBaEzVE,spotify:track:0CokSRCu5hZgPxcZBaEzVE,https://api.spotify.com/v1/tracks/0CokSRCu5hZgPxcZBaEzVE,https://api.spotify.com/v1/audio-analysis/0CokSRCu5hZgPxcZBaEzVE,220454,4
50,Mi Gente (feat. Beyoncé),J Balvin,1148689,https://open.spotify.com/track/7fwXWKdDNI5IutOMc5OKYw,7fwXWKdDNI5IutOMc5OKYw,0.705,0.714,11,-6.39,0,0.0792,0.0249,0,0.253,0.434,104.996,audio_features,7fwXWKdDNI5IutOMc5OKYw,spotify:track:7fwXWKdDNI5IutOMc5OKYw,https://api.spotify.com/v1/tracks/7fwXWKdDNI5IutOMc5OKYw,https://api.spotify.com/v1/audio-analysis/7fwXWKdDNI5IutOMc5OKYw,209733,4
51,Anywhere,Rita Ora,1141100,https://open.spotify.com/track/7EI6Iki24tBHAMxtb4xQN2,7EI6Iki24tBHAMxtb4xQN2,0.628,0.797,11,-3.953,0,0.0596,0.0364,0,0.104,0.321,106.93,audio_features,7EI6Iki24tBHAMxtb4xQN2,spotify:track:7EI6Iki24tBHAMxtb4xQN2,https://api.spotify.com/v1/tracks/7EI6Iki24tBHAMxtb4xQN2,https://api.spotify.com/v1/audio-analysis/7EI6Iki24tBHAMxtb4xQN2,215064,4
52,All Falls Down (feat. Juliander),Alan Walker,1121960,https://open.spotify.com/track/5yFSF6qQA1rcLsQRnBsZgb,5yFSF6qQA1rcLsQRnBsZgb,0.658,0.678,1,-4.407,1,0.058,0.303,0,0.361,0.662,97.976,audio_features,5yFSF6qQA1rcLsQRnBsZgb,spotify:track:5yFSF6qQA1rcLsQRnBsZgb,https://api.spotify.com/v1/tracks/5yFSF6qQA1rcLsQRnBsZgb,https://api.spotify.com/v1/audio-analysis/5yFSF6qQA1rcLsQRnBsZgb,199111,4
53,Havana - Remix,Camila Cabello,1092530,https://open.spotify.com/track/3whrwq4DtvucphBPUogRuJ,3whrwq4DtvucphBPUogRuJ,0.751,0.579,2,-4.036,1,0.0321,0.398,2.28e-05,0.133,0.349,105.031,audio_features,3whrwq4DtvucphBPUogRuJ,spotify:track:3whrwq4DtvucphBPUogRuJ,https://api.spotify.com/v1/tracks/3whrwq4DtvucphBPUogRuJ,https://api.spotify.com/v1/audio-analysis/3whrwq4DtvucphBPUogRuJ,199095,4
54,HUMBLE.,Kendrick Lamar,1086465,https://open.spotify.com/track/7KXjTSCq5nL1LoYtL7XAwS,7KXjTSCq5nL1LoYtL7XAwS,0.908,0.621,1,-6.638,0,0.102,0.000282,5.39e-05,0.0958,0.421,150.011,audio_features,7KXjTSCq5nL1LoYtL7XAwS,spotify:track:7KXjTSCq5nL1LoYtL7XAwS,https://api.spotify.com/v1/tracks/7KXjTSCq5nL1LoYtL7XAwS,https://api.spotify.com/v1/audio-analysis/7KXjTSCq5nL1LoYtL7XAwS,177000,4
55,Jocelyn Flores,XXXTENTACION,1077474,https://open.spotify.com/track/7m9OqQk4RVRkw9JJdeAw96,7m9OqQk4RVRkw9JJdeAw96,0.872,0.391,0,-9.144,0,0.242,0.469,4.13e-06,0.297,0.437,134.021,audio_features,7m9OqQk4RVRkw9JJdeAw96,spotify:track:7m9OqQk4RVRkw9JJdeAw96,https://api.spotify.com/v1/tracks/7m9OqQk4RVRkw9JJdeAw96,https://api.spotify.com/v1/audio-analysis/7m9OqQk4RVRkw9JJdeAw96,119133,4
56,More Than You Know,Axwell /\ Ingrosso,1046179,https://open.spotify.com/track/3PEgB3fkiojxms35ntsTgs,3PEgB3fkiojxms35ntsTgs,0.644,0.743,5,-5.002,0,0.0355,0.034,0,0.257,0.544,123.074,audio_features,3PEgB3fkiojxms35ntsTgs,spotify:track:3PEgB3fkiojxms35ntsTgs,https://api.spotify.com/v1/tracks/3PEgB3fkiojxms35ntsTgs,https://api.spotify.com/v1/audio-analysis/3PEgB3fkiojxms35ntsTgs,203000,4
57,I Get the Bag (feat. Migos),Gucci Mane,1042631,https://open.spotify.com/track/1XRgIKC5TPwo7nWGyKqgG0,1XRgIKC5TPwo7nWGyKqgG0,0.89,0.633,11,-5.475,1,0.168,0.0232,0.000343,0.0993,0.425,139.948,audio_features,1XRgIKC5TPwo7nWGyKqgG0,spotify:track:1XRgIKC5TPwo7nWGyKqgG0,https://api.spotify.com/v1/tracks/1XRgIKC5TPwo7nWGyKqgG0,https://api.spotify.com/v1/audio-analysis/1XRgIKC5TPwo7nWGyKqgG0,233087,4
58,Corazón,Maluma,1020889,https://open.spotify.com/track/4lESS6vuruP6a79KWRaQou,4lESS6vuruP6a79KWRaQou,0.871,0.768,4,-5.401,0,0.122,0.283,2.25e-05,0.162,0.765,98.989,audio_features,4lESS6vuruP6a79KWRaQou,spotify:track:4lESS6vuruP6a79KWRaQou,https://api.spotify.com/v1/tracks/4lESS6vuruP6a79KWRaQou,https://api.spotify.com/v1/audio-analysis/4lESS6vuruP6a79KWRaQou,184067,4
59,Bodak Yellow,Cardi B,1013758,https://open.spotify.com/track/2771LMNxwf62FTAdpJMQfM,2771LMNxwf62FTAdpJMQfM,0.929,0.723,11,-5.792,0,0.109,0.0672,0,0.346,0.458,125.022,audio_features,2771LMNxwf62FTAdpJMQfM,spotify:track:2771LMNxwf62FTAdpJMQfM,https://api.spotify.com/v1/tracks/2771LMNxwf62FTAdpJMQfM,https://api.spotify.com/v1/audio-analysis/2771LMNxwf62FTAdpJMQfM,223962,4
60,Betrayed,Lil Xan,1001328,https://open.spotify.com/track/6NWl2m8asvH83xjuXVNsuG,6NWl2m8asvH83xjuXVNsuG,0.823,0.419,10,-10.358,0,0.165,0.416,0,0.105,0.277,119.958,audio_features,6NWl2m8asvH83xjuXVNsuG,spotify:track:6NWl2m8asvH83xjuXVNsuG,https://api.spotify.com/v1/tracks/6NWl2m8asvH83xjuXVNsuG,https://api.spotify.com/v1/audio-analysis/6NWl2m8asvH83xjuXVNsuG,187453,4
61,What About Us,P!nk,1000038,https://open.spotify.com/track/0Qh38w01QRXK6KHIv0e3hb,0Qh38w01QRXK6KHIv0e3hb,0.489,0.588,1,-6.177,1,0.0507,0.0285,2.11e-06,0.0906,0.187,113.617,audio_features,0Qh38w01QRXK6KHIv0e3hb,spotify:track:0Qh38w01QRXK6KHIv0e3hb,https://api.spotify.com/v1/tracks/0Qh38w01QRXK6KHIv0e3hb,https://api.spotify.com/v1/audio-analysis/0Qh38w01QRXK6KHIv0e3hb,269600,4
62,Que Va,Alex Sensation,994218,https://open.spotify.com/track/7ofxPmTNMj2GP07g1VZa0O,7ofxPmTNMj2GP07g1VZa0O,0.771,0.835,0,-3.388,1,0.0507,0.13,0,0.0601,0.817,91.012,audio_features,7ofxPmTNMj2GP07g1VZa0O,spotify:track:7ofxPmTNMj2GP07g1VZa0O,https://api.spotify.com/v1/tracks/7ofxPmTNMj2GP07g1VZa0O,https://api.spotify.com/v1/audio-analysis/7ofxPmTNMj2GP07g1VZa0O,238160,4
63,Tip Toe (feat. French Montana),Jason Derulo,989273,https://open.spotify.com/track/2z4pcBLQXF2BXKFvd0BuB6,2z4pcBLQXF2BXKFvd0BuB6,0.845,0.709,10,-4.547,0,0.0714,0.0233,0,0.094,0.62,98.062,audio_features,2z4pcBLQXF2BXKFvd0BuB6,spotify:track:2z4pcBLQXF2BXKFvd0BuB6,https://api.spotify.com/v1/tracks/2z4pcBLQXF2BXKFvd0BuB6,https://api.spotify.com/v1/audio-analysis/2z4pcBLQXF2BXKFvd0BuB6,187521,4
64,Last Christmas,Wham!,983361,https://open.spotify.com/track/2FRnf9qhLbvw8fu4IBXx78,2FRnf9qhLbvw8fu4IBXx78,0.735,0.478,2,-12.472,1,0.0293,0.189,2.48e-06,0.355,0.947,107.682,audio_features,2FRnf9qhLbvw8fu4IBXx78,spotify:track:2FRnf9qhLbvw8fu4IBXx78,https://api.spotify.com/v1/tracks/2FRnf9qhLbvw8fu4IBXx78,https://api.spotify.com/v1/audio-analysis/2FRnf9qhLbvw8fu4IBXx78,262960,4
65,Something Just Like This,The Chainsmokers,982307,https://open.spotify.com/track/6RUKPb4LETWmmr3iAEQktW,6RUKPb4LETWmmr3iAEQktW,0.617,0.635,11,-6.769,0,0.0317,0.0498,1.44e-05,0.164,0.446,103.019,audio_features,6RUKPb4LETWmmr3iAEQktW,spotify:track:6RUKPb4LETWmmr3iAEQktW,https://api.spotify.com/v1/tracks/6RUKPb4LETWmmr3iAEQktW,https://api.spotify.com/v1/audio-analysis/6RUKPb4LETWmmr3iAEQktW,247160,4
66,Báilame - Remix,Nacho,979754,https://open.spotify.com/track/3VClLWqNn80Llv0PJOsKgr,3VClLWqNn80Llv0PJOsKgr,0.791,0.866,6,-4.236,1,0.0497,0.248,5.29e-06,0.0696,0.71,96.011,audio_features,3VClLWqNn80Llv0PJOsKgr,spotify:track:3VClLWqNn80Llv0PJOsKgr,https://api.spotify.com/v1/tracks/3VClLWqNn80Llv0PJOsKgr,https://api.spotify.com/v1/audio-analysis/3VClLWqNn80Llv0PJOsKgr,217080,4
67,Believer,Imagine Dragons,964824,https://open.spotify.com/track/0CcQNd8CINkwQfe1RDtGV6,0CcQNd8CINkwQfe1RDtGV6,0.779,0.787,10,-4.305,0,0.108,0.0524,0,0.14,0.708,124.982,audio_features,0CcQNd8CINkwQfe1RDtGV6,spotify:track:0CcQNd8CINkwQfe1RDtGV6,https://api.spotify.com/v1/tracks/0CcQNd8CINkwQfe1RDtGV6,https://api.spotify.com/v1/audio-analysis/0CcQNd8CINkwQfe1RDtGV6,204347,4
68,Bonita,J Balvin,943633,https://open.spotify.com/track/693iqPOQvhI7PobtR8CC8v,693iqPOQvhI7PobtR8CC8v,0.782,0.868,5,-1.715,0,0.04,0.0106,0.00252,0.29,0.884,96.042,audio_features,693iqPOQvhI7PobtR8CC8v,spotify:track:693iqPOQvhI7PobtR8CC8v,https://api.spotify.com/v1/tracks/693iqPOQvhI7PobtR8CC8v,https://api.spotify.com/v1/audio-analysis/693iqPOQvhI7PobtR8CC8v,265747,4
69,Bad At Love,Halsey,934692,https://open.spotify.com/track/7y9iMe8SOB6z3NoHE2OfXl,7y9iMe8SOB6z3NoHE2OfXl,0.675,0.751,0,-3.539,1,0.0296,0.0604,0,0.0893,0.612,118.384,audio_features,7y9iMe8SOB6z3NoHE2OfXl,spotify:track:7y9iMe8SOB6z3NoHE2OfXl,https://api.spotify.com/v1/tracks/7y9iMe8SOB6z3NoHE2OfXl,https://api.spotify.com/v1/audio-analysis/7y9iMe8SOB6z3NoHE2OfXl,181279,4
70,Ghostface Killers,21 Savage,934533,https://open.spotify.com/track/5u6vkDnOyaf8LsteDAj2ub,5u6vkDnOyaf8LsteDAj2ub,0.782,0.436,2,-7.033,1,0.155,0.331,1.3e-05,0.342,0.243,82.994,audio_features,5u6vkDnOyaf8LsteDAj2ub,spotify:track:5u6vkDnOyaf8LsteDAj2ub,https://api.spotify.com/v1/tracks/5u6vkDnOyaf8LsteDAj2ub,https://api.spotify.com/v1/audio-analysis/5u6vkDnOyaf8LsteDAj2ub,268933,4
71,BUTTERFLY EFFECT,Travis Scott,924355,https://open.spotify.com/track/1yxgsra98r3qAtxqiGZPiX,1yxgsra98r3qAtxqiGZPiX,0.763,0.598,11,-6.865,1,0.0539,0.0714,0,0.112,0.182,140.987,audio_features,1yxgsra98r3qAtxqiGZPiX,spotify:track:1yxgsra98r3qAtxqiGZPiX,https://api.spotify.com/v1/tracks/1yxgsra98r3qAtxqiGZPiX,https://api.spotify.com/v1/audio-analysis/1yxgsra98r3qAtxqiGZPiX,190678,4
72,Suena El Dembow,Joey Montana,922571,https://open.spotify.com/track/5TysCiZtv1HnSWcTcUFusI,5TysCiZtv1HnSWcTcUFusI,0.688,0.859,0,-4.447,1,0.0609,0.186,0,0.121,0.695,92.042,audio_features,5TysCiZtv1HnSWcTcUFusI,spotify:track:5TysCiZtv1HnSWcTcUFusI,https://api.spotify.com/v1/tracks/5TysCiZtv1HnSWcTcUFusI,https://api.spotify.com/v1/audio-analysis/5TysCiZtv1HnSWcTcUFusI,195813,4
73,Felices los 4,Maluma,914099,https://open.spotify.com/track/0qYTZCo5Bwh1nsUFGZP3zn,0qYTZCo5Bwh1nsUFGZP3zn,0.755,0.789,5,-4.502,1,0.146,0.231,0,0.351,0.737,93.973,audio_features,0qYTZCo5Bwh1nsUFGZP3zn,spotify:track:0qYTZCo5Bwh1nsUFGZP3zn,https://api.spotify.com/v1/tracks/0qYTZCo5Bwh1nsUFGZP3zn,https://api.spotify.com/v1/audio-analysis/0qYTZCo5Bwh1nsUFGZP3zn,229849,4
74,There's Nothing Holdin' Me Back,Shawn Mendes,911906,https://open.spotify.com/track/79cuOz3SPQTuFrp8WgftAu,79cuOz3SPQTuFrp8WgftAu,0.857,0.8,2,-4.035,1,0.0583,0.381,0,0.0913,0.966,121.996,audio_features,79cuOz3SPQTuFrp8WgftAu,spotify:track:79cuOz3SPQTuFrp8WgftAu,https://api.spotify.com/v1/tracks/79cuOz3SPQTuFrp8WgftAu,https://api.spotify.com/v1/audio-analysis/79cuOz3SPQTuFrp8WgftAu,199440,4
75,Too Much To Ask,Niall Horan,897460,https://open.spotify.com/track/4v094LQ9eF10k2O2Te2ngK,4v094LQ9eF10k2O2Te2ngK,0.519,0.554,0,-6.412,1,0.0385,0.381,0,0.115,0.194,153.676,audio_features,4v094LQ9eF10k2O2Te2ngK,spotify:track:4v094LQ9eF10k2O2Te2ngK,https://api.spotify.com/v1/tracks/4v094LQ9eF10k2O2Te2ngK,https://api.spotify.com/v1/audio-analysis/4v094LQ9eF10k2O2Te2ngK,223044,4
76,Say You Won't Let Go,James Arthur,885606,https://open.spotify.com/track/5uCax9HTNlzGybIStD3vDh,5uCax9HTNlzGybIStD3vDh,0.358,0.557,10,-7.398,1,0.059,0.695,0,0.0902,0.494,85.043,audio_features,5uCax9HTNlzGybIStD3vDh,spotify:track:5uCax9HTNlzGybIStD3vDh,https://api.spotify.com/v1/tracks/5uCax9HTNlzGybIStD3vDh,https://api.spotify.com/v1/audio-analysis/5uCax9HTNlzGybIStD3vDh,211467,4
77,Escápate Conmigo,Wisin,883398,https://open.spotify.com/track/2cnKEkpVUSV4wnjQiTWfH6,2cnKEkpVUSV4wnjQiTWfH6,0.747,0.864,8,-3.181,0,0.0599,0.0245,4.46e-05,0.0853,0.754,92.028,audio_features,2cnKEkpVUSV4wnjQiTWfH6,spotify:track:2cnKEkpVUSV4wnjQiTWfH6,https://api.spotify.com/v1/tracks/2cnKEkpVUSV4wnjQiTWfH6,https://api.spotify.com/v1/audio-analysis/2cnKEkpVUSV4wnjQiTWfH6,232787,4
78,goosebumps,Travis Scott,879050,https://open.spotify.com/track/6gBFPUFcJLzWGx4lenP6h2,6gBFPUFcJLzWGx4lenP6h2,0.841,0.728,7,-3.37,1,0.0484,0.0847,0,0.149,0.43,130.049,audio_features,6gBFPUFcJLzWGx4lenP6h2,spotify:track:6gBFPUFcJLzWGx4lenP6h2,https://api.spotify.com/v1/tracks/6gBFPUFcJLzWGx4lenP6h2,https://api.spotify.com/v1/audio-analysis/6gBFPUFcJLzWGx4lenP6h2,243837,4
79,Robarte un Beso,Carlos Vives,876502,https://open.spotify.com/track/0JcNysfWVWaMS7R6vzGB2k,0JcNysfWVWaMS7R6vzGB2k,0.742,0.859,10,-4.942,1,0.0482,0.0824,0,0.359,0.652,95.046,audio_features,0JcNysfWVWaMS7R6vzGB2k,spotify:track:0JcNysfWVWaMS7R6vzGB2k,https://api.spotify.com/v1/tracks/0JcNysfWVWaMS7R6vzGB2k,https://api.spotify.com/v1/audio-analysis/0JcNysfWVWaMS7R6vzGB2k,194742,4
80,Vuelve,Daddy Yankee,872969,https://open.spotify.com/track/0lJCqIx5BhZtf6QtYI2fbv,0lJCqIx5BhZtf6QtYI2fbv,0.73,0.538,1,-5.612,1,0.0319,0.188,0,0.123,0.215,130.023,audio_features,0lJCqIx5BhZtf6QtYI2fbv,spotify:track:0lJCqIx5BhZtf6QtYI2fbv,https://api.spotify.com/v1/tracks/0lJCqIx5BhZtf6QtYI2fbv,https://api.spotify.com/v1/audio-analysis/0lJCqIx5BhZtf6QtYI2fbv,279613,4
81,Déjala Que Vuelva (feat. Manuel Turizo),Piso 21,867617,https://open.spotify.com/track/33bnxcjePIkcmNjEFTJX0l,33bnxcjePIkcmNjEFTJX0l,0.681,0.788,1,-4.323,1,0.0785,0.0482,0,0.0753,0.839,170.019,audio_features,33bnxcjePIkcmNjEFTJX0l,spotify:track:33bnxcjePIkcmNjEFTJX0l,https://api.spotify.com/v1/tracks/33bnxcjePIkcmNjEFTJX0l,https://api.spotify.com/v1/audio-analysis/33bnxcjePIkcmNjEFTJX0l,220117,4
82,Despacito - Remix,Luis Fonsi,864743,https://open.spotify.com/track/5CtI0qwDJkDQGwXD1H1cLb,5CtI0qwDJkDQGwXD1H1cLb,0.694,0.815,2,-4.328,1,0.12,0.229,0,0.0924,0.813,88.931,audio_features,5CtI0qwDJkDQGwXD1H1cLb,spotify:track:5CtI0qwDJkDQGwXD1H1cLb,https://api.spotify.com/v1/tracks/5CtI0qwDJkDQGwXD1H1cLb,https://api.spotify.com/v1/audio-analysis/5CtI0qwDJkDQGwXD1H1cLb,228827,4
83,Wait,Maroon 5,863222,https://open.spotify.com/track/1Qg9jWGDkKAGZXj5v2OG59,1Qg9jWGDkKAGZXj5v2OG59,0.659,0.604,8,-5.084,1,0.0542,0.0889,0,0.105,0.407,126.135,audio_features,1Qg9jWGDkKAGZXj5v2OG59,spotify:track:1Qg9jWGDkKAGZXj5v2OG59,https://api.spotify.com/v1/tracks/1Qg9jWGDkKAGZXj5v2OG59,https://api.spotify.com/v1/audio-analysis/1Qg9jWGDkKAGZXj5v2OG59,190643,4
84,Location,Khalid,862614,https://open.spotify.com/track/152lZdxL1OR0ZMW6KquMif,152lZdxL1OR0ZMW6KquMif,0.736,0.449,1,-11.462,0,0.425,0.33,0.000162,0.0898,0.326,80.126,audio_features,152lZdxL1OR0ZMW6KquMif,spotify:track:152lZdxL1OR0ZMW6KquMif,https://api.spotify.com/v1/tracks/152lZdxL1OR0ZMW6KquMif,https://api.spotify.com/v1/audio-analysis/152lZdxL1OR0ZMW6KquMif,219080,4
85,A Different Way (with Lauv),DJ Snake,856704,https://open.spotify.com/track/0Wv5wuenRLI3BcwgT3HPIP,0Wv5wuenRLI3BcwgT3HPIP,0.781,0.765,8,-4.092,1,0.0385,0.534,0,0.152,0.564,104.987,audio_features,0Wv5wuenRLI3BcwgT3HPIP,spotify:track:0Wv5wuenRLI3BcwgT3HPIP,https://api.spotify.com/v1/tracks/0Wv5wuenRLI3BcwgT3HPIP,https://api.spotify.com/v1/audio-analysis/0Wv5wuenRLI3BcwgT3HPIP,198286,4
86,Good Old Days (feat. Kesha),Macklemore,856621,https://open.spotify.com/track/2Za1AlJNvksouPPWbXpR2X,2Za1AlJNvksouPPWbXpR2X,0.712,0.51,8,-8.162,1,0.0633,0.446,2.46e-05,0.112,0.268,122.964,audio_features,2Za1AlJNvksouPPWbXpR2X,spotify:track:2Za1AlJNvksouPPWbXpR2X,https://api.spotify.com/v1/tracks/2Za1AlJNvksouPPWbXpR2X,https://api.spotify.com/v1/audio-analysis/2Za1AlJNvksouPPWbXpR2X,240507,4
87,Naked,James Arthur,843892,https://open.spotify.com/track/7krbSH3rd8lhIZvuzTV3Bl,7krbSH3rd8lhIZvuzTV3Bl,0.529,0.607,6,-6.781,1,0.0574,0.104,0,0.0631,0.238,101.966,audio_features,7krbSH3rd8lhIZvuzTV3Bl,spotify:track:7krbSH3rd8lhIZvuzTV3Bl,https://api.spotify.com/v1/tracks/7krbSH3rd8lhIZvuzTV3Bl,https://api.spotify.com/v1/audio-analysis/7krbSH3rd8lhIZvuzTV3Bl,234107,4
88,PICK IT UP (feat. A$AP Rocky),Famous Dex,843415,https://open.spotify.com/track/3ncgNpxLoBQ65ABk4djDyd,3ncgNpxLoBQ65ABk4djDyd,0.921,0.467,1,-8.443,1,0.119,0.0149,0.000238,0.334,0.287,135.995,audio_features,3ncgNpxLoBQ65ABk4djDyd,spotify:track:3ncgNpxLoBQ65ABk4djDyd,https://api.spotify.com/v1/tracks/3ncgNpxLoBQ65ABk4djDyd,https://api.spotify.com/v1/audio-analysis/3ncgNpxLoBQ65ABk4djDyd,191252,4
89,"Feels (feat. Pharrell Williams, Katy Perry & Big Sean)",Calvin Harris,840925,https://open.spotify.com/track/5bcTCxgc7xVfSaMV3RuVke,5bcTCxgc7xVfSaMV3RuVke,0.893,0.745,11,-3.105,0,0.0571,0.0642,0,0.0943,0.872,101.018,audio_features,5bcTCxgc7xVfSaMV3RuVke,spotify:track:5bcTCxgc7xVfSaMV3RuVke,https://api.spotify.com/v1/tracks/5bcTCxgc7xVfSaMV3RuVke,https://api.spotify.com/v1/audio-analysis/5bcTCxgc7xVfSaMV3RuVke,223413,4
90,Without You (feat. Sandro Cavazza),Avicii,827380,https://open.spotify.com/track/6WbADFqMvR8N5u0BvtsWQE,6WbADFqMvR8N5u0BvtsWQE,0.652,0.855,2,-4.832,1,0.0441,0.00179,0,0.0404,0.279,134.009,audio_features,6WbADFqMvR8N5u0BvtsWQE,spotify:track:6WbADFqMvR8N5u0BvtsWQE,https://api.spotify.com/v1/tracks/6WbADFqMvR8N5u0BvtsWQE,https://api.spotify.com/v1/audio-analysis/6WbADFqMvR8N5u0BvtsWQE,181673,4
91,Go Flex,Post Malone,813453,https://open.spotify.com/track/5yuShbu70mtHXY0yLzCQLQ,5yuShbu70mtHXY0yLzCQLQ,0.665,0.498,5,-8.185,1,0.0832,0.228,0,0.0757,0.127,81.967,audio_features,5yuShbu70mtHXY0yLzCQLQ,spotify:track:5yuShbu70mtHXY0yLzCQLQ,https://api.spotify.com/v1/tracks/5yuShbu70mtHXY0yLzCQLQ,https://api.spotify.com/v1/audio-analysis/5yuShbu70mtHXY0yLzCQLQ,179613,4
92,Strip That Down,Liam Payne,800101,https://open.spotify.com/track/6EpRaXYhGOB3fj4V2uDkMJ,6EpRaXYhGOB3fj4V2uDkMJ,0.869,0.485,6,-5.595,1,0.0545,0.246,0,0.0765,0.527,106.028,audio_features,6EpRaXYhGOB3fj4V2uDkMJ,spotify:track:6EpRaXYhGOB3fj4V2uDkMJ,https://api.spotify.com/v1/tracks/6EpRaXYhGOB3fj4V2uDkMJ,https://api.spotify.com/v1/audio-analysis/6EpRaXYhGOB3fj4V2uDkMJ,204502,4
93,Wanted You (feat. Lil Uzi Vert),NAV,800047,https://open.spotify.com/track/790MhTXPFrYkrqCKvpg4t1,790MhTXPFrYkrqCKvpg4t1,0.795,0.728,9,-4.712,0,0.0544,0.207,0,0.237,0.582,146.979,audio_features,790MhTXPFrYkrqCKvpg4t1,spotify:track:790MhTXPFrYkrqCKvpg4t1,https://api.spotify.com/v1/tracks/790MhTXPFrYkrqCKvpg4t1,https://api.spotify.com/v1/audio-analysis/790MhTXPFrYkrqCKvpg4t1,228080,4
94,MIC Drop (feat. Desiigner) [Steve Aoki Remix],BTS,788380,https://open.spotify.com/track/7Ed6BkggCS2KaKY5YlINaF,7Ed6BkggCS2KaKY5YlINaF,0.613,0.842,10,-4.332,0,0.219,0.0157,0,0.23,0.645,169.917,audio_features,7Ed6BkggCS2KaKY5YlINaF,spotify:track:7Ed6BkggCS2KaKY5YlINaF,https://api.spotify.com/v1/tracks/7Ed6BkggCS2KaKY5YlINaF,https://api.spotify.com/v1/audio-analysis/7Ed6BkggCS2KaKY5YlINaF,238726,4
95,Roll In Peace (feat. XXXTENTACION),Kodak Black,784591,https://open.spotify.com/track/40oKW22ZNNkEdZLJTScaQI,40oKW22ZNNkEdZLJTScaQI,0.747,0.524,10,-6.807,0,0.245,0.0306,0,0.2,0.363,140.053,audio_features,40oKW22ZNNkEdZLJTScaQI,spotify:track:40oKW22ZNNkEdZLJTScaQI,https://api.spotify.com/v1/tracks/40oKW22ZNNkEdZLJTScaQI,https://api.spotify.com/v1/audio-analysis/40oKW22ZNNkEdZLJTScaQI,213132,4
96,Fuck Love (feat. Trippie Redd),XXXTENTACION,782958,https://open.spotify.com/track/7AQim7LbvFVZJE3O8TYgf2,7AQim7LbvFVZJE3O8TYgf2,0.797,0.533,0,-9.74,0,0.0412,0.0172,0.000152,0.103,0.329,131.036,audio_features,7AQim7LbvFVZJE3O8TYgf2,spotify:track:7AQim7LbvFVZJE3O8TYgf2,https://api.spotify.com/v1/tracks/7AQim7LbvFVZJE3O8TYgf2,https://api.spotify.com/v1/audio-analysis/7AQim7LbvFVZJE3O8TYgf2,146520,4
97,Pray,Sam Smith,779212,https://open.spotify.com/track/7DsX5K72fewVGb47qj7Tbg,7DsX5K72fewVGb47qj7Tbg,0.535,0.382,4,-9.465,0,0.0426,0.282,1.14e-05,0.0865,0.147,87.801,audio_features,7DsX5K72fewVGb47qj7Tbg,spotify:track:7DsX5K72fewVGb47qj7Tbg,https://api.spotify.com/v1/tracks/7DsX5K72fewVGb47qj7Tbg,https://api.spotify.com/v1/audio-analysis/7DsX5K72fewVGb47qj7Tbg,221596,3
98,Look What You Made Me Do,Taylor Swift,773137,https://open.spotify.com/track/6uFsE1JgZ20EXyU0JQZbUR,6uFsE1JgZ20EXyU0JQZbUR,0.773,0.68,9,-6.378,0,0.141,0.213,1.57e-05,0.122,0.497,128.062,audio_features,6uFsE1JgZ20EXyU0JQZbUR,spotify:track:6uFsE1JgZ20EXyU0JQZbUR,https://api.spotify.com/v1/tracks/6uFsE1JgZ20EXyU0JQZbUR,https://api.spotify.com/v1/audio-analysis/6uFsE1JgZ20EXyU0JQZbUR,211859,4
99,Mama,Jonas Blue,771937,https://open.spotify.com/track/0NiXXAI876aGImAd6rTj8w,0NiXXAI876aGImAd6rTj8w,0.739,0.792,11,-4.256,0,0.0418,0.091,0,0.0516,0.547,104.016,audio_features,0NiXXAI876aGImAd6rTj8w,spotify:track:0NiXXAI876aGImAd6rTj8w,https://api.spotify.com/v1/tracks/0NiXXAI876aGImAd6rTj8w,https://api.spotify.com/v1/audio-analysis/0NiXXAI876aGImAd6rTj8w,181615,4
100,Wild Thoughts (feat. Rihanna & Bryson Tiller),DJ Khaled,768570,https://open.spotify.com/track/1OAh8uOEOvTDqkKFsKksCi,1OAh8uOEOvTDqkKFsKksCi,0.671,0.672,0,-3.094,0,0.0688,0.0329,0,0.118,0.632,97.979,audio_features,1OAh8uOEOvTDqkKFsKksCi,spotify:track:1OAh8uOEOvTDqkKFsKksCi,https://api.spotify.com/v1/tracks/1OAh8uOEOvTDqkKFsKksCi,https://api.spotify.com/v1/audio-analysis/1OAh8uOEOvTDqkKFsKksCi,204173,4
101,"I'm the One (feat. Justin Bieber, Quavo, Chance the Rapper & Lil Wayne)",DJ Khaled,748401,https://open.spotify.com/track/3DXncPQOG4VBw3QHh3S817,3DXncPQOG4VBw3QHh3S817,0.609,0.668,7,-4.284,1,0.0367,0.0552,0,0.167,0.811,80.924,audio_features,3DXncPQOG4VBw3QHh3S817,spotify:track:3DXncPQOG4VBw3QHh3S817,https://api.spotify.com/v1/tracks/3DXncPQOG4VBw3QHh3S817,https://api.spotify.com/v1/audio-analysis/3DXncPQOG4VBw3QHh3S817,288600,4
102,Homemade Dynamite - REMIX,Lorde,744041,https://open.spotify.com/track/2rE9TX3VQ0WNt7kziFhKep,2rE9TX3VQ0WNt7kziFhKep,0.542,0.55,0,-5.072,0,0.158,0.261,0,0.157,0.172,106.435,audio_features,2rE9TX3VQ0WNt7kziFhKep,spotify:track:2rE9TX3VQ0WNt7kziFhKep,https://api.spotify.com/v1/tracks/2rE9TX3VQ0WNt7kziFhKep,https://api.spotify.com/v1/audio-analysis/2rE9TX3VQ0WNt7kziFhKep,214255,4
103,Dirty Sexy Money (feat. Charli XCX & French Montana),David Guetta,742078,https://open.spotify.com/track/0tPQPaOKM32WgMSbPCYyRH,0tPQPaOKM32WgMSbPCYyRH,0.721,0.873,1,-4.741,1,0.119,0.0789,0,0.0824,0.552,79.943,audio_features,0tPQPaOKM32WgMSbPCYyRH,spotify:track:0tPQPaOKM32WgMSbPCYyRH,https://api.spotify.com/v1/tracks/0tPQPaOKM32WgMSbPCYyRH,https://api.spotify.com/v1/audio-analysis/0tPQPaOKM32WgMSbPCYyRH,172687,4
104,"Home (with Machine Gun Kelly, X Ambassadors & Bebe Rexha)",Machine Gun Kelly,726440,https://open.spotify.com/track/0OI7AFifLSoGzpb8bdBLLV,0OI7AFifLSoGzpb8bdBLLV,0.653,0.718,3,-5.232,0,0.213,0.00413,0,0.0537,0.216,82.034,audio_features,0OI7AFifLSoGzpb8bdBLLV,spotify:track:0OI7AFifLSoGzpb8bdBLLV,https://api.spotify.com/v1/tracks/0OI7AFifLSoGzpb8bdBLLV,https://api.spotify.com/v1/audio-analysis/0OI7AFifLSoGzpb8bdBLLV,202805,4
105,Symphony (feat. Zara Larsson),Clean Bandit,722621,https://open.spotify.com/track/1x5sYLZiu9r5E43kMlt9f8,1x5sYLZiu9r5E43kMlt9f8,0.707,0.629,0,-4.581,0,0.0563,0.259,1.6e-05,0.138,0.457,122.863,audio_features,1x5sYLZiu9r5E43kMlt9f8,spotify:track:1x5sYLZiu9r5E43kMlt9f8,https://api.spotify.com/v1/tracks/1x5sYLZiu9r5E43kMlt9f8,https://api.spotify.com/v1/audio-analysis/1x5sYLZiu9r5E43kMlt9f8,212459,4
106,SUTRA,Sebastian Yatra,718483,https://open.spotify.com/track/5TmZYdHW6HJ9gt7Aokuql5,5TmZYdHW6HJ9gt7Aokuql5,0.746,0.745,9,-3.311,1,0.146,0.0474,1.71e-06,0.15,0.828,180.081,audio_features,5TmZYdHW6HJ9gt7Aokuql5,spotify:track:5TmZYdHW6HJ9gt7Aokuql5,https://api.spotify.com/v1/tracks/5TmZYdHW6HJ9gt7Aokuql5,https://api.spotify.com/v1/audio-analysis/5TmZYdHW6HJ9gt7Aokuql5,203853,4
107,Back to You (feat. Bebe Rexha & Digital Farm Animals),Louis Tomlinson,715966,https://open.spotify.com/track/7F9vK8hNFMml4GtHsaXui6,7F9vK8hNFMml4GtHsaXui6,0.683,0.53,5,-4.918,0,0.142,0.207,0,0.394,0.645,75.016,audio_features,7F9vK8hNFMml4GtHsaXui6,spotify:track:7F9vK8hNFMml4GtHsaXui6,https://api.spotify.com/v1/tracks/7F9vK8hNFMml4GtHsaXui6,https://api.spotify.com/v1/audio-analysis/7F9vK8hNFMml4GtHsaXui6,190428,4
108,LOVE. FEAT. ZACARI.,Kendrick Lamar,707635,https://open.spotify.com/track/6PGoSes0D9eUDeeAafB2As,6PGoSes0D9eUDeeAafB2As,0.8,0.585,10,-7.343,1,0.0924,0.264,0,0.153,0.779,126.058,audio_features,6PGoSes0D9eUDeeAafB2As,spotify:track:6PGoSes0D9eUDeeAafB2As,https://api.spotify.com/v1/tracks/6PGoSes0D9eUDeeAafB2As,https://api.spotify.com/v1/audio-analysis/6PGoSes0D9eUDeeAafB2As,213400,4
109,Photograph,Ed Sheeran,707143,https://open.spotify.com/track/6fxVffaTuwjgEk5h9QyRjy,6fxVffaTuwjgEk5h9QyRjy,0.614,0.379,4,-10.48,1,0.0476,0.607,0.000464,0.0986,0.201,107.989,audio_features,6fxVffaTuwjgEk5h9QyRjy,spotify:track:6fxVffaTuwjgEk5h9QyRjy,https://api.spotify.com/v1/tracks/6fxVffaTuwjgEk5h9QyRjy,https://api.spotify.com/v1/audio-analysis/6fxVffaTuwjgEk5h9QyRjy,258987,4
110,Bella y Sensual,Romeo Santos,706742,https://open.spotify.com/track/0ERbK7qVqveCaBWIiYCrl3,0ERbK7qVqveCaBWIiYCrl3,0.635,0.713,11,-6.909,1,0.0937,0.228,0,0.0506,0.749,179.864,audio_features,0ERbK7qVqveCaBWIiYCrl3,spotify:track:0ERbK7qVqveCaBWIiYCrl3,https://api.spotify.com/v1/tracks/0ERbK7qVqveCaBWIiYCrl3,https://api.spotify.com/v1/audio-analysis/0ERbK7qVqveCaBWIiYCrl3,204701,4
111,Slow Hands,Niall Horan,706420,https://open.spotify.com/track/38yBBH2jacvDxrznF7h08J,38yBBH2jacvDxrznF7h08J,0.734,0.418,0,-6.678,1,0.0425,0.0129,0,0.0579,0.868,85.909,audio_features,38yBBH2jacvDxrznF7h08J,spotify:track:38yBBH2jacvDxrznF7h08J,https://api.spotify.com/v1/tracks/38yBBH2jacvDxrznF7h08J,https://api.spotify.com/v1/audio-analysis/38yBBH2jacvDxrznF7h08J,188174,4
112,Galway Girl,Ed Sheeran,703171,https://open.spotify.com/track/0afhq8XCExXpqazXczTSve,0afhq8XCExXpqazXczTSve,0.624,0.876,9,-3.374,1,0.1,0.0735,0,0.327,0.781,99.943,audio_features,0afhq8XCExXpqazXczTSve,spotify:track:0afhq8XCExXpqazXczTSve,https://api.spotify.com/v1/tracks/0afhq8XCExXpqazXczTSve,https://api.spotify.com/v1/audio-analysis/0afhq8XCExXpqazXczTSve,170827,4
113,Slippery (feat. Gucci Mane),Migos,699082,https://open.spotify.com/track/6p8NuHm8uCGnn2Dtbtf7zE,6p8NuHm8uCGnn2Dtbtf7zE,0.92,0.674,1,-5.662,0,0.264,0.307,0,0.104,0.741,141.967,audio_features,6p8NuHm8uCGnn2Dtbtf7zE,spotify:track:6p8NuHm8uCGnn2Dtbtf7zE,https://api.spotify.com/v1/tracks/6p8NuHm8uCGnn2Dtbtf7zE,https://api.spotify.com/v1/audio-analysis/6p8NuHm8uCGnn2Dtbtf7zE,304041,4
114,That's What I Like,Bruno Mars,698480,https://open.spotify.com/track/0KKkJNfGyhkQ5aFogxQAPU,0KKkJNfGyhkQ5aFogxQAPU,0.853,0.56,1,-4.961,1,0.0406,0.013,0,0.0944,0.86,134.066,audio_features,0KKkJNfGyhkQ5aFogxQAPU,spotify:track:0KKkJNfGyhkQ5aFogxQAPU,https://api.spotify.com/v1/tracks/0KKkJNfGyhkQ5aFogxQAPU,https://api.spotify.com/v1/audio-analysis/0KKkJNfGyhkQ5aFogxQAPU,206693,4
115,Bedroom Floor,Liam Payne,695384,https://open.spotify.com/track/1pZdegOXTZ2ftINo3oUuRZ,1pZdegOXTZ2ftINo3oUuRZ,0.678,0.679,1,-7.093,1,0.0644,0.301,0.000136,0.112,0.218,119.977,audio_features,1pZdegOXTZ2ftINo3oUuRZ,spotify:track:1pZdegOXTZ2ftINo3oUuRZ,https://api.spotify.com/v1/tracks/1pZdegOXTZ2ftINo3oUuRZ,https://api.spotify.com/v1/audio-analysis/1pZdegOXTZ2ftINo3oUuRZ,188346,4
116,Una Lady Como Tú,Manuel Turizo,693564,https://open.spotify.com/track/7MHN1aCFtLXjownGhvEQlF,7MHN1aCFtLXjownGhvEQlF,0.788,0.477,4,-7.348,1,0.0434,0.549,0,0.349,0.86,94.983,audio_features,7MHN1aCFtLXjownGhvEQlF,spotify:track:7MHN1aCFtLXjownGhvEQlF,https://api.spotify.com/v1/tracks/7MHN1aCFtLXjownGhvEQlF,https://api.spotify.com/v1/audio-analysis/7MHN1aCFtLXjownGhvEQlF,213027,4
117,Reggaetón Lento (Remix),CNCO,688223,https://open.spotify.com/track/5PB8zB1MOZASboLquvinMF,5PB8zB1MOZASboLquvinMF,0.623,0.909,4,-3.079,0,0.0758,0.158,0,0.0972,0.651,93.984,audio_features,5PB8zB1MOZASboLquvinMF,spotify:track:5PB8zB1MOZASboLquvinMF,https://api.spotify.com/v1/tracks/5PB8zB1MOZASboLquvinMF,https://api.spotify.com/v1/audio-analysis/5PB8zB1MOZASboLquvinMF,188787,4
118,White Iverson,Post Malone,684769,https://open.spotify.com/track/6eT7xZZlB2mwyzJ2sUKG6w,6eT7xZZlB2mwyzJ2sUKG6w,0.675,0.562,7,-7.678,1,0.0352,0.233,0,0.0816,0.309,130.098,audio_features,6eT7xZZlB2mwyzJ2sUKG6w,spotify:track:6eT7xZZlB2mwyzJ2sUKG6w,https://api.spotify.com/v1/tracks/6eT7xZZlB2mwyzJ2sUKG6w,https://api.spotify.com/v1/audio-analysis/6eT7xZZlB2mwyzJ2sUKG6w,256533,4
119,Ahora Dice,Chris Jeday,679309,https://open.spotify.com/track/22eADXu8DfOAUEDw4vU8qy,22eADXu8DfOAUEDw4vU8qy,0.708,0.693,6,-5.516,1,0.138,0.246,0,0.129,0.427,143.965,audio_features,22eADXu8DfOAUEDw4vU8qy,spotify:track:22eADXu8DfOAUEDw4vU8qy,https://api.spotify.com/v1/tracks/22eADXu8DfOAUEDw4vU8qy,https://api.spotify.com/v1/audio-analysis/22eADXu8DfOAUEDw4vU8qy,271080,4
120,3 A.M.,Jesse & Joy,675440,https://open.spotify.com/track/0yyZN5ASdrYu0XYWFzfxUu,0yyZN5ASdrYu0XYWFzfxUu,0.702,0.84,0,-3.547,1,0.0879,0.0112,0,0.119,0.624,101.99,audio_features,0yyZN5ASdrYu0XYWFzfxUu,spotify:track:0yyZN5ASdrYu0XYWFzfxUu,https://api.spotify.com/v1/tracks/0yyZN5ASdrYu0XYWFzfxUu,https://api.spotify.com/v1/audio-analysis/0yyZN5ASdrYu0XYWFzfxUu,183573,4
121,It's Beginning to Look a Lot like Christmas,Michael Bublé,669228,https://open.spotify.com/track/0lLdorYw7lVrJydTINhWdI,0lLdorYw7lVrJydTINhWdI,0.339,0.214,4,-11.714,1,0.0375,0.908,7.47e-06,0.341,0.363,94.775,audio_features,0lLdorYw7lVrJydTINhWdI,spotify:track:0lLdorYw7lVrJydTINhWdI,https://api.spotify.com/v1/tracks/0lLdorYw7lVrJydTINhWdI,https://api.spotify.com/v1/audio-analysis/0lLdorYw7lVrJydTINhWdI,206640,3
122,Mask Off,Future,666969,https://open.spotify.com/track/0VgkVdmE4gld66l8iyGjgx,0VgkVdmE4gld66l8iyGjgx,0.833,0.434,2,-8.795,1,0.431,0.0102,0.0219,0.165,0.281,150.062,audio_features,0VgkVdmE4gld66l8iyGjgx,spotify:track:0VgkVdmE4gld66l8iyGjgx,https://api.spotify.com/v1/tracks/0VgkVdmE4gld66l8iyGjgx,https://api.spotify.com/v1/audio-analysis/0VgkVdmE4gld66l8iyGjgx,204600,4
123,Questions,Chris Brown,664132,https://open.spotify.com/track/3ojTJaonfkL96iIWa47SU3,3ojTJaonfkL96iIWa47SU3,0.614,0.598,10,-6.335,0,0.0561,0.00543,0,0.1,0.565,105.803,audio_features,3ojTJaonfkL96iIWa47SU3,spotify:track:3ojTJaonfkL96iIWa47SU3,https://api.spotify.com/v1/tracks/3ojTJaonfkL96iIWa47SU3,https://api.spotify.com/v1/audio-analysis/3ojTJaonfkL96iIWa47SU3,129478,4
124,The Way Life Goes (feat. Oh Wonder),Lil Uzi Vert,662876,https://open.spotify.com/track/2eAZfqOm4EnOF9VvN50Tyc,2eAZfqOm4EnOF9VvN50Tyc,0.703,0.757,1,-3.612,1,0.05,0.617,0,0.106,0.696,82.008,audio_features,2eAZfqOm4EnOF9VvN50Tyc,spotify:track:2eAZfqOm4EnOF9VvN50Tyc,https://api.spotify.com/v1/tracks/2eAZfqOm4EnOF9VvN50Tyc,https://api.spotify.com/v1/audio-analysis/2eAZfqOm4EnOF9VvN50Tyc,221747,4
125,Despacito (Featuring Daddy Yankee),Luis Fonsi,661348,https://open.spotify.com/track/4aWmUDTfIPGksMNLV2rQP2,4aWmUDTfIPGksMNLV2rQP2,0.66,0.786,2,-4.757,1,0.17,0.209,0,0.112,0.846,177.833,audio_features,4aWmUDTfIPGksMNLV2rQP2,spotify:track:4aWmUDTfIPGksMNLV2rQP2,https://api.spotify.com/v1/tracks/4aWmUDTfIPGksMNLV2rQP2,https://api.spotify.com/v1/audio-analysis/4aWmUDTfIPGksMNLV2rQP2,228200,4
126,Swalla (feat. Nicki Minaj & Ty Dolla $ign),Jason Derulo,658097,https://open.spotify.com/track/6kex4EBAj0WHXDKZMEJaaF,6kex4EBAj0WHXDKZMEJaaF,0.696,0.817,1,-3.862,1,0.109,0.075,0,0.187,0.782,98.064,audio_features,6kex4EBAj0WHXDKZMEJaaF,spotify:track:6kex4EBAj0WHXDKZMEJaaF,https://api.spotify.com/v1/tracks/6kex4EBAj0WHXDKZMEJaaF,https://api.spotify.com/v1/audio-analysis/6kex4EBAj0WHXDKZMEJaaF,216409,4
127,Your Song,Rita Ora,657657,https://open.spotify.com/track/4c2W3VKsOFoIg2SFaO6DY5,4c2W3VKsOFoIg2SFaO6DY5,0.855,0.624,1,-4.093,1,0.0488,0.158,0,0.0513,0.962,117.959,audio_features,4c2W3VKsOFoIg2SFaO6DY5,spotify:track:4c2W3VKsOFoIg2SFaO6DY5,https://api.spotify.com/v1/tracks/4c2W3VKsOFoIg2SFaO6DY5,https://api.spotify.com/v1/audio-analysis/4c2W3VKsOFoIg2SFaO6DY5,180757,4
128,Closer,The Chainsmokers,652467,https://open.spotify.com/track/7BKLCZ1jbUBVqRi2FVlTVw,7BKLCZ1jbUBVqRi2FVlTVw,0.748,0.524,8,-5.599,1,0.0338,0.414,0,0.111,0.661,95.01,audio_features,7BKLCZ1jbUBVqRi2FVlTVw,spotify:track:7BKLCZ1jbUBVqRi2FVlTVw,https://api.spotify.com/v1/tracks/7BKLCZ1jbUBVqRi2FVlTVw,https://api.spotify.com/v1/audio-analysis/7BKLCZ1jbUBVqRi2FVlTVw,244960,4
129,Thinking out Loud,Ed Sheeran,646346,https://open.spotify.com/track/1Slwb6dOYkBlWal1PGtnNg,1Slwb6dOYkBlWal1PGtnNg,0.781,0.445,2,-6.061,1,0.0295,0.474,0,0.184,0.591,78.998,audio_features,1Slwb6dOYkBlWal1PGtnNg,spotify:track:1Slwb6dOYkBlWal1PGtnNg,https://api.spotify.com/v1/tracks/1Slwb6dOYkBlWal1PGtnNg,https://api.spotify.com/v1/audio-analysis/1Slwb6dOYkBlWal1PGtnNg,281560,4
130,Feels Great (feat. Fetty Wap & CVBZ),Cheat Codes,645959,https://open.spotify.com/track/5uu28fUesZMl89lf9CLrgN,5uu28fUesZMl89lf9CLrgN,0.522,0.833,0,-3.715,1,0.0575,0.0454,0,0.127,0.296,180.009,audio_features,5uu28fUesZMl89lf9CLrgN,spotify:track:5uu28fUesZMl89lf9CLrgN,https://api.spotify.com/v1/tracks/5uu28fUesZMl89lf9CLrgN,https://api.spotify.com/v1/audio-analysis/5uu28fUesZMl89lf9CLrgN,193569,4
131,Whatever It Takes,Imagine Dragons,642243,https://open.spotify.com/track/4IWAyPf1KMq7JCyGeCjTeH,4IWAyPf1KMq7JCyGeCjTeH,0.675,0.649,1,-4.953,1,0.0315,0.0429,0,0.128,0.537,134.955,audio_features,4IWAyPf1KMq7JCyGeCjTeH,spotify:track:4IWAyPf1KMq7JCyGeCjTeH,https://api.spotify.com/v1/tracks/4IWAyPf1KMq7JCyGeCjTeH,https://api.spotify.com/v1/audio-analysis/4IWAyPf1KMq7JCyGeCjTeH,201240,4
132,It Ain't Me (with Selena Gomez),Kygo,636574,https://open.spotify.com/track/3eR23VReFzcdmS7TYCrhCe,3eR23VReFzcdmS7TYCrhCe,0.64,0.533,0,-6.596,1,0.0706,0.119,0,0.0864,0.515,99.968,audio_features,3eR23VReFzcdmS7TYCrhCe,spotify:track:3eR23VReFzcdmS7TYCrhCe,https://api.spotify.com/v1/tracks/3eR23VReFzcdmS7TYCrhCe,https://api.spotify.com/v1/audio-analysis/3eR23VReFzcdmS7TYCrhCe,220781,4
133,"I Don’t Wanna Live Forever (Fifty Shades Darker) - From ""Fifty Shades Darker (Original Motion Picture Soundtrack)""",ZAYN,635414,https://open.spotify.com/track/3NdDpSvN911VPGivFlV5d0,3NdDpSvN911VPGivFlV5d0,0.735,0.451,0,-8.374,1,0.0585,0.0631,1.3e-05,0.325,0.0862,117.973,audio_features,3NdDpSvN911VPGivFlV5d0,spotify:track:3NdDpSvN911VPGivFlV5d0,https://api.spotify.com/v1/tracks/3NdDpSvN911VPGivFlV5d0,https://api.spotify.com/v1/audio-analysis/3NdDpSvN911VPGivFlV5d0,245200,4
134,Codeine Dreaming (feat. Lil Wayne),Kodak Black,634058,https://open.spotify.com/track/4DTpngLjoHj5gFxEZFeD3J,4DTpngLjoHj5gFxEZFeD3J,0.736,0.604,1,-7.357,0,0.222,0.0652,6.43e-05,0.124,0.574,155.007,audio_features,4DTpngLjoHj5gFxEZFeD3J,spotify:track:4DTpngLjoHj5gFxEZFeD3J,https://api.spotify.com/v1/tracks/4DTpngLjoHj5gFxEZFeD3J,https://api.spotify.com/v1/audio-analysis/4DTpngLjoHj5gFxEZFeD3J,264532,4
135,Redbone,Childish Gambino,633809,https://open.spotify.com/track/3kxfsdsCpFgN412fpnW85Y,3kxfsdsCpFgN412fpnW85Y,0.745,0.356,1,-10.425,1,0.0941,0.172,0.00943,0.123,0.607,160.033,audio_features,3kxfsdsCpFgN412fpnW85Y,spotify:track:3kxfsdsCpFgN412fpnW85Y,https://api.spotify.com/v1/tracks/3kxfsdsCpFgN412fpnW85Y,https://api.spotify.com/v1/audio-analysis/3kxfsdsCpFgN412fpnW85Y,326933,4
136,Mistletoe,Justin Bieber,629849,https://open.spotify.com/track/32OWobmyAz8J2qA8iWekyS,32OWobmyAz8J2qA8iWekyS,0.666,0.543,6,-9.188,0,0.0446,0.511,0,0.0911,0.881,161.947,audio_features,32OWobmyAz8J2qA8iWekyS,spotify:track:32OWobmyAz8J2qA8iWekyS,https://api.spotify.com/v1/tracks/32OWobmyAz8J2qA8iWekyS,https://api.spotify.com/v1/audio-analysis/32OWobmyAz8J2qA8iWekyS,182947,4
137,Stranger Things (feat. OneRepublic),Kygo,629220,https://open.spotify.com/track/5gIRPQWULwrvIt0F6pY7ph,5gIRPQWULwrvIt0F6pY7ph,0.604,0.661,0,-5.914,1,0.0375,0.234,0,0.0951,0.506,107.016,audio_features,5gIRPQWULwrvIt0F6pY7ph,spotify:track:5gIRPQWULwrvIt0F6pY7ph,https://api.spotify.com/v1/tracks/5gIRPQWULwrvIt0F6pY7ph,https://api.spotify.com/v1/audio-analysis/5gIRPQWULwrvIt0F6pY7ph,221440,4
138,Rockin' Around The Christmas Tree - Single Version,Brenda Lee,628783,https://open.spotify.com/track/3T7dNA7O8c3Axj5WyDNcH3,3T7dNA7O8c3Axj5WyDNcH3,0.703,0.407,8,-12.155,1,0.0504,0.706,0,0.45,0.849,140.057,audio_features,3T7dNA7O8c3Axj5WyDNcH3,spotify:track:3T7dNA7O8c3Axj5WyDNcH3,https://api.spotify.com/v1/tracks/3T7dNA7O8c3Axj5WyDNcH3,https://api.spotify.com/v1/audio-analysis/3T7dNA7O8c3Axj5WyDNcH3,125827,4
139,Explícale (feat. Bad Bunny),Yandel,626872,https://open.spotify.com/track/1LszjjoVwDDZcWUQbzeDLG,1LszjjoVwDDZcWUQbzeDLG,0.808,0.69,1,-4.151,1,0.148,0.0583,0,0.103,0.64,125.086,audio_features,1LszjjoVwDDZcWUQbzeDLG,spotify:track:1LszjjoVwDDZcWUQbzeDLG,https://api.spotify.com/v1/tracks/1LszjjoVwDDZcWUQbzeDLG,https://api.spotify.com/v1/audio-analysis/1LszjjoVwDDZcWUQbzeDLG,223147,4
140,Tú Foto,Ozuna,621075,https://open.spotify.com/track/5zSOVwaY3sVjnmLhuEfsuf,5zSOVwaY3sVjnmLhuEfsuf,0.748,0.565,7,-5.895,1,0.0476,0.164,0.00169,0.103,0.812,175.92,audio_features,5zSOVwaY3sVjnmLhuEfsuf,spotify:track:5zSOVwaY3sVjnmLhuEfsuf,https://api.spotify.com/v1/tracks/5zSOVwaY3sVjnmLhuEfsuf,https://api.spotify.com/v1/audio-analysis/5zSOVwaY3sVjnmLhuEfsuf,193227,4
141,2U (feat. Justin Bieber),David Guetta,620992,https://open.spotify.com/track/3A7qX2QjDlPnazUsRk5y0M,3A7qX2QjDlPnazUsRk5y0M,0.548,0.65,8,-5.827,0,0.0591,0.219,0,0.225,0.557,144.937,audio_features,3A7qX2QjDlPnazUsRk5y0M,spotify:track:3A7qX2QjDlPnazUsRk5y0M,https://api.spotify.com/v1/tracks/3A7qX2QjDlPnazUsRk5y0M,https://api.spotify.com/v1/audio-analysis/3A7qX2QjDlPnazUsRk5y0M,194897,4
142,Santa Tell Me,Ariana Grande,616443,https://open.spotify.com/track/1ADjWm8QNhgNV8yCNNgQ1T,1ADjWm8QNhgNV8yCNNgQ1T,0.464,0.63,7,-7.337,1,0.182,0.0464,0,0.295,0.527,132.96,audio_features,1ADjWm8QNhgNV8yCNNgQ1T,spotify:track:1ADjWm8QNhgNV8yCNNgQ1T,https://api.spotify.com/v1/tracks/1ADjWm8QNhgNV8yCNNgQ1T,https://api.spotify.com/v1/audio-analysis/1ADjWm8QNhgNV8yCNNgQ1T,204093,5
143,New,Daya,615217,https://open.spotify.com/track/7y4JznkAv2W3IKw9T1o2VK,7y4JznkAv2W3IKw9T1o2VK,0.717,0.743,0,-4.337,1,0.0322,0.0473,8.81e-06,0.368,0.321,106.919,audio_features,7y4JznkAv2W3IKw9T1o2VK,spotify:track:7y4JznkAv2W3IKw9T1o2VK,https://api.spotify.com/v1/tracks/7y4JznkAv2W3IKw9T1o2VK,https://api.spotify.com/v1/audio-analysis/7y4JznkAv2W3IKw9T1o2VK,230880,4
144,No Promises (feat. Demi Lovato),Cheat Codes,614052,https://open.spotify.com/track/1louJpMmzEicAn7lzDalPW,1louJpMmzEicAn7lzDalPW,0.741,0.667,10,-5.445,1,0.134,0.0575,0,0.106,0.595,112.956,audio_features,1louJpMmzEicAn7lzDalPW,spotify:track:1louJpMmzEicAn7lzDalPW,https://api.spotify.com/v1/tracks/1louJpMmzEicAn7lzDalPW,https://api.spotify.com/v1/audio-analysis/1louJpMmzEicAn7lzDalPW,223504,4
145,Starboy,The Weeknd,607638,https://open.spotify.com/track/5aAx2yezTd8zXrkmtKl66Z,5aAx2yezTd8zXrkmtKl66Z,0.681,0.594,7,-7.028,1,0.282,0.165,3.49e-06,0.134,0.535,186.054,audio_features,5aAx2yezTd8zXrkmtKl66Z,spotify:track:5aAx2yezTd8zXrkmtKl66Z,https://api.spotify.com/v1/tracks/5aAx2yezTd8zXrkmtKl66Z,https://api.spotify.com/v1/audio-analysis/5aAx2yezTd8zXrkmtKl66Z,230453,4
146,Stay (with Alessia Cara),Zedd,602404,https://open.spotify.com/track/0dA2Mk56wEzDgegdC6R17g,0dA2Mk56wEzDgegdC6R17g,0.679,0.634,5,-5.024,0,0.0654,0.232,0,0.115,0.498,102.013,audio_features,0dA2Mk56wEzDgegdC6R17g,spotify:track:0dA2Mk56wEzDgegdC6R17g,https://api.spotify.com/v1/tracks/0dA2Mk56wEzDgegdC6R17g,https://api.spotify.com/v1/audio-analysis/0dA2Mk56wEzDgegdC6R17g,210091,4
147,Get It Right (feat. MØ),Diplo,601563,https://open.spotify.com/track/68m6iwhKElLTBaGRG1LLwE,68m6iwhKElLTBaGRG1LLwE,0.456,0.833,0,-4.242,1,0.0964,0.108,1.71e-05,0.0592,0.261,159.808,audio_features,68m6iwhKElLTBaGRG1LLwE,spotify:track:68m6iwhKElLTBaGRG1LLwE,https://api.spotify.com/v1/tracks/68m6iwhKElLTBaGRG1LLwE,https://api.spotify.com/v1/audio-analysis/68m6iwhKElLTBaGRG1LLwE,172500,4
148,It's the Most Wonderful Time of the Year,Andy Williams,599768,https://open.spotify.com/track/5hslUAKq9I9CG2bAulFkHN,5hslUAKq9I9CG2bAulFkHN,0.24,0.598,7,-8.435,1,0.0369,0.766,0,0.117,0.776,201.629,audio_features,5hslUAKq9I9CG2bAulFkHN,spotify:track:5hslUAKq9I9CG2bAulFkHN,https://api.spotify.com/v1/tracks/5hslUAKq9I9CG2bAulFkHN,https://api.spotify.com/v1/audio-analysis/5hslUAKq9I9CG2bAulFkHN,151933,3
149,Drowning (feat. Kodak Black),A Boogie Wit da Hoodie,597310,https://open.spotify.com/track/1f5cbQtDrykjarZVrShaDI,1f5cbQtDrykjarZVrShaDI,0.839,0.81,5,-5.274,0,0.0568,0.501,0,0.117,0.814,129.014,audio_features,1f5cbQtDrykjarZVrShaDI,spotify:track:1f5cbQtDrykjarZVrShaDI,https://api.spotify.com/v1/tracks/1f5cbQtDrykjarZVrShaDI,https://api.spotify.com/v1/audio-analysis/1f5cbQtDrykjarZVrShaDI,209269,4
150,Was du Liebe nennst,Bausa,596861,https://open.spotify.com/track/4hKWUzhQWsOkgT6LnDEASe,4hKWUzhQWsOkgT6LnDEASe,0.874,0.487,2,-8.154,1,0.0641,0.393,2.96e-05,0.0524,0.746,144.956,audio_features,4hKWUzhQWsOkgT6LnDEASe,spotify:track:4hKWUzhQWsOkgT6LnDEASe,https://api.spotify.com/v1/tracks/4hKWUzhQWsOkgT6LnDEASe,https://api.spotify.com/v1/audio-analysis/4hKWUzhQWsOkgT6LnDEASe,203630,4
151,Pretty Girl - Cheat Codes X CADE Remix,Maggie Lindemann,594930,https://open.spotify.com/track/1NDxZ7cFAo481dtYWdrUnR,1NDxZ7cFAo481dtYWdrUnR,0.703,0.868,7,-4.661,0,0.0291,0.15,0.132,0.104,0.733,121.03,audio_features,1NDxZ7cFAo481dtYWdrUnR,spotify:track:1NDxZ7cFAo481dtYWdrUnR,https://api.spotify.com/v1/tracks/1NDxZ7cFAo481dtYWdrUnR,https://api.spotify.com/v1/audio-analysis/1NDxZ7cFAo481dtYWdrUnR,193613,4
152,One Dance,Drake,591394,https://open.spotify.com/track/1xznGGDReH1oQq0xzbwXa3,1xznGGDReH1oQq0xzbwXa3,0.791,0.619,1,-5.886,1,0.0532,0.00784,0.00423,0.351,0.371,103.989,audio_features,1xznGGDReH1oQq0xzbwXa3,spotify:track:1xznGGDReH1oQq0xzbwXa3,https://api.spotify.com/v1/tracks/1xznGGDReH1oQq0xzbwXa3,https://api.spotify.com/v1/audio-analysis/1xznGGDReH1oQq0xzbwXa3,173987,4
153,...Ready For It?,Taylor Swift,587871,https://open.spotify.com/track/19WjVVgXjdKXfLXoaDPwTM,19WjVVgXjdKXfLXoaDPwTM,0.616,0.77,2,-6.5,1,0.142,0.0573,0,0.159,0.412,160.049,audio_features,19WjVVgXjdKXfLXoaDPwTM,spotify:track:19WjVVgXjdKXfLXoaDPwTM,https://api.spotify.com/v1/tracks/19WjVVgXjdKXfLXoaDPwTM,https://api.spotify.com/v1/audio-analysis/19WjVVgXjdKXfLXoaDPwTM,208198,4
154,Issues,Julia Michaels,585980,https://open.spotify.com/track/6D0b04NJIKfEMg040WioJQ,6D0b04NJIKfEMg040WioJQ,0.706,0.427,8,-6.864,1,0.0879,0.413,0,0.0609,0.42,113.804,audio_features,6D0b04NJIKfEMg040WioJQ,spotify:track:6D0b04NJIKfEMg040WioJQ,https://api.spotify.com/v1/tracks/6D0b04NJIKfEMg040WioJQ,https://api.spotify.com/v1/audio-analysis/6D0b04NJIKfEMg040WioJQ,176320,4
155,El Farsante,Ozuna,583919,https://open.spotify.com/track/5EId1m4DNwTf3at31w8bPJ,5EId1m4DNwTf3at31w8bPJ,0.735,0.703,6,-4.249,1,0.0611,0.2,0,0.259,0.323,120.007,audio_features,5EId1m4DNwTf3at31w8bPJ,spotify:track:5EId1m4DNwTf3at31w8bPJ,https://api.spotify.com/v1/tracks/5EId1m4DNwTf3at31w8bPJ,https://api.spotify.com/v1/audio-analysis/5EId1m4DNwTf3at31w8bPJ,233827,4
156,Como Antes (feat. Wisin),Yandel,582846,https://open.spotify.com/track/5YzA563GXTuwQaRq24z1k5,5YzA563GXTuwQaRq24z1k5,0.813,0.876,1,-4.278,0,0.172,0.182,0,0.394,0.746,94.987,audio_features,5YzA563GXTuwQaRq24z1k5,spotify:track:5YzA563GXTuwQaRq24z1k5,https://api.spotify.com/v1/tracks/5YzA563GXTuwQaRq24z1k5,https://api.spotify.com/v1/audio-analysis/5YzA563GXTuwQaRq24z1k5,210773,4
157,Everybody Dies In Their Nightmares,XXXTENTACION,575656,https://open.spotify.com/track/3GVkPk8mqxz0itaAriG1L7,3GVkPk8mqxz0itaAriG1L7,0.734,0.57,7,-7.066,0,0.133,0.847,2.14e-05,0.112,0.689,129.953,audio_features,3GVkPk8mqxz0itaAriG1L7,spotify:track:3GVkPk8mqxz0itaAriG1L7,https://api.spotify.com/v1/tracks/3GVkPk8mqxz0itaAriG1L7,https://api.spotify.com/v1/audio-analysis/3GVkPk8mqxz0itaAriG1L7,95467,4
158,DNA.,Kendrick Lamar,572233,https://open.spotify.com/track/6HZILIRieu8S0iqY8kIKhj,6HZILIRieu8S0iqY8kIKhj,0.638,0.523,1,-6.664,1,0.357,0.00454,0,0.0842,0.422,139.913,audio_features,6HZILIRieu8S0iqY8kIKhj,spotify:track:6HZILIRieu8S0iqY8kIKhj,https://api.spotify.com/v1/tracks/6HZILIRieu8S0iqY8kIKhj,https://api.spotify.com/v1/audio-analysis/6HZILIRieu8S0iqY8kIKhj,185947,4
159,Happier,Ed Sheeran,566506,https://open.spotify.com/track/2RttW7RAu5nOAfq6YFvApB,2RttW7RAu5nOAfq6YFvApB,0.522,0.385,0,-7.355,1,0.0288,0.536,0,0.135,0.236,89.792,audio_features,2RttW7RAu5nOAfq6YFvApB,spotify:track:2RttW7RAu5nOAfq6YFvApB,https://api.spotify.com/v1/tracks/2RttW7RAu5nOAfq6YFvApB,https://api.spotify.com/v1/audio-analysis/2RttW7RAu5nOAfq6YFvApB,207520,4
160,There for You,Martin Garrix,563249,https://open.spotify.com/track/6jA8HL9i4QGzsj6fjoxp8Y,6jA8HL9i4QGzsj6fjoxp8Y,0.611,0.644,6,-7.607,0,0.0553,0.124,0,0.124,0.13,105.969,audio_features,6jA8HL9i4QGzsj6fjoxp8Y,spotify:track:6jA8HL9i4QGzsj6fjoxp8Y,https://api.spotify.com/v1/tracks/6jA8HL9i4QGzsj6fjoxp8Y,https://api.spotify.com/v1/audio-analysis/6jA8HL9i4QGzsj6fjoxp8Y,221904,4
161,GPS (feat. French Montana),Maluma,554304,https://open.spotify.com/track/3t6j6WNv2OSn6qm5Vxynub,3t6j6WNv2OSn6qm5Vxynub,0.841,0.629,4,-3.033,0,0.114,0.188,0,0.346,0.676,143.949,audio_features,3t6j6WNv2OSn6qm5Vxynub,spotify:track:3t6j6WNv2OSn6qm5Vxynub,https://api.spotify.com/v1/tracks/3t6j6WNv2OSn6qm5Vxynub,https://api.spotify.com/v1/audio-analysis/3t6j6WNv2OSn6qm5Vxynub,216307,4
162,"Lose Yourself - From ""8 Mile"" Soundtrack",Eminem,553412,https://open.spotify.com/track/7w9bgPAmPTtrkt2v16QWvQ,7w9bgPAmPTtrkt2v16QWvQ,0.701,0.728,2,-4.554,1,0.255,0.00971,0.00115,0.361,0.0591,171.388,audio_features,7w9bgPAmPTtrkt2v16QWvQ,spotify:track:7w9bgPAmPTtrkt2v16QWvQ,https://api.spotify.com/v1/tracks/7w9bgPAmPTtrkt2v16QWvQ,https://api.spotify.com/v1/audio-analysis/7w9bgPAmPTtrkt2v16QWvQ,326467,4
163,Hey DJ,CNCO,551469,https://open.spotify.com/track/209gZgcfLq2aUuu51vOWBl,209gZgcfLq2aUuu51vOWBl,0.792,0.819,5,-5.418,1,0.0867,0.0309,0,0.389,0.433,89.98,audio_features,209gZgcfLq2aUuu51vOWBl,spotify:track:209gZgcfLq2aUuu51vOWBl,https://api.spotify.com/v1/tracks/209gZgcfLq2aUuu51vOWBl,https://api.spotify.com/v1/audio-analysis/209gZgcfLq2aUuu51vOWBl,205520,4
164,Lemon,N.E.R.D,547821,https://open.spotify.com/track/6tUgfsOa8PLkoede5nOR7D,6tUgfsOa8PLkoede5nOR7D,0.919,0.73,1,-6.581,1,0.088,0.00194,8.51e-05,0.101,0.189,95.044,audio_features,6tUgfsOa8PLkoede5nOR7D,spotify:track:6tUgfsOa8PLkoede5nOR7D,https://api.spotify.com/v1/tracks/6tUgfsOa8PLkoede5nOR7D,https://api.spotify.com/v1/audio-analysis/6tUgfsOa8PLkoede5nOR7D,219880,4
165,Scared to Be Lonely,Martin Garrix,543356,https://open.spotify.com/track/3ebXMykcMXOcLeJ9xZ17XH,3ebXMykcMXOcLeJ9xZ17XH,0.584,0.54,1,-7.786,0,0.0576,0.0895,0,0.261,0.195,137.972,audio_features,3ebXMykcMXOcLeJ9xZ17XH,spotify:track:3ebXMykcMXOcLeJ9xZ17XH,https://api.spotify.com/v1/tracks/3ebXMykcMXOcLeJ9xZ17XH,https://api.spotify.com/v1/audio-analysis/3ebXMykcMXOcLeJ9xZ17XH,220883,4
166,Look At Me!,XXXTENTACION,541007,https://open.spotify.com/track/7floNISpH8VF4z4459Qo18,7floNISpH8VF4z4459Qo18,0.763,0.726,1,-6.405,1,0.282,0.259,0,0.0976,0.349,139.059,audio_features,7floNISpH8VF4z4459Qo18,spotify:track:7floNISpH8VF4z4459Qo18,https://api.spotify.com/v1/tracks/7floNISpH8VF4z4459Qo18,https://api.spotify.com/v1/audio-analysis/7floNISpH8VF4z4459Qo18,126346,4
167,I Feel It Coming,The Weeknd,538102,https://open.spotify.com/track/5GXAXm5YOmYT0kL5jHvYBt,5GXAXm5YOmYT0kL5jHvYBt,0.773,0.819,0,-5.946,0,0.118,0.426,0,0.0679,0.585,92.99,audio_features,5GXAXm5YOmYT0kL5jHvYBt,spotify:track:5GXAXm5YOmYT0kL5jHvYBt,https://api.spotify.com/v1/tracks/5GXAXm5YOmYT0kL5jHvYBt,https://api.spotify.com/v1/audio-analysis/5GXAXm5YOmYT0kL5jHvYBt,269187,4
168,Rake It Up (feat. Nicki Minaj),Yo Gotti,537341,https://open.spotify.com/track/4knL4iPxPOZjQzTUlELGSY,4knL4iPxPOZjQzTUlELGSY,0.91,0.444,1,-8.126,0,0.344,0.022,0,0.137,0.53,149.953,audio_features,4knL4iPxPOZjQzTUlELGSY,spotify:track:4knL4iPxPOZjQzTUlELGSY,https://api.spotify.com/v1/tracks/4knL4iPxPOZjQzTUlELGSY,https://api.spotify.com/v1/audio-analysis/4knL4iPxPOZjQzTUlELGSY,276333,4
169,Sky Walker (feat. Travis Scott),Miguel,536689,https://open.spotify.com/track/1DRW9bQzt2SE8f7H4KJZyL,1DRW9bQzt2SE8f7H4KJZyL,0.629,0.717,6,-5.706,1,0.0638,0.0876,0,0.358,0.129,145.959,audio_features,1DRW9bQzt2SE8f7H4KJZyL,spotify:track:1DRW9bQzt2SE8f7H4KJZyL,https://api.spotify.com/v1/tracks/1DRW9bQzt2SE8f7H4KJZyL,https://api.spotify.com/v1/audio-analysis/1DRW9bQzt2SE8f7H4KJZyL,260077,4
170,Passionfruit,Drake,534460,https://open.spotify.com/track/7hDc8b7IXETo14hHIHdnhd,7hDc8b7IXETo14hHIHdnhd,0.809,0.463,11,-11.377,1,0.0396,0.256,0.085,0.109,0.364,111.98,audio_features,7hDc8b7IXETo14hHIHdnhd,spotify:track:7hDc8b7IXETo14hHIHdnhd,https://api.spotify.com/v1/tracks/7hDc8b7IXETo14hHIHdnhd,https://api.spotify.com/v1/audio-analysis/7hDc8b7IXETo14hHIHdnhd,298941,4
171,New Freezer (feat. Kendrick Lamar),Rich The Kid,530405,https://open.spotify.com/track/4pYZLpX23Vx8rwDpJCpPTA,4pYZLpX23Vx8rwDpJCpPTA,0.888,0.664,0,-10.13,1,0.341,0.0424,0,0.0734,0.53,140.012,audio_features,4pYZLpX23Vx8rwDpJCpPTA,spotify:track:4pYZLpX23Vx8rwDpJCpPTA,https://api.spotify.com/v1/tracks/4pYZLpX23Vx8rwDpJCpPTA,https://api.spotify.com/v1/audio-analysis/4pYZLpX23Vx8rwDpJCpPTA,193173,4
172,GUMMO,6ix9ine,527440,https://open.spotify.com/track/2vjmyyAnDUzilFYxOlTdO1,2vjmyyAnDUzilFYxOlTdO1,0.66,0.775,2,-4.926,1,0.172,0.0553,0,0.129,0.635,157.036,audio_features,2vjmyyAnDUzilFYxOlTdO1,spotify:track:2vjmyyAnDUzilFYxOlTdO1,https://api.spotify.com/v1/tracks/2vjmyyAnDUzilFYxOlTdO1,https://api.spotify.com/v1/audio-analysis/2vjmyyAnDUzilFYxOlTdO1,157643,4
173,Rubbin Off The Paint,YBN Nahmir,523764,https://open.spotify.com/track/0taOCiup4HNG9LmbduVlJj,0taOCiup4HNG9LmbduVlJj,0.721,0.711,7,-9.294,1,0.293,0.000662,0,0.347,0.511,107.998,audio_features,0taOCiup4HNG9LmbduVlJj,spotify:track:0taOCiup4HNG9LmbduVlJj,https://api.spotify.com/v1/tracks/0taOCiup4HNG9LmbduVlJj,https://api.spotify.com/v1/audio-analysis/0taOCiup4HNG9LmbduVlJj,156057,5
174,Sign of the Times,Harry Styles,523441,https://open.spotify.com/track/5Ohxk2dO5COHF1krpoPigN,5Ohxk2dO5COHF1krpoPigN,0.516,0.595,5,-4.63,1,0.0313,0.0275,0,0.109,0.222,119.972,audio_features,5Ohxk2dO5COHF1krpoPigN,spotify:track:5Ohxk2dO5COHF1krpoPigN,https://api.spotify.com/v1/tracks/5Ohxk2dO5COHF1krpoPigN,https://api.spotify.com/v1/audio-analysis/5Ohxk2dO5COHF1krpoPigN,340707,4
175,Do They Know It's Christmas? - 1984 Version,Band Aid,520527,https://open.spotify.com/track/1hvpDAxZPKjKztOc72sv06,1hvpDAxZPKjKztOc72sv06,0.599,0.642,0,-6.936,1,0.0363,0.164,3.33e-05,0.0992,0.349,115.412,audio_features,1hvpDAxZPKjKztOc72sv06,spotify:track:1hvpDAxZPKjKztOc72sv06,https://api.spotify.com/v1/tracks/1hvpDAxZPKjKztOc72sv06,https://api.spotify.com/v1/audio-analysis/1hvpDAxZPKjKztOc72sv06,222533,4
176,Fetish (feat. Gucci Mane),Selena Gomez,517785,https://open.spotify.com/track/0XLOf9LhyazPX9Ld8jPiUq,0XLOf9LhyazPX9Ld8jPiUq,0.708,0.61,2,-4.522,1,0.0574,0.0204,4.45e-06,0.0641,0.305,123.038,audio_features,0XLOf9LhyazPX9Ld8jPiUq,spotify:track:0XLOf9LhyazPX9Ld8jPiUq,https://api.spotify.com/v1/tracks/0XLOf9LhyazPX9Ld8jPiUq,https://api.spotify.com/v1/audio-analysis/0XLOf9LhyazPX9Ld8jPiUq,186113,4
177,Rockabye (feat. Sean Paul & Anne-Marie),Clean Bandit,512205,https://open.spotify.com/track/5knuzwU65gJK7IF5yJsuaW,5knuzwU65gJK7IF5yJsuaW,0.72,0.763,9,-4.068,0,0.0523,0.406,0,0.18,0.742,101.965,audio_features,5knuzwU65gJK7IF5yJsuaW,spotify:track:5knuzwU65gJK7IF5yJsuaW,https://api.spotify.com/v1/tracks/5knuzwU65gJK7IF5yJsuaW,https://api.spotify.com/v1/audio-analysis/5knuzwU65gJK7IF5yJsuaW,251088,4
178,All Night,Steve Aoki,511263,https://open.spotify.com/track/5mAxA6Q1SIym6dPNiFLUyd,5mAxA6Q1SIym6dPNiFLUyd,0.545,0.865,6,-2.601,0,0.0522,0.0724,4.79e-06,0.919,0.332,89.992,audio_features,5mAxA6Q1SIym6dPNiFLUyd,spotify:track:5mAxA6Q1SIym6dPNiFLUyd,https://api.spotify.com/v1/tracks/5mAxA6Q1SIym6dPNiFLUyd,https://api.spotify.com/v1/audio-analysis/5mAxA6Q1SIym6dPNiFLUyd,205333,4
179,The Scientist,Coldplay,510650,https://open.spotify.com/track/75JFxkI2RXiU7L9VXzMkle,75JFxkI2RXiU7L9VXzMkle,0.557,0.442,5,-7.224,1,0.0243,0.731,1.46e-05,0.11,0.213,146.277,audio_features,75JFxkI2RXiU7L9VXzMkle,spotify:track:75JFxkI2RXiU7L9VXzMkle,https://api.spotify.com/v1/tracks/75JFxkI2RXiU7L9VXzMkle,https://api.spotify.com/v1/audio-analysis/75JFxkI2RXiU7L9VXzMkle,309600,4
180,Loco Enamorado,Abraham Mateo,506920,https://open.spotify.com/track/4N1c5rmWOzRmB9SMacr5wB,4N1c5rmWOzRmB9SMacr5wB,0.69,0.872,11,-2.984,0,0.0588,0.226,0,0.0858,0.731,94.0,audio_features,4N1c5rmWOzRmB9SMacr5wB,spotify:track:4N1c5rmWOzRmB9SMacr5wB,https://api.spotify.com/v1/tracks/4N1c5rmWOzRmB9SMacr5wB,https://api.spotify.com/v1/audio-analysis/4N1c5rmWOzRmB9SMacr5wB,252200,4
181,The Race,22 Savage,503949,https://open.spotify.com/track/0UioblV1x795s55Ur58c6c,0UioblV1x795s55Ur58c6c,0.788,0.556,9,-7.655,1,0.345,0.019,0,0.217,0.481,80.012,audio_features,0UioblV1x795s55Ur58c6c,spotify:track:0UioblV1x795s55Ur58c6c,https://api.spotify.com/v1/tracks/0UioblV1x795s55Ur58c6c,https://api.spotify.com/v1/audio-analysis/0UioblV1x795s55Ur58c6c,141009,4
182,We Don't Talk Anymore (feat. Selena Gomez),Charlie Puth,500225,https://open.spotify.com/track/68EMU2RD1ECNeOeJ5qAXCV,68EMU2RD1ECNeOeJ5qAXCV,0.728,0.563,1,-8.053,0,0.134,0.621,0,0.179,0.352,100.017,audio_features,68EMU2RD1ECNeOeJ5qAXCV,spotify:track:68EMU2RD1ECNeOeJ5qAXCV,https://api.spotify.com/v1/tracks/68EMU2RD1ECNeOeJ5qAXCV,https://api.spotify.com/v1/audio-analysis/68EMU2RD1ECNeOeJ5qAXCV,217707,4
183,Stay With Me,Sam Smith,499697,https://open.spotify.com/track/5Db9VIdDsN5yu3Eu7CT0i4,5Db9VIdDsN5yu3Eu7CT0i4,0.479,0.419,0,-6.517,1,0.0389,0.568,0.000217,0.11,0.186,85.014,audio_features,5Db9VIdDsN5yu3Eu7CT0i4,spotify:track:5Db9VIdDsN5yu3Eu7CT0i4,https://api.spotify.com/v1/tracks/5Db9VIdDsN5yu3Eu7CT0i4,https://api.spotify.com/v1/audio-analysis/5Db9VIdDsN5yu3Eu7CT0i4,172724,4
184,Castle on the Hill,Ed Sheeran,499618,https://open.spotify.com/track/6PCUP3dWmTjcTtXY02oFdT,6PCUP3dWmTjcTtXY02oFdT,0.461,0.834,2,-4.868,1,0.0989,0.0232,1.14e-05,0.14,0.471,135.007,audio_features,6PCUP3dWmTjcTtXY02oFdT,spotify:track:6PCUP3dWmTjcTtXY02oFdT,https://api.spotify.com/v1/tracks/6PCUP3dWmTjcTtXY02oFdT,https://api.spotify.com/v1/audio-analysis/6PCUP3dWmTjcTtXY02oFdT,261154,4
185,'Till I Collapse,Eminem,499455,https://open.spotify.com/track/6yr8GiTHWvFfi4o6Q5ebdT,6yr8GiTHWvFfi4o6Q5ebdT,0.551,0.851,1,-3.277,1,0.197,0.0748,0,0.0784,0.1,171.411,audio_features,6yr8GiTHWvFfi4o6Q5ebdT,spotify:track:6yr8GiTHWvFfi4o6Q5ebdT,https://api.spotify.com/v1/tracks/6yr8GiTHWvFfi4o6Q5ebdT,https://api.spotify.com/v1/audio-analysis/6yr8GiTHWvFfi4o6Q5ebdT,297893,4
186,"Pills & Automobiles (feat. Yo Gotti, A Boogie Wit Da Hoodie & Kodak Black)",Chris Brown,498636,https://open.spotify.com/track/5gx2E5aIXMRBellPZW1up5,5gx2E5aIXMRBellPZW1up5,0.82,0.696,7,-4.918,0,0.182,0.119,0,0.232,0.617,144.981,audio_features,5gx2E5aIXMRBellPZW1up5,spotify:track:5gx2E5aIXMRBellPZW1up5,https://api.spotify.com/v1/tracks/5gx2E5aIXMRBellPZW1up5,https://api.spotify.com/v1/audio-analysis/5gx2E5aIXMRBellPZW1up5,293435,4
187,The Way Life Goes (feat. Nicki Minaj & Oh Wonder) - Remix,Lil Uzi Vert,492008,https://open.spotify.com/track/6GNifiuBPrKFpwNBYnooFm,6GNifiuBPrKFpwNBYnooFm,0.749,0.671,6,-5.151,1,0.0599,0.68,0,0.167,0.756,81.994,audio_features,6GNifiuBPrKFpwNBYnooFm,spotify:track:6GNifiuBPrKFpwNBYnooFm,https://api.spotify.com/v1/tracks/6GNifiuBPrKFpwNBYnooFm,https://api.spotify.com/v1/audio-analysis/6GNifiuBPrKFpwNBYnooFm,268864,4
188,Jingle Bell Rock,Anita Kerr Singers,489852,https://open.spotify.com/track/4IdXngKo4g5exqZ0fQTecu,4IdXngKo4g5exqZ0fQTecu,0.741,0.326,2,-12.045,1,0.0395,0.918,0,0.0658,0.751,120.992,audio_features,4IdXngKo4g5exqZ0fQTecu,spotify:track:4IdXngKo4g5exqZ0fQTecu,https://api.spotify.com/v1/tracks/4IdXngKo4g5exqZ0fQTecu,https://api.spotify.com/v1/audio-analysis/4IdXngKo4g5exqZ0fQTecu,130267,4
189,Icon,Jaden,488839,https://open.spotify.com/track/22nyEAEM29tcBRhukR089b,22nyEAEM29tcBRhukR089b,0.786,0.82,9,-5.093,0,0.232,0.222,0,0.575,0.49,119.982,audio_features,22nyEAEM29tcBRhukR089b,spotify:track:22nyEAEM29tcBRhukR089b,https://api.spotify.com/v1/tracks/22nyEAEM29tcBRhukR089b,https://api.spotify.com/v1/audio-analysis/22nyEAEM29tcBRhukR089b,220996,4
190,"Sola (Remix) [feat. Daddy Yankee, Wisin, Farruko, Zion & Lennox]",Anuel AA,486190,https://open.spotify.com/track/5q2JbCNi4FcnglgPfxcV65,5q2JbCNi4FcnglgPfxcV65,0.639,0.869,11,-4.024,1,0.147,0.27,0,0.0802,0.767,169.801,audio_features,5q2JbCNi4FcnglgPfxcV65,spotify:track:5q2JbCNi4FcnglgPfxcV65,https://api.spotify.com/v1/tracks/5q2JbCNi4FcnglgPfxcV65,https://api.spotify.com/v1/audio-analysis/5q2JbCNi4FcnglgPfxcV65,307910,4
191,Love Yourself,Justin Bieber,486001,https://open.spotify.com/track/3hB5DgAiMAQ4DzYbsMq1IT,3hB5DgAiMAQ4DzYbsMq1IT,0.609,0.378,4,-9.828,1,0.438,0.835,0,0.28,0.515,100.418,audio_features,3hB5DgAiMAQ4DzYbsMq1IT,spotify:track:3hB5DgAiMAQ4DzYbsMq1IT,https://api.spotify.com/v1/tracks/3hB5DgAiMAQ4DzYbsMq1IT,https://api.spotify.com/v1/audio-analysis/3hB5DgAiMAQ4DzYbsMq1IT,233720,4
192,Wonderwall - Remastered,Oasis,481466,https://open.spotify.com/track/5qqabIl2vWzo9ApSC317sa,5qqabIl2vWzo9ApSC317sa,0.378,0.896,2,-4.066,1,0.0407,0.000452,0,0.194,0.469,174.302,audio_features,5qqabIl2vWzo9ApSC317sa,spotify:track:5qqabIl2vWzo9ApSC317sa,https://api.spotify.com/v1/tracks/5qqabIl2vWzo9ApSC317sa,https://api.spotify.com/v1/audio-analysis/5qqabIl2vWzo9ApSC317sa,258773,4
193,Relationship (feat. Future),Young Thug,480463,https://open.spotify.com/track/25oOaleife6E2MIKmFkPvg,25oOaleife6E2MIKmFkPvg,0.842,0.597,2,-6.336,1,0.0627,0.00252,0,0.124,0.298,145.992,audio_features,25oOaleife6E2MIKmFkPvg,spotify:track:25oOaleife6E2MIKmFkPvg,https://api.spotify.com/v1/tracks/25oOaleife6E2MIKmFkPvg,https://api.spotify.com/v1/audio-analysis/25oOaleife6E2MIKmFkPvg,215307,4
194,Mr. Brightside,The Killers,479105,https://open.spotify.com/track/7oK9VyNzrYvRFo7nQEYkWN,7oK9VyNzrYvRFo7nQEYkWN,0.356,0.924,1,-3.74,1,0.0808,0.00101,0,0.0953,0.232,148.017,audio_features,7oK9VyNzrYvRFo7nQEYkWN,spotify:track:7oK9VyNzrYvRFo7nQEYkWN,https://api.spotify.com/v1/tracks/7oK9VyNzrYvRFo7nQEYkWN,https://api.spotify.com/v1/audio-analysis/7oK9VyNzrYvRFo7nQEYkWN,222587,4
195,Most Girls,Hailee Steinfeld,478034,https://open.spotify.com/track/2mfUa8bLs2s5N4VaqJZ4lZ,2mfUa8bLs2s5N4VaqJZ4lZ,0.755,0.57,9,-7.132,1,0.0888,0.0416,0,0.0891,0.406,102.991,audio_features,2mfUa8bLs2s5N4VaqJZ4lZ,spotify:track:2mfUa8bLs2s5N4VaqJZ4lZ,https://api.spotify.com/v1/tracks/2mfUa8bLs2s5N4VaqJZ4lZ,https://api.spotify.com/v1/audio-analysis/2mfUa8bLs2s5N4VaqJZ4lZ,204400,4
196,Body Like A Back Road,Sam Hunt,475728,https://open.spotify.com/track/7mldq42yDuxiUNn08nvzHO,7mldq42yDuxiUNn08nvzHO,0.732,0.458,5,-7.225,1,0.0311,0.447,0,0.136,0.661,98.938,audio_features,7mldq42yDuxiUNn08nvzHO,spotify:track:7mldq42yDuxiUNn08nvzHO,https://api.spotify.com/v1/tracks/7mldq42yDuxiUNn08nvzHO,https://api.spotify.com/v1/audio-analysis/7mldq42yDuxiUNn08nvzHO,165387,4
197,Save That Shit,Lil Peep,475127,https://open.spotify.com/track/6sn8WaooLLVhQvU96wtEAm,6sn8WaooLLVhQvU96wtEAm,0.534,0.583,2,-8.672,1,0.0288,0.0262,0,0.421,0.145,105.997,audio_features,6sn8WaooLLVhQvU96wtEAm,spotify:track:6sn8WaooLLVhQvU96wtEAm,https://api.spotify.com/v1/tracks/6sn8WaooLLVhQvU96wtEAm,https://api.spotify.com/v1/audio-analysis/6sn8WaooLLVhQvU96wtEAm,231547,4
198,Bad and Boujee (feat. Lil Uzi Vert),Migos,473974,https://open.spotify.com/track/4Km5HrUvYTaSUfiSGPJeQR,4Km5HrUvYTaSUfiSGPJeQR,0.927,0.665,11,-5.313,1,0.244,0.061,0,0.123,0.175,127.076,audio_features,4Km5HrUvYTaSUfiSGPJeQR,spotify:track:4Km5HrUvYTaSUfiSGPJeQR,https://api.spotify.com/v1/tracks/4Km5HrUvYTaSUfiSGPJeQR,https://api.spotify.com/v1/audio-analysis/4Km5HrUvYTaSUfiSGPJeQR,343150,4
199,24K Magic,Bruno Mars,472776,https://open.spotify.com/track/6b8Be6ljOzmkOmFslEb23P,6b8Be6ljOzmkOmFslEb23P,0.818,0.803,1,-4.282,1,0.0797,0.034,0,0.153,0.632,106.97,audio_features,6b8Be6ljOzmkOmFslEb23P,spotify:track:6b8Be6ljOzmkOmFslEb23P,https://api.spotify.com/v1/tracks/6b8Be6ljOzmkOmFslEb23P,https://api.spotify.com/v1/audio-analysis/6b8Be6ljOzmkOmFslEb23P,225983,4
200,Magnolia,Playboi Carti,472144,https://open.spotify.com/track/1e1JKLEDKP7hEQzJfNAgPl,1e1JKLEDKP7hEQzJfNAgPl,0.791,0.582,11,-7.323,0,0.286,0.0114,0,0.35,0.443,162.991,audio_features,1e1JKLEDKP7hEQzJfNAgPl,spotify:track:1e1JKLEDKP7hEQzJfNAgPl,https://api.spotify.com/v1/tracks/1e1JKLEDKP7hEQzJfNAgPl,https://api.spotify.com/v1/audio-analysis/1e1JKLEDKP7hEQzJfNAgPl,181812,4
