Position,Track Name,Artist,Streams,URL,trackID,danceability,energy,key,loudness,mode,speechiness,acousticness,instrumentalness,liveness,valence,tempo,type,id,uri,track_href,analysis_url,duration_ms,time_signature
1,Mi Gente,J Balvin,4572171,https://open.spotify.com/track/2rb5MvYT7ZIxbKW5hfcHx8,2rb5MvYT7ZIxbKW5hfcHx8,0.543,0.677,11,-4.915,0,0.0993,0.0148,6.21e-06,0.13,0.294,103.809,audio_features,2rb5MvYT7ZIxbKW5hfcHx8,spotify:track:2rb5MvYT7ZIxbKW5hfcHx8,https://api.spotify.com/v1/tracks/2rb5MvYT7ZIxbKW5hfcHx8,https://api.spotify.com/v1/audio-analysis/2rb5MvYT7ZIxbKW5hfcHx8,189440,4
2,Despacito - Remix,Luis Fonsi,3856674,https://open.spotify.com/track/5CtI0qwDJkDQGwXD1H1cLb,5CtI0qwDJkDQGwXD1H1cLb,0.694,0.815,2,-4.328,1,0.12,0.229,0,0.0924,0.813,88.931,audio_features,5CtI0qwDJkDQGwXD1H1cLb,spotify:track:5CtI0qwDJkDQGwXD1H1cLb,https://api.spotify.com/v1/tracks/5CtI0qwDJkDQGwXD1H1cLb,https://api.spotify.com/v1/audio-analysis/5CtI0qwDJkDQGwXD1H1cLb,228827,4
3,Wild Thoughts (feat. Rihanna & Bryson Tiller),DJ Khaled,3594464,https://open.spotify.com/track/1OAh8uOEOvTDqkKFsKksCi,1OAh8uOEOvTDqkKFsKksCi,0.671,0.672,0,-3.094,0,0.0688,0.0329,0,0.118,0.632,97.979,audio_features,1OAh8uOEOvTDqkKFsKksCi,spotify:track:1OAh8uOEOvTDqkKFsKksCi,https://api.spotify.com/v1/tracks/1OAh8uOEOvTDqkKFsKksCi,https://api.spotify.com/v1/audio-analysis/1OAh8uOEOvTDqkKFsKksCi,204173,4
4,Unforgettable,French Montana,3392074,https://open.spotify.com/track/3B54sVLJ402zGa6Xm4YGNe,3B54sVLJ402zGa6Xm4YGNe,0.726,0.769,6,-5.043,1,0.123,0.0293,0.0101,0.104,0.733,97.985,audio_features,3B54sVLJ402zGa6Xm4YGNe,spotify:track:3B54sVLJ402zGa6Xm4YGNe,https://api.spotify.com/v1/tracks/3B54sVLJ402zGa6Xm4YGNe,https://api.spotify.com/v1/audio-analysis/3B54sVLJ402zGa6Xm4YGNe,233902,4
5,"Feels (feat. Pharrell Williams, Katy Perry & Big Sean)",Calvin Harris,3322064,https://open.spotify.com/track/5bcTCxgc7xVfSaMV3RuVke,5bcTCxgc7xVfSaMV3RuVke,0.893,0.745,11,-3.105,0,0.0571,0.0642,0,0.0943,0.872,101.018,audio_features,5bcTCxgc7xVfSaMV3RuVke,spotify:track:5bcTCxgc7xVfSaMV3RuVke,https://api.spotify.com/v1/tracks/5bcTCxgc7xVfSaMV3RuVke,https://api.spotify.com/v1/audio-analysis/5bcTCxgc7xVfSaMV3RuVke,223413,4
6,2U (feat. Justin Bieber),David Guetta,3054299,https://open.spotify.com/track/3A7qX2QjDlPnazUsRk5y0M,3A7qX2QjDlPnazUsRk5y0M,0.548,0.65,8,-5.827,0,0.0591,0.219,0,0.225,0.557,144.937,audio_features,3A7qX2QjDlPnazUsRk5y0M,spotify:track:3A7qX2QjDlPnazUsRk5y0M,https://api.spotify.com/v1/tracks/3A7qX2QjDlPnazUsRk5y0M,https://api.spotify.com/v1/audio-analysis/3A7qX2QjDlPnazUsRk5y0M,194897,4
7,Attention,Charlie Puth,2904755,https://open.spotify.com/track/4iLqG9SeJSnt0cSPICSjxv,4iLqG9SeJSnt0cSPICSjxv,0.774,0.626,3,-4.432,0,0.0432,0.0969,3.12e-05,0.0848,0.777,100.041,audio_features,4iLqG9SeJSnt0cSPICSjxv,spotify:track:4iLqG9SeJSnt0cSPICSjxv,https://api.spotify.com/v1/tracks/4iLqG9SeJSnt0cSPICSjxv,https://api.spotify.com/v1/audio-analysis/4iLqG9SeJSnt0cSPICSjxv,211475,4
8,"I'm the One (feat. Justin Bieber, Quavo, Chance the Rapper & Lil Wayne)",DJ Khaled,2902122,https://open.spotify.com/track/3DXncPQOG4VBw3QHh3S817,3DXncPQOG4VBw3QHh3S817,0.609,0.668,7,-4.284,1,0.0367,0.0552,0,0.167,0.811,80.924,audio_features,3DXncPQOG4VBw3QHh3S817,spotify:track:3DXncPQOG4VBw3QHh3S817,https://api.spotify.com/v1/tracks/3DXncPQOG4VBw3QHh3S817,https://api.spotify.com/v1/audio-analysis/3DXncPQOG4VBw3QHh3S817,288600,4
9,Shape of You,Ed Sheeran,2791611,https://open.spotify.com/track/7qiZfU4dY1lWllzX7mPBI3,7qiZfU4dY1lWllzX7mPBI3,0.825,0.652,1,-3.183,0,0.0802,0.581,0,0.0931,0.931,95.977,audio_features,7qiZfU4dY1lWllzX7mPBI3,spotify:track:7qiZfU4dY1lWllzX7mPBI3,https://api.spotify.com/v1/tracks/7qiZfU4dY1lWllzX7mPBI3,https://api.spotify.com/v1/audio-analysis/7qiZfU4dY1lWllzX7mPBI3,233713,4
10,Strip That Down,Liam Payne,2696989,https://open.spotify.com/track/6EpRaXYhGOB3fj4V2uDkMJ,6EpRaXYhGOB3fj4V2uDkMJ,0.869,0.485,6,-5.595,1,0.0545,0.246,0,0.0765,0.527,106.028,audio_features,6EpRaXYhGOB3fj4V2uDkMJ,spotify:track:6EpRaXYhGOB3fj4V2uDkMJ,https://api.spotify.com/v1/tracks/6EpRaXYhGOB3fj4V2uDkMJ,https://api.spotify.com/v1/audio-analysis/6EpRaXYhGOB3fj4V2uDkMJ,204502,4
11,Thunder,Imagine Dragons,2619702,https://open.spotify.com/track/0tKcYR2II1VCQWT79i5NrW,0tKcYR2II1VCQWT79i5NrW,0.6,0.81,0,-4.749,1,0.0479,0.00683,0.21,0.155,0.298,167.88,audio_features,0tKcYR2II1VCQWT79i5NrW,spotify:track:0tKcYR2II1VCQWT79i5NrW,https://api.spotify.com/v1/tracks/0tKcYR2II1VCQWT79i5NrW,https://api.spotify.com/v1/audio-analysis/0tKcYR2II1VCQWT79i5NrW,187147,4
12,New Rules,Dua Lipa,2498367,https://open.spotify.com/track/2ekn2ttSfGqwhhate0LSR0,2ekn2ttSfGqwhhate0LSR0,0.762,0.7,9,-6.021,0,0.0694,0.00261,1.56e-05,0.153,0.608,116.073,audio_features,2ekn2ttSfGqwhhate0LSR0,spotify:track:2ekn2ttSfGqwhhate0LSR0,https://api.spotify.com/v1/tracks/2ekn2ttSfGqwhhate0LSR0,https://api.spotify.com/v1/audio-analysis/2ekn2ttSfGqwhhate0LSR0,209320,4
13,Mama,Jonas Blue,2480780,https://open.spotify.com/track/0NiXXAI876aGImAd6rTj8w,0NiXXAI876aGImAd6rTj8w,0.739,0.792,11,-4.256,0,0.0418,0.091,0,0.0516,0.547,104.016,audio_features,0NiXXAI876aGImAd6rTj8w,spotify:track:0NiXXAI876aGImAd6rTj8w,https://api.spotify.com/v1/tracks/0NiXXAI876aGImAd6rTj8w,https://api.spotify.com/v1/audio-analysis/0NiXXAI876aGImAd6rTj8w,181615,4
14,Sorry Not Sorry,Demi Lovato,2422218,https://open.spotify.com/track/25C5CowdsfXld2jJanbiex,25C5CowdsfXld2jJanbiex,0.701,0.638,11,-6.889,0,0.238,0.0252,0,0.256,0.868,144.084,audio_features,25C5CowdsfXld2jJanbiex,spotify:track:25C5CowdsfXld2jJanbiex,https://api.spotify.com/v1/tracks/25C5CowdsfXld2jJanbiex,https://api.spotify.com/v1/audio-analysis/25C5CowdsfXld2jJanbiex,203760,4
15,More Than You Know,Axwell /\ Ingrosso,2305963,https://open.spotify.com/track/3PEgB3fkiojxms35ntsTgs,3PEgB3fkiojxms35ntsTgs,0.644,0.743,5,-5.002,0,0.0355,0.034,0,0.257,0.544,123.074,audio_features,3PEgB3fkiojxms35ntsTgs,spotify:track:3PEgB3fkiojxms35ntsTgs,https://api.spotify.com/v1/tracks/3PEgB3fkiojxms35ntsTgs,https://api.spotify.com/v1/audio-analysis/3PEgB3fkiojxms35ntsTgs,203000,4
16,XO TOUR Llif3,Lil Uzi Vert,2278337,https://open.spotify.com/track/2eMwDehkIC1j68U6FA3Eiq,2eMwDehkIC1j68U6FA3Eiq,0.732,0.75,11,-6.366,0,0.231,0.00264,0,0.109,0.401,155.096,audio_features,2eMwDehkIC1j68U6FA3Eiq,spotify:track:2eMwDehkIC1j68U6FA3Eiq,https://api.spotify.com/v1/tracks/2eMwDehkIC1j68U6FA3Eiq,https://api.spotify.com/v1/audio-analysis/2eMwDehkIC1j68U6FA3Eiq,182707,4
17,There's Nothing Holdin' Me Back,Shawn Mendes,2270625,https://open.spotify.com/track/79cuOz3SPQTuFrp8WgftAu,79cuOz3SPQTuFrp8WgftAu,0.857,0.8,2,-4.035,1,0.0583,0.381,0,0.0913,0.966,121.996,audio_features,79cuOz3SPQTuFrp8WgftAu,spotify:track:79cuOz3SPQTuFrp8WgftAu,https://api.spotify.com/v1/tracks/79cuOz3SPQTuFrp8WgftAu,https://api.spotify.com/v1/audio-analysis/79cuOz3SPQTuFrp8WgftAu,199440,4
18,Back to You (feat. Bebe Rexha & Digital Farm Animals),Louis Tomlinson,2134725,https://open.spotify.com/track/7F9vK8hNFMml4GtHsaXui6,7F9vK8hNFMml4GtHsaXui6,0.683,0.53,5,-4.918,0,0.142,0.207,0,0.394,0.645,75.016,audio_features,7F9vK8hNFMml4GtHsaXui6,spotify:track:7F9vK8hNFMml4GtHsaXui6,https://api.spotify.com/v1/tracks/7F9vK8hNFMml4GtHsaXui6,https://api.spotify.com/v1/audio-analysis/7F9vK8hNFMml4GtHsaXui6,190428,4
19,Glorious (feat. Skylar Grey),Macklemore,2004888,https://open.spotify.com/track/3HVr6jTVwBHBa2flM0eURR,3HVr6jTVwBHBa2flM0eURR,0.731,0.794,0,-5.126,0,0.0522,0.0323,2.59e-05,0.112,0.356,139.994,audio_features,3HVr6jTVwBHBa2flM0eURR,spotify:track:3HVr6jTVwBHBa2flM0eURR,https://api.spotify.com/v1/tracks/3HVr6jTVwBHBa2flM0eURR,https://api.spotify.com/v1/audio-analysis/3HVr6jTVwBHBa2flM0eURR,220454,4
20,Fetish (feat. Gucci Mane),Selena Gomez,1958641,https://open.spotify.com/track/0XLOf9LhyazPX9Ld8jPiUq,0XLOf9LhyazPX9Ld8jPiUq,0.708,0.61,2,-4.522,1,0.0574,0.0204,4.45e-06,0.0641,0.305,123.038,audio_features,0XLOf9LhyazPX9Ld8jPiUq,spotify:track:0XLOf9LhyazPX9Ld8jPiUq,https://api.spotify.com/v1/tracks/0XLOf9LhyazPX9Ld8jPiUq,https://api.spotify.com/v1/audio-analysis/0XLOf9LhyazPX9Ld8jPiUq,186113,4
21,HUMBLE.,Kendrick Lamar,1922072,https://open.spotify.com/track/7KXjTSCq5nL1LoYtL7XAwS,7KXjTSCq5nL1LoYtL7XAwS,0.908,0.621,1,-6.638,0,0.102,0.000282,5.39e-05,0.0958,0.421,150.011,audio_features,7KXjTSCq5nL1LoYtL7XAwS,spotify:track:7KXjTSCq5nL1LoYtL7XAwS,https://api.spotify.com/v1/tracks/7KXjTSCq5nL1LoYtL7XAwS,https://api.spotify.com/v1/audio-analysis/7KXjTSCq5nL1LoYtL7XAwS,177000,4
22,There for You,Martin Garrix,1893909,https://open.spotify.com/track/6jA8HL9i4QGzsj6fjoxp8Y,6jA8HL9i4QGzsj6fjoxp8Y,0.611,0.644,6,-7.607,0,0.0553,0.124,0,0.124,0.13,105.969,audio_features,6jA8HL9i4QGzsj6fjoxp8Y,spotify:track:6jA8HL9i4QGzsj6fjoxp8Y,https://api.spotify.com/v1/tracks/6jA8HL9i4QGzsj6fjoxp8Y,https://api.spotify.com/v1/audio-analysis/6jA8HL9i4QGzsj6fjoxp8Y,221904,4
23,Swalla (feat. Nicki Minaj & Ty Dolla $ign),Jason Derulo,1851678,https://open.spotify.com/track/6kex4EBAj0WHXDKZMEJaaF,6kex4EBAj0WHXDKZMEJaaF,0.696,0.817,1,-3.862,1,0.109,0.075,0,0.187,0.782,98.064,audio_features,6kex4EBAj0WHXDKZMEJaaF,spotify:track:6kex4EBAj0WHXDKZMEJaaF,https://api.spotify.com/v1/tracks/6kex4EBAj0WHXDKZMEJaaF,https://api.spotify.com/v1/audio-analysis/6kex4EBAj0WHXDKZMEJaaF,216409,4
24,Me Rehúso,Danny Ocean,1850908,https://open.spotify.com/track/6De0lHrwBfPfrhorm9q1Xl,6De0lHrwBfPfrhorm9q1Xl,0.744,0.804,1,-6.327,1,0.0677,0.0231,0,0.0494,0.426,104.823,audio_features,6De0lHrwBfPfrhorm9q1Xl,spotify:track:6De0lHrwBfPfrhorm9q1Xl,https://api.spotify.com/v1/tracks/6De0lHrwBfPfrhorm9q1Xl,https://api.spotify.com/v1/audio-analysis/6De0lHrwBfPfrhorm9q1Xl,205715,4
25,Something Just Like This,The Chainsmokers,1841516,https://open.spotify.com/track/6RUKPb4LETWmmr3iAEQktW,6RUKPb4LETWmmr3iAEQktW,0.617,0.635,11,-6.769,0,0.0317,0.0498,1.44e-05,0.164,0.446,103.019,audio_features,6RUKPb4LETWmmr3iAEQktW,spotify:track:6RUKPb4LETWmmr3iAEQktW,https://api.spotify.com/v1/tracks/6RUKPb4LETWmmr3iAEQktW,https://api.spotify.com/v1/audio-analysis/6RUKPb4LETWmmr3iAEQktW,247160,4
26,Believer,Imagine Dragons,1821529,https://open.spotify.com/track/0CcQNd8CINkwQfe1RDtGV6,0CcQNd8CINkwQfe1RDtGV6,0.779,0.787,10,-4.305,0,0.108,0.0524,0,0.14,0.708,124.982,audio_features,0CcQNd8CINkwQfe1RDtGV6,spotify:track:0CcQNd8CINkwQfe1RDtGV6,https://api.spotify.com/v1/tracks/0CcQNd8CINkwQfe1RDtGV6,https://api.spotify.com/v1/audio-analysis/0CcQNd8CINkwQfe1RDtGV6,204347,4
27,Bank Account,21 Savage,1821083,https://open.spotify.com/track/5eqK0tbzUPo2SoeZsov04s,5eqK0tbzUPo2SoeZsov04s,0.884,0.346,8,-8.228,0,0.351,0.0151,7.04e-06,0.0871,0.376,75.016,audio_features,5eqK0tbzUPo2SoeZsov04s,spotify:track:5eqK0tbzUPo2SoeZsov04s,https://api.spotify.com/v1/tracks/5eqK0tbzUPo2SoeZsov04s,https://api.spotify.com/v1/audio-analysis/5eqK0tbzUPo2SoeZsov04s,220307,4
28,Felices los 4,Maluma,1783368,https://open.spotify.com/track/0qYTZCo5Bwh1nsUFGZP3zn,0qYTZCo5Bwh1nsUFGZP3zn,0.755,0.789,5,-4.502,1,0.146,0.231,0,0.351,0.737,93.973,audio_features,0qYTZCo5Bwh1nsUFGZP3zn,spotify:track:0qYTZCo5Bwh1nsUFGZP3zn,https://api.spotify.com/v1/tracks/0qYTZCo5Bwh1nsUFGZP3zn,https://api.spotify.com/v1/audio-analysis/0qYTZCo5Bwh1nsUFGZP3zn,229849,4
29,Your Song,Rita Ora,1750265,https://open.spotify.com/track/4c2W3VKsOFoIg2SFaO6DY5,4c2W3VKsOFoIg2SFaO6DY5,0.855,0.624,1,-4.093,1,0.0488,0.158,0,0.0513,0.962,117.959,audio_features,4c2W3VKsOFoIg2SFaO6DY5,spotify:track:4c2W3VKsOFoIg2SFaO6DY5,https://api.spotify.com/v1/tracks/4c2W3VKsOFoIg2SFaO6DY5,https://api.spotify.com/v1/audio-analysis/4c2W3VKsOFoIg2SFaO6DY5,180757,4
30,Pretty Girl - Cheat Codes X CADE Remix,Maggie Lindemann,1709209,https://open.spotify.com/track/1NDxZ7cFAo481dtYWdrUnR,1NDxZ7cFAo481dtYWdrUnR,0.703,0.868,7,-4.661,0,0.0291,0.15,0.132,0.104,0.733,121.03,audio_features,1NDxZ7cFAo481dtYWdrUnR,spotify:track:1NDxZ7cFAo481dtYWdrUnR,https://api.spotify.com/v1/tracks/1NDxZ7cFAo481dtYWdrUnR,https://api.spotify.com/v1/audio-analysis/1NDxZ7cFAo481dtYWdrUnR,193613,4
31,"Know No Better (feat. Travis Scott, Camila Cabello & Quavo)",Major Lazer,1697320,https://open.spotify.com/track/3Ytr1SUCUi6J3L9dRFx5iH,3Ytr1SUCUi6J3L9dRFx5iH,0.738,0.814,7,-4.414,0,0.0999,0.132,9.64e-06,0.126,0.483,119.041,audio_features,3Ytr1SUCUi6J3L9dRFx5iH,spotify:track:3Ytr1SUCUi6J3L9dRFx5iH,https://api.spotify.com/v1/tracks/3Ytr1SUCUi6J3L9dRFx5iH,https://api.spotify.com/v1/audio-analysis/3Ytr1SUCUi6J3L9dRFx5iH,225850,4
32,Despacito (Featuring Daddy Yankee),Luis Fonsi,1686821,https://open.spotify.com/track/4aWmUDTfIPGksMNLV2rQP2,4aWmUDTfIPGksMNLV2rQP2,0.66,0.786,2,-4.757,1,0.17,0.209,0,0.112,0.846,177.833,audio_features,4aWmUDTfIPGksMNLV2rQP2,spotify:track:4aWmUDTfIPGksMNLV2rQP2,https://api.spotify.com/v1/tracks/4aWmUDTfIPGksMNLV2rQP2,https://api.spotify.com/v1/audio-analysis/4aWmUDTfIPGksMNLV2rQP2,228200,4
33,Congratulations,Post Malone,1676236,https://open.spotify.com/track/3a1lNhkSLSkpJE4MSHpDu9,3a1lNhkSLSkpJE4MSHpDu9,0.63,0.804,6,-4.183,1,0.0363,0.215,0,0.253,0.492,123.146,audio_features,3a1lNhkSLSkpJE4MSHpDu9,spotify:track:3a1lNhkSLSkpJE4MSHpDu9,https://api.spotify.com/v1/tracks/3a1lNhkSLSkpJE4MSHpDu9,https://api.spotify.com/v1/audio-analysis/3a1lNhkSLSkpJE4MSHpDu9,220293,4
34,I Like Me Better,Lauv,1659054,https://open.spotify.com/track/1wjzFQodRWrPcQ0AnYnvQ9,1wjzFQodRWrPcQ0AnYnvQ9,0.752,0.505,9,-7.621,1,0.253,0.535,2.55e-06,0.104,0.419,91.97,audio_features,1wjzFQodRWrPcQ0AnYnvQ9,spotify:track:1wjzFQodRWrPcQ0AnYnvQ9,https://api.spotify.com/v1/tracks/1wjzFQodRWrPcQ0AnYnvQ9,https://api.spotify.com/v1/audio-analysis/1wjzFQodRWrPcQ0AnYnvQ9,197437,4
35,Slow Hands,Niall Horan,1654145,https://open.spotify.com/track/167NczpNbRF7oWakJaY3Hh,167NczpNbRF7oWakJaY3Hh,0.728,0.426,0,-6.69,1,0.0509,0.0142,0,0.0546,0.844,85.908,audio_features,167NczpNbRF7oWakJaY3Hh,spotify:track:167NczpNbRF7oWakJaY3Hh,https://api.spotify.com/v1/tracks/167NczpNbRF7oWakJaY3Hh,https://api.spotify.com/v1/audio-analysis/167NczpNbRF7oWakJaY3Hh,188174,4
36,Symphony (feat. Zara Larsson),Clean Bandit,1482726,https://open.spotify.com/track/1x5sYLZiu9r5E43kMlt9f8,1x5sYLZiu9r5E43kMlt9f8,0.707,0.629,0,-4.581,0,0.0563,0.259,1.6e-05,0.138,0.457,122.863,audio_features,1x5sYLZiu9r5E43kMlt9f8,spotify:track:1x5sYLZiu9r5E43kMlt9f8,https://api.spotify.com/v1/tracks/1x5sYLZiu9r5E43kMlt9f8,https://api.spotify.com/v1/audio-analysis/1x5sYLZiu9r5E43kMlt9f8,212459,4
37,Crying in the Club,Camila Cabello,1476326,https://open.spotify.com/track/1SJtlNRJDeYHioymcvsqev,1SJtlNRJDeYHioymcvsqev,0.334,0.617,6,-5.834,0,0.383,0.334,0,0.163,0.603,85.227,audio_features,1SJtlNRJDeYHioymcvsqev,spotify:track:1SJtlNRJDeYHioymcvsqev,https://api.spotify.com/v1/tracks/1SJtlNRJDeYHioymcvsqev,https://api.spotify.com/v1/audio-analysis/1SJtlNRJDeYHioymcvsqev,216391,4
38,BUTTERFLY EFFECT,Travis Scott,1458570,https://open.spotify.com/track/1yxgsra98r3qAtxqiGZPiX,1yxgsra98r3qAtxqiGZPiX,0.763,0.598,11,-6.865,1,0.0539,0.0714,0,0.112,0.182,140.987,audio_features,1yxgsra98r3qAtxqiGZPiX,spotify:track:1yxgsra98r3qAtxqiGZPiX,https://api.spotify.com/v1/tracks/1yxgsra98r3qAtxqiGZPiX,https://api.spotify.com/v1/audio-analysis/1yxgsra98r3qAtxqiGZPiX,190678,4
39,That's What I Like,Bruno Mars,1429290,https://open.spotify.com/track/0KKkJNfGyhkQ5aFogxQAPU,0KKkJNfGyhkQ5aFogxQAPU,0.853,0.56,1,-4.961,1,0.0406,0.013,0,0.0944,0.86,134.066,audio_features,0KKkJNfGyhkQ5aFogxQAPU,spotify:track:0KKkJNfGyhkQ5aFogxQAPU,https://api.spotify.com/v1/tracks/0KKkJNfGyhkQ5aFogxQAPU,https://api.spotify.com/v1/audio-analysis/0KKkJNfGyhkQ5aFogxQAPU,206693,4
40,Bad Liar,Selena Gomez,1406641,https://open.spotify.com/track/1sCxVKWImDZSZKvG0U9B23,1sCxVKWImDZSZKvG0U9B23,0.953,0.41,1,-6.543,1,0.0705,0.175,0,0.0768,0.718,121.074,audio_features,1sCxVKWImDZSZKvG0U9B23,spotify:track:1sCxVKWImDZSZKvG0U9B23,https://api.spotify.com/v1/tracks/1sCxVKWImDZSZKvG0U9B23,https://api.spotify.com/v1/audio-analysis/1sCxVKWImDZSZKvG0U9B23,214648,4
41,Escápate Conmigo,Wisin,1403708,https://open.spotify.com/track/2cnKEkpVUSV4wnjQiTWfH6,2cnKEkpVUSV4wnjQiTWfH6,0.747,0.864,8,-3.181,0,0.0599,0.0245,4.46e-05,0.0853,0.754,92.028,audio_features,2cnKEkpVUSV4wnjQiTWfH6,spotify:track:2cnKEkpVUSV4wnjQiTWfH6,https://api.spotify.com/v1/tracks/2cnKEkpVUSV4wnjQiTWfH6,https://api.spotify.com/v1/audio-analysis/2cnKEkpVUSV4wnjQiTWfH6,232787,4
42,No Promises (feat. Demi Lovato),Cheat Codes,1372343,https://open.spotify.com/track/1louJpMmzEicAn7lzDalPW,1louJpMmzEicAn7lzDalPW,0.741,0.667,10,-5.445,1,0.134,0.0575,0,0.106,0.595,112.956,audio_features,1louJpMmzEicAn7lzDalPW,spotify:track:1louJpMmzEicAn7lzDalPW,https://api.spotify.com/v1/tracks/1louJpMmzEicAn7lzDalPW,https://api.spotify.com/v1/audio-analysis/1louJpMmzEicAn7lzDalPW,223504,4
43,Redbone,Childish Gambino,1369840,https://open.spotify.com/track/3kxfsdsCpFgN412fpnW85Y,3kxfsdsCpFgN412fpnW85Y,0.745,0.356,1,-10.425,1,0.0941,0.172,0.00943,0.123,0.607,160.033,audio_features,3kxfsdsCpFgN412fpnW85Y,spotify:track:3kxfsdsCpFgN412fpnW85Y,https://api.spotify.com/v1/tracks/3kxfsdsCpFgN412fpnW85Y,https://api.spotify.com/v1/audio-analysis/3kxfsdsCpFgN412fpnW85Y,326933,4
44,Una Lady Como Tú,Manuel Turizo,1359298,https://open.spotify.com/track/7MHN1aCFtLXjownGhvEQlF,7MHN1aCFtLXjownGhvEQlF,0.788,0.477,4,-7.348,1,0.0434,0.549,0,0.349,0.86,94.983,audio_features,7MHN1aCFtLXjownGhvEQlF,spotify:track:7MHN1aCFtLXjownGhvEQlF,https://api.spotify.com/v1/tracks/7MHN1aCFtLXjownGhvEQlF,https://api.spotify.com/v1/audio-analysis/7MHN1aCFtLXjownGhvEQlF,213027,4
45,Location,Khalid,1354610,https://open.spotify.com/track/152lZdxL1OR0ZMW6KquMif,152lZdxL1OR0ZMW6KquMif,0.736,0.449,1,-11.462,0,0.425,0.33,0.000162,0.0898,0.326,80.126,audio_features,152lZdxL1OR0ZMW6KquMif,spotify:track:152lZdxL1OR0ZMW6KquMif,https://api.spotify.com/v1/tracks/152lZdxL1OR0ZMW6KquMif,https://api.spotify.com/v1/audio-analysis/152lZdxL1OR0ZMW6KquMif,219080,4
46,Stay (with Alessia Cara),Zedd,1334590,https://open.spotify.com/track/0dA2Mk56wEzDgegdC6R17g,0dA2Mk56wEzDgegdC6R17g,0.679,0.634,5,-5.024,0,0.0654,0.232,0,0.115,0.498,102.013,audio_features,0dA2Mk56wEzDgegdC6R17g,spotify:track:0dA2Mk56wEzDgegdC6R17g,https://api.spotify.com/v1/tracks/0dA2Mk56wEzDgegdC6R17g,https://api.spotify.com/v1/audio-analysis/0dA2Mk56wEzDgegdC6R17g,210091,4
47,Slide (feat. Frank Ocean & Migos),Calvin Harris,1325286,https://open.spotify.com/track/7tr2za8SQg2CI8EDgrdtNl,7tr2za8SQg2CI8EDgrdtNl,0.736,0.795,1,-3.299,0,0.0545,0.498,1.21e-06,0.254,0.511,104.066,audio_features,7tr2za8SQg2CI8EDgrdtNl,spotify:track:7tr2za8SQg2CI8EDgrdtNl,https://api.spotify.com/v1/tracks/7tr2za8SQg2CI8EDgrdtNl,https://api.spotify.com/v1/audio-analysis/7tr2za8SQg2CI8EDgrdtNl,230813,4
48,Bonita,J Balvin,1315910,https://open.spotify.com/track/693iqPOQvhI7PobtR8CC8v,693iqPOQvhI7PobtR8CC8v,0.782,0.868,5,-1.715,0,0.04,0.0106,0.00252,0.29,0.884,96.042,audio_features,693iqPOQvhI7PobtR8CC8v,spotify:track:693iqPOQvhI7PobtR8CC8v,https://api.spotify.com/v1/tracks/693iqPOQvhI7PobtR8CC8v,https://api.spotify.com/v1/audio-analysis/693iqPOQvhI7PobtR8CC8v,265747,4
49,Signs,Drake,1309836,https://open.spotify.com/track/5EnYT6F7wEcdege6mDHEfO,5EnYT6F7wEcdege6mDHEfO,0.801,0.727,0,-4.687,1,0.0606,0.0864,0.00406,0.112,0.218,107.371,audio_features,5EnYT6F7wEcdege6mDHEfO,spotify:track:5EnYT6F7wEcdege6mDHEfO,https://api.spotify.com/v1/tracks/5EnYT6F7wEcdege6mDHEfO,https://api.spotify.com/v1/audio-analysis/5EnYT6F7wEcdege6mDHEfO,234373,4
50,SUBEME LA RADIO (feat. Descemer Bueno & Zion & Lennox),Enrique Iglesias,1195888,https://open.spotify.com/track/7nKBxz47S9SD79N086fuhn,7nKBxz47S9SD79N086fuhn,0.684,0.823,9,-3.297,0,0.0773,0.0744,0,0.111,0.647,91.048,audio_features,7nKBxz47S9SD79N086fuhn,spotify:track:7nKBxz47S9SD79N086fuhn,https://api.spotify.com/v1/tracks/7nKBxz47S9SD79N086fuhn,https://api.spotify.com/v1/audio-analysis/7nKBxz47S9SD79N086fuhn,208163,4
51,Mask Off,Future,1151562,https://open.spotify.com/track/3rOSwuTsUlJp0Pu0MkN8r8,3rOSwuTsUlJp0Pu0MkN8r8,0.833,0.434,2,-8.795,1,0.431,0.0102,0.0219,0.165,0.281,150.062,audio_features,3rOSwuTsUlJp0Pu0MkN8r8,spotify:track:3rOSwuTsUlJp0Pu0MkN8r8,https://api.spotify.com/v1/tracks/3rOSwuTsUlJp0Pu0MkN8r8,https://api.spotify.com/v1/audio-analysis/3rOSwuTsUlJp0Pu0MkN8r8,204600,4
52,Rich Love (with Seeb),OneRepublic,1131091,https://open.spotify.com/track/7aF09WaavZAmAWuUeYxlYD,7aF09WaavZAmAWuUeYxlYD,0.593,0.868,1,-3.573,0,0.295,0.183,0,0.365,0.496,104.988,audio_features,7aF09WaavZAmAWuUeYxlYD,spotify:track:7aF09WaavZAmAWuUeYxlYD,https://api.spotify.com/v1/tracks/7aF09WaavZAmAWuUeYxlYD,https://api.spotify.com/v1/audio-analysis/7aF09WaavZAmAWuUeYxlYD,201257,4
53,Ahora Dice,Chris Jeday,1096026,https://open.spotify.com/track/22eADXu8DfOAUEDw4vU8qy,22eADXu8DfOAUEDw4vU8qy,0.708,0.693,6,-5.516,1,0.138,0.246,0,0.129,0.427,143.965,audio_features,22eADXu8DfOAUEDw4vU8qy,spotify:track:22eADXu8DfOAUEDw4vU8qy,https://api.spotify.com/v1/tracks/22eADXu8DfOAUEDw4vU8qy,https://api.spotify.com/v1/audio-analysis/22eADXu8DfOAUEDw4vU8qy,271080,4
54,It Ain't Me (with Selena Gomez),Kygo,1094238,https://open.spotify.com/track/3eR23VReFzcdmS7TYCrhCe,3eR23VReFzcdmS7TYCrhCe,0.64,0.533,0,-6.596,1,0.0706,0.119,0,0.0864,0.515,99.968,audio_features,3eR23VReFzcdmS7TYCrhCe,spotify:track:3eR23VReFzcdmS7TYCrhCe,https://api.spotify.com/v1/tracks/3eR23VReFzcdmS7TYCrhCe,https://api.spotify.com/v1/audio-analysis/3eR23VReFzcdmS7TYCrhCe,220781,4
55,Praying,Kesha,1090899,https://open.spotify.com/track/79NlESqzFSW0hdBWgls4FX,79NlESqzFSW0hdBWgls4FX,0.565,0.381,10,-7.204,1,0.0302,0.48,0,0.109,0.325,73.483,audio_features,79NlESqzFSW0hdBWgls4FX,spotify:track:79NlESqzFSW0hdBWgls4FX,https://api.spotify.com/v1/tracks/79NlESqzFSW0hdBWgls4FX,https://api.spotify.com/v1/audio-analysis/79NlESqzFSW0hdBWgls4FX,230269,4
56,Young Dumb & Broke,Khalid,1083369,https://open.spotify.com/track/5Z3GHaZ6ec9bsiI5BenrbY,5Z3GHaZ6ec9bsiI5BenrbY,0.798,0.539,1,-6.351,1,0.0421,0.199,1.66e-05,0.165,0.394,136.949,audio_features,5Z3GHaZ6ec9bsiI5BenrbY,spotify:track:5Z3GHaZ6ec9bsiI5BenrbY,https://api.spotify.com/v1/tracks/5Z3GHaZ6ec9bsiI5BenrbY,https://api.spotify.com/v1/audio-analysis/5Z3GHaZ6ec9bsiI5BenrbY,202547,4
57,Most Girls,Hailee Steinfeld,1075338,https://open.spotify.com/track/2mfUa8bLs2s5N4VaqJZ4lZ,2mfUa8bLs2s5N4VaqJZ4lZ,0.755,0.57,9,-7.132,1,0.0888,0.0416,0,0.0891,0.406,102.991,audio_features,2mfUa8bLs2s5N4VaqJZ4lZ,spotify:track:2mfUa8bLs2s5N4VaqJZ4lZ,https://api.spotify.com/v1/tracks/2mfUa8bLs2s5N4VaqJZ4lZ,https://api.spotify.com/v1/audio-analysis/2mfUa8bLs2s5N4VaqJZ4lZ,204400,4
58,Galway Girl,Ed Sheeran,1063432,https://open.spotify.com/track/0afhq8XCExXpqazXczTSve,0afhq8XCExXpqazXczTSve,0.624,0.876,9,-3.374,1,0.1,0.0735,0,0.327,0.781,99.943,audio_features,0afhq8XCExXpqazXczTSve,spotify:track:0afhq8XCExXpqazXczTSve,https://api.spotify.com/v1/tracks/0afhq8XCExXpqazXczTSve,https://api.spotify.com/v1/audio-analysis/0afhq8XCExXpqazXczTSve,170827,4
59,Feel It Still,Portugal. The Man,1036801,https://open.spotify.com/track/6QgjcU0zLnzq5OrUoSZ3OK,6QgjcU0zLnzq5OrUoSZ3OK,0.801,0.795,1,-5.115,0,0.0504,0.0417,0.000113,0.0717,0.754,79.028,audio_features,6QgjcU0zLnzq5OrUoSZ3OK,spotify:track:6QgjcU0zLnzq5OrUoSZ3OK,https://api.spotify.com/v1/tracks/6QgjcU0zLnzq5OrUoSZ3OK,https://api.spotify.com/v1/audio-analysis/6QgjcU0zLnzq5OrUoSZ3OK,163253,4
60,DNA.,Kendrick Lamar,992144,https://open.spotify.com/track/6HZILIRieu8S0iqY8kIKhj,6HZILIRieu8S0iqY8kIKhj,0.638,0.523,1,-6.664,1,0.357,0.00454,0,0.0842,0.422,139.913,audio_features,6HZILIRieu8S0iqY8kIKhj,spotify:track:6HZILIRieu8S0iqY8kIKhj,https://api.spotify.com/v1/tracks/6HZILIRieu8S0iqY8kIKhj,https://api.spotify.com/v1/audio-analysis/6HZILIRieu8S0iqY8kIKhj,185947,4
61,OK,Robin Schulz,964844,https://open.spotify.com/track/3bWAqKDWg6u1davspr5IkS,3bWAqKDWg6u1davspr5IkS,0.653,0.81,7,-6.032,0,0.0558,0.118,0,0.126,0.583,121.951,audio_features,3bWAqKDWg6u1davspr5IkS,spotify:track:3bWAqKDWg6u1davspr5IkS,https://api.spotify.com/v1/tracks/3bWAqKDWg6u1davspr5IkS,https://api.spotify.com/v1/audio-analysis/3bWAqKDWg6u1davspr5IkS,189307,4
62,Hey DJ,CNCO,960230,https://open.spotify.com/track/209gZgcfLq2aUuu51vOWBl,209gZgcfLq2aUuu51vOWBl,0.792,0.819,5,-5.418,1,0.0867,0.0309,0,0.389,0.433,89.98,audio_features,209gZgcfLq2aUuu51vOWBl,spotify:track:209gZgcfLq2aUuu51vOWBl,https://api.spotify.com/v1/tracks/209gZgcfLq2aUuu51vOWBl,https://api.spotify.com/v1/audio-analysis/209gZgcfLq2aUuu51vOWBl,205520,4
63,1-800-273-8255,Logic,959501,https://open.spotify.com/track/5tz69p7tJuGPeMGwNTxYuV,5tz69p7tJuGPeMGwNTxYuV,0.62,0.574,5,-7.788,0,0.0479,0.569,0,0.19,0.357,100.023,audio_features,5tz69p7tJuGPeMGwNTxYuV,spotify:track:5tz69p7tJuGPeMGwNTxYuV,https://api.spotify.com/v1/tracks/5tz69p7tJuGPeMGwNTxYuV,https://api.spotify.com/v1/audio-analysis/5tz69p7tJuGPeMGwNTxYuV,250173,4
64,goosebumps,Travis Scott,954057,https://open.spotify.com/track/6gBFPUFcJLzWGx4lenP6h2,6gBFPUFcJLzWGx4lenP6h2,0.841,0.728,7,-3.37,1,0.0484,0.0847,0,0.149,0.43,130.049,audio_features,6gBFPUFcJLzWGx4lenP6h2,spotify:track:6gBFPUFcJLzWGx4lenP6h2,https://api.spotify.com/v1/tracks/6gBFPUFcJLzWGx4lenP6h2,https://api.spotify.com/v1/audio-analysis/6gBFPUFcJLzWGx4lenP6h2,243837,4
65,Now Or Never,Halsey,942914,https://open.spotify.com/track/7i2DJ88J7jQ8K7zqFX2fW8,7i2DJ88J7jQ8K7zqFX2fW8,0.67,0.585,6,-4.861,0,0.0354,0.107,1.11e-06,0.131,0.447,110.03,audio_features,7i2DJ88J7jQ8K7zqFX2fW8,spotify:track:7i2DJ88J7jQ8K7zqFX2fW8,https://api.spotify.com/v1/tracks/7i2DJ88J7jQ8K7zqFX2fW8,https://api.spotify.com/v1/audio-analysis/7i2DJ88J7jQ8K7zqFX2fW8,214802,4
66,Say You Won't Let Go,James Arthur,930019,https://open.spotify.com/track/5uCax9HTNlzGybIStD3vDh,5uCax9HTNlzGybIStD3vDh,0.358,0.557,10,-7.398,1,0.059,0.695,0,0.0902,0.494,85.043,audio_features,5uCax9HTNlzGybIStD3vDh,spotify:track:5uCax9HTNlzGybIStD3vDh,https://api.spotify.com/v1/tracks/5uCax9HTNlzGybIStD3vDh,https://api.spotify.com/v1/audio-analysis/5uCax9HTNlzGybIStD3vDh,211467,4
67,Malibu,Miley Cyrus,915831,https://open.spotify.com/track/2habSXqcJGExM6JJyskY7O,2habSXqcJGExM6JJyskY7O,0.565,0.782,8,-6.413,1,0.0506,0.0577,4.16e-05,0.0757,0.4,140.004,audio_features,2habSXqcJGExM6JJyskY7O,spotify:track:2habSXqcJGExM6JJyskY7O,https://api.spotify.com/v1/tracks/2habSXqcJGExM6JJyskY7O,https://api.spotify.com/v1/audio-analysis/2habSXqcJGExM6JJyskY7O,231906,4
68,Body Like A Back Road,Sam Hunt,915387,https://open.spotify.com/track/7mldq42yDuxiUNn08nvzHO,7mldq42yDuxiUNn08nvzHO,0.732,0.458,5,-7.225,1,0.0311,0.447,0,0.136,0.661,98.938,audio_features,7mldq42yDuxiUNn08nvzHO,spotify:track:7mldq42yDuxiUNn08nvzHO,https://api.spotify.com/v1/tracks/7mldq42yDuxiUNn08nvzHO,https://api.spotify.com/v1/audio-analysis/7mldq42yDuxiUNn08nvzHO,165387,4
69,Get Low (with Liam Payne),Zedd,907649,https://open.spotify.com/track/1CKd1PnqfYx0H12V9MSaIY,1CKd1PnqfYx0H12V9MSaIY,0.716,0.917,1,-3.674,1,0.0527,0.0215,7.91e-06,0.0515,0.501,107.969,audio_features,1CKd1PnqfYx0H12V9MSaIY,spotify:track:1CKd1PnqfYx0H12V9MSaIY,https://api.spotify.com/v1/tracks/1CKd1PnqfYx0H12V9MSaIY,https://api.spotify.com/v1/audio-analysis/1CKd1PnqfYx0H12V9MSaIY,204583,4
70,Slippery (feat. Gucci Mane),Migos,903073,https://open.spotify.com/track/6p8NuHm8uCGnn2Dtbtf7zE,6p8NuHm8uCGnn2Dtbtf7zE,0.92,0.674,1,-5.662,0,0.264,0.307,0,0.104,0.741,141.967,audio_features,6p8NuHm8uCGnn2Dtbtf7zE,spotify:track:6p8NuHm8uCGnn2Dtbtf7zE,https://api.spotify.com/v1/tracks/6p8NuHm8uCGnn2Dtbtf7zE,https://api.spotify.com/v1/audio-analysis/6p8NuHm8uCGnn2Dtbtf7zE,304041,4
71,Magnolia,Playboi Carti,897257,https://open.spotify.com/track/1e1JKLEDKP7hEQzJfNAgPl,1e1JKLEDKP7hEQzJfNAgPl,0.791,0.582,11,-7.323,0,0.286,0.0114,0,0.35,0.443,162.991,audio_features,1e1JKLEDKP7hEQzJfNAgPl,spotify:track:1e1JKLEDKP7hEQzJfNAgPl,https://api.spotify.com/v1/tracks/1e1JKLEDKP7hEQzJfNAgPl,https://api.spotify.com/v1/audio-analysis/1e1JKLEDKP7hEQzJfNAgPl,181812,4
72,Down,Fifth Harmony,893502,https://open.spotify.com/track/7LEydI5NfjY6mZfKwYIptZ,7LEydI5NfjY6mZfKwYIptZ,0.53,0.512,8,-7.094,1,0.133,0.0162,7.04e-05,0.128,0.401,196.121,audio_features,7LEydI5NfjY6mZfKwYIptZ,spotify:track:7LEydI5NfjY6mZfKwYIptZ,https://api.spotify.com/v1/tracks/7LEydI5NfjY6mZfKwYIptZ,https://api.spotify.com/v1/audio-analysis/7LEydI5NfjY6mZfKwYIptZ,164985,4
73,First Time,Kygo,877812,https://open.spotify.com/track/2Gl0FzuLxflY6nPifJp5Dr,2Gl0FzuLxflY6nPifJp5Dr,0.633,0.592,0,-7.245,0,0.112,0.197,0,0.099,0.679,90.066,audio_features,2Gl0FzuLxflY6nPifJp5Dr,spotify:track:2Gl0FzuLxflY6nPifJp5Dr,https://api.spotify.com/v1/tracks/2Gl0FzuLxflY6nPifJp5Dr,https://api.spotify.com/v1/audio-analysis/2Gl0FzuLxflY6nPifJp5Dr,193511,4
74,Passionfruit,Drake,870041,https://open.spotify.com/track/7hDc8b7IXETo14hHIHdnhd,7hDc8b7IXETo14hHIHdnhd,0.809,0.463,11,-11.377,1,0.0396,0.256,0.085,0.109,0.364,111.98,audio_features,7hDc8b7IXETo14hHIHdnhd,spotify:track:7hDc8b7IXETo14hHIHdnhd,https://api.spotify.com/v1/tracks/7hDc8b7IXETo14hHIHdnhd,https://api.spotify.com/v1/audio-analysis/7hDc8b7IXETo14hHIHdnhd,298941,4
75,Closer,The Chainsmokers,861926,https://open.spotify.com/track/7BKLCZ1jbUBVqRi2FVlTVw,7BKLCZ1jbUBVqRi2FVlTVw,0.748,0.524,8,-5.599,1,0.0338,0.414,0,0.111,0.661,95.01,audio_features,7BKLCZ1jbUBVqRi2FVlTVw,spotify:track:7BKLCZ1jbUBVqRi2FVlTVw,https://api.spotify.com/v1/tracks/7BKLCZ1jbUBVqRi2FVlTVw,https://api.spotify.com/v1/audio-analysis/7BKLCZ1jbUBVqRi2FVlTVw,244960,4
76,Love Galore (feat. Travis Scott),SZA,858973,https://open.spotify.com/track/0q75NwOoFiARAVp4EXU4Bs,0q75NwOoFiARAVp4EXU4Bs,0.795,0.594,0,-6.2,1,0.0747,0.111,0,0.162,0.409,135.002,audio_features,0q75NwOoFiARAVp4EXU4Bs,spotify:track:0q75NwOoFiARAVp4EXU4Bs,https://api.spotify.com/v1/tracks/0q75NwOoFiARAVp4EXU4Bs,https://api.spotify.com/v1/audio-analysis/0q75NwOoFiARAVp4EXU4Bs,275080,4
77,Tu Foto,Ozuna,857306,https://open.spotify.com/track/0Szp49tpFasIjX04Mcsydp,0Szp49tpFasIjX04Mcsydp,0.735,0.482,7,-9.21,1,0.0508,0.205,0.000194,0.0894,0.795,175.907,audio_features,0Szp49tpFasIjX04Mcsydp,spotify:track:0Szp49tpFasIjX04Mcsydp,https://api.spotify.com/v1/tracks/0Szp49tpFasIjX04Mcsydp,https://api.spotify.com/v1/audio-analysis/0Szp49tpFasIjX04Mcsydp,193118,4
78,Rollin (feat. Future & Khalid),Calvin Harris,853700,https://open.spotify.com/track/0lMbuWUpfTWhEmOKxppEau,0lMbuWUpfTWhEmOKxppEau,0.753,0.76,6,-4.518,0,0.0859,0.446,3.13e-05,0.182,0.657,91.953,audio_features,0lMbuWUpfTWhEmOKxppEau,spotify:track:0lMbuWUpfTWhEmOKxppEau,https://api.spotify.com/v1/tracks/0lMbuWUpfTWhEmOKxppEau,https://api.spotify.com/v1/audio-analysis/0lMbuWUpfTWhEmOKxppEau,272653,4
79,LOYALTY. FEAT. RIHANNA.,Kendrick Lamar,843200,https://open.spotify.com/track/6SwRhMLwNqEi6alNPVG00n,6SwRhMLwNqEi6alNPVG00n,0.658,0.535,9,-8.983,0,0.0573,0.0265,0,0.2,0.419,110.684,audio_features,6SwRhMLwNqEi6alNPVG00n,spotify:track:6SwRhMLwNqEi6alNPVG00n,https://api.spotify.com/v1/tracks/6SwRhMLwNqEi6alNPVG00n,https://api.spotify.com/v1/audio-analysis/6SwRhMLwNqEi6alNPVG00n,227360,4
80,Would You Ever,Skrillex,831125,https://open.spotify.com/track/57p8CBvPOxrvyCbn6ttl5r,57p8CBvPOxrvyCbn6ttl5r,0.653,0.91,10,-3.36,1,0.0566,0.0079,0,0.318,0.0921,126.047,audio_features,57p8CBvPOxrvyCbn6ttl5r,spotify:track:57p8CBvPOxrvyCbn6ttl5r,https://api.spotify.com/v1/tracks/57p8CBvPOxrvyCbn6ttl5r,https://api.spotify.com/v1/audio-analysis/57p8CBvPOxrvyCbn6ttl5r,234286,4
81,Bodak Yellow,Cardi B,819508,https://open.spotify.com/track/2771LMNxwf62FTAdpJMQfM,2771LMNxwf62FTAdpJMQfM,0.929,0.723,11,-5.792,0,0.109,0.0672,0,0.346,0.458,125.022,audio_features,2771LMNxwf62FTAdpJMQfM,spotify:track:2771LMNxwf62FTAdpJMQfM,https://api.spotify.com/v1/tracks/2771LMNxwf62FTAdpJMQfM,https://api.spotify.com/v1/audio-analysis/2771LMNxwf62FTAdpJMQfM,223962,4
82,Issues,Julia Michaels,818750,https://open.spotify.com/track/0xG0SHshCStMEyNbNC5d4k,0xG0SHshCStMEyNbNC5d4k,0.67,0.415,8,-6.855,1,0.0786,0.39,0,0.0617,0.445,114.212,audio_features,0xG0SHshCStMEyNbNC5d4k,spotify:track:0xG0SHshCStMEyNbNC5d4k,https://api.spotify.com/v1/tracks/0xG0SHshCStMEyNbNC5d4k,https://api.spotify.com/v1/audio-analysis/0xG0SHshCStMEyNbNC5d4k,176320,4
83,Me Enamoré,Shakira,796471,https://open.spotify.com/track/4qknM1pQz53QOyfDVTjcM9,4qknM1pQz53QOyfDVTjcM9,0.74,0.879,9,-2.251,0,0.105,0.193,8.25e-05,0.0928,0.948,103.71,audio_features,4qknM1pQz53QOyfDVTjcM9,spotify:track:4qknM1pQz53QOyfDVTjcM9,https://api.spotify.com/v1/tracks/4qknM1pQz53QOyfDVTjcM9,https://api.spotify.com/v1/audio-analysis/4qknM1pQz53QOyfDVTjcM9,226893,4
84,La Rompe Corazones,Daddy Yankee,796134,https://open.spotify.com/track/4okba5wu9mMLXx79DXLKi3,4okba5wu9mMLXx79DXLKi3,0.685,0.859,5,-2.595,0,0.0553,0.116,0,0.317,0.891,176.018,audio_features,4okba5wu9mMLXx79DXLKi3,spotify:track:4okba5wu9mMLXx79DXLKi3,https://api.spotify.com/v1/tracks/4okba5wu9mMLXx79DXLKi3,https://api.spotify.com/v1/audio-analysis/4okba5wu9mMLXx79DXLKi3,204520,4
85,Havana,Camila Cabello,791557,https://open.spotify.com/track/0ofbQMrRDsUaVKq2mGLEAb,0ofbQMrRDsUaVKq2mGLEAb,0.768,0.517,7,-4.323,0,0.0312,0.186,3.8e-05,0.104,0.418,104.992,audio_features,0ofbQMrRDsUaVKq2mGLEAb,spotify:track:0ofbQMrRDsUaVKq2mGLEAb,https://api.spotify.com/v1/tracks/0ofbQMrRDsUaVKq2mGLEAb,https://api.spotify.com/v1/audio-analysis/0ofbQMrRDsUaVKq2mGLEAb,216897,4
86,Came Here for Love,Sigala,777966,https://open.spotify.com/track/3kGfazcbVvVkuZunzlLgTD,3kGfazcbVvVkuZunzlLgTD,0.708,0.868,6,-3.287,1,0.0431,0.0313,0,0.122,0.72,124.994,audio_features,3kGfazcbVvVkuZunzlLgTD,spotify:track:3kGfazcbVvVkuZunzlLgTD,https://api.spotify.com/v1/tracks/3kGfazcbVvVkuZunzlLgTD,https://api.spotify.com/v1/audio-analysis/3kGfazcbVvVkuZunzlLgTD,202999,4
87,Perplexing Pegasus,Rae Sremmurd,769018,https://open.spotify.com/track/2nYwV62UABTH0NanrwVIdQ,2nYwV62UABTH0NanrwVIdQ,0.897,0.448,1,-8.874,1,0.0766,0.000725,1.17e-05,0.365,0.316,145.971,audio_features,2nYwV62UABTH0NanrwVIdQ,spotify:track:2nYwV62UABTH0NanrwVIdQ,https://api.spotify.com/v1/tracks/2nYwV62UABTH0NanrwVIdQ,https://api.spotify.com/v1/audio-analysis/2nYwV62UABTH0NanrwVIdQ,204787,4
88,Rockabye (feat. Sean Paul & Anne-Marie),Clean Bandit,764258,https://open.spotify.com/track/5knuzwU65gJK7IF5yJsuaW,5knuzwU65gJK7IF5yJsuaW,0.72,0.763,9,-4.068,0,0.0523,0.406,0,0.18,0.742,101.965,audio_features,5knuzwU65gJK7IF5yJsuaW,spotify:track:5knuzwU65gJK7IF5yJsuaW,https://api.spotify.com/v1/tracks/5knuzwU65gJK7IF5yJsuaW,https://api.spotify.com/v1/audio-analysis/5knuzwU65gJK7IF5yJsuaW,251088,4
89,"I Don’t Wanna Live Forever (Fifty Shades Darker) - From ""Fifty Shades Darker (Original Motion Picture Soundtrack)""",ZAYN,750786,https://open.spotify.com/track/3NdDpSvN911VPGivFlV5d0,3NdDpSvN911VPGivFlV5d0,0.735,0.451,0,-8.374,1,0.0585,0.0631,1.3e-05,0.325,0.0862,117.973,audio_features,3NdDpSvN911VPGivFlV5d0,spotify:track:3NdDpSvN911VPGivFlV5d0,https://api.spotify.com/v1/tracks/3NdDpSvN911VPGivFlV5d0,https://api.spotify.com/v1/audio-analysis/3NdDpSvN911VPGivFlV5d0,245200,4
90,Starboy,The Weeknd,736165,https://open.spotify.com/track/5aAx2yezTd8zXrkmtKl66Z,5aAx2yezTd8zXrkmtKl66Z,0.681,0.594,7,-7.028,1,0.282,0.165,3.49e-06,0.134,0.535,186.054,audio_features,5aAx2yezTd8zXrkmtKl66Z,spotify:track:5aAx2yezTd8zXrkmtKl66Z,https://api.spotify.com/v1/tracks/5aAx2yezTd8zXrkmtKl66Z,https://api.spotify.com/v1/audio-analysis/5aAx2yezTd8zXrkmtKl66Z,230453,4
91,Sign of the Times,Harry Styles,734030,https://open.spotify.com/track/5Ohxk2dO5COHF1krpoPigN,5Ohxk2dO5COHF1krpoPigN,0.516,0.595,5,-4.63,1,0.0313,0.0275,0,0.109,0.222,119.972,audio_features,5Ohxk2dO5COHF1krpoPigN,spotify:track:5Ohxk2dO5COHF1krpoPigN,https://api.spotify.com/v1/tracks/5Ohxk2dO5COHF1krpoPigN,https://api.spotify.com/v1/audio-analysis/5Ohxk2dO5COHF1krpoPigN,340707,4
92,El Amante,Nicky Jam,723966,https://open.spotify.com/track/3umS4y3uQDkqekNjVpiRUs,3umS4y3uQDkqekNjVpiRUs,0.683,0.691,8,-5.535,1,0.0432,0.243,0,0.14,0.732,179.91,audio_features,3umS4y3uQDkqekNjVpiRUs,spotify:track:3umS4y3uQDkqekNjVpiRUs,https://api.spotify.com/v1/tracks/3umS4y3uQDkqekNjVpiRUs,https://api.spotify.com/v1/audio-analysis/3umS4y3uQDkqekNjVpiRUs,219507,4
93,I Feel It Coming,The Weeknd,721919,https://open.spotify.com/track/5GXAXm5YOmYT0kL5jHvYBt,5GXAXm5YOmYT0kL5jHvYBt,0.773,0.819,0,-5.946,0,0.118,0.426,0,0.0679,0.585,92.99,audio_features,5GXAXm5YOmYT0kL5jHvYBt,spotify:track:5GXAXm5YOmYT0kL5jHvYBt,https://api.spotify.com/v1/tracks/5GXAXm5YOmYT0kL5jHvYBt,https://api.spotify.com/v1/audio-analysis/5GXAXm5YOmYT0kL5jHvYBt,269187,4
94,Scared to Be Lonely,Martin Garrix,721344,https://open.spotify.com/track/3ebXMykcMXOcLeJ9xZ17XH,3ebXMykcMXOcLeJ9xZ17XH,0.584,0.54,1,-7.786,0,0.0576,0.0895,0,0.261,0.195,137.972,audio_features,3ebXMykcMXOcLeJ9xZ17XH,spotify:track:3ebXMykcMXOcLeJ9xZ17XH,https://api.spotify.com/v1/tracks/3ebXMykcMXOcLeJ9xZ17XH,https://api.spotify.com/v1/audio-analysis/3ebXMykcMXOcLeJ9xZ17XH,220883,4
95,Mayores,Becky G,717856,https://open.spotify.com/track/7JNh1cfm0eXjqFVOzKLyau,7JNh1cfm0eXjqFVOzKLyau,0.743,0.855,5,-3.976,0,0.0436,0.141,0.0045,0.099,0.871,96.989,audio_features,7JNh1cfm0eXjqFVOzKLyau,spotify:track:7JNh1cfm0eXjqFVOzKLyau,https://api.spotify.com/v1/tracks/7JNh1cfm0eXjqFVOzKLyau,https://api.spotify.com/v1/audio-analysis/7JNh1cfm0eXjqFVOzKLyau,202453,4
96,One Dance,Drake,717757,https://open.spotify.com/track/1xznGGDReH1oQq0xzbwXa3,1xznGGDReH1oQq0xzbwXa3,0.791,0.619,1,-5.886,1,0.0532,0.00784,0.00423,0.351,0.371,103.989,audio_features,1xznGGDReH1oQq0xzbwXa3,spotify:track:1xznGGDReH1oQq0xzbwXa3,https://api.spotify.com/v1/tracks/1xznGGDReH1oQq0xzbwXa3,https://api.spotify.com/v1/audio-analysis/1xznGGDReH1oQq0xzbwXa3,173987,4
97,Solo Dance,Martin Jensen,709873,https://open.spotify.com/track/6HUnnBwYZqcED1eQztxMBN,6HUnnBwYZqcED1eQztxMBN,0.744,0.836,6,-2.396,0,0.0507,0.0435,0,0.194,0.36,114.965,audio_features,6HUnnBwYZqcED1eQztxMBN,spotify:track:6HUnnBwYZqcED1eQztxMBN,https://api.spotify.com/v1/tracks/6HUnnBwYZqcED1eQztxMBN,https://api.spotify.com/v1/audio-analysis/6HUnnBwYZqcED1eQztxMBN,174933,4
98,Báilame,Nacho,702734,https://open.spotify.com/track/7lRsNbdOGykkMAgsqs4R1C,7lRsNbdOGykkMAgsqs4R1C,0.817,0.869,6,-4.791,1,0.18,0.163,0.00226,0.0497,0.561,96.029,audio_features,7lRsNbdOGykkMAgsqs4R1C,spotify:track:7lRsNbdOGykkMAgsqs4R1C,https://api.spotify.com/v1/tracks/7lRsNbdOGykkMAgsqs4R1C,https://api.spotify.com/v1/audio-analysis/7lRsNbdOGykkMAgsqs4R1C,207200,4
99,Perfect,Ed Sheeran,698576,https://open.spotify.com/track/0tgVpDi06FyKpA1z0VMD4v,0tgVpDi06FyKpA1z0VMD4v,0.599,0.448,8,-6.312,1,0.0232,0.163,0,0.106,0.168,95.05,audio_features,0tgVpDi06FyKpA1z0VMD4v,spotify:track:0tgVpDi06FyKpA1z0VMD4v,https://api.spotify.com/v1/tracks/0tgVpDi06FyKpA1z0VMD4v,https://api.spotify.com/v1/audio-analysis/0tgVpDi06FyKpA1z0VMD4v,263400,3
100,Hey Ma (with Pitbull & J Balvin feat. Camila Cabello) - Spanish Version,Pitbull,692682,https://open.spotify.com/track/2Vdub5mY4lad7w64bFPUez,2Vdub5mY4lad7w64bFPUez,0.489,0.962,0,-2.597,1,0.215,0.0277,6.18e-06,0.128,0.518,104.563,audio_features,2Vdub5mY4lad7w64bFPUez,spotify:track:2Vdub5mY4lad7w64bFPUez,https://api.spotify.com/v1/tracks/2Vdub5mY4lad7w64bFPUez,https://api.spotify.com/v1/audio-analysis/2Vdub5mY4lad7w64bFPUez,194942,4
101,Sigo Extrañándote,J Balvin,692064,https://open.spotify.com/track/6qDF4wWL49CAVbgT7yuHl8,6qDF4wWL49CAVbgT7yuHl8,0.889,0.853,9,-4.26,1,0.241,0.154,0.000107,0.205,0.922,93.022,audio_features,6qDF4wWL49CAVbgT7yuHl8,spotify:track:6qDF4wWL49CAVbgT7yuHl8,https://api.spotify.com/v1/tracks/6qDF4wWL49CAVbgT7yuHl8,https://api.spotify.com/v1/audio-analysis/6qDF4wWL49CAVbgT7yuHl8,201280,4
102,Castle on the Hill,Ed Sheeran,691837,https://open.spotify.com/track/6PCUP3dWmTjcTtXY02oFdT,6PCUP3dWmTjcTtXY02oFdT,0.461,0.834,2,-4.868,1,0.0989,0.0232,1.14e-05,0.14,0.471,135.007,audio_features,6PCUP3dWmTjcTtXY02oFdT,spotify:track:6PCUP3dWmTjcTtXY02oFdT,https://api.spotify.com/v1/tracks/6PCUP3dWmTjcTtXY02oFdT,https://api.spotify.com/v1/audio-analysis/6PCUP3dWmTjcTtXY02oFdT,261154,4
103,Summer Air,ItaloBrothers,674691,https://open.spotify.com/track/3GPI7hYiqD6enLRobhkBm8,3GPI7hYiqD6enLRobhkBm8,0.755,0.751,8,-4.034,1,0.0748,0.0635,0,0.0812,0.491,102.002,audio_features,3GPI7hYiqD6enLRobhkBm8,spotify:track:3GPI7hYiqD6enLRobhkBm8,https://api.spotify.com/v1/tracks/3GPI7hYiqD6enLRobhkBm8,https://api.spotify.com/v1/audio-analysis/3GPI7hYiqD6enLRobhkBm8,183587,4
104,It's A Vibe,2 Chainz,671519,https://open.spotify.com/track/6H0AwSQ20mo62jGlPGB8S6,6H0AwSQ20mo62jGlPGB8S6,0.822,0.502,7,-7.38,1,0.148,0.0312,0.000887,0.114,0.525,73.003,audio_features,6H0AwSQ20mo62jGlPGB8S6,spotify:track:6H0AwSQ20mo62jGlPGB8S6,https://api.spotify.com/v1/tracks/6H0AwSQ20mo62jGlPGB8S6,https://api.spotify.com/v1/audio-analysis/6H0AwSQ20mo62jGlPGB8S6,210200,4
105,Sua cara (feat. Anitta & Pabllo Vittar),Major Lazer,670648,https://open.spotify.com/track/3ibRxEv4KkcU9e259eyNJA,3ibRxEv4KkcU9e259eyNJA,0.789,0.767,9,-4.612,0,0.0715,0.00812,0.000348,0.101,0.637,99.957,audio_features,3ibRxEv4KkcU9e259eyNJA,spotify:track:3ibRxEv4KkcU9e259eyNJA,https://api.spotify.com/v1/tracks/3ibRxEv4KkcU9e259eyNJA,https://api.spotify.com/v1/audio-analysis/3ibRxEv4KkcU9e259eyNJA,167311,4
106,LOVE. FEAT. ZACARI.,Kendrick Lamar,670322,https://open.spotify.com/track/6PGoSes0D9eUDeeAafB2As,6PGoSes0D9eUDeeAafB2As,0.8,0.585,10,-7.343,1,0.0924,0.264,0,0.153,0.779,126.058,audio_features,6PGoSes0D9eUDeeAafB2As,spotify:track:6PGoSes0D9eUDeeAafB2As,https://api.spotify.com/v1/tracks/6PGoSes0D9eUDeeAafB2As,https://api.spotify.com/v1/audio-analysis/6PGoSes0D9eUDeeAafB2As,213400,4
107,Photograph,Ed Sheeran,669340,https://open.spotify.com/track/6fxVffaTuwjgEk5h9QyRjy,6fxVffaTuwjgEk5h9QyRjy,0.614,0.379,4,-10.48,1,0.0476,0.607,0.000464,0.0986,0.201,107.989,audio_features,6fxVffaTuwjgEk5h9QyRjy,spotify:track:6fxVffaTuwjgEk5h9QyRjy,https://api.spotify.com/v1/tracks/6fxVffaTuwjgEk5h9QyRjy,https://api.spotify.com/v1/audio-analysis/6fxVffaTuwjgEk5h9QyRjy,258987,4
108,Otra vez (feat. J Balvin),Zion & Lennox,667875,https://open.spotify.com/track/3QwBODjSEzelZyVjxPOHdq,3QwBODjSEzelZyVjxPOHdq,0.832,0.772,10,-5.429,1,0.1,0.0559,0.000486,0.44,0.704,96.016,audio_features,3QwBODjSEzelZyVjxPOHdq,spotify:track:3QwBODjSEzelZyVjxPOHdq,https://api.spotify.com/v1/tracks/3QwBODjSEzelZyVjxPOHdq,https://api.spotify.com/v1/audio-analysis/3QwBODjSEzelZyVjxPOHdq,209453,4
109,OMG (feat. Quavo),Camila Cabello,666579,https://open.spotify.com/track/4xBjsLUSjcx2h7PcRikpQp,4xBjsLUSjcx2h7PcRikpQp,0.655,0.576,5,-6.735,0,0.0536,0.0295,0.115,0.132,0.167,139.953,audio_features,4xBjsLUSjcx2h7PcRikpQp,spotify:track:4xBjsLUSjcx2h7PcRikpQp,https://api.spotify.com/v1/tracks/4xBjsLUSjcx2h7PcRikpQp,https://api.spotify.com/v1/audio-analysis/4xBjsLUSjcx2h7PcRikpQp,228893,4
110,Chantaje (feat. Maluma),Shakira,664645,https://open.spotify.com/track/6mICuAdrwEjh6Y6lroV2Kg,6mICuAdrwEjh6Y6lroV2Kg,0.852,0.773,8,-2.921,0,0.0776,0.187,3.05e-05,0.159,0.907,102.034,audio_features,6mICuAdrwEjh6Y6lroV2Kg,spotify:track:6mICuAdrwEjh6Y6lroV2Kg,https://api.spotify.com/v1/tracks/6mICuAdrwEjh6Y6lroV2Kg,https://api.spotify.com/v1/audio-analysis/6mICuAdrwEjh6Y6lroV2Kg,195840,4
111,All My Love (feat. Conor Maynard),Cash Cash,656839,https://open.spotify.com/track/1839RWzPRZCVgvamu4sHSN,1839RWzPRZCVgvamu4sHSN,0.59,0.871,11,-3.353,0,0.0891,0.148,0,0.0739,0.304,134.956,audio_features,1839RWzPRZCVgvamu4sHSN,spotify:track:1839RWzPRZCVgvamu4sHSN,https://api.spotify.com/v1/tracks/1839RWzPRZCVgvamu4sHSN,https://api.spotify.com/v1/audio-analysis/1839RWzPRZCVgvamu4sHSN,191331,4
112,"Sola (Remix) [feat. Daddy Yankee, Wisin, Farruko, Zion & Lennox]",Anuel AA,648895,https://open.spotify.com/track/5q2JbCNi4FcnglgPfxcV65,5q2JbCNi4FcnglgPfxcV65,0.639,0.869,11,-4.024,1,0.147,0.27,0,0.0802,0.767,169.801,audio_features,5q2JbCNi4FcnglgPfxcV65,spotify:track:5q2JbCNi4FcnglgPfxcV65,https://api.spotify.com/v1/tracks/5q2JbCNi4FcnglgPfxcV65,https://api.spotify.com/v1/audio-analysis/5q2JbCNi4FcnglgPfxcV65,307910,4
113,In the End,Linkin Park,643611,https://open.spotify.com/track/60a0Rd6pjrkxjPbaKzXjfq,60a0Rd6pjrkxjPbaKzXjfq,0.556,0.864,3,-5.87,0,0.0584,0.00958,0,0.209,0.4,105.143,audio_features,60a0Rd6pjrkxjPbaKzXjfq,spotify:track:60a0Rd6pjrkxjPbaKzXjfq,https://api.spotify.com/v1/tracks/60a0Rd6pjrkxjPbaKzXjfq,https://api.spotify.com/v1/audio-analysis/60a0Rd6pjrkxjPbaKzXjfq,216880,4
114,iSpy (feat. Lil Yachty),KYLE,641023,https://open.spotify.com/track/2EEeOnHehOozLq4aS0n6SL,2EEeOnHehOozLq4aS0n6SL,0.746,0.653,7,-6.745,1,0.289,0.378,0,0.229,0.672,75.016,audio_features,2EEeOnHehOozLq4aS0n6SL,spotify:track:2EEeOnHehOozLq4aS0n6SL,https://api.spotify.com/v1/tracks/2EEeOnHehOozLq4aS0n6SL,https://api.spotify.com/v1/audio-analysis/2EEeOnHehOozLq4aS0n6SL,253107,4
115,Paris,The Chainsmokers,630928,https://open.spotify.com/track/72jbDTw1piOOj770jWNeaG,72jbDTw1piOOj770jWNeaG,0.653,0.658,2,-6.428,1,0.0304,0.0215,1.66e-06,0.0939,0.219,99.99,audio_features,72jbDTw1piOOj770jWNeaG,spotify:track:72jbDTw1piOOj770jWNeaG,https://api.spotify.com/v1/tracks/72jbDTw1piOOj770jWNeaG,https://api.spotify.com/v1/audio-analysis/72jbDTw1piOOj770jWNeaG,221507,4
116,Super Far,LANY,615880,https://open.spotify.com/track/74ODGXs4byLTRdnKGM4s6E,74ODGXs4byLTRdnKGM4s6E,0.754,0.458,8,-6.852,1,0.144,0.105,0,0.249,0.495,96.011,audio_features,74ODGXs4byLTRdnKGM4s6E,spotify:track:74ODGXs4byLTRdnKGM4s6E,https://api.spotify.com/v1/tracks/74ODGXs4byLTRdnKGM4s6E,https://api.spotify.com/v1/audio-analysis/74ODGXs4byLTRdnKGM4s6E,203650,4
117,Let Me Love You,DJ Snake,608301,https://open.spotify.com/track/4pdPtRcBmOSQDlJ3Fk945m,4pdPtRcBmOSQDlJ3Fk945m,0.476,0.718,8,-5.309,1,0.0576,0.0784,1.02e-05,0.122,0.142,199.864,audio_features,4pdPtRcBmOSQDlJ3Fk945m,spotify:track:4pdPtRcBmOSQDlJ3Fk945m,https://api.spotify.com/v1/tracks/4pdPtRcBmOSQDlJ3Fk945m,https://api.spotify.com/v1/audio-analysis/4pdPtRcBmOSQDlJ3Fk945m,205947,4
118,Swish Swish,Katy Perry,605536,https://open.spotify.com/track/2kVHAQKVtczchKctctzbtK,2kVHAQKVtczchKctctzbtK,0.836,0.716,5,-5.211,0,0.0549,0.0196,1.83e-05,0.101,0.534,119.938,audio_features,2kVHAQKVtczchKctctzbtK,spotify:track:2kVHAQKVtczchKctctzbtK,https://api.spotify.com/v1/tracks/2kVHAQKVtczchKctctzbtK,https://api.spotify.com/v1/audio-analysis/2kVHAQKVtczchKctctzbtK,242510,4
119,We Don't Talk Anymore (feat. Selena Gomez),Charlie Puth,603911,https://open.spotify.com/track/68EMU2RD1ECNeOeJ5qAXCV,68EMU2RD1ECNeOeJ5qAXCV,0.728,0.563,1,-8.053,0,0.134,0.621,0,0.179,0.352,100.017,audio_features,68EMU2RD1ECNeOeJ5qAXCV,spotify:track:68EMU2RD1ECNeOeJ5qAXCV,https://api.spotify.com/v1/tracks/68EMU2RD1ECNeOeJ5qAXCV,https://api.spotify.com/v1/audio-analysis/68EMU2RD1ECNeOeJ5qAXCV,217707,4
120,Si Tú La Ves (feat. Wisin),Nicky Jam,601229,https://open.spotify.com/track/4yN6xPLopmTLvc27pO9LIE,4yN6xPLopmTLvc27pO9LIE,0.685,0.731,5,-5.119,0,0.093,0.204,0,0.0722,0.786,177.912,audio_features,4yN6xPLopmTLvc27pO9LIE,spotify:track:4yN6xPLopmTLvc27pO9LIE,https://api.spotify.com/v1/tracks/4yN6xPLopmTLvc27pO9LIE,https://api.spotify.com/v1/audio-analysis/4yN6xPLopmTLvc27pO9LIE,221027,4
121,Don't Let Me Down (feat. Daya),The Chainsmokers,599785,https://open.spotify.com/track/0QsvXIfqM0zZoerQfsI9lm,0QsvXIfqM0zZoerQfsI9lm,0.542,0.859,11,-5.651,1,0.197,0.16,0.00466,0.137,0.403,159.797,audio_features,0QsvXIfqM0zZoerQfsI9lm,spotify:track:0QsvXIfqM0zZoerQfsI9lm,https://api.spotify.com/v1/tracks/0QsvXIfqM0zZoerQfsI9lm,https://api.spotify.com/v1/audio-analysis/0QsvXIfqM0zZoerQfsI9lm,208053,4
122,Instruction (feat. Demi Lovato & Stefflon Don),Jax Jones,598758,https://open.spotify.com/track/0XfOi87h82i09rQjWYG0Bm,0XfOi87h82i09rQjWYG0Bm,0.767,0.934,4,-3.057,0,0.195,0.104,0,0.0835,0.895,121.069,audio_features,0XfOi87h82i09rQjWYG0Bm,spotify:track:0XfOi87h82i09rQjWYG0Bm,https://api.spotify.com/v1/tracks/0XfOi87h82i09rQjWYG0Bm,https://api.spotify.com/v1/audio-analysis/0XfOi87h82i09rQjWYG0Bm,165467,4
123,Bella y Sensual,Romeo Santos,597869,https://open.spotify.com/track/0ERbK7qVqveCaBWIiYCrl3,0ERbK7qVqveCaBWIiYCrl3,0.635,0.713,11,-6.909,1,0.0937,0.228,0,0.0506,0.749,179.864,audio_features,0ERbK7qVqveCaBWIiYCrl3,spotify:track:0ERbK7qVqveCaBWIiYCrl3,https://api.spotify.com/v1/tracks/0ERbK7qVqveCaBWIiYCrl3,https://api.spotify.com/v1/audio-analysis/0ERbK7qVqveCaBWIiYCrl3,204701,4
124,Treat You Better,Shawn Mendes,584892,https://open.spotify.com/track/4Hf7WnR761jpxPr5D46Bcd,4Hf7WnR761jpxPr5D46Bcd,0.624,0.803,10,-4.105,0,0.246,0.123,0,0.114,0.821,166.018,audio_features,4Hf7WnR761jpxPr5D46Bcd,spotify:track:4Hf7WnR761jpxPr5D46Bcd,https://api.spotify.com/v1/tracks/4Hf7WnR761jpxPr5D46Bcd,https://api.spotify.com/v1/audio-analysis/4Hf7WnR761jpxPr5D46Bcd,187973,4
125,Drowning (feat. Kodak Black),A Boogie Wit da Hoodie,583631,https://open.spotify.com/track/6Q2FftbUG530lCtBI74bMH,6Q2FftbUG530lCtBI74bMH,0.839,0.81,5,-5.274,0,0.0568,0.501,0,0.117,0.814,129.014,audio_features,6Q2FftbUG530lCtBI74bMH,spotify:track:6Q2FftbUG530lCtBI74bMH,https://api.spotify.com/v1/tracks/6Q2FftbUG530lCtBI74bMH,https://api.spotify.com/v1/audio-analysis/6Q2FftbUG530lCtBI74bMH,209269,4
126,Two High,Moon Taxi,583315,https://open.spotify.com/track/3sJHkcxojoJD2Ytbo1yLLF,3sJHkcxojoJD2Ytbo1yLLF,0.649,0.762,11,-5.153,0,0.0447,0.0852,0.00383,0.118,0.48,107.034,audio_features,3sJHkcxojoJD2Ytbo1yLLF,spotify:track:3sJHkcxojoJD2Ytbo1yLLF,https://api.spotify.com/v1/tracks/3sJHkcxojoJD2Ytbo1yLLF,https://api.spotify.com/v1/audio-analysis/3sJHkcxojoJD2Ytbo1yLLF,213693,4
127,Robarte un Beso,Carlos Vives,582987,https://open.spotify.com/track/4z3GJkrtH97Bj6fRta983T,4z3GJkrtH97Bj6fRta983T,0.748,0.884,10,-3.556,1,0.0501,0.0902,0,0.361,0.678,95.046,audio_features,4z3GJkrtH97Bj6fRta983T,spotify:track:4z3GJkrtH97Bj6fRta983T,https://api.spotify.com/v1/tracks/4z3GJkrtH97Bj6fRta983T,https://api.spotify.com/v1/audio-analysis/4z3GJkrtH97Bj6fRta983T,193159,4
128,Me llamas (feat. Maluma) - Remix,Piso 21,581926,https://open.spotify.com/track/5hEM0JchdVzQ5PwvSfITeX,5hEM0JchdVzQ5PwvSfITeX,0.76,0.838,7,-3.828,0,0.0529,0.547,1.3e-06,0.0664,0.745,93.05,audio_features,5hEM0JchdVzQ5PwvSfITeX,spotify:track:5hEM0JchdVzQ5PwvSfITeX,https://api.spotify.com/v1/tracks/5hEM0JchdVzQ5PwvSfITeX,https://api.spotify.com/v1/audio-analysis/5hEM0JchdVzQ5PwvSfITeX,210323,4
129,Besándote,Piso 21,579434,https://open.spotify.com/track/13X0XdLMOdtbXVtAj2ox4h,13X0XdLMOdtbXVtAj2ox4h,0.724,0.809,7,-4.96,1,0.056,0.0345,0,0.169,0.496,95.037,audio_features,13X0XdLMOdtbXVtAj2ox4h,spotify:track:13X0XdLMOdtbXVtAj2ox4h,https://api.spotify.com/v1/tracks/13X0XdLMOdtbXVtAj2ox4h,https://api.spotify.com/v1/audio-analysis/13X0XdLMOdtbXVtAj2ox4h,181048,4
130,Reggaetón Lento (Bailemos),CNCO,579006,https://open.spotify.com/track/3AEZUABDXNtecAOSC1qTfo,3AEZUABDXNtecAOSC1qTfo,0.761,0.838,4,-3.073,0,0.0502,0.4,0,0.176,0.71,93.974,audio_features,3AEZUABDXNtecAOSC1qTfo,spotify:track:3AEZUABDXNtecAOSC1qTfo,https://api.spotify.com/v1/tracks/3AEZUABDXNtecAOSC1qTfo,https://api.spotify.com/v1/audio-analysis/3AEZUABDXNtecAOSC1qTfo,222560,4
131,Bad and Boujee (feat. Lil Uzi Vert),Migos,574405,https://open.spotify.com/track/4Km5HrUvYTaSUfiSGPJeQR,4Km5HrUvYTaSUfiSGPJeQR,0.927,0.665,11,-5.313,1,0.244,0.061,0,0.123,0.175,127.076,audio_features,4Km5HrUvYTaSUfiSGPJeQR,spotify:track:4Km5HrUvYTaSUfiSGPJeQR,https://api.spotify.com/v1/tracks/4Km5HrUvYTaSUfiSGPJeQR,https://api.spotify.com/v1/audio-analysis/4Km5HrUvYTaSUfiSGPJeQR,343150,4
132,4 AM,2 Chainz,574003,https://open.spotify.com/track/1nX9KhK3Fff27SnrIor2Yb,1nX9KhK3Fff27SnrIor2Yb,0.796,0.5,1,-7.21,1,0.425,0.118,0,0.155,0.227,75.012,audio_features,1nX9KhK3Fff27SnrIor2Yb,spotify:track:1nX9KhK3Fff27SnrIor2Yb,https://api.spotify.com/v1/tracks/1nX9KhK3Fff27SnrIor2Yb,https://api.spotify.com/v1/audio-analysis/1nX9KhK3Fff27SnrIor2Yb,255560,4
133,Starving,Hailee Steinfeld,569662,https://open.spotify.com/track/1qOLh0tI7trd1zdDKxYZTe,1qOLh0tI7trd1zdDKxYZTe,0.636,0.633,4,-4.23,1,0.126,0.371,0,0.102,0.512,99.721,audio_features,1qOLh0tI7trd1zdDKxYZTe,spotify:track:1qOLh0tI7trd1zdDKxYZTe,https://api.spotify.com/v1/tracks/1qOLh0tI7trd1zdDKxYZTe,https://api.spotify.com/v1/audio-analysis/1qOLh0tI7trd1zdDKxYZTe,181880,4
134,Reminder - Remix,The Weeknd,567115,https://open.spotify.com/track/7F1LWA9sIlTorHUo4amGqk,7F1LWA9sIlTorHUo4amGqk,0.751,0.654,0,-5.665,0,0.206,0.153,0,0.104,0.527,160.035,audio_features,7F1LWA9sIlTorHUo4amGqk,spotify:track:7F1LWA9sIlTorHUo4amGqk,https://api.spotify.com/v1/tracks/7F1LWA9sIlTorHUo4amGqk,https://api.spotify.com/v1/audio-analysis/7F1LWA9sIlTorHUo4amGqk,221968,4
135,24K Magic,Bruno Mars,563570,https://open.spotify.com/track/6b8Be6ljOzmkOmFslEb23P,6b8Be6ljOzmkOmFslEb23P,0.818,0.803,1,-4.282,1,0.0797,0.034,0,0.153,0.632,106.97,audio_features,6b8Be6ljOzmkOmFslEb23P,spotify:track:6b8Be6ljOzmkOmFslEb23P,https://api.spotify.com/v1/tracks/6b8Be6ljOzmkOmFslEb23P,https://api.spotify.com/v1/audio-analysis/6b8Be6ljOzmkOmFslEb23P,225983,4
136,Thinking out Loud,Ed Sheeran,561257,https://open.spotify.com/track/1Slwb6dOYkBlWal1PGtnNg,1Slwb6dOYkBlWal1PGtnNg,0.781,0.445,2,-6.061,1,0.0295,0.474,0,0.184,0.591,78.998,audio_features,1Slwb6dOYkBlWal1PGtnNg,spotify:track:1Slwb6dOYkBlWal1PGtnNg,https://api.spotify.com/v1/tracks/1Slwb6dOYkBlWal1PGtnNg,https://api.spotify.com/v1/audio-analysis/1Slwb6dOYkBlWal1PGtnNg,281560,4
137,Tuesday,Burak Yeter,559060,https://open.spotify.com/track/7abpmGpF7PGep2rDU68GBR,7abpmGpF7PGep2rDU68GBR,0.841,0.639,9,-6.052,0,0.0688,0.0156,0.0654,0.0545,0.675,99.002,audio_features,7abpmGpF7PGep2rDU68GBR,spotify:track:7abpmGpF7PGep2rDU68GBR,https://api.spotify.com/v1/tracks/7abpmGpF7PGep2rDU68GBR,https://api.spotify.com/v1/audio-analysis/7abpmGpF7PGep2rDU68GBR,241875,4
138,Complicated (feat. Kiiara),Dimitri Vegas & Like Mike,551375,https://open.spotify.com/track/1Sl3njkhhz8nrSPZroDQ82,1Sl3njkhhz8nrSPZroDQ82,0.678,0.819,8,-3.306,1,0.0313,0.191,0,0.159,0.499,90.004,audio_features,1Sl3njkhhz8nrSPZroDQ82,spotify:track:1Sl3njkhhz8nrSPZroDQ82,https://api.spotify.com/v1/tracks/1Sl3njkhhz8nrSPZroDQ82,https://api.spotify.com/v1/audio-analysis/1Sl3njkhhz8nrSPZroDQ82,184248,4
139,You Don't Know Me - Radio Edit,Jax Jones,546923,https://open.spotify.com/track/00lNx0OcTJrS3MKHcB80HY,00lNx0OcTJrS3MKHcB80HY,0.876,0.669,11,-6.054,0,0.138,0.163,0,0.185,0.682,124.007,audio_features,00lNx0OcTJrS3MKHcB80HY,spotify:track:00lNx0OcTJrS3MKHcB80HY,https://api.spotify.com/v1/tracks/00lNx0OcTJrS3MKHcB80HY,https://api.spotify.com/v1/audio-analysis/00lNx0OcTJrS3MKHcB80HY,213947,4
140,"CAN'T STOP THE FEELING! (Original Song from DreamWorks Animation's ""TROLLS"")",Justin Timberlake,546689,https://open.spotify.com/track/6JV2JOEocMgcZxYSZelKcc,6JV2JOEocMgcZxYSZelKcc,0.667,0.83,0,-5.715,1,0.0749,0.0123,0,0.191,0.701,113.03,audio_features,6JV2JOEocMgcZxYSZelKcc,spotify:track:6JV2JOEocMgcZxYSZelKcc,https://api.spotify.com/v1/tracks/6JV2JOEocMgcZxYSZelKcc,https://api.spotify.com/v1/audio-analysis/6JV2JOEocMgcZxYSZelKcc,236002,4
141,Call On Me - Ryan Riback Extended Remix,Starley,543960,https://open.spotify.com/track/78rIJddV4X0HkNAInEcYde,78rIJddV4X0HkNAInEcYde,0.67,0.838,0,-4.031,1,0.0362,0.0604,0.000611,0.159,0.717,104.998,audio_features,78rIJddV4X0HkNAInEcYde,spotify:track:78rIJddV4X0HkNAInEcYde,https://api.spotify.com/v1/tracks/78rIJddV4X0HkNAInEcYde,https://api.spotify.com/v1/audio-analysis/78rIJddV4X0HkNAInEcYde,222041,4
142,No Complaints,Metro Boomin,539388,https://open.spotify.com/track/6kig1UFggPUyZBCvXD3Wod,6kig1UFggPUyZBCvXD3Wod,0.913,0.498,2,-10.742,1,0.165,0.0829,0.0369,0.0799,0.217,123.975,audio_features,6kig1UFggPUyZBCvXD3Wod,spotify:track:6kig1UFggPUyZBCvXD3Wod,https://api.spotify.com/v1/tracks/6kig1UFggPUyZBCvXD3Wod,https://api.spotify.com/v1/audio-analysis/6kig1UFggPUyZBCvXD3Wod,261733,4
143,Krippy Kush,Farruko,535438,https://open.spotify.com/track/3rgjBiAMVGnxmsTDmUy8vb,3rgjBiAMVGnxmsTDmUy8vb,0.708,0.56,9,-7.132,1,0.129,0.0668,0,0.111,0.411,163.043,audio_features,3rgjBiAMVGnxmsTDmUy8vb,spotify:track:3rgjBiAMVGnxmsTDmUy8vb,https://api.spotify.com/v1/tracks/3rgjBiAMVGnxmsTDmUy8vb,https://api.spotify.com/v1/audio-analysis/3rgjBiAMVGnxmsTDmUy8vb,230520,4
144,Side To Side,Ariana Grande,530085,https://open.spotify.com/track/4pLwZjInHj3SimIyN9SnOz,4pLwZjInHj3SimIyN9SnOz,0.648,0.738,6,-5.883,0,0.247,0.0408,0,0.292,0.603,159.145,audio_features,4pLwZjInHj3SimIyN9SnOz,spotify:track:4pLwZjInHj3SimIyN9SnOz,https://api.spotify.com/v1/tracks/4pLwZjInHj3SimIyN9SnOz,https://api.spotify.com/v1/audio-analysis/4pLwZjInHj3SimIyN9SnOz,226160,4
145,Bounce Back,Big Sean,525160,https://open.spotify.com/track/0SGkqnVQo9KPytSri1H6cF,0SGkqnVQo9KPytSri1H6cF,0.78,0.575,1,-5.628,0,0.139,0.106,0,0.129,0.273,81.502,audio_features,0SGkqnVQo9KPytSri1H6cF,spotify:track:0SGkqnVQo9KPytSri1H6cF,https://api.spotify.com/v1/tracks/0SGkqnVQo9KPytSri1H6cF,https://api.spotify.com/v1/audio-analysis/0SGkqnVQo9KPytSri1H6cF,222360,4
146,Numb,Linkin Park,524023,https://open.spotify.com/track/2nLtzopw4rPReszdYBJU6h,2nLtzopw4rPReszdYBJU6h,0.496,0.863,9,-4.153,1,0.0381,0.0046,0,0.639,0.243,110.018,audio_features,2nLtzopw4rPReszdYBJU6h,spotify:track:2nLtzopw4rPReszdYBJU6h,https://api.spotify.com/v1/tracks/2nLtzopw4rPReszdYBJU6h,https://api.spotify.com/v1/audio-analysis/2nLtzopw4rPReszdYBJU6h,185587,4
147,Rake It Up,Yo Gotti,519229,https://open.spotify.com/track/6c7D34787LOtPm8tzhsLgH,6c7D34787LOtPm8tzhsLgH,0.91,0.444,1,-8.126,0,0.344,0.022,0,0.137,0.53,149.953,audio_features,6c7D34787LOtPm8tzhsLgH,spotify:track:6c7D34787LOtPm8tzhsLgH,https://api.spotify.com/v1/tracks/6c7D34787LOtPm8tzhsLgH,https://api.spotify.com/v1/audio-analysis/6c7D34787LOtPm8tzhsLgH,276333,4
148,In the Name of Love,Martin Garrix,518089,https://open.spotify.com/track/04DwTuZ2VBdJCCC5TROn7L,04DwTuZ2VBdJCCC5TROn7L,0.49,0.485,4,-6.237,0,0.0406,0.0592,0,0.337,0.196,133.889,audio_features,04DwTuZ2VBdJCCC5TROn7L,spotify:track:04DwTuZ2VBdJCCC5TROn7L,https://api.spotify.com/v1/tracks/04DwTuZ2VBdJCCC5TROn7L,https://api.spotify.com/v1/audio-analysis/04DwTuZ2VBdJCCC5TROn7L,195840,4
149,Fake Love,Drake,515994,https://open.spotify.com/track/343YBumqHu19cGoGARUTsd,343YBumqHu19cGoGARUTsd,0.928,0.481,9,-9.35,0,0.287,0.105,0,0.176,0.613,134.007,audio_features,343YBumqHu19cGoGARUTsd,spotify:track:343YBumqHu19cGoGARUTsd,https://api.spotify.com/v1/tracks/343YBumqHu19cGoGARUTsd,https://api.spotify.com/v1/audio-analysis/343YBumqHu19cGoGARUTsd,210937,4
150,The Cure,Lady Gaga,514566,https://open.spotify.com/track/51PIvodunv6NmX5250zxAh,51PIvodunv6NmX5250zxAh,0.696,0.503,8,-4.842,1,0.0356,0.0745,0,0.0869,0.559,99.977,audio_features,51PIvodunv6NmX5250zxAh,spotify:track:51PIvodunv6NmX5250zxAh,https://api.spotify.com/v1/tracks/51PIvodunv6NmX5250zxAh,https://api.spotify.com/v1/audio-analysis/51PIvodunv6NmX5250zxAh,211364,4
151,Heavy (feat. Kiiara),Linkin Park,511532,https://open.spotify.com/track/104buTcnP2AsxqB7U1FIZ4,104buTcnP2AsxqB7U1FIZ4,0.59,0.671,9,-6.098,1,0.0706,0.0484,0,0.0604,0.438,149.982,audio_features,104buTcnP2AsxqB7U1FIZ4,spotify:track:104buTcnP2AsxqB7U1FIZ4,https://api.spotify.com/v1/tracks/104buTcnP2AsxqB7U1FIZ4,https://api.spotify.com/v1/audio-analysis/104buTcnP2AsxqB7U1FIZ4,169801,4
152,Boys,Charli XCX,507697,https://open.spotify.com/track/5o4yGlG0PfeVUa6ClIyOxq,5o4yGlG0PfeVUa6ClIyOxq,0.867,0.545,2,-5.192,1,0.0625,0.0646,0.000289,0.0505,0.525,139.943,audio_features,5o4yGlG0PfeVUa6ClIyOxq,spotify:track:5o4yGlG0PfeVUa6ClIyOxq,https://api.spotify.com/v1/tracks/5o4yGlG0PfeVUa6ClIyOxq,https://api.spotify.com/v1/audio-analysis/5o4yGlG0PfeVUa6ClIyOxq,162586,4
153,Cold Water (feat. Justin Bieber & MØ),Major Lazer,507059,https://open.spotify.com/track/6DNtNfH8hXkqOX1sjqmI7p,6DNtNfH8hXkqOX1sjqmI7p,0.608,0.798,6,-5.092,0,0.0432,0.0736,0,0.156,0.501,92.943,audio_features,6DNtNfH8hXkqOX1sjqmI7p,spotify:track:6DNtNfH8hXkqOX1sjqmI7p,https://api.spotify.com/v1/tracks/6DNtNfH8hXkqOX1sjqmI7p,https://api.spotify.com/v1/audio-analysis/6DNtNfH8hXkqOX1sjqmI7p,185352,4
154,I Took A Pill In Ibiza - Seeb Remix,Mike Posner,502398,https://open.spotify.com/track/17Fd6Yb7mSbinKG8LoWfFl,17Fd6Yb7mSbinKG8LoWfFl,0.663,0.713,7,-6.647,0,0.112,0.0353,7.68e-06,0.0843,0.69,101.965,audio_features,17Fd6Yb7mSbinKG8LoWfFl,spotify:track:17Fd6Yb7mSbinKG8LoWfFl,https://api.spotify.com/v1/tracks/17Fd6Yb7mSbinKG8LoWfFl,https://api.spotify.com/v1/audio-analysis/17Fd6Yb7mSbinKG8LoWfFl,197933,4
155,Why,Sabrina Carpenter,502300,https://open.spotify.com/track/2jYmK1cb3Uya6FFsocdpzO,2jYmK1cb3Uya6FFsocdpzO,0.669,0.561,11,-4.923,0,0.209,0.157,0,0.0739,0.604,180.044,audio_features,2jYmK1cb3Uya6FFsocdpzO,spotify:track:2jYmK1cb3Uya6FFsocdpzO,https://api.spotify.com/v1/tracks/2jYmK1cb3Uya6FFsocdpzO,https://api.spotify.com/v1/audio-analysis/2jYmK1cb3Uya6FFsocdpzO,171096,4
156,Love Yourself,Justin Bieber,498865,https://open.spotify.com/track/3hB5DgAiMAQ4DzYbsMq1IT,3hB5DgAiMAQ4DzYbsMq1IT,0.609,0.378,4,-9.828,1,0.438,0.835,0,0.28,0.515,100.418,audio_features,3hB5DgAiMAQ4DzYbsMq1IT,spotify:track:3hB5DgAiMAQ4DzYbsMq1IT,https://api.spotify.com/v1/tracks/3hB5DgAiMAQ4DzYbsMq1IT,https://api.spotify.com/v1/audio-analysis/3hB5DgAiMAQ4DzYbsMq1IT,233720,4
157,Hear Me Now,Alok,498670,https://open.spotify.com/track/1a5Yu5L18qNxVhXx38njON,1a5Yu5L18qNxVhXx38njON,0.788,0.43,11,-7.757,1,0.0419,0.537,0.00261,0.0936,0.461,121.996,audio_features,1a5Yu5L18qNxVhXx38njON,spotify:track:1a5Yu5L18qNxVhXx38njON,https://api.spotify.com/v1/tracks/1a5Yu5L18qNxVhXx38njON,https://api.spotify.com/v1/audio-analysis/1a5Yu5L18qNxVhXx38njON,192846,4
158,Hunter,Galantis,498203,https://open.spotify.com/track/3caMfJGFp53NAH2TuigdNj,3caMfJGFp53NAH2TuigdNj,0.509,0.712,7,-5.747,1,0.111,0.186,0,0.102,0.653,99.831,audio_features,3caMfJGFp53NAH2TuigdNj,spotify:track:3caMfJGFp53NAH2TuigdNj,https://api.spotify.com/v1/tracks/3caMfJGFp53NAH2TuigdNj,https://api.spotify.com/v1/audio-analysis/3caMfJGFp53NAH2TuigdNj,183229,4
159,Paradinha,Anitta,498089,https://open.spotify.com/track/05rJdH2MRLJ3sQoEUO78qs,05rJdH2MRLJ3sQoEUO78qs,0.695,0.775,11,-5.041,0,0.0887,0.0117,0.191,0.0702,0.869,180.054,audio_features,05rJdH2MRLJ3sQoEUO78qs,spotify:track:05rJdH2MRLJ3sQoEUO78qs,https://api.spotify.com/v1/tracks/05rJdH2MRLJ3sQoEUO78qs,https://api.spotify.com/v1/audio-analysis/05rJdH2MRLJ3sQoEUO78qs,141317,4
160,Portland,Drake,492378,https://open.spotify.com/track/2bjwRfXMk4uRgOD9IBYl9h,2bjwRfXMk4uRgOD9IBYl9h,0.925,0.443,1,-8.216,1,0.264,0.0172,0,0.276,0.35,136.078,audio_features,2bjwRfXMk4uRgOD9IBYl9h,spotify:track:2bjwRfXMk4uRgOD9IBYl9h,https://api.spotify.com/v1/tracks/2bjwRfXMk4uRgOD9IBYl9h,https://api.spotify.com/v1/audio-analysis/2bjwRfXMk4uRgOD9IBYl9h,236615,4
161,Happier,Ed Sheeran,491479,https://open.spotify.com/track/2RttW7RAu5nOAfq6YFvApB,2RttW7RAu5nOAfq6YFvApB,0.522,0.385,0,-7.355,1,0.0288,0.536,0,0.135,0.236,89.792,audio_features,2RttW7RAu5nOAfq6YFvApB,spotify:track:2RttW7RAu5nOAfq6YFvApB,https://api.spotify.com/v1/tracks/2RttW7RAu5nOAfq6YFvApB,https://api.spotify.com/v1/audio-analysis/2RttW7RAu5nOAfq6YFvApB,207520,4
162,Swang,Rae Sremmurd,487187,https://open.spotify.com/track/6mapJIPnQ23RTAevUoE0DL,6mapJIPnQ23RTAevUoE0DL,0.681,0.314,8,-9.319,1,0.0581,0.2,9.82e-06,0.1,0.166,139.992,audio_features,6mapJIPnQ23RTAevUoE0DL,spotify:track:6mapJIPnQ23RTAevUoE0DL,https://api.spotify.com/v1/tracks/6mapJIPnQ23RTAevUoE0DL,https://api.spotify.com/v1/audio-analysis/6mapJIPnQ23RTAevUoE0DL,208120,4
163,No Vacancy,OneRepublic,486869,https://open.spotify.com/track/6XOYVSmNDjKUNMXooU4s4z,6XOYVSmNDjKUNMXooU4s4z,0.71,0.73,5,-4.001,1,0.0607,0.0571,0,0.139,0.48,99.986,audio_features,6XOYVSmNDjKUNMXooU4s4z,spotify:track:6XOYVSmNDjKUNMXooU4s4z,https://api.spotify.com/v1/tracks/6XOYVSmNDjKUNMXooU4s4z,https://api.spotify.com/v1/audio-analysis/6XOYVSmNDjKUNMXooU4s4z,223190,4
164,do re mi,blackbear,485852,https://open.spotify.com/track/3Q3myFA7q4Op95DOpHplaY,3Q3myFA7q4Op95DOpHplaY,0.745,0.593,8,-6.35,1,0.0526,0.00522,5.25e-06,0.123,0.17,111.002,audio_features,3Q3myFA7q4Op95DOpHplaY,spotify:track:3Q3myFA7q4Op95DOpHplaY,https://api.spotify.com/v1/tracks/3Q3myFA7q4Op95DOpHplaY,https://api.spotify.com/v1/audio-analysis/3Q3myFA7q4Op95DOpHplaY,212027,3
165,Mercy,Shawn Mendes,485351,https://open.spotify.com/track/4TZy1wLyHec06pwgFYDh1a,4TZy1wLyHec06pwgFYDh1a,0.469,0.68,11,-4.921,0,0.117,0.137,0,0.11,0.374,147.734,audio_features,4TZy1wLyHec06pwgFYDh1a,spotify:track:4TZy1wLyHec06pwgFYDh1a,https://api.spotify.com/v1/tracks/4TZy1wLyHec06pwgFYDh1a,https://api.spotify.com/v1/audio-analysis/4TZy1wLyHec06pwgFYDh1a,208733,4
166,Tired,Alan Walker,484114,https://open.spotify.com/track/3b5Li4QKDVBx1x7fQuu54a,3b5Li4QKDVBx1x7fQuu54a,0.69,0.876,2,-4.159,1,0.059,0.0428,0,0.147,0.493,123.994,audio_features,3b5Li4QKDVBx1x7fQuu54a,spotify:track:3b5Li4QKDVBx1x7fQuu54a,https://api.spotify.com/v1/tracks/3b5Li4QKDVBx1x7fQuu54a,https://api.spotify.com/v1/audio-analysis/3b5Li4QKDVBx1x7fQuu54a,192112,4
167,The Night We Met,Lord Huron,482231,https://open.spotify.com/track/6mORGLOz79w6VsCRLWYYuK,6mORGLOz79w6VsCRLWYYuK,0.443,0.369,9,-9.514,1,0.0441,0.969,0.277,0.638,0.0989,174.107,audio_features,6mORGLOz79w6VsCRLWYYuK,spotify:track:6mORGLOz79w6VsCRLWYYuK,https://api.spotify.com/v1/tracks/6mORGLOz79w6VsCRLWYYuK,https://api.spotify.com/v1/audio-analysis/6mORGLOz79w6VsCRLWYYuK,208212,3
168,"Lose Yourself - From ""8 Mile"" Soundtrack",Eminem,481418,https://open.spotify.com/track/5Z01UMMf7V1o0MzF86s6WJ,5Z01UMMf7V1o0MzF86s6WJ,0.692,0.744,2,-4.565,1,0.257,0.00868,0.000423,0.359,0.0612,171.374,audio_features,5Z01UMMf7V1o0MzF86s6WJ,spotify:track:5Z01UMMf7V1o0MzF86s6WJ,https://api.spotify.com/v1/tracks/5Z01UMMf7V1o0MzF86s6WJ,https://api.spotify.com/v1/audio-analysis/5Z01UMMf7V1o0MzF86s6WJ,326467,4
169,Alguien Robo,Sebastian Yatra,480178,https://open.spotify.com/track/5i50gKdLAjjIr7UxRT5IVy,5i50gKdLAjjIr7UxRT5IVy,0.745,0.921,0,-2.674,1,0.082,0.0897,0,0.178,0.651,92.973,audio_features,5i50gKdLAjjIr7UxRT5IVy,spotify:track:5i50gKdLAjjIr7UxRT5IVy,https://api.spotify.com/v1/tracks/5i50gKdLAjjIr7UxRT5IVy,https://api.spotify.com/v1/audio-analysis/5i50gKdLAjjIr7UxRT5IVy,223613,4
170,Imitadora,Romeo Santos,477786,https://open.spotify.com/track/6r46lnXFbE9fr2d3KNaGbe,6r46lnXFbE9fr2d3KNaGbe,0.737,0.709,8,-6.889,0,0.045,0.333,0,0.289,0.556,125.997,audio_features,6r46lnXFbE9fr2d3KNaGbe,spotify:track:6r46lnXFbE9fr2d3KNaGbe,https://api.spotify.com/v1/tracks/6r46lnXFbE9fr2d3KNaGbe,https://api.spotify.com/v1/audio-analysis/6r46lnXFbE9fr2d3KNaGbe,234829,4
171,Marmalade (feat. Lil Yachty),Macklemore,475344,https://open.spotify.com/track/0RYXEibxMami3QuT8kn4Iz,0RYXEibxMami3QuT8kn4Iz,0.922,0.583,5,-4.982,1,0.0753,0.0098,0,0.0962,0.494,136.043,audio_features,0RYXEibxMami3QuT8kn4Iz,spotify:track:0RYXEibxMami3QuT8kn4Iz,https://api.spotify.com/v1/tracks/0RYXEibxMami3QuT8kn4Iz,https://api.spotify.com/v1/audio-analysis/0RYXEibxMami3QuT8kn4Iz,261615,4
172,Sun Comes Up (feat. James Arthur),Rudimental,473939,https://open.spotify.com/track/6SUocL0caib4mLHe8ZrZzi,6SUocL0caib4mLHe8ZrZzi,0.619,0.858,10,-5.28,1,0.0929,0.00791,0,0.173,0.23,106.017,audio_features,6SUocL0caib4mLHe8ZrZzi,spotify:track:6SUocL0caib4mLHe8ZrZzi,https://api.spotify.com/v1/tracks/6SUocL0caib4mLHe8ZrZzi,https://api.spotify.com/v1/audio-analysis/6SUocL0caib4mLHe8ZrZzi,232627,4
173,Look At Me!,XXXTENTACION,471582,https://open.spotify.com/track/4ARPvK8DHLwt4oX65ZAFMw,4ARPvK8DHLwt4oX65ZAFMw,0.763,0.726,1,-6.405,1,0.282,0.259,0,0.0976,0.349,139.059,audio_features,4ARPvK8DHLwt4oX65ZAFMw,spotify:track:4ARPvK8DHLwt4oX65ZAFMw,https://api.spotify.com/v1/tracks/4ARPvK8DHLwt4oX65ZAFMw,https://api.spotify.com/v1/audio-analysis/4ARPvK8DHLwt4oX65ZAFMw,126346,4
174,do re mi (feat. Gucci Mane),blackbear,471085,https://open.spotify.com/track/53mrVsi49rLHIaKBiSvElG,53mrVsi49rLHIaKBiSvElG,0.746,0.647,8,-6.388,1,0.052,0.007,0,0.156,0.196,112.015,audio_features,53mrVsi49rLHIaKBiSvElG,spotify:track:53mrVsi49rLHIaKBiSvElG,https://api.spotify.com/v1/tracks/53mrVsi49rLHIaKBiSvElG,https://api.spotify.com/v1/audio-analysis/53mrVsi49rLHIaKBiSvElG,233705,3
175,Loco Enamorado,Abraham Mateo,470008,https://open.spotify.com/track/4N1c5rmWOzRmB9SMacr5wB,4N1c5rmWOzRmB9SMacr5wB,0.69,0.872,11,-2.984,0,0.0588,0.226,0,0.0858,0.731,94.0,audio_features,4N1c5rmWOzRmB9SMacr5wB,spotify:track:4N1c5rmWOzRmB9SMacr5wB,https://api.spotify.com/v1/tracks/4N1c5rmWOzRmB9SMacr5wB,https://api.spotify.com/v1/audio-analysis/4N1c5rmWOzRmB9SMacr5wB,252200,4
176,White Iverson,Post Malone,468886,https://open.spotify.com/track/6eT7xZZlB2mwyzJ2sUKG6w,6eT7xZZlB2mwyzJ2sUKG6w,0.675,0.562,7,-7.678,1,0.0352,0.233,0,0.0816,0.309,130.098,audio_features,6eT7xZZlB2mwyzJ2sUKG6w,spotify:track:6eT7xZZlB2mwyzJ2sUKG6w,https://api.spotify.com/v1/tracks/6eT7xZZlB2mwyzJ2sUKG6w,https://api.spotify.com/v1/audio-analysis/6eT7xZZlB2mwyzJ2sUKG6w,256533,4
177,Cheap Thrills,Sia,466268,https://open.spotify.com/track/27SdWb2rFzO6GWiYDBTD9j,27SdWb2rFzO6GWiYDBTD9j,0.628,0.698,6,-5.608,0,0.105,0.0472,0.00143,0.0907,0.732,89.976,audio_features,27SdWb2rFzO6GWiYDBTD9j,spotify:track:27SdWb2rFzO6GWiYDBTD9j,https://api.spotify.com/v1/tracks/27SdWb2rFzO6GWiYDBTD9j,https://api.spotify.com/v1/audio-analysis/27SdWb2rFzO6GWiYDBTD9j,211667,4
178,Faded,Alan Walker,465538,https://open.spotify.com/track/7gHs73wELdeycvS48JfIos,7gHs73wELdeycvS48JfIos,0.589,0.651,6,-5.097,1,0.0306,0.0291,3.2e-06,0.111,0.166,90.011,audio_features,7gHs73wELdeycvS48JfIos,spotify:track:7gHs73wELdeycvS48JfIos,https://api.spotify.com/v1/tracks/7gHs73wELdeycvS48JfIos,https://api.spotify.com/v1/audio-analysis/7gHs73wELdeycvS48JfIos,212627,4
179,Ex Calling,6LACK,459694,https://open.spotify.com/track/2RwmsAOxtiRezQPmvyejb8,2RwmsAOxtiRezQPmvyejb8,0.782,0.559,1,-7.545,1,0.258,0.00746,1.74e-05,0.232,0.076,156.018,audio_features,2RwmsAOxtiRezQPmvyejb8,spotify:track:2RwmsAOxtiRezQPmvyejb8,https://api.spotify.com/v1/tracks/2RwmsAOxtiRezQPmvyejb8,https://api.spotify.com/v1/audio-analysis/2RwmsAOxtiRezQPmvyejb8,211960,4
180,One Last Time,Ariana Grande,459539,https://open.spotify.com/track/7bJwvubZZaoGE1AGEfu8Fi,7bJwvubZZaoGE1AGEfu8Fi,0.624,0.618,8,-4.868,1,0.0322,0.115,3.3e-06,0.104,0.122,125.036,audio_features,7bJwvubZZaoGE1AGEfu8Fi,spotify:track:7bJwvubZZaoGE1AGEfu8Fi,https://api.spotify.com/v1/tracks/7bJwvubZZaoGE1AGEfu8Fi,https://api.spotify.com/v1/audio-analysis/7bJwvubZZaoGE1AGEfu8Fi,197253,4
181,Heathens,Twenty One Pilots,459367,https://open.spotify.com/track/6i0V12jOa3mr6uu4WYhUBr,6i0V12jOa3mr6uu4WYhUBr,0.732,0.396,4,-9.348,0,0.0286,0.0841,3.58e-05,0.105,0.548,90.024,audio_features,6i0V12jOa3mr6uu4WYhUBr,spotify:track:6i0V12jOa3mr6uu4WYhUBr,https://api.spotify.com/v1/tracks/6i0V12jOa3mr6uu4WYhUBr,https://api.spotify.com/v1/audio-analysis/6i0V12jOa3mr6uu4WYhUBr,195920,4
182,Ni Tú Ni Yo (feat. Gente de Zona),Jennifer Lopez,458781,https://open.spotify.com/track/5xMzazov0IHYllrc8U2K6F,5xMzazov0IHYllrc8U2K6F,0.673,0.907,1,-3.716,0,0.074,0.123,0,0.423,0.768,109.04,audio_features,5xMzazov0IHYllrc8U2K6F,spotify:track:5xMzazov0IHYllrc8U2K6F,https://api.spotify.com/v1/tracks/5xMzazov0IHYllrc8U2K6F,https://api.spotify.com/v1/audio-analysis/5xMzazov0IHYllrc8U2K6F,215880,4
183,The Scientist,Coldplay,457020,https://open.spotify.com/track/75JFxkI2RXiU7L9VXzMkle,75JFxkI2RXiU7L9VXzMkle,0.557,0.442,5,-7.224,1,0.0243,0.731,1.46e-05,0.11,0.213,146.277,audio_features,75JFxkI2RXiU7L9VXzMkle,spotify:track:75JFxkI2RXiU7L9VXzMkle,https://api.spotify.com/v1/tracks/75JFxkI2RXiU7L9VXzMkle,https://api.spotify.com/v1/audio-analysis/75JFxkI2RXiU7L9VXzMkle,309600,4
184,"How Far I'll Go - From ""Moana""",Alessia Cara,453967,https://open.spotify.com/track/5hYTyyh2odQKphUbMqc5gN,5hYTyyh2odQKphUbMqc5gN,0.314,0.555,9,-9.601,1,0.37,0.157,0.000108,0.067,0.159,179.666,audio_features,5hYTyyh2odQKphUbMqc5gN,spotify:track:5hYTyyh2odQKphUbMqc5gN,https://api.spotify.com/v1/tracks/5hYTyyh2odQKphUbMqc5gN,https://api.spotify.com/v1/audio-analysis/5hYTyyh2odQKphUbMqc5gN,175517,4
185,Loca (feat. Cali y El Dandee),Maite Perroni,452507,https://open.spotify.com/track/05ZXXyeZFhZtA6DAP3Aw7x,05ZXXyeZFhZtA6DAP3Aw7x,0.751,0.839,9,-3.367,1,0.054,0.11,0,0.0865,0.639,95.019,audio_features,05ZXXyeZFhZtA6DAP3Aw7x,spotify:track:05ZXXyeZFhZtA6DAP3Aw7x,https://api.spotify.com/v1/tracks/05ZXXyeZFhZtA6DAP3Aw7x,https://api.spotify.com/v1/audio-analysis/05ZXXyeZFhZtA6DAP3Aw7x,234366,4
186,Hot2Touch,Felix Jaehn,450106,https://open.spotify.com/track/1sBhJGPUKrdRycgKxve70v,1sBhJGPUKrdRycgKxve70v,0.755,0.719,1,-5.316,0,0.0421,0.000875,1.53e-05,0.326,0.813,121.986,audio_features,1sBhJGPUKrdRycgKxve70v,spotify:track:1sBhJGPUKrdRycgKxve70v,https://api.spotify.com/v1/tracks/1sBhJGPUKrdRycgKxve70v,https://api.spotify.com/v1/audio-analysis/1sBhJGPUKrdRycgKxve70v,160826,4
187,Cold,Maroon 5,449491,https://open.spotify.com/track/5NNlUMcOEOdoOIwwaWXv0k,5NNlUMcOEOdoOIwwaWXv0k,0.703,0.715,9,-6.285,0,0.114,0.139,0,0.0456,0.497,99.924,audio_features,5NNlUMcOEOdoOIwwaWXv0k,spotify:track:5NNlUMcOEOdoOIwwaWXv0k,https://api.spotify.com/v1/tracks/5NNlUMcOEOdoOIwwaWXv0k,https://api.spotify.com/v1/audio-analysis/5NNlUMcOEOdoOIwwaWXv0k,234308,4
188,Go Flex,Post Malone,449478,https://open.spotify.com/track/5yuShbu70mtHXY0yLzCQLQ,5yuShbu70mtHXY0yLzCQLQ,0.665,0.498,5,-8.185,1,0.0832,0.228,0,0.0757,0.127,81.967,audio_features,5yuShbu70mtHXY0yLzCQLQ,spotify:track:5yuShbu70mtHXY0yLzCQLQ,https://api.spotify.com/v1/tracks/5yuShbu70mtHXY0yLzCQLQ,https://api.spotify.com/v1/audio-analysis/5yuShbu70mtHXY0yLzCQLQ,179613,4
189,'Till I Collapse,Eminem,448879,https://open.spotify.com/track/6yr8GiTHWvFfi4o6Q5ebdT,6yr8GiTHWvFfi4o6Q5ebdT,0.551,0.851,1,-3.277,1,0.197,0.0748,0,0.0784,0.1,171.411,audio_features,6yr8GiTHWvFfi4o6Q5ebdT,spotify:track:6yr8GiTHWvFfi4o6Q5ebdT,https://api.spotify.com/v1/tracks/6yr8GiTHWvFfi4o6Q5ebdT,https://api.spotify.com/v1/audio-analysis/6yr8GiTHWvFfi4o6Q5ebdT,297893,4
190,T-Shirt,Migos,446054,https://open.spotify.com/track/7KOlJ92bu51cltsD9KU5I7,7KOlJ92bu51cltsD9KU5I7,0.865,0.687,10,-3.744,0,0.217,0.242,0,0.158,0.486,139.023,audio_features,7KOlJ92bu51cltsD9KU5I7,spotify:track:7KOlJ92bu51cltsD9KU5I7,https://api.spotify.com/v1/tracks/7KOlJ92bu51cltsD9KU5I7,https://api.spotify.com/v1/audio-analysis/7KOlJ92bu51cltsD9KU5I7,242407,4
191,Tunnel Vision,Kodak Black,443371,https://open.spotify.com/track/4Q3N4Ct4zCuIHuZ65E3BD4,4Q3N4Ct4zCuIHuZ65E3BD4,0.497,0.489,11,-7.724,0,0.294,0.0576,9.91e-05,0.122,0.231,171.853,audio_features,4Q3N4Ct4zCuIHuZ65E3BD4,spotify:track:4Q3N4Ct4zCuIHuZ65E3BD4,https://api.spotify.com/v1/tracks/4Q3N4Ct4zCuIHuZ65E3BD4,https://api.spotify.com/v1/audio-analysis/4Q3N4Ct4zCuIHuZ65E3BD4,268187,4
192,Wonderwall - Remastered,Oasis,440837,https://open.spotify.com/track/5qqabIl2vWzo9ApSC317sa,5qqabIl2vWzo9ApSC317sa,0.378,0.896,2,-4.066,1,0.0407,0.000452,0,0.194,0.469,174.302,audio_features,5qqabIl2vWzo9ApSC317sa,spotify:track:5qqabIl2vWzo9ApSC317sa,https://api.spotify.com/v1/tracks/5qqabIl2vWzo9ApSC317sa,https://api.spotify.com/v1/audio-analysis/5qqabIl2vWzo9ApSC317sa,258773,4
193,Be Mine,Ofenbach,439218,https://open.spotify.com/track/2KklXplRtxMsBYo474Es0w,2KklXplRtxMsBYo474Es0w,0.779,0.666,5,-7.361,1,0.0482,0.194,0.000556,0.0576,0.507,123.024,audio_features,2KklXplRtxMsBYo474Es0w,spotify:track:2KklXplRtxMsBYo474Es0w,https://api.spotify.com/v1/tracks/2KklXplRtxMsBYo474Es0w,https://api.spotify.com/v1/audio-analysis/2KklXplRtxMsBYo474Es0w,161322,4
194,Stressed Out,Twenty One Pilots,439069,https://open.spotify.com/track/3CRDbSIZ4r5MsZ0YwxuEkn,3CRDbSIZ4r5MsZ0YwxuEkn,0.734,0.637,4,-5.677,0,0.141,0.0462,2.29e-05,0.0602,0.648,169.977,audio_features,3CRDbSIZ4r5MsZ0YwxuEkn,spotify:track:3CRDbSIZ4r5MsZ0YwxuEkn,https://api.spotify.com/v1/tracks/3CRDbSIZ4r5MsZ0YwxuEkn,https://api.spotify.com/v1/audio-analysis/3CRDbSIZ4r5MsZ0YwxuEkn,202333,4
195,Ride,Twenty One Pilots,438759,https://open.spotify.com/track/2Z8WuEywRWYTKe1NybPQEW,2Z8WuEywRWYTKe1NybPQEW,0.645,0.713,6,-5.355,1,0.0393,0.00835,0,0.113,0.566,74.989,audio_features,2Z8WuEywRWYTKe1NybPQEW,spotify:track:2Z8WuEywRWYTKe1NybPQEW,https://api.spotify.com/v1/tracks/2Z8WuEywRWYTKe1NybPQEW,https://api.spotify.com/v1/audio-analysis/2Z8WuEywRWYTKe1NybPQEW,214507,4
196,Chained To The Rhythm,Katy Perry,437913,https://open.spotify.com/track/6520aj0B4FSKGVuKNsOCOi,6520aj0B4FSKGVuKNsOCOi,0.448,0.801,0,-5.363,1,0.165,0.0733,0,0.146,0.462,189.798,audio_features,6520aj0B4FSKGVuKNsOCOi,spotify:track:6520aj0B4FSKGVuKNsOCOi,https://api.spotify.com/v1/tracks/6520aj0B4FSKGVuKNsOCOi,https://api.spotify.com/v1/audio-analysis/6520aj0B4FSKGVuKNsOCOi,237734,4
197,Ahora Me Llama,KAROL G,433201,https://open.spotify.com/track/61HHDBLqF3AmSvLfHKNGd2,61HHDBLqF3AmSvLfHKNGd2,0.664,0.576,7,-5.395,0,0.0349,0.0073,6.28e-05,0.0912,0.121,134.934,audio_features,61HHDBLqF3AmSvLfHKNGd2,spotify:track:61HHDBLqF3AmSvLfHKNGd2,https://api.spotify.com/v1/tracks/61HHDBLqF3AmSvLfHKNGd2,https://api.spotify.com/v1/audio-analysis/61HHDBLqF3AmSvLfHKNGd2,233293,4
198,ELEMENT.,Kendrick Lamar,432885,https://open.spotify.com/track/1EaKU4dMbesXXd3BrLCtYG,1EaKU4dMbesXXd3BrLCtYG,0.748,0.705,4,-4.547,0,0.485,0.204,0,0.246,0.483,189.891,audio_features,1EaKU4dMbesXXd3BrLCtYG,spotify:track:1EaKU4dMbesXXd3BrLCtYG,https://api.spotify.com/v1/tracks/1EaKU4dMbesXXd3BrLCtYG,https://api.spotify.com/v1/audio-analysis/1EaKU4dMbesXXd3BrLCtYG,208733,4
199,Work from Home (feat. Ty Dolla $ign),Fifth Harmony,429859,https://open.spotify.com/track/4tCtwWceOPWzenK2HAIJSb,4tCtwWceOPWzenK2HAIJSb,0.803,0.585,8,-5.861,1,0.0432,0.103,3.94e-06,0.0644,0.593,105.017,audio_features,4tCtwWceOPWzenK2HAIJSb,spotify:track:4tCtwWceOPWzenK2HAIJSb,https://api.spotify.com/v1/tracks/4tCtwWceOPWzenK2HAIJSb,https://api.spotify.com/v1/audio-analysis/4tCtwWceOPWzenK2HAIJSb,214480,4
200,Weak,AJR,429009,https://open.spotify.com/track/3E2Zh20GDCR9B1EYjfXWyv,3E2Zh20GDCR9B1EYjfXWyv,0.673,0.637,5,-4.518,1,0.0429,0.137,0,0.184,0.678,123.98,audio_features,3E2Zh20GDCR9B1EYjfXWyv,spotify:track:3E2Zh20GDCR9B1EYjfXWyv,https://api.spotify.com/v1/tracks/3E2Zh20GDCR9B1EYjfXWyv,https://api.spotify.com/v1/audio-analysis/3E2Zh20GDCR9B1EYjfXWyv,201160,4
