Position,Track Name,Artist,Streams,URL,trackID,danceability,energy,key,loudness,mode,speechiness,acousticness,instrumentalness,liveness,valence,tempo,type,id,uri,track_href,analysis_url,duration_ms,time_signature
1,HUMBLE.,Kendrick Lamar,5594536,https://open.spotify.com/track/7KXjTSCq5nL1LoYtL7XAwS,7KXjTSCq5nL1LoYtL7XAwS,0.908,0.621,1,-6.638,0,0.102,0.000282,5.39e-05,0.0958,0.421,150.011,audio_features,7KXjTSCq5nL1LoYtL7XAwS,spotify:track:7KXjTSCq5nL1LoYtL7XAwS,https://api.spotify.com/v1/tracks/7KXjTSCq5nL1LoYtL7XAwS,https://api.spotify.com/v1/audio-analysis/7KXjTSCq5nL1LoYtL7XAwS,177000,4
2,Shape of You,Ed Sheeran,5418445,https://open.spotify.com/track/7qiZfU4dY1lWllzX7mPBI3,7qiZfU4dY1lWllzX7mPBI3,0.825,0.652,1,-3.183,0,0.0802,0.581,0,0.0931,0.931,95.977,audio_features,7qiZfU4dY1lWllzX7mPBI3,spotify:track:7qiZfU4dY1lWllzX7mPBI3,https://api.spotify.com/v1/tracks/7qiZfU4dY1lWllzX7mPBI3,https://api.spotify.com/v1/audio-analysis/7qiZfU4dY1lWllzX7mPBI3,233713,4
3,Despacito - Remix,Luis Fonsi,4916383,https://open.spotify.com/track/5CtI0qwDJkDQGwXD1H1cLb,5CtI0qwDJkDQGwXD1H1cLb,0.694,0.815,2,-4.328,1,0.12,0.229,0,0.0924,0.813,88.931,audio_features,5CtI0qwDJkDQGwXD1H1cLb,spotify:track:5CtI0qwDJkDQGwXD1H1cLb,https://api.spotify.com/v1/tracks/5CtI0qwDJkDQGwXD1H1cLb,https://api.spotify.com/v1/audio-analysis/5CtI0qwDJkDQGwXD1H1cLb,228827,4
4,DNA.,Kendrick Lamar,4122518,https://open.spotify.com/track/6HZILIRieu8S0iqY8kIKhj,6HZILIRieu8S0iqY8kIKhj,0.638,0.523,1,-6.664,1,0.357,0.00454,0,0.0842,0.422,139.913,audio_features,6HZILIRieu8S0iqY8kIKhj,spotify:track:6HZILIRieu8S0iqY8kIKhj,https://api.spotify.com/v1/tracks/6HZILIRieu8S0iqY8kIKhj,https://api.spotify.com/v1/audio-analysis/6HZILIRieu8S0iqY8kIKhj,185947,4
5,Something Just Like This,The Chainsmokers,3792579,https://open.spotify.com/track/6RUKPb4LETWmmr3iAEQktW,6RUKPb4LETWmmr3iAEQktW,0.617,0.635,11,-6.769,0,0.0317,0.0498,1.44e-05,0.164,0.446,103.019,audio_features,6RUKPb4LETWmmr3iAEQktW,spotify:track:6RUKPb4LETWmmr3iAEQktW,https://api.spotify.com/v1/tracks/6RUKPb4LETWmmr3iAEQktW,https://api.spotify.com/v1/audio-analysis/6RUKPb4LETWmmr3iAEQktW,247160,4
6,It Ain't Me (with Selena Gomez),Kygo,3541217,https://open.spotify.com/track/3eR23VReFzcdmS7TYCrhCe,3eR23VReFzcdmS7TYCrhCe,0.64,0.533,0,-6.596,1,0.0706,0.119,0,0.0864,0.515,99.968,audio_features,3eR23VReFzcdmS7TYCrhCe,spotify:track:3eR23VReFzcdmS7TYCrhCe,https://api.spotify.com/v1/tracks/3eR23VReFzcdmS7TYCrhCe,https://api.spotify.com/v1/audio-analysis/3eR23VReFzcdmS7TYCrhCe,220781,4
7,Mask Off,Future,3453626,https://open.spotify.com/track/3rOSwuTsUlJp0Pu0MkN8r8,3rOSwuTsUlJp0Pu0MkN8r8,0.833,0.434,2,-8.795,1,0.431,0.0102,0.0219,0.165,0.281,150.062,audio_features,3rOSwuTsUlJp0Pu0MkN8r8,spotify:track:3rOSwuTsUlJp0Pu0MkN8r8,https://api.spotify.com/v1/tracks/3rOSwuTsUlJp0Pu0MkN8r8,https://api.spotify.com/v1/audio-analysis/3rOSwuTsUlJp0Pu0MkN8r8,204600,4
8,Passionfruit,Drake,3262691,https://open.spotify.com/track/7hDc8b7IXETo14hHIHdnhd,7hDc8b7IXETo14hHIHdnhd,0.809,0.463,11,-11.377,1,0.0396,0.256,0.085,0.109,0.364,111.98,audio_features,7hDc8b7IXETo14hHIHdnhd,spotify:track:7hDc8b7IXETo14hHIHdnhd,https://api.spotify.com/v1/tracks/7hDc8b7IXETo14hHIHdnhd,https://api.spotify.com/v1/audio-analysis/7hDc8b7IXETo14hHIHdnhd,298941,4
9,Stay (with Alessia Cara),Zedd,3172650,https://open.spotify.com/track/0dA2Mk56wEzDgegdC6R17g,0dA2Mk56wEzDgegdC6R17g,0.679,0.634,5,-5.024,0,0.0654,0.232,0,0.115,0.498,102.013,audio_features,0dA2Mk56wEzDgegdC6R17g,spotify:track:0dA2Mk56wEzDgegdC6R17g,https://api.spotify.com/v1/tracks/0dA2Mk56wEzDgegdC6R17g,https://api.spotify.com/v1/audio-analysis/0dA2Mk56wEzDgegdC6R17g,210091,4
10,That's What I Like,Bruno Mars,3166385,https://open.spotify.com/track/0KKkJNfGyhkQ5aFogxQAPU,0KKkJNfGyhkQ5aFogxQAPU,0.853,0.56,1,-4.961,1,0.0406,0.013,0,0.0944,0.86,134.066,audio_features,0KKkJNfGyhkQ5aFogxQAPU,spotify:track:0KKkJNfGyhkQ5aFogxQAPU,https://api.spotify.com/v1/tracks/0KKkJNfGyhkQ5aFogxQAPU,https://api.spotify.com/v1/audio-analysis/0KKkJNfGyhkQ5aFogxQAPU,206693,4
11,Symphony (feat. Zara Larsson),Clean Bandit,3044290,https://open.spotify.com/track/1x5sYLZiu9r5E43kMlt9f8,1x5sYLZiu9r5E43kMlt9f8,0.707,0.629,0,-4.581,0,0.0563,0.259,1.6e-05,0.138,0.457,122.863,audio_features,1x5sYLZiu9r5E43kMlt9f8,spotify:track:1x5sYLZiu9r5E43kMlt9f8,https://api.spotify.com/v1/tracks/1x5sYLZiu9r5E43kMlt9f8,https://api.spotify.com/v1/audio-analysis/1x5sYLZiu9r5E43kMlt9f8,212459,4
12,Despacito (Featuring Daddy Yankee),Luis Fonsi,2905459,https://open.spotify.com/track/4aWmUDTfIPGksMNLV2rQP2,4aWmUDTfIPGksMNLV2rQP2,0.66,0.786,2,-4.757,1,0.17,0.209,0,0.112,0.846,177.833,audio_features,4aWmUDTfIPGksMNLV2rQP2,spotify:track:4aWmUDTfIPGksMNLV2rQP2,https://api.spotify.com/v1/tracks/4aWmUDTfIPGksMNLV2rQP2,https://api.spotify.com/v1/audio-analysis/4aWmUDTfIPGksMNLV2rQP2,228200,4
13,LOYALTY. FEAT. RIHANNA.,Kendrick Lamar,2786872,https://open.spotify.com/track/6SwRhMLwNqEi6alNPVG00n,6SwRhMLwNqEi6alNPVG00n,0.658,0.535,9,-8.983,0,0.0573,0.0265,0,0.2,0.419,110.684,audio_features,6SwRhMLwNqEi6alNPVG00n,spotify:track:6SwRhMLwNqEi6alNPVG00n,https://api.spotify.com/v1/tracks/6SwRhMLwNqEi6alNPVG00n,https://api.spotify.com/v1/audio-analysis/6SwRhMLwNqEi6alNPVG00n,227360,4
14,ELEMENT.,Kendrick Lamar,2615426,https://open.spotify.com/track/1EaKU4dMbesXXd3BrLCtYG,1EaKU4dMbesXXd3BrLCtYG,0.748,0.705,4,-4.547,0,0.485,0.204,0,0.246,0.483,189.891,audio_features,1EaKU4dMbesXXd3BrLCtYG,spotify:track:1EaKU4dMbesXXd3BrLCtYG,https://api.spotify.com/v1/tracks/1EaKU4dMbesXXd3BrLCtYG,https://api.spotify.com/v1/audio-analysis/1EaKU4dMbesXXd3BrLCtYG,208733,4
15,Swalla (feat. Nicki Minaj & Ty Dolla $ign),Jason Derulo,2565867,https://open.spotify.com/track/6kex4EBAj0WHXDKZMEJaaF,6kex4EBAj0WHXDKZMEJaaF,0.696,0.817,1,-3.862,1,0.109,0.075,0,0.187,0.782,98.064,audio_features,6kex4EBAj0WHXDKZMEJaaF,spotify:track:6kex4EBAj0WHXDKZMEJaaF,https://api.spotify.com/v1/tracks/6kex4EBAj0WHXDKZMEJaaF,https://api.spotify.com/v1/audio-analysis/6kex4EBAj0WHXDKZMEJaaF,216409,4
16,Galway Girl,Ed Sheeran,2464070,https://open.spotify.com/track/0afhq8XCExXpqazXczTSve,0afhq8XCExXpqazXczTSve,0.624,0.876,9,-3.374,1,0.1,0.0735,0,0.327,0.781,99.943,audio_features,0afhq8XCExXpqazXczTSve,spotify:track:0afhq8XCExXpqazXczTSve,https://api.spotify.com/v1/tracks/0afhq8XCExXpqazXczTSve,https://api.spotify.com/v1/audio-analysis/0afhq8XCExXpqazXczTSve,170827,4
17,Paris,The Chainsmokers,2336877,https://open.spotify.com/track/72jbDTw1piOOj770jWNeaG,72jbDTw1piOOj770jWNeaG,0.653,0.658,2,-6.428,1,0.0304,0.0215,1.66e-06,0.0939,0.219,99.99,audio_features,72jbDTw1piOOj770jWNeaG,spotify:track:72jbDTw1piOOj770jWNeaG,https://api.spotify.com/v1/tracks/72jbDTw1piOOj770jWNeaG,https://api.spotify.com/v1/audio-analysis/72jbDTw1piOOj770jWNeaG,221507,4
18,Issues,Julia Michaels,2303277,https://open.spotify.com/track/1sXUWdKx03aP9Gmzft58rt,1sXUWdKx03aP9Gmzft58rt,0.683,0.427,8,-6.827,1,0.0777,0.368,0,0.0604,0.426,113.634,audio_features,1sXUWdKx03aP9Gmzft58rt,spotify:track:1sXUWdKx03aP9Gmzft58rt,https://api.spotify.com/v1/tracks/1sXUWdKx03aP9Gmzft58rt,https://api.spotify.com/v1/audio-analysis/1sXUWdKx03aP9Gmzft58rt,176347,4
19,Slide (feat. Frank Ocean & Migos),Calvin Harris,2292190,https://open.spotify.com/track/7tr2za8SQg2CI8EDgrdtNl,7tr2za8SQg2CI8EDgrdtNl,0.736,0.795,1,-3.299,0,0.0545,0.498,1.21e-06,0.254,0.511,104.066,audio_features,7tr2za8SQg2CI8EDgrdtNl,spotify:track:7tr2za8SQg2CI8EDgrdtNl,https://api.spotify.com/v1/tracks/7tr2za8SQg2CI8EDgrdtNl,https://api.spotify.com/v1/audio-analysis/7tr2za8SQg2CI8EDgrdtNl,230813,4
20,LOVE. FEAT. ZACARI.,Kendrick Lamar,2277972,https://open.spotify.com/track/6PGoSes0D9eUDeeAafB2As,6PGoSes0D9eUDeeAafB2As,0.8,0.585,10,-7.343,1,0.0924,0.264,0,0.153,0.779,126.058,audio_features,6PGoSes0D9eUDeeAafB2As,spotify:track:6PGoSes0D9eUDeeAafB2As,https://api.spotify.com/v1/tracks/6PGoSes0D9eUDeeAafB2As,https://api.spotify.com/v1/audio-analysis/6PGoSes0D9eUDeeAafB2As,213400,4
21,Scared to Be Lonely,Martin Garrix,2266531,https://open.spotify.com/track/3ebXMykcMXOcLeJ9xZ17XH,3ebXMykcMXOcLeJ9xZ17XH,0.584,0.54,1,-7.786,0,0.0576,0.0895,0,0.261,0.195,137.972,audio_features,3ebXMykcMXOcLeJ9xZ17XH,spotify:track:3ebXMykcMXOcLeJ9xZ17XH,https://api.spotify.com/v1/tracks/3ebXMykcMXOcLeJ9xZ17XH,https://api.spotify.com/v1/audio-analysis/3ebXMykcMXOcLeJ9xZ17XH,220883,4
22,Sign of the Times,Harry Styles,2169167,https://open.spotify.com/track/5Ohxk2dO5COHF1krpoPigN,5Ohxk2dO5COHF1krpoPigN,0.516,0.595,5,-4.63,1,0.0313,0.0275,0,0.109,0.222,119.972,audio_features,5Ohxk2dO5COHF1krpoPigN,spotify:track:5Ohxk2dO5COHF1krpoPigN,https://api.spotify.com/v1/tracks/5Ohxk2dO5COHF1krpoPigN,https://api.spotify.com/v1/audio-analysis/5Ohxk2dO5COHF1krpoPigN,340707,4
23,XO TOUR Llif3,Lil Uzi Vert,2016841,https://open.spotify.com/track/2eMwDehkIC1j68U6FA3Eiq,2eMwDehkIC1j68U6FA3Eiq,0.732,0.75,11,-6.366,0,0.231,0.00264,0,0.109,0.401,155.096,audio_features,2eMwDehkIC1j68U6FA3Eiq,spotify:track:2eMwDehkIC1j68U6FA3Eiq,https://api.spotify.com/v1/tracks/2eMwDehkIC1j68U6FA3Eiq,https://api.spotify.com/v1/audio-analysis/2eMwDehkIC1j68U6FA3Eiq,182707,4
24,You Don't Know Me - Radio Edit,Jax Jones,1967670,https://open.spotify.com/track/00lNx0OcTJrS3MKHcB80HY,00lNx0OcTJrS3MKHcB80HY,0.876,0.669,11,-6.054,0,0.138,0.163,0,0.185,0.682,124.007,audio_features,00lNx0OcTJrS3MKHcB80HY,spotify:track:00lNx0OcTJrS3MKHcB80HY,https://api.spotify.com/v1/tracks/00lNx0OcTJrS3MKHcB80HY,https://api.spotify.com/v1/audio-analysis/00lNx0OcTJrS3MKHcB80HY,213947,4
25,XXX. FEAT. U2.,Kendrick Lamar,1921997,https://open.spotify.com/track/4iYRa2btalAzPZoSYfROqF,4iYRa2btalAzPZoSYfROqF,0.568,0.619,1,-6.899,1,0.414,0.138,1.67e-06,0.11,0.293,170.115,audio_features,4iYRa2btalAzPZoSYfROqF,spotify:track:4iYRa2btalAzPZoSYfROqF,https://api.spotify.com/v1/tracks/4iYRa2btalAzPZoSYfROqF,https://api.spotify.com/v1/audio-analysis/4iYRa2btalAzPZoSYfROqF,254200,4
26,iSpy (feat. Lil Yachty),KYLE,1921430,https://open.spotify.com/track/2EEeOnHehOozLq4aS0n6SL,2EEeOnHehOozLq4aS0n6SL,0.746,0.653,7,-6.745,1,0.289,0.378,0,0.229,0.672,75.016,audio_features,2EEeOnHehOozLq4aS0n6SL,spotify:track:2EEeOnHehOozLq4aS0n6SL,https://api.spotify.com/v1/tracks/2EEeOnHehOozLq4aS0n6SL,https://api.spotify.com/v1/audio-analysis/2EEeOnHehOozLq4aS0n6SL,253107,4
27,Believer,Imagine Dragons,1851528,https://open.spotify.com/track/0CcQNd8CINkwQfe1RDtGV6,0CcQNd8CINkwQfe1RDtGV6,0.779,0.787,10,-4.305,0,0.108,0.0524,0,0.14,0.708,124.982,audio_features,0CcQNd8CINkwQfe1RDtGV6,spotify:track:0CcQNd8CINkwQfe1RDtGV6,https://api.spotify.com/v1/tracks/0CcQNd8CINkwQfe1RDtGV6,https://api.spotify.com/v1/audio-analysis/0CcQNd8CINkwQfe1RDtGV6,204347,4
28,YAH.,Kendrick Lamar,1847673,https://open.spotify.com/track/4BHSjbYylfOH5WAGusDyni,4BHSjbYylfOH5WAGusDyni,0.67,0.7,1,-7.893,1,0.196,0.576,5.34e-06,0.226,0.648,69.986,audio_features,4BHSjbYylfOH5WAGusDyni,spotify:track:4BHSjbYylfOH5WAGusDyni,https://api.spotify.com/v1/tracks/4BHSjbYylfOH5WAGusDyni,https://api.spotify.com/v1/audio-analysis/4BHSjbYylfOH5WAGusDyni,160293,4
29,Cold,Maroon 5,1846351,https://open.spotify.com/track/5NNlUMcOEOdoOIwwaWXv0k,5NNlUMcOEOdoOIwwaWXv0k,0.703,0.715,9,-6.285,0,0.114,0.139,0,0.0456,0.497,99.924,audio_features,5NNlUMcOEOdoOIwwaWXv0k,spotify:track:5NNlUMcOEOdoOIwwaWXv0k,https://api.spotify.com/v1/tracks/5NNlUMcOEOdoOIwwaWXv0k,https://api.spotify.com/v1/audio-analysis/5NNlUMcOEOdoOIwwaWXv0k,234308,4
30,"I Don’t Wanna Live Forever (Fifty Shades Darker) - From ""Fifty Shades Darker (Original Motion Picture Soundtrack)""",ZAYN,1826560,https://open.spotify.com/track/3NdDpSvN911VPGivFlV5d0,3NdDpSvN911VPGivFlV5d0,0.735,0.451,0,-8.374,1,0.0585,0.0631,1.3e-05,0.325,0.0862,117.973,audio_features,3NdDpSvN911VPGivFlV5d0,spotify:track:3NdDpSvN911VPGivFlV5d0,https://api.spotify.com/v1/tracks/3NdDpSvN911VPGivFlV5d0,https://api.spotify.com/v1/audio-analysis/3NdDpSvN911VPGivFlV5d0,245200,4
31,Rockabye (feat. Sean Paul & Anne-Marie),Clean Bandit,1807068,https://open.spotify.com/track/5knuzwU65gJK7IF5yJsuaW,5knuzwU65gJK7IF5yJsuaW,0.72,0.763,9,-4.068,0,0.0523,0.406,0,0.18,0.742,101.965,audio_features,5knuzwU65gJK7IF5yJsuaW,spotify:track:5knuzwU65gJK7IF5yJsuaW,https://api.spotify.com/v1/tracks/5knuzwU65gJK7IF5yJsuaW,https://api.spotify.com/v1/audio-analysis/5knuzwU65gJK7IF5yJsuaW,251088,4
32,FEEL.,Kendrick Lamar,1751421,https://open.spotify.com/track/2LTlO3NuNVN70lp2ZbVswF,2LTlO3NuNVN70lp2ZbVswF,0.746,0.798,0,-8.382,1,0.349,0.137,0,0.139,0.553,109.968,audio_features,2LTlO3NuNVN70lp2ZbVswF,spotify:track:2LTlO3NuNVN70lp2ZbVswF,https://api.spotify.com/v1/tracks/2LTlO3NuNVN70lp2ZbVswF,https://api.spotify.com/v1/audio-analysis/2LTlO3NuNVN70lp2ZbVswF,214827,4
33,PRIDE.,Kendrick Lamar,1720075,https://open.spotify.com/track/6IZvVAP7VPPnsGX6bvgkqg,6IZvVAP7VPPnsGX6bvgkqg,0.665,0.535,4,-7.056,0,0.0572,0.0786,1.68e-05,0.154,0.37,138.842,audio_features,6IZvVAP7VPPnsGX6bvgkqg,spotify:track:6IZvVAP7VPPnsGX6bvgkqg,https://api.spotify.com/v1/tracks/6IZvVAP7VPPnsGX6bvgkqg,https://api.spotify.com/v1/audio-analysis/6IZvVAP7VPPnsGX6bvgkqg,275253,4
34,Solo Dance,Martin Jensen,1667786,https://open.spotify.com/track/6HUnnBwYZqcED1eQztxMBN,6HUnnBwYZqcED1eQztxMBN,0.744,0.836,6,-2.396,0,0.0507,0.0435,0,0.194,0.36,114.965,audio_features,6HUnnBwYZqcED1eQztxMBN,spotify:track:6HUnnBwYZqcED1eQztxMBN,https://api.spotify.com/v1/tracks/6HUnnBwYZqcED1eQztxMBN,https://api.spotify.com/v1/audio-analysis/6HUnnBwYZqcED1eQztxMBN,174933,4
35,I Feel It Coming,The Weeknd,1624410,https://open.spotify.com/track/5GXAXm5YOmYT0kL5jHvYBt,5GXAXm5YOmYT0kL5jHvYBt,0.773,0.819,0,-5.946,0,0.118,0.426,0,0.0679,0.585,92.99,audio_features,5GXAXm5YOmYT0kL5jHvYBt,spotify:track:5GXAXm5YOmYT0kL5jHvYBt,https://api.spotify.com/v1/tracks/5GXAXm5YOmYT0kL5jHvYBt,https://api.spotify.com/v1/audio-analysis/5GXAXm5YOmYT0kL5jHvYBt,269187,4
36,Location,Khalid,1620740,https://open.spotify.com/track/152lZdxL1OR0ZMW6KquMif,152lZdxL1OR0ZMW6KquMif,0.736,0.449,1,-11.462,0,0.425,0.33,0.000162,0.0898,0.326,80.126,audio_features,152lZdxL1OR0ZMW6KquMif,spotify:track:152lZdxL1OR0ZMW6KquMif,https://api.spotify.com/v1/tracks/152lZdxL1OR0ZMW6KquMif,https://api.spotify.com/v1/audio-analysis/152lZdxL1OR0ZMW6KquMif,219080,4
37,LUST.,Kendrick Lamar,1607479,https://open.spotify.com/track/06FCvd7rrRcF3DdvWH5Isp,06FCvd7rrRcF3DdvWH5Isp,0.678,0.562,3,-9.197,0,0.508,0.193,0,0.104,0.566,94.241,audio_features,06FCvd7rrRcF3DdvWH5Isp,spotify:track:06FCvd7rrRcF3DdvWH5Isp,https://api.spotify.com/v1/tracks/06FCvd7rrRcF3DdvWH5Isp,https://api.spotify.com/v1/audio-analysis/06FCvd7rrRcF3DdvWH5Isp,307880,4
38,Call On Me - Ryan Riback Extended Remix,Starley,1589438,https://open.spotify.com/track/78rIJddV4X0HkNAInEcYde,78rIJddV4X0HkNAInEcYde,0.67,0.838,0,-4.031,1,0.0362,0.0604,0.000611,0.159,0.717,104.998,audio_features,78rIJddV4X0HkNAInEcYde,spotify:track:78rIJddV4X0HkNAInEcYde,https://api.spotify.com/v1/tracks/78rIJddV4X0HkNAInEcYde,https://api.spotify.com/v1/audio-analysis/78rIJddV4X0HkNAInEcYde,222041,4
39,Congratulations,Post Malone,1588936,https://open.spotify.com/track/3a1lNhkSLSkpJE4MSHpDu9,3a1lNhkSLSkpJE4MSHpDu9,0.63,0.804,6,-4.183,1,0.0363,0.215,0,0.253,0.492,123.146,audio_features,3a1lNhkSLSkpJE4MSHpDu9,spotify:track:3a1lNhkSLSkpJE4MSHpDu9,https://api.spotify.com/v1/tracks/3a1lNhkSLSkpJE4MSHpDu9,https://api.spotify.com/v1/audio-analysis/3a1lNhkSLSkpJE4MSHpDu9,220293,4
40,SUBEME LA RADIO (feat. Descemer Bueno & Zion & Lennox),Enrique Iglesias,1587266,https://open.spotify.com/track/7nKBxz47S9SD79N086fuhn,7nKBxz47S9SD79N086fuhn,0.684,0.823,9,-3.297,0,0.0773,0.0744,0,0.111,0.647,91.048,audio_features,7nKBxz47S9SD79N086fuhn,spotify:track:7nKBxz47S9SD79N086fuhn,https://api.spotify.com/v1/tracks/7nKBxz47S9SD79N086fuhn,https://api.spotify.com/v1/audio-analysis/7nKBxz47S9SD79N086fuhn,208163,4
41,Good Life (with G-Eazy & Kehlani),G-Eazy,1571889,https://open.spotify.com/track/1Eck97uRMlprKOOJN9oO1E,1Eck97uRMlprKOOJN9oO1E,0.565,0.771,1,-5.22,1,0.213,0.00464,0,0.0568,0.573,168.385,audio_features,1Eck97uRMlprKOOJN9oO1E,spotify:track:1Eck97uRMlprKOOJN9oO1E,https://api.spotify.com/v1/tracks/1Eck97uRMlprKOOJN9oO1E,https://api.spotify.com/v1/audio-analysis/1Eck97uRMlprKOOJN9oO1E,225526,4
42,The One,The Chainsmokers,1533676,https://open.spotify.com/track/0wfbD5rAksdXUzRvMfM3x5,0wfbD5rAksdXUzRvMfM3x5,0.76,0.303,2,-11.362,1,0.0284,0.238,8.09e-06,0.294,0.15,99.991,audio_features,0wfbD5rAksdXUzRvMfM3x5,spotify:track:0wfbD5rAksdXUzRvMfM3x5,https://api.spotify.com/v1/tracks/0wfbD5rAksdXUzRvMfM3x5,https://api.spotify.com/v1/audio-analysis/0wfbD5rAksdXUzRvMfM3x5,177573,4
43,Me Rehúso,Danny Ocean,1508127,https://open.spotify.com/track/6De0lHrwBfPfrhorm9q1Xl,6De0lHrwBfPfrhorm9q1Xl,0.744,0.804,1,-6.327,1,0.0677,0.0231,0,0.0494,0.426,104.823,audio_features,6De0lHrwBfPfrhorm9q1Xl,spotify:track:6De0lHrwBfPfrhorm9q1Xl,https://api.spotify.com/v1/tracks/6De0lHrwBfPfrhorm9q1Xl,https://api.spotify.com/v1/audio-analysis/6De0lHrwBfPfrhorm9q1Xl,205715,4
44,Castle on the Hill,Ed Sheeran,1497604,https://open.spotify.com/track/6PCUP3dWmTjcTtXY02oFdT,6PCUP3dWmTjcTtXY02oFdT,0.461,0.834,2,-4.868,1,0.0989,0.0232,1.14e-05,0.14,0.471,135.007,audio_features,6PCUP3dWmTjcTtXY02oFdT,spotify:track:6PCUP3dWmTjcTtXY02oFdT,https://api.spotify.com/v1/tracks/6PCUP3dWmTjcTtXY02oFdT,https://api.spotify.com/v1/audio-analysis/6PCUP3dWmTjcTtXY02oFdT,261154,4
45,Chained To The Rhythm,Katy Perry,1470875,https://open.spotify.com/track/6520aj0B4FSKGVuKNsOCOi,6520aj0B4FSKGVuKNsOCOi,0.448,0.801,0,-5.363,1,0.165,0.0733,0,0.146,0.462,189.798,audio_features,6520aj0B4FSKGVuKNsOCOi,spotify:track:6520aj0B4FSKGVuKNsOCOi,https://api.spotify.com/v1/tracks/6520aj0B4FSKGVuKNsOCOi,https://api.spotify.com/v1/audio-analysis/6520aj0B4FSKGVuKNsOCOi,237734,4
46,Closer,The Chainsmokers,1466771,https://open.spotify.com/track/7BKLCZ1jbUBVqRi2FVlTVw,7BKLCZ1jbUBVqRi2FVlTVw,0.748,0.524,8,-5.599,1,0.0338,0.414,0,0.111,0.661,95.01,audio_features,7BKLCZ1jbUBVqRi2FVlTVw,spotify:track:7BKLCZ1jbUBVqRi2FVlTVw,https://api.spotify.com/v1/tracks/7BKLCZ1jbUBVqRi2FVlTVw,https://api.spotify.com/v1/audio-analysis/7BKLCZ1jbUBVqRi2FVlTVw,244960,4
47,Portland,Drake,1448232,https://open.spotify.com/track/2bjwRfXMk4uRgOD9IBYl9h,2bjwRfXMk4uRgOD9IBYl9h,0.925,0.443,1,-8.216,1,0.264,0.0172,0,0.276,0.35,136.078,audio_features,2bjwRfXMk4uRgOD9IBYl9h,spotify:track:2bjwRfXMk4uRgOD9IBYl9h,https://api.spotify.com/v1/tracks/2bjwRfXMk4uRgOD9IBYl9h,https://api.spotify.com/v1/audio-analysis/2bjwRfXMk4uRgOD9IBYl9h,236615,4
48,Say You Won't Let Go,James Arthur,1393340,https://open.spotify.com/track/5uCax9HTNlzGybIStD3vDh,5uCax9HTNlzGybIStD3vDh,0.358,0.557,10,-7.398,1,0.059,0.695,0,0.0902,0.494,85.043,audio_features,5uCax9HTNlzGybIStD3vDh,spotify:track:5uCax9HTNlzGybIStD3vDh,https://api.spotify.com/v1/tracks/5uCax9HTNlzGybIStD3vDh,https://api.spotify.com/v1/audio-analysis/5uCax9HTNlzGybIStD3vDh,211467,4
49,Green Light,Lorde,1330748,https://open.spotify.com/track/0gbBzIqrECJOEPvQJIBFs5,0gbBzIqrECJOEPvQJIBFs5,0.616,0.714,9,-7.792,1,0.0982,0.0162,1.23e-05,0.0817,0.24,128.924,audio_features,0gbBzIqrECJOEPvQJIBFs5,spotify:track:0gbBzIqrECJOEPvQJIBFs5,https://api.spotify.com/v1/tracks/0gbBzIqrECJOEPvQJIBFs5,https://api.spotify.com/v1/audio-analysis/0gbBzIqrECJOEPvQJIBFs5,234653,4
50,FEAR.,Kendrick Lamar,1328757,https://open.spotify.com/track/23luOrEVHMfoX0AhfbQuS6,23luOrEVHMfoX0AhfbQuS6,0.588,0.479,1,-7.039,1,0.281,0.604,7.2e-06,0.527,0.434,150.414,audio_features,23luOrEVHMfoX0AhfbQuS6,spotify:track:23luOrEVHMfoX0AhfbQuS6,https://api.spotify.com/v1/tracks/23luOrEVHMfoX0AhfbQuS6,https://api.spotify.com/v1/audio-analysis/23luOrEVHMfoX0AhfbQuS6,460573,4
51,The Cure,Lady Gaga,1314412,https://open.spotify.com/track/51PIvodunv6NmX5250zxAh,51PIvodunv6NmX5250zxAh,0.696,0.503,8,-4.842,1,0.0356,0.0745,0,0.0869,0.559,99.977,audio_features,51PIvodunv6NmX5250zxAh,spotify:track:51PIvodunv6NmX5250zxAh,https://api.spotify.com/v1/tracks/51PIvodunv6NmX5250zxAh,https://api.spotify.com/v1/audio-analysis/51PIvodunv6NmX5250zxAh,211364,4
52,Now Or Never,Halsey,1293560,https://open.spotify.com/track/0Nhu3zSYbEz32IYiobV75e,0Nhu3zSYbEz32IYiobV75e,0.663,0.575,6,-4.907,0,0.0458,0.1,3.16e-06,0.133,0.458,110.04,audio_features,0Nhu3zSYbEz32IYiobV75e,spotify:track:0Nhu3zSYbEz32IYiobV75e,https://api.spotify.com/v1/tracks/0Nhu3zSYbEz32IYiobV75e,https://api.spotify.com/v1/audio-analysis/0Nhu3zSYbEz32IYiobV75e,214802,4
53,Lust for Life (with The Weeknd),Lana Del Rey,1286837,https://open.spotify.com/track/5LYQSNHZxEA880URXFHg6h,5LYQSNHZxEA880URXFHg6h,0.499,0.676,0,-8.618,0,0.0582,0.588,0.00484,0.358,0.295,99.979,audio_features,5LYQSNHZxEA880URXFHg6h,spotify:track:5LYQSNHZxEA880URXFHg6h,https://api.spotify.com/v1/tracks/5LYQSNHZxEA880URXFHg6h,https://api.spotify.com/v1/audio-analysis/5LYQSNHZxEA880URXFHg6h,264011,4
54,GOD.,Kendrick Lamar,1267432,https://open.spotify.com/track/5p3NP9mQblDsVJLdfNZJ3I,5p3NP9mQblDsVJLdfNZJ3I,0.706,0.557,0,-5.8,1,0.0813,0.0347,0,0.276,0.205,132.98,audio_features,5p3NP9mQblDsVJLdfNZJ3I,spotify:track:5p3NP9mQblDsVJLdfNZJ3I,https://api.spotify.com/v1/tracks/5p3NP9mQblDsVJLdfNZJ3I,https://api.spotify.com/v1/audio-analysis/5p3NP9mQblDsVJLdfNZJ3I,248827,4
55,Starboy,The Weeknd,1251902,https://open.spotify.com/track/5aAx2yezTd8zXrkmtKl66Z,5aAx2yezTd8zXrkmtKl66Z,0.681,0.594,7,-7.028,1,0.282,0.165,3.49e-06,0.134,0.535,186.054,audio_features,5aAx2yezTd8zXrkmtKl66Z,spotify:track:5aAx2yezTd8zXrkmtKl66Z,https://api.spotify.com/v1/tracks/5aAx2yezTd8zXrkmtKl66Z,https://api.spotify.com/v1/audio-analysis/5aAx2yezTd8zXrkmtKl66Z,230453,4
56,El Amante,Nicky Jam,1233540,https://open.spotify.com/track/3umS4y3uQDkqekNjVpiRUs,3umS4y3uQDkqekNjVpiRUs,0.683,0.691,8,-5.535,1,0.0432,0.243,0,0.14,0.732,179.91,audio_features,3umS4y3uQDkqekNjVpiRUs,spotify:track:3umS4y3uQDkqekNjVpiRUs,https://api.spotify.com/v1/tracks/3umS4y3uQDkqekNjVpiRUs,https://api.spotify.com/v1/audio-analysis/3umS4y3uQDkqekNjVpiRUs,219507,4
57,Run Up (feat. PARTYNEXTDOOR & Nicki Minaj),Major Lazer,1210363,https://open.spotify.com/track/0fg8CqpjdojMyXLNzM2PaJ,0fg8CqpjdojMyXLNzM2PaJ,0.803,0.743,1,-3.602,0,0.0681,0.105,2.12e-06,0.099,0.674,108.005,audio_features,0fg8CqpjdojMyXLNzM2PaJ,spotify:track:0fg8CqpjdojMyXLNzM2PaJ,https://api.spotify.com/v1/tracks/0fg8CqpjdojMyXLNzM2PaJ,https://api.spotify.com/v1/audio-analysis/0fg8CqpjdojMyXLNzM2PaJ,203180,4
58,Weak,AJR,1207891,https://open.spotify.com/track/3E2Zh20GDCR9B1EYjfXWyv,3E2Zh20GDCR9B1EYjfXWyv,0.673,0.637,5,-4.518,1,0.0429,0.137,0,0.184,0.678,123.98,audio_features,3E2Zh20GDCR9B1EYjfXWyv,spotify:track:3E2Zh20GDCR9B1EYjfXWyv,https://api.spotify.com/v1/tracks/3E2Zh20GDCR9B1EYjfXWyv,https://api.spotify.com/v1/audio-analysis/3E2Zh20GDCR9B1EYjfXWyv,201160,4
59,Tunnel Vision,Kodak Black,1205754,https://open.spotify.com/track/4Q3N4Ct4zCuIHuZ65E3BD4,4Q3N4Ct4zCuIHuZ65E3BD4,0.497,0.489,11,-7.724,0,0.294,0.0576,9.91e-05,0.122,0.231,171.853,audio_features,4Q3N4Ct4zCuIHuZ65E3BD4,spotify:track:4Q3N4Ct4zCuIHuZ65E3BD4,https://api.spotify.com/v1/tracks/4Q3N4Ct4zCuIHuZ65E3BD4,https://api.spotify.com/v1/audio-analysis/4Q3N4Ct4zCuIHuZ65E3BD4,268187,4
60,Chantaje (feat. Maluma),Shakira,1202985,https://open.spotify.com/track/6mICuAdrwEjh6Y6lroV2Kg,6mICuAdrwEjh6Y6lroV2Kg,0.852,0.773,8,-2.921,0,0.0776,0.187,3.05e-05,0.159,0.907,102.034,audio_features,6mICuAdrwEjh6Y6lroV2Kg,spotify:track:6mICuAdrwEjh6Y6lroV2Kg,https://api.spotify.com/v1/tracks/6mICuAdrwEjh6Y6lroV2Kg,https://api.spotify.com/v1/audio-analysis/6mICuAdrwEjh6Y6lroV2Kg,195840,4
61,Selfish (feat. Rihanna),Future,1191082,https://open.spotify.com/track/2Ce5IyMlVRVvN997ZJjJJA,2Ce5IyMlVRVvN997ZJjJJA,0.415,0.369,8,-10.044,1,0.0741,0.0303,7.64e-06,0.383,0.0913,95.746,audio_features,2Ce5IyMlVRVvN997ZJjJJA,spotify:track:2Ce5IyMlVRVvN997ZJjJJA,https://api.spotify.com/v1/tracks/2Ce5IyMlVRVvN997ZJjJJA,https://api.spotify.com/v1/audio-analysis/2Ce5IyMlVRVvN997ZJjJJA,251423,4
62,DUCKWORTH.,Kendrick Lamar,1171394,https://open.spotify.com/track/0y9uTzK9cNKSAEHnpeRG8C,0y9uTzK9cNKSAEHnpeRG8C,0.552,0.731,7,-6.873,1,0.615,0.0536,0,0.258,0.632,174.516,audio_features,0y9uTzK9cNKSAEHnpeRG8C,spotify:track:0y9uTzK9cNKSAEHnpeRG8C,https://api.spotify.com/v1/tracks/0y9uTzK9cNKSAEHnpeRG8C,https://api.spotify.com/v1/audio-analysis/0y9uTzK9cNKSAEHnpeRG8C,248613,4
63,BLOOD.,Kendrick Lamar,1161811,https://open.spotify.com/track/1n4jwRVXdkK2U34nBDUKKT,1n4jwRVXdkK2U34nBDUKKT,0.357,0.238,8,-16.78,0,0.265,0.142,0.0859,0.55,0.494,156.907,audio_features,1n4jwRVXdkK2U34nBDUKKT,spotify:track:1n4jwRVXdkK2U34nBDUKKT,https://api.spotify.com/v1/tracks/1n4jwRVXdkK2U34nBDUKKT,https://api.spotify.com/v1/audio-analysis/1n4jwRVXdkK2U34nBDUKKT,118067,4
64,Perfect,Ed Sheeran,1149673,https://open.spotify.com/track/0tgVpDi06FyKpA1z0VMD4v,0tgVpDi06FyKpA1z0VMD4v,0.599,0.448,8,-6.312,1,0.0232,0.163,0,0.106,0.168,95.05,audio_features,0tgVpDi06FyKpA1z0VMD4v,spotify:track:0tgVpDi06FyKpA1z0VMD4v,https://api.spotify.com/v1/tracks/0tgVpDi06FyKpA1z0VMD4v,https://api.spotify.com/v1/audio-analysis/0tgVpDi06FyKpA1z0VMD4v,263400,3
65,Still Got Time (feat. PARTYNEXTDOOR),ZAYN,1137077,https://open.spotify.com/track/000xQL6tZNLJzIrtIgxqSl,000xQL6tZNLJzIrtIgxqSl,0.748,0.627,7,-6.029,1,0.0639,0.131,0,0.0852,0.524,120.963,audio_features,000xQL6tZNLJzIrtIgxqSl,spotify:track:000xQL6tZNLJzIrtIgxqSl,https://api.spotify.com/v1/tracks/000xQL6tZNLJzIrtIgxqSl,https://api.spotify.com/v1/audio-analysis/000xQL6tZNLJzIrtIgxqSl,188491,4
66,Touch,Little Mix,1120925,https://open.spotify.com/track/5Ua3GXyHwiSfpNTMjq6m2z,5Ua3GXyHwiSfpNTMjq6m2z,0.607,0.718,4,-4.095,1,0.0978,0.032,0,0.403,0.551,101.821,audio_features,5Ua3GXyHwiSfpNTMjq6m2z,spotify:track:5Ua3GXyHwiSfpNTMjq6m2z,https://api.spotify.com/v1/tracks/5Ua3GXyHwiSfpNTMjq6m2z,https://api.spotify.com/v1/audio-analysis/5Ua3GXyHwiSfpNTMjq6m2z,213307,4
67,No Promises (feat. Demi Lovato),Cheat Codes,1110933,https://open.spotify.com/track/1louJpMmzEicAn7lzDalPW,1louJpMmzEicAn7lzDalPW,0.741,0.667,10,-5.445,1,0.134,0.0575,0,0.106,0.595,112.956,audio_features,1louJpMmzEicAn7lzDalPW,spotify:track:1louJpMmzEicAn7lzDalPW,https://api.spotify.com/v1/tracks/1louJpMmzEicAn7lzDalPW,https://api.spotify.com/v1/audio-analysis/1louJpMmzEicAn7lzDalPW,223504,4
68,September Song,JP Cooper,1102740,https://open.spotify.com/track/0FuTx2s3YH1ppmtiM6l0zI,0FuTx2s3YH1ppmtiM6l0zI,0.623,0.654,0,-5.675,0,0.0372,0.0545,0,0.0838,0.401,95.921,audio_features,0FuTx2s3YH1ppmtiM6l0zI,spotify:track:0FuTx2s3YH1ppmtiM6l0zI,https://api.spotify.com/v1/tracks/0FuTx2s3YH1ppmtiM6l0zI,https://api.spotify.com/v1/audio-analysis/0FuTx2s3YH1ppmtiM6l0zI,220291,4
69,Hey Ma (with Pitbull & J Balvin feat. Camila Cabello) - Spanish Version,Pitbull,1099126,https://open.spotify.com/track/2Vdub5mY4lad7w64bFPUez,2Vdub5mY4lad7w64bFPUez,0.489,0.962,0,-2.597,1,0.215,0.0277,6.18e-06,0.128,0.518,104.563,audio_features,2Vdub5mY4lad7w64bFPUez,spotify:track:2Vdub5mY4lad7w64bFPUez,https://api.spotify.com/v1/tracks/2Vdub5mY4lad7w64bFPUez,https://api.spotify.com/v1/audio-analysis/2Vdub5mY4lad7w64bFPUez,194942,4
70,Fake Love,Drake,1059177,https://open.spotify.com/track/343YBumqHu19cGoGARUTsd,343YBumqHu19cGoGARUTsd,0.928,0.481,9,-9.35,0,0.287,0.105,0,0.176,0.613,134.007,audio_features,343YBumqHu19cGoGARUTsd,spotify:track:343YBumqHu19cGoGARUTsd,https://api.spotify.com/v1/tracks/343YBumqHu19cGoGARUTsd,https://api.spotify.com/v1/audio-analysis/343YBumqHu19cGoGARUTsd,210937,4
71,Pretty Girl - Cheat Codes X CADE Remix,Maggie Lindemann,1053673,https://open.spotify.com/track/1NDxZ7cFAo481dtYWdrUnR,1NDxZ7cFAo481dtYWdrUnR,0.703,0.868,7,-4.661,0,0.0291,0.15,0.132,0.104,0.733,121.03,audio_features,1NDxZ7cFAo481dtYWdrUnR,spotify:track:1NDxZ7cFAo481dtYWdrUnR,https://api.spotify.com/v1/tracks/1NDxZ7cFAo481dtYWdrUnR,https://api.spotify.com/v1/audio-analysis/1NDxZ7cFAo481dtYWdrUnR,193613,4
72,Happier,Ed Sheeran,1031193,https://open.spotify.com/track/2RttW7RAu5nOAfq6YFvApB,2RttW7RAu5nOAfq6YFvApB,0.522,0.385,0,-7.355,1,0.0288,0.536,0,0.135,0.236,89.792,audio_features,2RttW7RAu5nOAfq6YFvApB,spotify:track:2RttW7RAu5nOAfq6YFvApB,https://api.spotify.com/v1/tracks/2RttW7RAu5nOAfq6YFvApB,https://api.spotify.com/v1/audio-analysis/2RttW7RAu5nOAfq6YFvApB,207520,4
73,Bounce Back,Big Sean,1027079,https://open.spotify.com/track/0SGkqnVQo9KPytSri1H6cF,0SGkqnVQo9KPytSri1H6cF,0.78,0.575,1,-5.628,0,0.139,0.106,0,0.129,0.273,81.502,audio_features,0SGkqnVQo9KPytSri1H6cF,spotify:track:0SGkqnVQo9KPytSri1H6cF,https://api.spotify.com/v1/tracks/0SGkqnVQo9KPytSri1H6cF,https://api.spotify.com/v1/audio-analysis/0SGkqnVQo9KPytSri1H6cF,222360,4
74,Bad and Boujee (feat. Lil Uzi Vert),Migos,1018887,https://open.spotify.com/track/4Km5HrUvYTaSUfiSGPJeQR,4Km5HrUvYTaSUfiSGPJeQR,0.927,0.665,11,-5.313,1,0.244,0.061,0,0.123,0.175,127.076,audio_features,4Km5HrUvYTaSUfiSGPJeQR,spotify:track:4Km5HrUvYTaSUfiSGPJeQR,https://api.spotify.com/v1/tracks/4Km5HrUvYTaSUfiSGPJeQR,https://api.spotify.com/v1/audio-analysis/4Km5HrUvYTaSUfiSGPJeQR,343150,4
75,Let Me Love You,DJ Snake,1012622,https://open.spotify.com/track/4pdPtRcBmOSQDlJ3Fk945m,4pdPtRcBmOSQDlJ3Fk945m,0.476,0.718,8,-5.309,1,0.0576,0.0784,1.02e-05,0.122,0.142,199.864,audio_features,4pdPtRcBmOSQDlJ3Fk945m,spotify:track:4pdPtRcBmOSQDlJ3Fk945m,https://api.spotify.com/v1/tracks/4pdPtRcBmOSQDlJ3Fk945m,https://api.spotify.com/v1/audio-analysis/4pdPtRcBmOSQDlJ3Fk945m,205947,4
76,"How Far I'll Go - From ""Moana""",Alessia Cara,1008043,https://open.spotify.com/track/5hYTyyh2odQKphUbMqc5gN,5hYTyyh2odQKphUbMqc5gN,0.314,0.555,9,-9.601,1,0.37,0.157,0.000108,0.067,0.159,179.666,audio_features,5hYTyyh2odQKphUbMqc5gN,spotify:track:5hYTyyh2odQKphUbMqc5gN,https://api.spotify.com/v1/tracks/5hYTyyh2odQKphUbMqc5gN,https://api.spotify.com/v1/audio-analysis/5hYTyyh2odQKphUbMqc5gN,175517,4
77,One Dance,Drake,988575,https://open.spotify.com/track/1xznGGDReH1oQq0xzbwXa3,1xznGGDReH1oQq0xzbwXa3,0.791,0.619,1,-5.886,1,0.0532,0.00784,0.00423,0.351,0.371,103.989,audio_features,1xznGGDReH1oQq0xzbwXa3,spotify:track:1xznGGDReH1oQq0xzbwXa3,https://api.spotify.com/v1/tracks/1xznGGDReH1oQq0xzbwXa3,https://api.spotify.com/v1/audio-analysis/1xznGGDReH1oQq0xzbwXa3,173987,4
78,There's Nothing Holdin' Me Back,Shawn Mendes,960317,https://open.spotify.com/track/79cuOz3SPQTuFrp8WgftAu,79cuOz3SPQTuFrp8WgftAu,0.857,0.8,2,-4.035,1,0.0583,0.381,0,0.0913,0.966,121.996,audio_features,79cuOz3SPQTuFrp8WgftAu,spotify:track:79cuOz3SPQTuFrp8WgftAu,https://api.spotify.com/v1/tracks/79cuOz3SPQTuFrp8WgftAu,https://api.spotify.com/v1/audio-analysis/79cuOz3SPQTuFrp8WgftAu,199440,4
79,Tuesday,Burak Yeter,953327,https://open.spotify.com/track/7abpmGpF7PGep2rDU68GBR,7abpmGpF7PGep2rDU68GBR,0.841,0.639,9,-6.052,0,0.0688,0.0156,0.0654,0.0545,0.675,99.002,audio_features,7abpmGpF7PGep2rDU68GBR,spotify:track:7abpmGpF7PGep2rDU68GBR,https://api.spotify.com/v1/tracks/7abpmGpF7PGep2rDU68GBR,https://api.spotify.com/v1/audio-analysis/7abpmGpF7PGep2rDU68GBR,241875,4
80,Unforgettable,French Montana,945848,https://open.spotify.com/track/1F2HXIJrE2Xn81OzT2zZvW,1F2HXIJrE2Xn81OzT2zZvW,0.726,0.769,6,-5.043,1,0.123,0.0293,0.0101,0.104,0.733,97.985,audio_features,1F2HXIJrE2Xn81OzT2zZvW,spotify:track:1F2HXIJrE2Xn81OzT2zZvW,https://api.spotify.com/v1/tracks/1F2HXIJrE2Xn81OzT2zZvW,https://api.spotify.com/v1/audio-analysis/1F2HXIJrE2Xn81OzT2zZvW,233833,4
81,Sigo Extrañándote,J Balvin,906406,https://open.spotify.com/track/6qDF4wWL49CAVbgT7yuHl8,6qDF4wWL49CAVbgT7yuHl8,0.889,0.853,9,-4.26,1,0.241,0.154,0.000107,0.205,0.922,93.022,audio_features,6qDF4wWL49CAVbgT7yuHl8,spotify:track:6qDF4wWL49CAVbgT7yuHl8,https://api.spotify.com/v1/tracks/6qDF4wWL49CAVbgT7yuHl8,https://api.spotify.com/v1/audio-analysis/6qDF4wWL49CAVbgT7yuHl8,201280,4
82,Body Like A Back Road,Sam Hunt,904828,https://open.spotify.com/track/7mldq42yDuxiUNn08nvzHO,7mldq42yDuxiUNn08nvzHO,0.732,0.458,5,-7.225,1,0.0311,0.447,0,0.136,0.661,98.938,audio_features,7mldq42yDuxiUNn08nvzHO,spotify:track:7mldq42yDuxiUNn08nvzHO,https://api.spotify.com/v1/tracks/7mldq42yDuxiUNn08nvzHO,https://api.spotify.com/v1/audio-analysis/7mldq42yDuxiUNn08nvzHO,165387,4
83,T-Shirt,Migos,902451,https://open.spotify.com/track/7KOlJ92bu51cltsD9KU5I7,7KOlJ92bu51cltsD9KU5I7,0.865,0.687,10,-3.744,0,0.217,0.242,0,0.158,0.486,139.023,audio_features,7KOlJ92bu51cltsD9KU5I7,spotify:track:7KOlJ92bu51cltsD9KU5I7,https://api.spotify.com/v1/tracks/7KOlJ92bu51cltsD9KU5I7,https://api.spotify.com/v1/audio-analysis/7KOlJ92bu51cltsD9KU5I7,242407,4
84,Otra vez (feat. J Balvin),Zion & Lennox,897425,https://open.spotify.com/track/3QwBODjSEzelZyVjxPOHdq,3QwBODjSEzelZyVjxPOHdq,0.832,0.772,10,-5.429,1,0.1,0.0559,0.000486,0.44,0.704,96.016,audio_features,3QwBODjSEzelZyVjxPOHdq,spotify:track:3QwBODjSEzelZyVjxPOHdq,https://api.spotify.com/v1/tracks/3QwBODjSEzelZyVjxPOHdq,https://api.spotify.com/v1/audio-analysis/3QwBODjSEzelZyVjxPOHdq,209453,4
85,24K Magic,Bruno Mars,894389,https://open.spotify.com/track/6b8Be6ljOzmkOmFslEb23P,6b8Be6ljOzmkOmFslEb23P,0.818,0.803,1,-4.282,1,0.0797,0.034,0,0.153,0.632,106.97,audio_features,6b8Be6ljOzmkOmFslEb23P,spotify:track:6b8Be6ljOzmkOmFslEb23P,https://api.spotify.com/v1/tracks/6b8Be6ljOzmkOmFslEb23P,https://api.spotify.com/v1/audio-analysis/6b8Be6ljOzmkOmFslEb23P,225983,4
86,Look At Me!,XXXTENTACION,892469,https://open.spotify.com/track/4ARPvK8DHLwt4oX65ZAFMw,4ARPvK8DHLwt4oX65ZAFMw,0.763,0.726,1,-6.405,1,0.282,0.259,0,0.0976,0.349,139.059,audio_features,4ARPvK8DHLwt4oX65ZAFMw,spotify:track:4ARPvK8DHLwt4oX65ZAFMw,https://api.spotify.com/v1/tracks/4ARPvK8DHLwt4oX65ZAFMw,https://api.spotify.com/v1/audio-analysis/4ARPvK8DHLwt4oX65ZAFMw,126346,4
87,Gyalchester,Drake,880889,https://open.spotify.com/track/6UjfByV1lDLW0SOVQA4NAi,6UjfByV1lDLW0SOVQA4NAi,0.877,0.391,1,-8.196,1,0.063,0.0317,0.000502,0.0945,0.122,131.018,audio_features,6UjfByV1lDLW0SOVQA4NAi,spotify:track:6UjfByV1lDLW0SOVQA4NAi,https://api.spotify.com/v1/tracks/6UjfByV1lDLW0SOVQA4NAi,https://api.spotify.com/v1/audio-analysis/6UjfByV1lDLW0SOVQA4NAi,189230,4
88,Starving,Hailee Steinfeld,874491,https://open.spotify.com/track/1qOLh0tI7trd1zdDKxYZTe,1qOLh0tI7trd1zdDKxYZTe,0.636,0.633,4,-4.23,1,0.126,0.371,0,0.102,0.512,99.721,audio_features,1qOLh0tI7trd1zdDKxYZTe,spotify:track:1qOLh0tI7trd1zdDKxYZTe,https://api.spotify.com/v1/tracks/1qOLh0tI7trd1zdDKxYZTe,https://api.spotify.com/v1/audio-analysis/1qOLh0tI7trd1zdDKxYZTe,181880,4
89,Don't Wanna Know,Maroon 5,867714,https://open.spotify.com/track/5MFzQMkrl1FOOng9tq6R9r,5MFzQMkrl1FOOng9tq6R9r,0.783,0.623,7,-6.126,1,0.08,0.338,0,0.0975,0.447,100.048,audio_features,5MFzQMkrl1FOOng9tq6R9r,spotify:track:5MFzQMkrl1FOOng9tq6R9r,https://api.spotify.com/v1/tracks/5MFzQMkrl1FOOng9tq6R9r,https://api.spotify.com/v1/audio-analysis/5MFzQMkrl1FOOng9tq6R9r,214480,4
90,goosebumps,Travis Scott,865799,https://open.spotify.com/track/6gBFPUFcJLzWGx4lenP6h2,6gBFPUFcJLzWGx4lenP6h2,0.841,0.728,7,-3.37,1,0.0484,0.0847,0,0.149,0.43,130.049,audio_features,6gBFPUFcJLzWGx4lenP6h2,spotify:track:6gBFPUFcJLzWGx4lenP6h2,https://api.spotify.com/v1/tracks/6gBFPUFcJLzWGx4lenP6h2,https://api.spotify.com/v1/audio-analysis/6gBFPUFcJLzWGx4lenP6h2,243837,4
91,Reggaetón Lento (Bailemos),CNCO,853288,https://open.spotify.com/track/3AEZUABDXNtecAOSC1qTfo,3AEZUABDXNtecAOSC1qTfo,0.761,0.838,4,-3.073,0,0.0502,0.4,0,0.176,0.71,93.974,audio_features,3AEZUABDXNtecAOSC1qTfo,spotify:track:3AEZUABDXNtecAOSC1qTfo,https://api.spotify.com/v1/tracks/3AEZUABDXNtecAOSC1qTfo,https://api.spotify.com/v1/audio-analysis/3AEZUABDXNtecAOSC1qTfo,222560,4
92,Hear Me Now,Alok,832840,https://open.spotify.com/track/1a5Yu5L18qNxVhXx38njON,1a5Yu5L18qNxVhXx38njON,0.788,0.43,11,-7.757,1,0.0419,0.537,0.00261,0.0936,0.461,121.996,audio_features,1a5Yu5L18qNxVhXx38njON,spotify:track:1a5Yu5L18qNxVhXx38njON,https://api.spotify.com/v1/tracks/1a5Yu5L18qNxVhXx38njON,https://api.spotify.com/v1/audio-analysis/1a5Yu5L18qNxVhXx38njON,192846,4
93,La Rompe Corazones,Daddy Yankee,830631,https://open.spotify.com/track/4okba5wu9mMLXx79DXLKi3,4okba5wu9mMLXx79DXLKi3,0.685,0.859,5,-2.595,0,0.0553,0.116,0,0.317,0.891,176.018,audio_features,4okba5wu9mMLXx79DXLKi3,spotify:track:4okba5wu9mMLXx79DXLKi3,https://api.spotify.com/v1/tracks/4okba5wu9mMLXx79DXLKi3,https://api.spotify.com/v1/audio-analysis/4okba5wu9mMLXx79DXLKi3,204520,4
94,Escápate Conmigo,Wisin,827047,https://open.spotify.com/track/2cnKEkpVUSV4wnjQiTWfH6,2cnKEkpVUSV4wnjQiTWfH6,0.747,0.864,8,-3.181,0,0.0599,0.0245,4.46e-05,0.0853,0.754,92.028,audio_features,2cnKEkpVUSV4wnjQiTWfH6,spotify:track:2cnKEkpVUSV4wnjQiTWfH6,https://api.spotify.com/v1/tracks/2cnKEkpVUSV4wnjQiTWfH6,https://api.spotify.com/v1/audio-analysis/2cnKEkpVUSV4wnjQiTWfH6,232787,4
95,Hard Times,Paramore,821593,https://open.spotify.com/track/0w5Bdu51Ka25Pf3hojsKHh,0w5Bdu51Ka25Pf3hojsKHh,0.695,0.818,5,-5.379,0,0.0334,0.00647,4.87e-06,0.0219,0.916,119.965,audio_features,0w5Bdu51Ka25Pf3hojsKHh,spotify:track:0w5Bdu51Ka25Pf3hojsKHh,https://api.spotify.com/v1/tracks/0w5Bdu51Ka25Pf3hojsKHh,https://api.spotify.com/v1/audio-analysis/0w5Bdu51Ka25Pf3hojsKHh,182693,4
96,Swang,Rae Sremmurd,785763,https://open.spotify.com/track/6mapJIPnQ23RTAevUoE0DL,6mapJIPnQ23RTAevUoE0DL,0.681,0.314,8,-9.319,1,0.0581,0.2,9.82e-06,0.1,0.166,139.992,audio_features,6mapJIPnQ23RTAevUoE0DL,spotify:track:6mapJIPnQ23RTAevUoE0DL,https://api.spotify.com/v1/tracks/6mapJIPnQ23RTAevUoE0DL,https://api.spotify.com/v1/audio-analysis/6mapJIPnQ23RTAevUoE0DL,208120,4
97,Dive,Ed Sheeran,785508,https://open.spotify.com/track/51ChrwmUPDJvedPQnIU8Ls,51ChrwmUPDJvedPQnIU8Ls,0.761,0.386,4,-6.158,1,0.0399,0.355,0,0.0953,0.526,134.943,audio_features,51ChrwmUPDJvedPQnIU8Ls,spotify:track:51ChrwmUPDJvedPQnIU8Ls,https://api.spotify.com/v1/tracks/51ChrwmUPDJvedPQnIU8Ls,https://api.spotify.com/v1/audio-analysis/51ChrwmUPDJvedPQnIU8Ls,238440,3
98,All Time Low,Jon Bellion,784557,https://open.spotify.com/track/1CnPYaKxTVb4LWOtiGOm0m,1CnPYaKxTVb4LWOtiGOm0m,0.617,0.567,0,-4.188,1,0.0828,0.0584,0,0.0933,0.505,90.246,audio_features,1CnPYaKxTVb4LWOtiGOm0m,spotify:track:1CnPYaKxTVb4LWOtiGOm0m,https://api.spotify.com/v1/tracks/1CnPYaKxTVb4LWOtiGOm0m,https://api.spotify.com/v1/audio-analysis/1CnPYaKxTVb4LWOtiGOm0m,217603,4
99,Blem,Drake,782416,https://open.spotify.com/track/2XlHu0HcujBCkWMdIAvrqt,2XlHu0HcujBCkWMdIAvrqt,0.726,0.535,7,-7.804,0,0.0476,0.0533,1.38e-05,0.0984,0.375,98.067,audio_features,2XlHu0HcujBCkWMdIAvrqt,spotify:track:2XlHu0HcujBCkWMdIAvrqt,https://api.spotify.com/v1/tracks/2XlHu0HcujBCkWMdIAvrqt,https://api.spotify.com/v1/audio-analysis/2XlHu0HcujBCkWMdIAvrqt,216558,4
100,Redbone,Childish Gambino,770584,https://open.spotify.com/track/3kxfsdsCpFgN412fpnW85Y,3kxfsdsCpFgN412fpnW85Y,0.745,0.356,1,-10.425,1,0.0941,0.172,0.00943,0.123,0.607,160.033,audio_features,3kxfsdsCpFgN412fpnW85Y,spotify:track:3kxfsdsCpFgN412fpnW85Y,https://api.spotify.com/v1/tracks/3kxfsdsCpFgN412fpnW85Y,https://api.spotify.com/v1/audio-analysis/3kxfsdsCpFgN412fpnW85Y,326933,4
101,Don't Let Me Down (feat. Daya),The Chainsmokers,763123,https://open.spotify.com/track/0QsvXIfqM0zZoerQfsI9lm,0QsvXIfqM0zZoerQfsI9lm,0.542,0.859,11,-5.651,1,0.197,0.16,0.00466,0.137,0.403,159.797,audio_features,0QsvXIfqM0zZoerQfsI9lm,spotify:track:0QsvXIfqM0zZoerQfsI9lm,https://api.spotify.com/v1/tracks/0QsvXIfqM0zZoerQfsI9lm,https://api.spotify.com/v1/audio-analysis/0QsvXIfqM0zZoerQfsI9lm,208053,4
102,"Heatstroke (feat. Young Thug, Pharrell Williams & Ariana Grande)",Calvin Harris,754660,https://open.spotify.com/track/60APt5N2NRaKWf5xzJdzyC,60APt5N2NRaKWf5xzJdzyC,0.784,0.728,0,-4.549,0,0.0539,0.34,0,0.222,0.713,110.165,audio_features,60APt5N2NRaKWf5xzJdzyC,spotify:track:60APt5N2NRaKWf5xzJdzyC,https://api.spotify.com/v1/tracks/60APt5N2NRaKWf5xzJdzyC,https://api.spotify.com/v1/audio-analysis/60APt5N2NRaKWf5xzJdzyC,229160,4
103,All Night,The Vamps,753755,https://open.spotify.com/track/1yNyoWWWikbLhwIGWjZuDW,1yNyoWWWikbLhwIGWjZuDW,0.563,0.775,8,-6.433,1,0.0366,0.00251,0,0.326,0.458,144.945,audio_features,1yNyoWWWikbLhwIGWjZuDW,spotify:track:1yNyoWWWikbLhwIGWjZuDW,https://api.spotify.com/v1/tracks/1yNyoWWWikbLhwIGWjZuDW,https://api.spotify.com/v1/audio-analysis/1yNyoWWWikbLhwIGWjZuDW,197793,4
104,History,Olivia Holt,752989,https://open.spotify.com/track/0WCEaydwN65cvwaW8aqptF,0WCEaydwN65cvwaW8aqptF,0.76,0.63,1,-6.752,1,0.0582,0.096,0,0.113,0.502,100.977,audio_features,0WCEaydwN65cvwaW8aqptF,spotify:track:0WCEaydwN65cvwaW8aqptF,https://api.spotify.com/v1/tracks/0WCEaydwN65cvwaW8aqptF,https://api.spotify.com/v1/audio-analysis/0WCEaydwN65cvwaW8aqptF,203992,4
105,"Sola (Remix) [feat. Daddy Yankee, Wisin, Farruko, Zion & Lennox]",Anuel AA,747697,https://open.spotify.com/track/5q2JbCNi4FcnglgPfxcV65,5q2JbCNi4FcnglgPfxcV65,0.639,0.869,11,-4.024,1,0.147,0.27,0,0.0802,0.767,169.801,audio_features,5q2JbCNi4FcnglgPfxcV65,spotify:track:5q2JbCNi4FcnglgPfxcV65,https://api.spotify.com/v1/tracks/5q2JbCNi4FcnglgPfxcV65,https://api.spotify.com/v1/audio-analysis/5q2JbCNi4FcnglgPfxcV65,307910,4
106,Treat You Better,Shawn Mendes,740667,https://open.spotify.com/track/4Hf7WnR761jpxPr5D46Bcd,4Hf7WnR761jpxPr5D46Bcd,0.624,0.803,10,-4.105,0,0.246,0.123,0,0.114,0.821,166.018,audio_features,4Hf7WnR761jpxPr5D46Bcd,spotify:track:4Hf7WnR761jpxPr5D46Bcd,https://api.spotify.com/v1/tracks/4Hf7WnR761jpxPr5D46Bcd,https://api.spotify.com/v1/audio-analysis/4Hf7WnR761jpxPr5D46Bcd,187973,4
107,Everyday,Ariana Grande,733325,https://open.spotify.com/track/3FiE2d325mIOc4YjkSLVJR,3FiE2d325mIOc4YjkSLVJR,0.635,0.738,7,-4.424,0,0.0519,0.0192,0,0.15,0.428,130.971,audio_features,3FiE2d325mIOc4YjkSLVJR,spotify:track:3FiE2d325mIOc4YjkSLVJR,https://api.spotify.com/v1/tracks/3FiE2d325mIOc4YjkSLVJR,https://api.spotify.com/v1/audio-analysis/3FiE2d325mIOc4YjkSLVJR,194840,4
108,Break Up Every Night,The Chainsmokers,729658,https://open.spotify.com/track/6cPyTS0Kk2sc4xQwC93kOg,6cPyTS0Kk2sc4xQwC93kOg,0.624,0.806,1,-5.957,1,0.0437,0.00411,0,0.0872,0.528,149.999,audio_features,6cPyTS0Kk2sc4xQwC93kOg,spotify:track:6cPyTS0Kk2sc4xQwC93kOg,https://api.spotify.com/v1/tracks/6cPyTS0Kk2sc4xQwC93kOg,https://api.spotify.com/v1/audio-analysis/6cPyTS0Kk2sc4xQwC93kOg,207520,4
109,In the Name of Love,Martin Garrix,718575,https://open.spotify.com/track/04DwTuZ2VBdJCCC5TROn7L,04DwTuZ2VBdJCCC5TROn7L,0.49,0.485,4,-6.237,0,0.0406,0.0592,0,0.337,0.196,133.889,audio_features,04DwTuZ2VBdJCCC5TROn7L,spotify:track:04DwTuZ2VBdJCCC5TROn7L,https://api.spotify.com/v1/tracks/04DwTuZ2VBdJCCC5TROn7L,https://api.spotify.com/v1/audio-analysis/04DwTuZ2VBdJCCC5TROn7L,195840,4
110,Cold Water (feat. Justin Bieber & MØ),Major Lazer,709843,https://open.spotify.com/track/6DNtNfH8hXkqOX1sjqmI7p,6DNtNfH8hXkqOX1sjqmI7p,0.608,0.798,6,-5.092,0,0.0432,0.0736,0,0.156,0.501,92.943,audio_features,6DNtNfH8hXkqOX1sjqmI7p,spotify:track:6DNtNfH8hXkqOX1sjqmI7p,https://api.spotify.com/v1/tracks/6DNtNfH8hXkqOX1sjqmI7p,https://api.spotify.com/v1/audio-analysis/6DNtNfH8hXkqOX1sjqmI7p,185352,4
111,Just Hold On,Steve Aoki,709425,https://open.spotify.com/track/3EmmCZoqpWOTY1g2GBwJoR,3EmmCZoqpWOTY1g2GBwJoR,0.647,0.932,11,-3.515,1,0.0824,0.00383,1.5e-06,0.0574,0.374,114.991,audio_features,3EmmCZoqpWOTY1g2GBwJoR,spotify:track:3EmmCZoqpWOTY1g2GBwJoR,https://api.spotify.com/v1/tracks/3EmmCZoqpWOTY1g2GBwJoR,https://api.spotify.com/v1/audio-analysis/3EmmCZoqpWOTY1g2GBwJoR,198774,4
112,"CAN'T STOP THE FEELING! (Original Song from DreamWorks Animation's ""TROLLS"")",Justin Timberlake,706817,https://open.spotify.com/track/6JV2JOEocMgcZxYSZelKcc,6JV2JOEocMgcZxYSZelKcc,0.667,0.83,0,-5.715,1,0.0749,0.0123,0,0.191,0.701,113.03,audio_features,6JV2JOEocMgcZxYSZelKcc,spotify:track:6JV2JOEocMgcZxYSZelKcc,https://api.spotify.com/v1/tracks/6JV2JOEocMgcZxYSZelKcc,https://api.spotify.com/v1/audio-analysis/6JV2JOEocMgcZxYSZelKcc,236002,4
113,Me llamas (feat. Maluma) - Remix,Piso 21,704465,https://open.spotify.com/track/5hEM0JchdVzQ5PwvSfITeX,5hEM0JchdVzQ5PwvSfITeX,0.76,0.838,7,-3.828,0,0.0529,0.547,1.3e-06,0.0664,0.745,93.05,audio_features,5hEM0JchdVzQ5PwvSfITeX,spotify:track:5hEM0JchdVzQ5PwvSfITeX,https://api.spotify.com/v1/tracks/5hEM0JchdVzQ5PwvSfITeX,https://api.spotify.com/v1/audio-analysis/5hEM0JchdVzQ5PwvSfITeX,210323,4
114,Ciao Adios,Anne-Marie,702919,https://open.spotify.com/track/3EfugazgSddQvzZpkof5I4,3EfugazgSddQvzZpkof5I4,0.698,0.882,4,-3.078,0,0.0863,0.127,0,0.15,0.445,106.083,audio_features,3EfugazgSddQvzZpkof5I4,spotify:track:3EfugazgSddQvzZpkof5I4,https://api.spotify.com/v1/tracks/3EfugazgSddQvzZpkof5I4,https://api.spotify.com/v1/audio-analysis/3EfugazgSddQvzZpkof5I4,200105,4
115,Mercy,Shawn Mendes,699863,https://open.spotify.com/track/4TZy1wLyHec06pwgFYDh1a,4TZy1wLyHec06pwgFYDh1a,0.469,0.68,11,-4.921,0,0.117,0.137,0,0.11,0.374,147.734,audio_features,4TZy1wLyHec06pwgFYDh1a,spotify:track:4TZy1wLyHec06pwgFYDh1a,https://api.spotify.com/v1/tracks/4TZy1wLyHec06pwgFYDh1a,https://api.spotify.com/v1/audio-analysis/4TZy1wLyHec06pwgFYDh1a,208733,4
116,The Night We Met,Lord Huron,699428,https://open.spotify.com/track/6mORGLOz79w6VsCRLWYYuK,6mORGLOz79w6VsCRLWYYuK,0.443,0.369,9,-9.514,1,0.0441,0.969,0.277,0.638,0.0989,174.107,audio_features,6mORGLOz79w6VsCRLWYYuK,spotify:track:6mORGLOz79w6VsCRLWYYuK,https://api.spotify.com/v1/tracks/6mORGLOz79w6VsCRLWYYuK,https://api.spotify.com/v1/audio-analysis/6mORGLOz79w6VsCRLWYYuK,208212,3
117,Side To Side,Ariana Grande,698396,https://open.spotify.com/track/4pLwZjInHj3SimIyN9SnOz,4pLwZjInHj3SimIyN9SnOz,0.648,0.738,6,-5.883,0,0.247,0.0408,0,0.292,0.603,159.145,audio_features,4pLwZjInHj3SimIyN9SnOz,spotify:track:4pLwZjInHj3SimIyN9SnOz,https://api.spotify.com/v1/tracks/4pLwZjInHj3SimIyN9SnOz,https://api.spotify.com/v1/audio-analysis/4pLwZjInHj3SimIyN9SnOz,226160,4
118,What Do I Know?,Ed Sheeran,686459,https://open.spotify.com/track/2pJZ1v8HezrAoZ0Fhzby92,2pJZ1v8HezrAoZ0Fhzby92,0.838,0.492,1,-5.69,0,0.038,0.251,0,0.262,0.895,115.092,audio_features,2pJZ1v8HezrAoZ0Fhzby92,spotify:track:2pJZ1v8HezrAoZ0Fhzby92,https://api.spotify.com/v1/tracks/2pJZ1v8HezrAoZ0Fhzby92,https://api.spotify.com/v1/audio-analysis/2pJZ1v8HezrAoZ0Fhzby92,237333,4
119,Ahora Dice,Chris Jeday,682010,https://open.spotify.com/track/22eADXu8DfOAUEDw4vU8qy,22eADXu8DfOAUEDw4vU8qy,0.708,0.693,6,-5.516,1,0.138,0.246,0,0.129,0.427,143.965,audio_features,22eADXu8DfOAUEDw4vU8qy,spotify:track:22eADXu8DfOAUEDw4vU8qy,https://api.spotify.com/v1/tracks/22eADXu8DfOAUEDw4vU8qy,https://api.spotify.com/v1/audio-analysis/22eADXu8DfOAUEDw4vU8qy,271080,4
120,Obsession (feat. Jon Bellion),Vice,676148,https://open.spotify.com/track/5pvVAwQbuFoR7LkcicrKnk,5pvVAwQbuFoR7LkcicrKnk,0.741,0.559,10,-7.775,1,0.03,0.00728,0.000971,0.21,0.466,101.999,audio_features,5pvVAwQbuFoR7LkcicrKnk,spotify:track:5pvVAwQbuFoR7LkcicrKnk,https://api.spotify.com/v1/tracks/5pvVAwQbuFoR7LkcicrKnk,https://api.spotify.com/v1/audio-analysis/5pvVAwQbuFoR7LkcicrKnk,221983,4
121,"Ay Mi Dios (feat. Pitbull, Yandel & Chacal)",IAmChino,671537,https://open.spotify.com/track/6stYbAJgTszHAHZMPxWWCY,6stYbAJgTszHAHZMPxWWCY,0.761,0.829,0,-3.203,0,0.0681,0.167,0,0.189,0.813,92.033,audio_features,6stYbAJgTszHAHZMPxWWCY,spotify:track:6stYbAJgTszHAHZMPxWWCY,https://api.spotify.com/v1/tracks/6stYbAJgTszHAHZMPxWWCY,https://api.spotify.com/v1/audio-analysis/6stYbAJgTszHAHZMPxWWCY,252003,4
122,I Took A Pill In Ibiza - Seeb Remix,Mike Posner,653254,https://open.spotify.com/track/17Fd6Yb7mSbinKG8LoWfFl,17Fd6Yb7mSbinKG8LoWfFl,0.663,0.713,7,-6.647,0,0.112,0.0353,7.68e-06,0.0843,0.69,101.965,audio_features,17Fd6Yb7mSbinKG8LoWfFl,spotify:track:17Fd6Yb7mSbinKG8LoWfFl,https://api.spotify.com/v1/tracks/17Fd6Yb7mSbinKG8LoWfFl,https://api.spotify.com/v1/audio-analysis/17Fd6Yb7mSbinKG8LoWfFl,197933,4
123,do re mi,blackbear,650760,https://open.spotify.com/track/3Q3myFA7q4Op95DOpHplaY,3Q3myFA7q4Op95DOpHplaY,0.745,0.593,8,-6.35,1,0.0526,0.00522,5.25e-06,0.123,0.17,111.002,audio_features,3Q3myFA7q4Op95DOpHplaY,spotify:track:3Q3myFA7q4Op95DOpHplaY,https://api.spotify.com/v1/tracks/3Q3myFA7q4Op95DOpHplaY,https://api.spotify.com/v1/audio-analysis/3Q3myFA7q4Op95DOpHplaY,212027,3
124,Rolex,Ayo & Teo,643473,https://open.spotify.com/track/0pSBuHjILhNEo55xK1zrRt,0pSBuHjILhNEo55xK1zrRt,0.804,0.886,1,-2.512,1,0.04,0.0837,0,0.266,0.789,144.946,audio_features,0pSBuHjILhNEo55xK1zrRt,spotify:track:0pSBuHjILhNEo55xK1zrRt,https://api.spotify.com/v1/tracks/0pSBuHjILhNEo55xK1zrRt,https://api.spotify.com/v1/audio-analysis/0pSBuHjILhNEo55xK1zrRt,238587,4
125,Love On The Brain,Rihanna,640405,https://open.spotify.com/track/2aksifNn5ph8igDOkPBA02,2aksifNn5ph8igDOkPBA02,0.509,0.637,4,-4.83,0,0.0471,0.0717,1.08e-05,0.0789,0.378,172.006,audio_features,2aksifNn5ph8igDOkPBA02,spotify:track:2aksifNn5ph8igDOkPBA02,https://api.spotify.com/v1/tracks/2aksifNn5ph8igDOkPBA02,https://api.spotify.com/v1/audio-analysis/2aksifNn5ph8igDOkPBA02,224000,3
126,TG4M,Zara Larsson,639301,https://open.spotify.com/track/4uoumbAMEMaKdtiv763jKz,4uoumbAMEMaKdtiv763jKz,0.667,0.648,3,-6.398,0,0.0626,0.0235,1.52e-05,0.0427,0.589,95.031,audio_features,4uoumbAMEMaKdtiv763jKz,spotify:track:4uoumbAMEMaKdtiv763jKz,https://api.spotify.com/v1/tracks/4uoumbAMEMaKdtiv763jKz,https://api.spotify.com/v1/audio-analysis/4uoumbAMEMaKdtiv763jKz,172893,4
127,New Man,Ed Sheeran,638510,https://open.spotify.com/track/5HDPtsnyb3maFmPL8LLUTG,5HDPtsnyb3maFmPL8LLUTG,0.78,0.745,7,-3.97,1,0.145,0.0559,0,0.0595,0.862,94.026,audio_features,5HDPtsnyb3maFmPL8LLUTG,spotify:track:5HDPtsnyb3maFmPL8LLUTG,https://api.spotify.com/v1/tracks/5HDPtsnyb3maFmPL8LLUTG,https://api.spotify.com/v1/audio-analysis/5HDPtsnyb3maFmPL8LLUTG,189280,4
128,Drowning (feat. Kodak Black),A Boogie Wit da Hoodie,632337,https://open.spotify.com/track/6Q2FftbUG530lCtBI74bMH,6Q2FftbUG530lCtBI74bMH,0.839,0.81,5,-5.274,0,0.0568,0.501,0,0.117,0.814,129.014,audio_features,6Q2FftbUG530lCtBI74bMH,spotify:track:6Q2FftbUG530lCtBI74bMH,https://api.spotify.com/v1/tracks/6Q2FftbUG530lCtBI74bMH,https://api.spotify.com/v1/audio-analysis/6Q2FftbUG530lCtBI74bMH,209269,4
129,Me Enamoré,Shakira,632036,https://open.spotify.com/track/4qknM1pQz53QOyfDVTjcM9,4qknM1pQz53QOyfDVTjcM9,0.74,0.879,9,-2.251,0,0.105,0.193,8.25e-05,0.0928,0.948,103.71,audio_features,4qknM1pQz53QOyfDVTjcM9,spotify:track:4qknM1pQz53QOyfDVTjcM9,https://api.spotify.com/v1/tracks/4qknM1pQz53QOyfDVTjcM9,https://api.spotify.com/v1/audio-analysis/4qknM1pQz53QOyfDVTjcM9,226893,4
130,Heathens,Twenty One Pilots,625268,https://open.spotify.com/track/6i0V12jOa3mr6uu4WYhUBr,6i0V12jOa3mr6uu4WYhUBr,0.732,0.396,4,-9.348,0,0.0286,0.0841,3.58e-05,0.105,0.548,90.024,audio_features,6i0V12jOa3mr6uu4WYhUBr,spotify:track:6i0V12jOa3mr6uu4WYhUBr,https://api.spotify.com/v1/tracks/6i0V12jOa3mr6uu4WYhUBr,https://api.spotify.com/v1/audio-analysis/6i0V12jOa3mr6uu4WYhUBr,195920,4
131,Photograph,Ed Sheeran,623999,https://open.spotify.com/track/6fxVffaTuwjgEk5h9QyRjy,6fxVffaTuwjgEk5h9QyRjy,0.614,0.379,4,-10.48,1,0.0476,0.607,0.000464,0.0986,0.201,107.989,audio_features,6fxVffaTuwjgEk5h9QyRjy,spotify:track:6fxVffaTuwjgEk5h9QyRjy,https://api.spotify.com/v1/tracks/6fxVffaTuwjgEk5h9QyRjy,https://api.spotify.com/v1/audio-analysis/6fxVffaTuwjgEk5h9QyRjy,258987,4
132,Vente Pa' Ca (feat. Maluma),Ricky Martin,621914,https://open.spotify.com/track/7DM4BPaS7uofFul3ywMe46,7DM4BPaS7uofFul3ywMe46,0.663,0.92,11,-4.07,0,0.226,0.00431,1.69e-05,0.101,0.533,99.935,audio_features,7DM4BPaS7uofFul3ywMe46,spotify:track:7DM4BPaS7uofFul3ywMe46,https://api.spotify.com/v1/tracks/7DM4BPaS7uofFul3ywMe46,https://api.spotify.com/v1/audio-analysis/7DM4BPaS7uofFul3ywMe46,259196,4
133,Be the One,Dua Lipa,619916,https://open.spotify.com/track/7FCfMXYTIiQ9b4hDYs4Iol,7FCfMXYTIiQ9b4hDYs4Iol,0.661,0.651,7,-3.771,0,0.0499,0.117,1.32e-05,0.056,0.368,87.46,audio_features,7FCfMXYTIiQ9b4hDYs4Iol,spotify:track:7FCfMXYTIiQ9b4hDYs4Iol,https://api.spotify.com/v1/tracks/7FCfMXYTIiQ9b4hDYs4Iol,https://api.spotify.com/v1/audio-analysis/7FCfMXYTIiQ9b4hDYs4Iol,202915,4
134,We Don't Talk Anymore (feat. Selena Gomez),Charlie Puth,614147,https://open.spotify.com/track/68EMU2RD1ECNeOeJ5qAXCV,68EMU2RD1ECNeOeJ5qAXCV,0.728,0.563,1,-8.053,0,0.134,0.621,0,0.179,0.352,100.017,audio_features,68EMU2RD1ECNeOeJ5qAXCV,spotify:track:68EMU2RD1ECNeOeJ5qAXCV,https://api.spotify.com/v1/tracks/68EMU2RD1ECNeOeJ5qAXCV,https://api.spotify.com/v1/audio-analysis/68EMU2RD1ECNeOeJ5qAXCV,217707,4
135,My Way,Calvin Harris,607268,https://open.spotify.com/track/1vvNmPOiUuyCbgWmtc6yfm,1vvNmPOiUuyCbgWmtc6yfm,0.819,0.913,4,-3.059,0,0.0427,0.0935,3.72e-05,0.161,0.536,119.989,audio_features,1vvNmPOiUuyCbgWmtc6yfm,spotify:track:1vvNmPOiUuyCbgWmtc6yfm,https://api.spotify.com/v1/tracks/1vvNmPOiUuyCbgWmtc6yfm,https://api.spotify.com/v1/audio-analysis/1vvNmPOiUuyCbgWmtc6yfm,219160,4
136,Bad Bitch (feat. Ty Dolla $ign),Bebe Rexha,603514,https://open.spotify.com/track/4ZJPwET9Jrgpkqi4Vo3Yg8,4ZJPwET9Jrgpkqi4Vo3Yg8,0.656,0.615,5,-6.252,1,0.0539,0.0283,0,0.234,0.366,139.91,audio_features,4ZJPwET9Jrgpkqi4Vo3Yg8,spotify:track:4ZJPwET9Jrgpkqi4Vo3Yg8,https://api.spotify.com/v1/tracks/4ZJPwET9Jrgpkqi4Vo3Yg8,https://api.spotify.com/v1/audio-analysis/4ZJPwET9Jrgpkqi4Vo3Yg8,197253,4
137,Safari,J Balvin,595192,https://open.spotify.com/track/6rQSrBHf7HlZjtcMZ4S4bO,6rQSrBHf7HlZjtcMZ4S4bO,0.508,0.687,0,-4.361,1,0.326,0.551,3.41e-06,0.126,0.555,180.044,audio_features,6rQSrBHf7HlZjtcMZ4S4bO,spotify:track:6rQSrBHf7HlZjtcMZ4S4bO,https://api.spotify.com/v1/tracks/6rQSrBHf7HlZjtcMZ4S4bO,https://api.spotify.com/v1/audio-analysis/6rQSrBHf7HlZjtcMZ4S4bO,205600,4
138,Black Beatles,Rae Sremmurd,590574,https://open.spotify.com/track/6fujklziTHa8uoM5OQSfIo,6fujklziTHa8uoM5OQSfIo,0.794,0.632,0,-6.163,1,0.0649,0.142,0,0.128,0.355,145.926,audio_features,6fujklziTHa8uoM5OQSfIo,spotify:track:6fujklziTHa8uoM5OQSfIo,https://api.spotify.com/v1/tracks/6fujklziTHa8uoM5OQSfIo,https://api.spotify.com/v1/audio-analysis/6fujklziTHa8uoM5OQSfIo,291893,4
139,Skin,Rag'n'Bone Man,586955,https://open.spotify.com/track/6y2Kaz9QI01XBKJ8mTb7Pf,6y2Kaz9QI01XBKJ8mTb7Pf,0.565,0.745,0,-7.733,1,0.31,0.265,0,0.147,0.352,170.654,audio_features,6y2Kaz9QI01XBKJ8mTb7Pf,spotify:track:6y2Kaz9QI01XBKJ8mTb7Pf,https://api.spotify.com/v1/tracks/6y2Kaz9QI01XBKJ8mTb7Pf,https://api.spotify.com/v1/audio-analysis/6y2Kaz9QI01XBKJ8mTb7Pf,239627,4
140,Cheap Thrills,Sia,582112,https://open.spotify.com/track/27SdWb2rFzO6GWiYDBTD9j,27SdWb2rFzO6GWiYDBTD9j,0.628,0.698,6,-5.608,0,0.105,0.0472,0.00143,0.0907,0.732,89.976,audio_features,27SdWb2rFzO6GWiYDBTD9j,spotify:track:27SdWb2rFzO6GWiYDBTD9j,https://api.spotify.com/v1/tracks/27SdWb2rFzO6GWiYDBTD9j,https://api.spotify.com/v1/audio-analysis/27SdWb2rFzO6GWiYDBTD9j,211667,4
141,Love Yourself,Justin Bieber,572748,https://open.spotify.com/track/3hB5DgAiMAQ4DzYbsMq1IT,3hB5DgAiMAQ4DzYbsMq1IT,0.609,0.378,4,-9.828,1,0.438,0.835,0,0.28,0.515,100.418,audio_features,3hB5DgAiMAQ4DzYbsMq1IT,spotify:track:3hB5DgAiMAQ4DzYbsMq1IT,https://api.spotify.com/v1/tracks/3hB5DgAiMAQ4DzYbsMq1IT,https://api.spotify.com/v1/audio-analysis/3hB5DgAiMAQ4DzYbsMq1IT,233720,4
142,Stressed Out,Twenty One Pilots,572158,https://open.spotify.com/track/3CRDbSIZ4r5MsZ0YwxuEkn,3CRDbSIZ4r5MsZ0YwxuEkn,0.734,0.637,4,-5.677,0,0.141,0.0462,2.29e-05,0.0602,0.648,169.977,audio_features,3CRDbSIZ4r5MsZ0YwxuEkn,spotify:track:3CRDbSIZ4r5MsZ0YwxuEkn,https://api.spotify.com/v1/tracks/3CRDbSIZ4r5MsZ0YwxuEkn,https://api.spotify.com/v1/audio-analysis/3CRDbSIZ4r5MsZ0YwxuEkn,202333,4
143,Thinking out Loud,Ed Sheeran,572064,https://open.spotify.com/track/1Slwb6dOYkBlWal1PGtnNg,1Slwb6dOYkBlWal1PGtnNg,0.781,0.445,2,-6.061,1,0.0295,0.474,0,0.184,0.591,78.998,audio_features,1Slwb6dOYkBlWal1PGtnNg,spotify:track:1Slwb6dOYkBlWal1PGtnNg,https://api.spotify.com/v1/tracks/1Slwb6dOYkBlWal1PGtnNg,https://api.spotify.com/v1/audio-analysis/1Slwb6dOYkBlWal1PGtnNg,281560,4
144,Human,Rag'n'Bone Man,570280,https://open.spotify.com/track/58zsLZPvfflaiIbNWoA22O,58zsLZPvfflaiIbNWoA22O,0.602,0.707,11,-4.097,1,0.302,0.393,0,0.165,0.554,75.09,audio_features,58zsLZPvfflaiIbNWoA22O,spotify:track:58zsLZPvfflaiIbNWoA22O,https://api.spotify.com/v1/tracks/58zsLZPvfflaiIbNWoA22O,https://api.spotify.com/v1/audio-analysis/58zsLZPvfflaiIbNWoA22O,200187,4
145,At My Best (feat. Hailee Steinfeld),Machine Gun Kelly,569576,https://open.spotify.com/track/77lGafvlU68CeHgB2pkHC9,77lGafvlU68CeHgB2pkHC9,0.524,0.772,7,-6.696,0,0.152,0.00273,0.000169,0.224,0.237,169.855,audio_features,77lGafvlU68CeHgB2pkHC9,spotify:track:77lGafvlU68CeHgB2pkHC9,https://api.spotify.com/v1/tracks/77lGafvlU68CeHgB2pkHC9,https://api.spotify.com/v1/audio-analysis/77lGafvlU68CeHgB2pkHC9,199973,4
146,Alguien Robo,Sebastian Yatra,569027,https://open.spotify.com/track/5i50gKdLAjjIr7UxRT5IVy,5i50gKdLAjjIr7UxRT5IVy,0.745,0.921,0,-2.674,1,0.082,0.0897,0,0.178,0.651,92.973,audio_features,5i50gKdLAjjIr7UxRT5IVy,spotify:track:5i50gKdLAjjIr7UxRT5IVy,https://api.spotify.com/v1/tracks/5i50gKdLAjjIr7UxRT5IVy,https://api.spotify.com/v1/audio-analysis/5i50gKdLAjjIr7UxRT5IVy,223613,4
147,Barcelona,Ed Sheeran,565309,https://open.spotify.com/track/3Lfiu5sZ4M4B6JaKMBc0FU,3Lfiu5sZ4M4B6JaKMBc0FU,0.747,0.76,1,-4.294,1,0.187,0.448,0,0.153,0.682,99.975,audio_features,3Lfiu5sZ4M4B6JaKMBc0FU,spotify:track:3Lfiu5sZ4M4B6JaKMBc0FU,https://api.spotify.com/v1/tracks/3Lfiu5sZ4M4B6JaKMBc0FU,https://api.spotify.com/v1/audio-analysis/3Lfiu5sZ4M4B6JaKMBc0FU,191147,4
148,Don't Leave,Snakehips,564818,https://open.spotify.com/track/0Zx8khUcEfCFK2AEoIhC92,0Zx8khUcEfCFK2AEoIhC92,0.657,0.703,1,-3.402,1,0.0753,0.222,0,0.256,0.338,122.381,audio_features,0Zx8khUcEfCFK2AEoIhC92,spotify:track:0Zx8khUcEfCFK2AEoIhC92,https://api.spotify.com/v1/tracks/0Zx8khUcEfCFK2AEoIhC92,https://api.spotify.com/v1/audio-analysis/0Zx8khUcEfCFK2AEoIhC92,214693,4
149,Faded,Alan Walker,562423,https://open.spotify.com/track/7gHs73wELdeycvS48JfIos,7gHs73wELdeycvS48JfIos,0.589,0.651,6,-5.097,1,0.0306,0.0291,3.2e-06,0.111,0.166,90.011,audio_features,7gHs73wELdeycvS48JfIos,spotify:track:7gHs73wELdeycvS48JfIos,https://api.spotify.com/v1/tracks/7gHs73wELdeycvS48JfIos,https://api.spotify.com/v1/audio-analysis/7gHs73wELdeycvS48JfIos,212627,4
150,Shed a Light,Robin Schulz,559630,https://open.spotify.com/track/1cG0umU5TKStygKsPFZ9pY,1cG0umU5TKStygKsPFZ9pY,0.483,0.787,8,-5.244,1,0.102,0.112,0,0.257,0.58,122.058,audio_features,1cG0umU5TKStygKsPFZ9pY,spotify:track:1cG0umU5TKStygKsPFZ9pY,https://api.spotify.com/v1/tracks/1cG0umU5TKStygKsPFZ9pY,https://api.spotify.com/v1/audio-analysis/1cG0umU5TKStygKsPFZ9pY,191379,4
151,Vacaciones,Wisin,558678,https://open.spotify.com/track/3dQDid3IUNhZy1OehIfYfE,3dQDid3IUNhZy1OehIfYfE,0.772,0.909,6,-3.225,0,0.166,0.256,0,0.255,0.694,96.031,audio_features,3dQDid3IUNhZy1OehIfYfE,spotify:track:3dQDid3IUNhZy1OehIfYfE,https://api.spotify.com/v1/tracks/3dQDid3IUNhZy1OehIfYfE,https://api.spotify.com/v1/audio-analysis/3dQDid3IUNhZy1OehIfYfE,238800,4
152,Scars To Your Beautiful,Alessia Cara,556028,https://open.spotify.com/track/0prNGof3XqfTvNDxHonvdK,0prNGof3XqfTvNDxHonvdK,0.573,0.739,0,-5.74,1,0.129,0.0285,0,0.111,0.451,97.085,audio_features,0prNGof3XqfTvNDxHonvdK,spotify:track:0prNGof3XqfTvNDxHonvdK,https://api.spotify.com/v1/tracks/0prNGof3XqfTvNDxHonvdK,https://api.spotify.com/v1/audio-analysis/0prNGof3XqfTvNDxHonvdK,230227,4
153,Free Smoke,Drake,555686,https://open.spotify.com/track/05KOgYg8PGeJyyWBPi5ja8,05KOgYg8PGeJyyWBPi5ja8,0.736,0.491,10,-6.892,0,0.439,0.0681,0,0.571,0.203,141.979,audio_features,05KOgYg8PGeJyyWBPi5ja8,spotify:track:05KOgYg8PGeJyyWBPi5ja8,https://api.spotify.com/v1/tracks/05KOgYg8PGeJyyWBPi5ja8,https://api.spotify.com/v1/audio-analysis/05KOgYg8PGeJyyWBPi5ja8,218674,4
154,Broccoli (feat. Lil Yachty),Shelley FKA DRAM,553218,https://open.spotify.com/track/7yyRTcZmCiyzzJlNzGC9Ol,7yyRTcZmCiyzzJlNzGC9Ol,0.886,0.525,8,-7.39,1,0.131,0.236,0,0.057,0.708,145.99,audio_features,7yyRTcZmCiyzzJlNzGC9Ol,spotify:track:7yyRTcZmCiyzzJlNzGC9Ol,https://api.spotify.com/v1/tracks/7yyRTcZmCiyzzJlNzGC9Ol,https://api.spotify.com/v1/audio-analysis/7yyRTcZmCiyzzJlNzGC9Ol,225205,4
155,Teenage Fever,Drake,552433,https://open.spotify.com/track/6n3HGiq4v35D6eFOSwqYuo,6n3HGiq4v35D6eFOSwqYuo,0.766,0.283,8,-10.33,0,0.0846,0.111,0.0172,0.115,0.144,97.04,audio_features,6n3HGiq4v35D6eFOSwqYuo,spotify:track:6n3HGiq4v35D6eFOSwqYuo,https://api.spotify.com/v1/tracks/6n3HGiq4v35D6eFOSwqYuo,https://api.spotify.com/v1/audio-analysis/6n3HGiq4v35D6eFOSwqYuo,219692,4
156,Work from Home (feat. Ty Dolla $ign),Fifth Harmony,551613,https://open.spotify.com/track/4tCtwWceOPWzenK2HAIJSb,4tCtwWceOPWzenK2HAIJSb,0.803,0.585,8,-5.861,1,0.0432,0.103,3.94e-06,0.0644,0.593,105.017,audio_features,4tCtwWceOPWzenK2HAIJSb,spotify:track:4tCtwWceOPWzenK2HAIJSb,https://api.spotify.com/v1/tracks/4tCtwWceOPWzenK2HAIJSb,https://api.spotify.com/v1/audio-analysis/4tCtwWceOPWzenK2HAIJSb,214480,4
157,Supermarket Flowers,Ed Sheeran,548526,https://open.spotify.com/track/4VuS959DSpr82t3qBqCrWG,4VuS959DSpr82t3qBqCrWG,0.589,0.242,6,-10.517,1,0.0442,0.914,0,0.0887,0.257,89.749,audio_features,4VuS959DSpr82t3qBqCrWG,spotify:track:4VuS959DSpr82t3qBqCrWG,https://api.spotify.com/v1/tracks/4VuS959DSpr82t3qBqCrWG,https://api.spotify.com/v1/audio-analysis/4VuS959DSpr82t3qBqCrWG,221107,4
158,Ride,Twenty One Pilots,546801,https://open.spotify.com/track/2Z8WuEywRWYTKe1NybPQEW,2Z8WuEywRWYTKe1NybPQEW,0.645,0.713,6,-5.355,1,0.0393,0.00835,0,0.113,0.566,74.989,audio_features,2Z8WuEywRWYTKe1NybPQEW,spotify:track:2Z8WuEywRWYTKe1NybPQEW,https://api.spotify.com/v1/tracks/2Z8WuEywRWYTKe1NybPQEW,https://api.spotify.com/v1/audio-analysis/2Z8WuEywRWYTKe1NybPQEW,214507,4
159,Moves,Big Sean,544108,https://open.spotify.com/track/0Fv5N0cHBsl4bzCbollCAS,0Fv5N0cHBsl4bzCbollCAS,0.812,0.522,2,-5.287,1,0.257,0.0433,0,0.154,0.38,75.524,audio_features,0Fv5N0cHBsl4bzCbollCAS,spotify:track:0Fv5N0cHBsl4bzCbollCAS,https://api.spotify.com/v1/tracks/0Fv5N0cHBsl4bzCbollCAS,https://api.spotify.com/v1/audio-analysis/0Fv5N0cHBsl4bzCbollCAS,142907,4
160,Perfect Strangers,Jonas Blue,543647,https://open.spotify.com/track/1CUVN2kn7mW5FjkqXTR2W1,1CUVN2kn7mW5FjkqXTR2W1,0.742,0.819,1,-5.307,1,0.0487,0.372,0,0.277,0.709,117.986,audio_features,1CUVN2kn7mW5FjkqXTR2W1,spotify:track:1CUVN2kn7mW5FjkqXTR2W1,https://api.spotify.com/v1/tracks/1CUVN2kn7mW5FjkqXTR2W1,https://api.spotify.com/v1/audio-analysis/1CUVN2kn7mW5FjkqXTR2W1,196613,4
161,Get It Together,Drake,542967,https://open.spotify.com/track/7y6c07pgjZvtHI9kuMVqk1,7y6c07pgjZvtHI9kuMVqk1,0.781,0.721,5,-9.133,0,0.0514,0.0945,0.391,0.104,0.849,123.011,audio_features,7y6c07pgjZvtHI9kuMVqk1,spotify:track:7y6c07pgjZvtHI9kuMVqk1,https://api.spotify.com/v1/tracks/7y6c07pgjZvtHI9kuMVqk1,https://api.spotify.com/v1/audio-analysis/7y6c07pgjZvtHI9kuMVqk1,250337,4
162,Te Quiero Pa´Mi,Don Omar,535396,https://open.spotify.com/track/3BY2mafsbsoKGqS380Xnuz,3BY2mafsbsoKGqS380Xnuz,0.761,0.82,1,-4.003,1,0.0623,0.125,2.1e-05,0.183,0.619,88.997,audio_features,3BY2mafsbsoKGqS380Xnuz,spotify:track:3BY2mafsbsoKGqS380Xnuz,https://api.spotify.com/v1/tracks/3BY2mafsbsoKGqS380Xnuz,https://api.spotify.com/v1/audio-analysis/3BY2mafsbsoKGqS380Xnuz,211627,4
163,This Is What You Came For (feat. Rihanna),Calvin Harris,534433,https://open.spotify.com/track/0azC730Exh71aQlOt9Zj3y,0azC730Exh71aQlOt9Zj3y,0.63,0.928,9,-2.787,0,0.0331,0.199,0.124,0.148,0.465,123.963,audio_features,0azC730Exh71aQlOt9Zj3y,spotify:track:0azC730Exh71aQlOt9Zj3y,https://api.spotify.com/v1/tracks/0azC730Exh71aQlOt9Zj3y,https://api.spotify.com/v1/audio-analysis/0azC730Exh71aQlOt9Zj3y,222160,4
164,Sorry,Justin Bieber,533941,https://open.spotify.com/track/69bp2EbF7Q2rqc5N3ylezZ,69bp2EbF7Q2rqc5N3ylezZ,0.654,0.76,0,-3.669,0,0.045,0.0797,0,0.299,0.41,99.945,audio_features,69bp2EbF7Q2rqc5N3ylezZ,spotify:track:69bp2EbF7Q2rqc5N3ylezZ,https://api.spotify.com/v1/tracks/69bp2EbF7Q2rqc5N3ylezZ,https://api.spotify.com/v1/audio-analysis/69bp2EbF7Q2rqc5N3ylezZ,200787,4
165,I Got You,Bebe Rexha,522287,https://open.spotify.com/track/1FUViuNSldssMIawrOXF2i,1FUViuNSldssMIawrOXF2i,0.609,0.887,9,-4.749,0,0.0507,0.0504,4.76e-06,0.09,0.316,97.99,audio_features,1FUViuNSldssMIawrOXF2i,spotify:track:1FUViuNSldssMIawrOXF2i,https://api.spotify.com/v1/tracks/1FUViuNSldssMIawrOXF2i,https://api.spotify.com/v1/audio-analysis/1FUViuNSldssMIawrOXF2i,191812,4
166,How Would You Feel (Paean),Ed Sheeran,520502,https://open.spotify.com/track/6PJ8FF6UR8FZXfEvpHkIVN,6PJ8FF6UR8FZXfEvpHkIVN,0.617,0.439,9,-5.63,1,0.0269,0.424,0,0.127,0.242,139.979,audio_features,6PJ8FF6UR8FZXfEvpHkIVN,spotify:track:6PJ8FF6UR8FZXfEvpHkIVN,https://api.spotify.com/v1/tracks/6PJ8FF6UR8FZXfEvpHkIVN,https://api.spotify.com/v1/audio-analysis/6PJ8FF6UR8FZXfEvpHkIVN,280533,4
167,All We Know,The Chainsmokers,516442,https://open.spotify.com/track/2rizacJSyD9S1IQUxUxnsK,2rizacJSyD9S1IQUxUxnsK,0.662,0.586,0,-8.821,1,0.0307,0.097,0.00272,0.115,0.296,90.0,audio_features,2rizacJSyD9S1IQUxUxnsK,spotify:track:2rizacJSyD9S1IQUxUxnsK,https://api.spotify.com/v1/tracks/2rizacJSyD9S1IQUxUxnsK,https://api.spotify.com/v1/audio-analysis/2rizacJSyD9S1IQUxUxnsK,194080,4
168,Traicionera,Sebastian Yatra,511140,https://open.spotify.com/track/5J1c3M4EldCfNxXwrwt8mT,5J1c3M4EldCfNxXwrwt8mT,0.776,0.669,11,-4.933,1,0.0638,0.142,0,0.219,0.661,91.012,audio_features,5J1c3M4EldCfNxXwrwt8mT,spotify:track:5J1c3M4EldCfNxXwrwt8mT,https://api.spotify.com/v1/tracks/5J1c3M4EldCfNxXwrwt8mT,https://api.spotify.com/v1/audio-analysis/5J1c3M4EldCfNxXwrwt8mT,228467,4
169,Lights Down Low,MAX,508232,https://open.spotify.com/track/1sYSP7gKa5kdKIfhANfori,1sYSP7gKa5kdKIfhANfori,0.623,0.493,5,-7.727,0,0.0338,0.0632,0,0.104,0.594,81.019,audio_features,1sYSP7gKa5kdKIfhANfori,spotify:track:1sYSP7gKa5kdKIfhANfori,https://api.spotify.com/v1/tracks/1sYSP7gKa5kdKIfhANfori,https://api.spotify.com/v1/audio-analysis/1sYSP7gKa5kdKIfhANfori,223847,4
170,Water Under the Bridge,Adele,504653,https://open.spotify.com/track/4vb4mFvYsr2h6enhjJsq9Y,4vb4mFvYsr2h6enhjJsq9Y,0.596,0.838,5,-6.52,0,0.0704,0.0189,1.54e-05,0.108,0.472,94.982,audio_features,4vb4mFvYsr2h6enhjJsq9Y,spotify:track:4vb4mFvYsr2h6enhjJsq9Y,https://api.spotify.com/v1/tracks/4vb4mFvYsr2h6enhjJsq9Y,https://api.spotify.com/v1/audio-analysis/4vb4mFvYsr2h6enhjJsq9Y,240427,4
171,Caroline,Aminé,501885,https://open.spotify.com/track/5GFDrUTLGJix84sNhjCG0g,5GFDrUTLGJix84sNhjCG0g,0.945,0.394,10,-8.571,1,0.492,0.303,0,0.131,0.743,120.058,audio_features,5GFDrUTLGJix84sNhjCG0g,spotify:track:5GFDrUTLGJix84sNhjCG0g,https://api.spotify.com/v1/tracks/5GFDrUTLGJix84sNhjCG0g,https://api.spotify.com/v1/audio-analysis/5GFDrUTLGJix84sNhjCG0g,209747,4
172,Million Reasons,Lady Gaga,498446,https://open.spotify.com/track/50PWlIBU7PlGGwzgN8TiFJ,50PWlIBU7PlGGwzgN8TiFJ,0.668,0.449,0,-7.897,1,0.0451,0.477,0,0.107,0.154,129.889,audio_features,50PWlIBU7PlGGwzgN8TiFJ,spotify:track:50PWlIBU7PlGGwzgN8TiFJ,https://api.spotify.com/v1/tracks/50PWlIBU7PlGGwzgN8TiFJ,https://api.spotify.com/v1/audio-analysis/50PWlIBU7PlGGwzgN8TiFJ,205280,4
173,By Your Side,Jonas Blue,497313,https://open.spotify.com/track/1D3ODoXHBLpdxolZRHWV1j,1D3ODoXHBLpdxolZRHWV1j,0.696,0.743,6,-3.838,1,0.0331,0.0778,0,0.0581,0.644,122.978,audio_features,1D3ODoXHBLpdxolZRHWV1j,spotify:track:1D3ODoXHBLpdxolZRHWV1j,https://api.spotify.com/v1/tracks/1D3ODoXHBLpdxolZRHWV1j,https://api.spotify.com/v1/audio-analysis/1D3ODoXHBLpdxolZRHWV1j,201254,4
174,This Girl (Kungs Vs. Cookin' On 3 Burners),Kungs,494847,https://open.spotify.com/track/0tICYNayWWhH9GPeFrfjfD,0tICYNayWWhH9GPeFrfjfD,0.793,0.729,0,-4.77,0,0.0394,0.08,3.1e-05,0.317,0.488,121.972,audio_features,0tICYNayWWhH9GPeFrfjfD,spotify:track:0tICYNayWWhH9GPeFrfjfD,https://api.spotify.com/v1/tracks/0tICYNayWWhH9GPeFrfjfD,https://api.spotify.com/v1/audio-analysis/0tICYNayWWhH9GPeFrfjfD,195547,4
175,Peek A Boo,Lil Yachty,493892,https://open.spotify.com/track/5hx4FpDZOnDVYlyoG3rMks,5hx4FpDZOnDVYlyoG3rMks,0.957,0.588,1,-6.984,1,0.295,0.0612,0,0.0962,0.298,127.055,audio_features,5hx4FpDZOnDVYlyoG3rMks,spotify:track:5hx4FpDZOnDVYlyoG3rMks,https://api.spotify.com/v1/tracks/5hx4FpDZOnDVYlyoG3rMks,https://api.spotify.com/v1/audio-analysis/5hx4FpDZOnDVYlyoG3rMks,246325,4
176,Sunset Lover,Petit Biscuit,492370,https://open.spotify.com/track/0hNduWmlWmEmuwEFcYvRu1,0hNduWmlWmEmuwEFcYvRu1,0.783,0.467,6,-9.474,1,0.0503,0.729,0.809,0.109,0.236,90.838,audio_features,0hNduWmlWmEmuwEFcYvRu1,spotify:track:0hNduWmlWmEmuwEFcYvRu1,https://api.spotify.com/v1/tracks/0hNduWmlWmEmuwEFcYvRu1,https://api.spotify.com/v1/audio-analysis/0hNduWmlWmEmuwEFcYvRu1,237793,4
177,Versace on the Floor,Bruno Mars,491525,https://open.spotify.com/track/0kN8xEmgMW9mh7UmDYHlJP,0kN8xEmgMW9mh7UmDYHlJP,0.578,0.574,2,-6.209,1,0.0454,0.196,0,0.083,0.301,174.152,audio_features,0kN8xEmgMW9mh7UmDYHlJP,spotify:track:0kN8xEmgMW9mh7UmDYHlJP,https://api.spotify.com/v1/tracks/0kN8xEmgMW9mh7UmDYHlJP,https://api.spotify.com/v1/audio-analysis/0kN8xEmgMW9mh7UmDYHlJP,261240,4
178,"Lose Yourself - From ""8 Mile"" Soundtrack",Eminem,489921,https://open.spotify.com/track/5Z01UMMf7V1o0MzF86s6WJ,5Z01UMMf7V1o0MzF86s6WJ,0.692,0.744,2,-4.565,1,0.257,0.00868,0.000423,0.359,0.0612,171.374,audio_features,5Z01UMMf7V1o0MzF86s6WJ,spotify:track:5Z01UMMf7V1o0MzF86s6WJ,https://api.spotify.com/v1/tracks/5Z01UMMf7V1o0MzF86s6WJ,https://api.spotify.com/v1/audio-analysis/5Z01UMMf7V1o0MzF86s6WJ,326467,4
179,Panda,Desiigner,479913,https://open.spotify.com/track/5OOkp4U9P9oL23maHFHL1h,5OOkp4U9P9oL23maHFHL1h,0.576,0.766,10,-4.943,0,0.449,0.028,1.68e-06,0.366,0.236,144.833,audio_features,5OOkp4U9P9oL23maHFHL1h,spotify:track:5OOkp4U9P9oL23maHFHL1h,https://api.spotify.com/v1/tracks/5OOkp4U9P9oL23maHFHL1h,https://api.spotify.com/v1/audio-analysis/5OOkp4U9P9oL23maHFHL1h,246761,4
180,Lean On (feat. MØ & DJ Snake),Major Lazer,478636,https://open.spotify.com/track/4WjH9Bzt3kx7z8kl0awxh4,4WjH9Bzt3kx7z8kl0awxh4,0.723,0.809,7,-3.081,0,0.0625,0.00346,0.00123,0.565,0.274,98.007,audio_features,4WjH9Bzt3kx7z8kl0awxh4,spotify:track:4WjH9Bzt3kx7z8kl0awxh4,https://api.spotify.com/v1/tracks/4WjH9Bzt3kx7z8kl0awxh4,https://api.spotify.com/v1/audio-analysis/4WjH9Bzt3kx7z8kl0awxh4,176561,4
181,The Other,Lauv,478095,https://open.spotify.com/track/1lntL1cI2UIWlxjL5QiN8g,1lntL1cI2UIWlxjL5QiN8g,0.38,0.553,7,-6.621,1,0.0653,0.421,2.63e-06,0.0788,0.384,179.629,audio_features,1lntL1cI2UIWlxjL5QiN8g,spotify:track:1lntL1cI2UIWlxjL5QiN8g,https://api.spotify.com/v1/tracks/1lntL1cI2UIWlxjL5QiN8g,https://api.spotify.com/v1/audio-analysis/1lntL1cI2UIWlxjL5QiN8g,189333,4
182,No Problem (feat. Lil Wayne & 2 Chainz),Chance the Rapper,476992,https://open.spotify.com/track/0v9Wz8o0BT8DU38R4ddjeH,0v9Wz8o0BT8DU38R4ddjeH,0.652,0.795,11,-5.192,0,0.174,0.156,0,0.123,0.788,135.018,audio_features,0v9Wz8o0BT8DU38R4ddjeH,spotify:track:0v9Wz8o0BT8DU38R4ddjeH,https://api.spotify.com/v1/tracks/0v9Wz8o0BT8DU38R4ddjeH,https://api.spotify.com/v1/audio-analysis/0v9Wz8o0BT8DU38R4ddjeH,304607,4
183,"Sucker for Pain (with Wiz Khalifa, Imagine Dragons, Logic & Ty Dolla $ign feat. X Ambassadors)",Lil Wayne,474460,https://open.spotify.com/track/4dASQiO1Eoo3RJvt74FtXB,4dASQiO1Eoo3RJvt74FtXB,0.502,0.786,9,-4.378,0,0.317,0.255,0,0.65,0.739,169.021,audio_features,4dASQiO1Eoo3RJvt74FtXB,spotify:track:4dASQiO1Eoo3RJvt74FtXB,https://api.spotify.com/v1/tracks/4dASQiO1Eoo3RJvt74FtXB,https://api.spotify.com/v1/audio-analysis/4dASQiO1Eoo3RJvt74FtXB,243491,4
184,7 Years,Lukas Graham,472418,https://open.spotify.com/track/7129iqBafaphfc3WPCGC0L,7129iqBafaphfc3WPCGC0L,0.742,0.479,10,-5.83,1,0.0551,0.29,0,0.391,0.346,119.951,audio_features,7129iqBafaphfc3WPCGC0L,spotify:track:7129iqBafaphfc3WPCGC0L,https://api.spotify.com/v1/tracks/7129iqBafaphfc3WPCGC0L,https://api.spotify.com/v1/audio-analysis/7129iqBafaphfc3WPCGC0L,237300,4
185,Alone,Alan Walker,471694,https://open.spotify.com/track/0JiVRyTJcJnmlwCZ854K4p,0JiVRyTJcJnmlwCZ854K4p,0.676,0.929,10,-3.194,1,0.0458,0.186,0.000405,0.121,0.157,97.019,audio_features,0JiVRyTJcJnmlwCZ854K4p,spotify:track:0JiVRyTJcJnmlwCZ854K4p,https://api.spotify.com/v1/tracks/0JiVRyTJcJnmlwCZ854K4p,https://api.spotify.com/v1/audio-analysis/0JiVRyTJcJnmlwCZ854K4p,161200,4
186,Cake By The Ocean,DNCE,470585,https://open.spotify.com/track/2aFiaMXmWsM3Vj72F9ksBl,2aFiaMXmWsM3Vj72F9ksBl,0.774,0.764,4,-5.445,0,0.0518,0.156,0,0.0383,0.912,118.997,audio_features,2aFiaMXmWsM3Vj72F9ksBl,spotify:track:2aFiaMXmWsM3Vj72F9ksBl,https://api.spotify.com/v1/tracks/2aFiaMXmWsM3Vj72F9ksBl,https://api.spotify.com/v1/audio-analysis/2aFiaMXmWsM3Vj72F9ksBl,219147,4
187,Black SpiderMan,Logic,469724,https://open.spotify.com/track/7BKUWh5sdtdS17crohRe4L,7BKUWh5sdtdS17crohRe4L,0.611,0.867,1,-5.298,1,0.0896,0.11,0.000105,0.346,0.336,140.032,audio_features,7BKUWh5sdtdS17crohRe4L,spotify:track:7BKUWh5sdtdS17crohRe4L,https://api.spotify.com/v1/tracks/7BKUWh5sdtdS17crohRe4L,https://api.spotify.com/v1/audio-analysis/7BKUWh5sdtdS17crohRe4L,331267,4
188,No Lie,Sean Paul,465803,https://open.spotify.com/track/3cFsmM51N5zMAuu1nNY4Tw,3cFsmM51N5zMAuu1nNY4Tw,0.741,0.891,7,-2.824,1,0.119,0.0437,0,0.256,0.449,102.002,audio_features,3cFsmM51N5zMAuu1nNY4Tw,spotify:track:3cFsmM51N5zMAuu1nNY4Tw,https://api.spotify.com/v1/tracks/3cFsmM51N5zMAuu1nNY4Tw,https://api.spotify.com/v1/audio-analysis/3cFsmM51N5zMAuu1nNY4Tw,221176,4
189,Lumbra,Cali Y El Dandee,464765,https://open.spotify.com/track/6VHdcVbiKLYYOcMbIqBcuK,6VHdcVbiKLYYOcMbIqBcuK,0.724,0.84,0,-3.581,1,0.0392,0.053,0,0.727,0.835,92.01,audio_features,6VHdcVbiKLYYOcMbIqBcuK,spotify:track:6VHdcVbiKLYYOcMbIqBcuK,https://api.spotify.com/v1/tracks/6VHdcVbiKLYYOcMbIqBcuK,https://api.spotify.com/v1/audio-analysis/6VHdcVbiKLYYOcMbIqBcuK,197087,4
190,Party Monster,The Weeknd,461864,https://open.spotify.com/track/4F7A0DXBrmUAkp32uenhZt,4F7A0DXBrmUAkp32uenhZt,0.573,0.63,1,-8.389,1,0.105,0.189,2.31e-05,0.259,0.218,77.525,audio_features,4F7A0DXBrmUAkp32uenhZt,spotify:track:4F7A0DXBrmUAkp32uenhZt,https://api.spotify.com/v1/tracks/4F7A0DXBrmUAkp32uenhZt,https://api.spotify.com/v1/audio-analysis/4F7A0DXBrmUAkp32uenhZt,249213,4
191,"Gang Up (with Young Thug, 2 Chainz & Wiz Khalifa feat. PnB Rock)",Young Thug,460631,https://open.spotify.com/track/5PfTI3zrQbZEWcQdycMqJM,5PfTI3zrQbZEWcQdycMqJM,0.631,0.732,1,-4.706,1,0.203,0.0304,0,0.261,0.549,151.779,audio_features,5PfTI3zrQbZEWcQdycMqJM,spotify:track:5PfTI3zrQbZEWcQdycMqJM,https://api.spotify.com/v1/tracks/5PfTI3zrQbZEWcQdycMqJM,https://api.spotify.com/v1/audio-analysis/5PfTI3zrQbZEWcQdycMqJM,231659,4
192,La Bicicleta,Carlos Vives,460547,https://open.spotify.com/track/0sXvAOmXgjR2QUqLK1MltU,0sXvAOmXgjR2QUqLK1MltU,0.736,0.964,0,-2.147,1,0.129,0.198,2.32e-06,0.336,0.953,179.935,audio_features,0sXvAOmXgjR2QUqLK1MltU,spotify:track:0sXvAOmXgjR2QUqLK1MltU,https://api.spotify.com/v1/tracks/0sXvAOmXgjR2QUqLK1MltU,https://api.spotify.com/v1/audio-analysis/0sXvAOmXgjR2QUqLK1MltU,227707,4
193,Nancy Mulligan,Ed Sheeran,457214,https://open.spotify.com/track/35QZaWQRkmnAVqBF1TLCxQ,35QZaWQRkmnAVqBF1TLCxQ,0.68,0.852,7,-4.35,1,0.0349,0.117,0,0.0866,0.858,101.993,audio_features,35QZaWQRkmnAVqBF1TLCxQ,spotify:track:35QZaWQRkmnAVqBF1TLCxQ,https://api.spotify.com/v1/tracks/35QZaWQRkmnAVqBF1TLCxQ,https://api.spotify.com/v1/audio-analysis/35QZaWQRkmnAVqBF1TLCxQ,179787,4
194,KMT,Drake,454176,https://open.spotify.com/track/2jTujnt0y344ai1rNOywgr,2jTujnt0y344ai1rNOywgr,0.875,0.6,1,-6.818,1,0.0435,0.0189,0.0143,0.132,0.0906,119.987,audio_features,2jTujnt0y344ai1rNOywgr,spotify:track:2jTujnt0y344ai1rNOywgr,https://api.spotify.com/v1/tracks/2jTujnt0y344ai1rNOywgr,https://api.spotify.com/v1/audio-analysis/2jTujnt0y344ai1rNOywgr,162638,4
195,Oceans Away,A R I Z O N A,447295,https://open.spotify.com/track/6A8dnC0xkiuWN4BshmTB2I,6A8dnC0xkiuWN4BshmTB2I,0.617,0.642,8,-8.624,1,0.0334,0.13,0.157,0.0929,0.221,105.885,audio_features,6A8dnC0xkiuWN4BshmTB2I,spotify:track:6A8dnC0xkiuWN4BshmTB2I,https://api.spotify.com/v1/tracks/6A8dnC0xkiuWN4BshmTB2I,https://api.spotify.com/v1/audio-analysis/6A8dnC0xkiuWN4BshmTB2I,194013,4
196,"i hate u, i love u (feat. olivia o'brien)",gnash,445930,https://open.spotify.com/track/7vRriwrloYVaoAe3a9wJHe,7vRriwrloYVaoAe3a9wJHe,0.492,0.275,6,-13.4,0,0.3,0.687,0,0.101,0.18,92.6,audio_features,7vRriwrloYVaoAe3a9wJHe,spotify:track:7vRriwrloYVaoAe3a9wJHe,https://api.spotify.com/v1/tracks/7vRriwrloYVaoAe3a9wJHe,https://api.spotify.com/v1/audio-analysis/7vRriwrloYVaoAe3a9wJHe,251034,4
197,White Iverson,Post Malone,444728,https://open.spotify.com/track/6eT7xZZlB2mwyzJ2sUKG6w,6eT7xZZlB2mwyzJ2sUKG6w,0.675,0.562,7,-7.678,1,0.0352,0.233,0,0.0816,0.309,130.098,audio_features,6eT7xZZlB2mwyzJ2sUKG6w,spotify:track:6eT7xZZlB2mwyzJ2sUKG6w,https://api.spotify.com/v1/tracks/6eT7xZZlB2mwyzJ2sUKG6w,https://api.spotify.com/v1/audio-analysis/6eT7xZZlB2mwyzJ2sUKG6w,256533,4
198,Too Good,Drake,438697,https://open.spotify.com/track/11KJSRSgaDxqydKYiD2Jew,11KJSRSgaDxqydKYiD2Jew,0.804,0.648,7,-7.805,1,0.117,0.0573,3.49e-05,0.102,0.392,117.983,audio_features,11KJSRSgaDxqydKYiD2Jew,spotify:track:11KJSRSgaDxqydKYiD2Jew,https://api.spotify.com/v1/tracks/11KJSRSgaDxqydKYiD2Jew,https://api.spotify.com/v1/audio-analysis/11KJSRSgaDxqydKYiD2Jew,263373,4
199,Capsize,FRENSHIP,438655,https://open.spotify.com/track/2XMTqoHHSH0lvuXrvIEdco,2XMTqoHHSH0lvuXrvIEdco,0.683,0.708,5,-6.244,0,0.0305,0.0398,0.155,0.686,0.355,92.991,audio_features,2XMTqoHHSH0lvuXrvIEdco,spotify:track:2XMTqoHHSH0lvuXrvIEdco,https://api.spotify.com/v1/tracks/2XMTqoHHSH0lvuXrvIEdco,https://api.spotify.com/v1/audio-analysis/2XMTqoHHSH0lvuXrvIEdco,237707,4
200,Deja vu,Prince Royce,437290,https://open.spotify.com/track/46HdsiK0uR26B2dY9QPzda,46HdsiK0uR26B2dY9QPzda,0.732,0.801,9,-3.859,1,0.0327,0.39,0,0.31,0.824,123.981,audio_features,46HdsiK0uR26B2dY9QPzda,spotify:track:46HdsiK0uR26B2dY9QPzda,https://api.spotify.com/v1/tracks/46HdsiK0uR26B2dY9QPzda,https://api.spotify.com/v1/audio-analysis/46HdsiK0uR26B2dY9QPzda,196480,4
